source,country_unit,country_iso3,year,vote_item_type,n_eff,w_total,vote_neg_available,cell,w,n_raw,share
CSES IMD,AUT,AUT,2008,past_vote,1158,1158,TRUE,attached_and_no_vote,58,58,0.05008635578583765
CSES IMD,AUT,AUT,2008,past_vote,1158,1158,TRUE,attached_and_voted,771,771,0.6658031088082902
CSES IMD,AUT,AUT,2008,past_vote,1158,1158,TRUE,dk_attachment_and_no_vote,2,2,0.0017271157167530224
CSES IMD,AUT,AUT,2008,past_vote,1158,1158,TRUE,dk_attachment_and_voted,5,5,0.004317789291882556
CSES IMD,AUT,AUT,2008,past_vote,1158,1158,TRUE,not_asked,6,6,0.0051813471502590676
CSES IMD,AUT,AUT,2008,past_vote,1158,1158,TRUE,not_attached_and_no_vote,98,98,0.0846286701208981
CSES IMD,AUT,AUT,2008,past_vote,1158,1158,TRUE,not_attached_but_voted,218,218,0.18825561312607944
CSES IMD,AUT,AUT,2013,past_vote,999,999,TRUE,attached_and_no_vote,22,22,0.022022022022022022
CSES IMD,AUT,AUT,2013,past_vote,999,999,TRUE,attached_and_voted,585,585,0.5855855855855856
CSES IMD,AUT,AUT,2013,past_vote,999,999,TRUE,dk_attachment_and_no_vote,3,3,0.003003003003003003
CSES IMD,AUT,AUT,2013,past_vote,999,999,TRUE,dk_attachment_and_voted,9,9,0.009009009009009009
CSES IMD,AUT,AUT,2013,past_vote,999,999,TRUE,not_attached_and_no_vote,51,51,0.05105105105105105
CSES IMD,AUT,AUT,2013,past_vote,999,999,TRUE,not_attached_but_voted,329,329,0.32932932932932935
CSES IMD,AUT,AUT,2017,past_vote,1202,1202,TRUE,attached_and_no_vote,25,25,0.020798668885191347
CSES IMD,AUT,AUT,2017,past_vote,1202,1202,TRUE,attached_and_voted,864,864,0.718801996672213
CSES IMD,AUT,AUT,2017,past_vote,1202,1202,TRUE,dk_attachment_and_no_vote,1,1,8.319467554076539e-4
CSES IMD,AUT,AUT,2017,past_vote,1202,1202,TRUE,dk_attachment_and_voted,14,14,0.011647254575707155
CSES IMD,AUT,AUT,2017,past_vote,1202,1202,TRUE,not_attached_and_no_vote,49,49,0.04076539101497504
CSES IMD,AUT,AUT,2017,past_vote,1202,1202,TRUE,not_attached_but_voted,249,249,0.20715474209650583
CSES IMD,BEL,BEL,1999,past_vote,2179,2179,TRUE,attached_and_no_vote,43,43,0.01973382285452042
CSES IMD,BEL,BEL,1999,past_vote,2179,2179,TRUE,attached_and_voted,1816,1816,0.833409821018816
CSES IMD,BEL,BEL,1999,past_vote,2179,2179,TRUE,not_asked,220,220,0.10096374483708123
CSES IMD,BEL,BEL,1999,past_vote,2179,2179,TRUE,not_attached_and_no_vote,2,2,9.178522257916476e-4
CSES IMD,BEL,BEL,1999,past_vote,2179,2179,TRUE,not_attached_but_voted,98,98,0.04497475906379073
CSES IMD,BEL,BEL,2003,past_vote,2014,2014,TRUE,attached_and_no_vote,37,37,0.018371400198609732
CSES IMD,BEL,BEL,2003,past_vote,2014,2014,TRUE,attached_and_voted,706,706,0.35054617676266137
CSES IMD,BEL,BEL,2003,past_vote,2014,2014,TRUE,dk_attachment_and_no_vote,2,2,9.930486593843098e-4
CSES IMD,BEL,BEL,2003,past_vote,2014,2014,TRUE,dk_attachment_and_voted,62,62,0.030784508440913606
CSES IMD,BEL,BEL,2003,past_vote,2014,2014,TRUE,not_attached_and_no_vote,69,69,0.03426017874875869
CSES IMD,BEL,BEL,2003,past_vote,2014,2014,TRUE,not_attached_but_voted,1138,1138,0.5650446871896723
CSES IMD,BEL,BEL,2019,past_vote,1737,1737,TRUE,attached_and_no_vote,69,69,0.039723661485319514
CSES IMD,BEL,BEL,2019,past_vote,1737,1737,TRUE,attached_and_voted,1061,1061,0.6108232584916523
CSES IMD,BEL,BEL,2019,past_vote,1737,1737,TRUE,not_asked,85,85,0.048934945308002305
CSES IMD,BEL,BEL,2019,past_vote,1737,1737,TRUE,not_attached_and_no_vote,60,60,0.03454231433506045
CSES IMD,BEL,BEL,2019,past_vote,1737,1737,TRUE,not_attached_but_voted,462,462,0.2659758203799655
CSES IMD,BGR,BGR,2001,past_vote,1482,1482,TRUE,attached_and_no_vote,95,95,0.0641025641025641
CSES IMD,BGR,BGR,2001,past_vote,1482,1482,TRUE,attached_and_voted,924,924,0.6234817813765182
CSES IMD,BGR,BGR,2001,past_vote,1482,1482,TRUE,not_attached_and_no_vote,218,218,0.14709851551956815
CSES IMD,BGR,BGR,2001,past_vote,1482,1482,TRUE,not_attached_but_voted,245,245,0.16531713900134953
CSES IMD,BGR,BGR,2014,past_vote,993,993,TRUE,attached_and_no_vote,39,39,0.03927492447129909
CSES IMD,BGR,BGR,2014,past_vote,993,993,TRUE,attached_and_voted,508,508,0.5115810674723061
CSES IMD,BGR,BGR,2014,past_vote,993,993,TRUE,dk_attachment_and_voted,17,17,0.017119838872104734
CSES IMD,BGR,BGR,2014,past_vote,993,993,TRUE,not_attached_and_no_vote,256,256,0.2578046324269889
CSES IMD,BGR,BGR,2014,past_vote,993,993,TRUE,not_attached_but_voted,173,173,0.17421953675730112
CSES IMD,CZE,CZE,1996,past_vote,1229,1229,TRUE,attached_and_no_vote,61,61,0.04963384865744508
CSES IMD,CZE,CZE,1996,past_vote,1229,1229,TRUE,attached_and_voted,836,836,0.6802278275020341
CSES IMD,CZE,CZE,1996,past_vote,1229,1229,TRUE,dk_attachment_and_no_vote,15,15,0.012205044751830757
CSES IMD,CZE,CZE,1996,past_vote,1229,1229,TRUE,dk_attachment_and_voted,87,87,0.07078925956061839
CSES IMD,CZE,CZE,1996,past_vote,1229,1229,TRUE,not_asked,2,2,0.0016273393002441008
CSES IMD,CZE,CZE,1996,past_vote,1229,1229,TRUE,not_attached_and_no_vote,53,53,0.043124491456468676
CSES IMD,CZE,CZE,1996,past_vote,1229,1229,TRUE,not_attached_but_voted,175,175,0.14239218877135884
CSES IMD,CZE,CZE,2002,past_vote,941,941,TRUE,attached_and_no_vote,68,68,0.07226354941551541
CSES IMD,CZE,CZE,2002,past_vote,941,941,TRUE,attached_and_voted,532,532,0.565356004250797
CSES IMD,CZE,CZE,2002,past_vote,941,941,TRUE,dk_attachment_and_no_vote,27,27,0.028692879914984058
CSES IMD,CZE,CZE,2002,past_vote,941,941,TRUE,dk_attachment_and_voted,39,39,0.04144527098831031
CSES IMD,CZE,CZE,2002,past_vote,941,941,TRUE,not_asked,19,19,0.020191285866099893
CSES IMD,CZE,CZE,2002,past_vote,941,941,TRUE,not_attached_and_no_vote,151,151,0.16046758767268862
CSES IMD,CZE,CZE,2002,past_vote,941,941,TRUE,not_attached_but_voted,105,105,0.11158342189160468
CSES IMD,CZE,CZE,2006,past_vote,1994,1994,TRUE,attached_and_no_vote,109,109,0.054663991975927785
CSES IMD,CZE,CZE,2006,past_vote,1994,1994,TRUE,attached_and_voted,1067,1067,0.5351053159478435
CSES IMD,CZE,CZE,2006,past_vote,1994,1994,TRUE,dk_attachment_and_no_vote,31,31,0.015546639919759278
CSES IMD,CZE,CZE,2006,past_vote,1994,1994,TRUE,dk_attachment_and_voted,87,87,0.043630892678034106
CSES IMD,CZE,CZE,2006,past_vote,1994,1994,TRUE,not_attached_and_no_vote,379,379,0.1900702106318957
CSES IMD,CZE,CZE,2006,past_vote,1994,1994,TRUE,not_attached_but_voted,321,321,0.16098294884653963
CSES IMD,CZE,CZE,2010,past_vote,1834,1834,TRUE,attached_and_no_vote,114,114,0.062159214830970554
CSES IMD,CZE,CZE,2010,past_vote,1834,1834,TRUE,attached_and_voted,899,899,0.49018538713195203
CSES IMD,CZE,CZE,2010,past_vote,1834,1834,TRUE,dk_attachment_and_no_vote,26,26,0.014176663031624863
CSES IMD,CZE,CZE,2010,past_vote,1834,1834,TRUE,dk_attachment_and_voted,70,70,0.03816793893129771
CSES IMD,CZE,CZE,2010,past_vote,1834,1834,TRUE,not_attached_and_no_vote,388,388,0.21155943293347873
CSES IMD,CZE,CZE,2010,past_vote,1834,1834,TRUE,not_attached_but_voted,337,337,0.1837513631406761
CSES IMD,CZE,CZE,2013,past_vote,1632,1632,TRUE,attached_and_no_vote,77,77,0.04718137254901961
CSES IMD,CZE,CZE,2013,past_vote,1632,1632,TRUE,attached_and_voted,698,698,0.42769607843137253
CSES IMD,CZE,CZE,2013,past_vote,1632,1632,TRUE,dk_attachment_and_no_vote,23,23,0.014093137254901961
CSES IMD,CZE,CZE,2013,past_vote,1632,1632,TRUE,dk_attachment_and_voted,46,46,0.028186274509803922
CSES IMD,CZE,CZE,2013,past_vote,1632,1632,TRUE,not_asked,5,5,0.0030637254901960784
CSES IMD,CZE,CZE,2013,past_vote,1632,1632,TRUE,not_attached_and_no_vote,415,415,0.2542892156862745
CSES IMD,CZE,CZE,2013,past_vote,1632,1632,TRUE,not_attached_but_voted,368,368,0.22549019607843138
CSES IMD,CZE,CZE,2017,past_vote,1547,1547,TRUE,attached_and_no_vote,106,106,0.06851971557853911
CSES IMD,CZE,CZE,2017,past_vote,1547,1547,TRUE,attached_and_voted,716,716,0.46283128636069815
CSES IMD,CZE,CZE,2017,past_vote,1547,1547,TRUE,dk_attachment_and_no_vote,35,35,0.02262443438914027
CSES IMD,CZE,CZE,2017,past_vote,1547,1547,TRUE,dk_attachment_and_voted,71,71,0.04589528118939883
CSES IMD,CZE,CZE,2017,past_vote,1547,1547,TRUE,not_attached_and_no_vote,381,381,0.24628312863606983
CSES IMD,CZE,CZE,2017,past_vote,1547,1547,TRUE,not_attached_but_voted,238,238,0.15384615384615385
CSES IMD,CZE,CZE,2021,past_vote,1468,1468,TRUE,attached_and_no_vote,55,55,0.03746594005449591
CSES IMD,CZE,CZE,2021,past_vote,1468,1468,TRUE,attached_and_voted,710,710,0.48365122615803813
CSES IMD,CZE,CZE,2021,past_vote,1468,1468,TRUE,dk_attachment_and_no_vote,13,13,0.008855585831062671
CSES IMD,CZE,CZE,2021,past_vote,1468,1468,TRUE,dk_attachment_and_voted,53,53,0.036103542234332424
CSES IMD,CZE,CZE,2021,past_vote,1468,1468,TRUE,not_attached_and_no_vote,381,381,0.2595367847411444
CSES IMD,CZE,CZE,2021,past_vote,1468,1468,TRUE,not_attached_but_voted,256,256,0.17438692098092642
CSES IMD,DEU,DEU,1998,past_vote,1411.4676630541665,2019.0363,TRUE,attached_and_no_vote,48.4763,43,0.024009622808663717
CSES IMD,DEU,DEU,1998,past_vote,1411.4676630541665,2019.0363,TRUE,attached_and_voted,1313.6193,1257,0.6506169799918903
CSES IMD,DEU,DEU,1998,past_vote,1411.4676630541665,2019.0363,TRUE,dk_attachment_and_no_vote,2.4051,3,0.0011912118667703002
CSES IMD,DEU,DEU,1998,past_vote,1411.4676630541665,2019.0363,TRUE,dk_attachment_and_voted,19.9023,15,0.009857326487889296
CSES IMD,DEU,DEU,1998,past_vote,1411.4676630541665,2019.0363,TRUE,not_asked,1.4564,4,7.213342325742236e-4
CSES IMD,DEU,DEU,1998,past_vote,1411.4676630541665,2019.0363,TRUE,not_attached_and_no_vote,91.9117,101,0.045522559450763715
CSES IMD,DEU,DEU,1998,past_vote,1411.4676630541665,2019.0363,TRUE,not_attached_but_voted,541.2652,596,0.2680809651614486
CSES IMD,DEU,DEU,2002,past_vote,1751.7632957632204,2999.0634,TRUE,attached_and_no_vote,98.1258,106,0.03271881481398493
CSES IMD,DEU,DEU,2002,past_vote,1751.7632957632204,2999.0634,TRUE,attached_and_voted,2158.6208,2113,0.7197649772925775
CSES IMD,DEU,DEU,2002,past_vote,1751.7632957632204,2999.0634,TRUE,dk_attachment_and_voted,4.378,6,0.0014597890794839483
CSES IMD,DEU,DEU,2002,past_vote,1751.7632957632204,2999.0634,TRUE,not_asked,30.852899999999998,32,0.010287511761171837
CSES IMD,DEU,DEU,2002,past_vote,1751.7632957632204,2999.0634,TRUE,not_attached_and_no_vote,101.1202,109,0.033717259861862206
CSES IMD,DEU,DEU,2002,past_vote,1751.7632957632204,2999.0634,TRUE,not_attached_but_voted,605.9657,630,0.20205164719091967
CSES IMD,DEU,DEU,2005,past_vote,1853.528087077683,2017.021,TRUE,attached_and_no_vote,76.907,75,0.038129003118956124
CSES IMD,DEU,DEU,2005,past_vote,1853.528087077683,2017.021,TRUE,attached_and_voted,1558.734,1563,0.7727901692644746
CSES IMD,DEU,DEU,2005,past_vote,1853.528087077683,2017.021,TRUE,not_asked,7.731,7,0.0038328802724413875
CSES IMD,DEU,DEU,2005,past_vote,1853.528087077683,2017.021,TRUE,not_attached_and_no_vote,54.003,53,0.026773642911997447
CSES IMD,DEU,DEU,2005,past_vote,1853.528087077683,2017.021,TRUE,not_attached_but_voted,319.646,319,0.15847430443213037
CSES IMD,DEU,DEU,2009,past_vote,1632.9958266422993,2059.8559,TRUE,attached_and_no_vote,109.42830000000001,106,0.05312425009924238
CSES IMD,DEU,DEU,2009,past_vote,1632.9958266422993,2059.8559,TRUE,attached_and_voted,1202.2657,1181,0.5836649544271518
CSES IMD,DEU,DEU,2009,past_vote,1632.9958266422993,2059.8559,TRUE,dk_attachment_and_no_vote,19.639,18,0.009534162074152856
CSES IMD,DEU,DEU,2009,past_vote,1632.9958266422993,2059.8559,TRUE,dk_attachment_and_voted,59.6788,59,0.02897231791796698
CSES IMD,DEU,DEU,2009,past_vote,1632.9958266422993,2059.8559,TRUE,not_attached_and_no_vote,288.8489,303,0.1402277217547111
CSES IMD,DEU,DEU,2009,past_vote,1632.9958266422993,2059.8559,TRUE,not_attached_but_voted,379.9952,405,0.18447659372677477
CSES IMD,DEU,DEU,2013,past_vote,1415.2376291179849,1885.2341000000001,TRUE,attached_and_no_vote,85.8876,84,0.045558055628210845
CSES IMD,DEU,DEU,2013,past_vote,1415.2376291179849,1885.2341000000001,TRUE,attached_and_voted,1184.1476,1123,0.6281170067950712
CSES IMD,DEU,DEU,2013,past_vote,1415.2376291179849,1885.2341000000001,TRUE,dk_attachment_and_no_vote,5.1405,7,0.0027267170692488536
CSES IMD,DEU,DEU,2013,past_vote,1415.2376291179849,1885.2341000000001,TRUE,dk_attachment_and_voted,41.8348,49,0.022190771957710714
CSES IMD,DEU,DEU,2013,past_vote,1415.2376291179849,1885.2341000000001,TRUE,not_attached_and_no_vote,181.6578,198,0.09635821885462394
CSES IMD,DEU,DEU,2013,past_vote,1415.2376291179849,1885.2341000000001,TRUE,not_attached_but_voted,386.5658,424,0.20504922969513442
CSES IMD,DEU,DEU,2017,past_vote,1878.714802256459,2029.5418000000002,TRUE,attached_and_no_vote,76.62400000000001,77,0.03775433450052618
CSES IMD,DEU,DEU,2017,past_vote,1878.714802256459,2029.5418000000002,TRUE,attached_and_voted,1351.1612,1324,0.665746918836557
CSES IMD,DEU,DEU,2017,past_vote,1878.714802256459,2029.5418000000002,TRUE,dk_attachment_and_no_vote,0.607,1,2.9908228546955765e-4
CSES IMD,DEU,DEU,2017,past_vote,1878.714802256459,2029.5418000000002,TRUE,dk_attachment_and_voted,18.0984,18,0.008917480783100895
CSES IMD,DEU,DEU,2017,past_vote,1878.714802256459,2029.5418000000002,TRUE,not_attached_and_no_vote,114.7441,127,0.05653694838904032
CSES IMD,DEU,DEU,2017,past_vote,1878.714802256459,2029.5418000000002,TRUE,not_attached_but_voted,468.30710000000005,483,0.23074523520530596
CSES IMD,DEU,DEU,2021,past_vote,2893.8485660344554,3131.0018,TRUE,attached_and_no_vote,65.8836,69,0.021042338589521092
CSES IMD,DEU,DEU,2021,past_vote,2893.8485660344554,3131.0018,TRUE,attached_and_voted,2381.253,2337,0.760540284582398
CSES IMD,DEU,DEU,2021,past_vote,2893.8485660344554,3131.0018,TRUE,dk_attachment_and_voted,12.5803,13,0.00401797916564596
CSES IMD,DEU,DEU,2021,past_vote,2893.8485660344554,3131.0018,TRUE,not_attached_and_no_vote,64.05930000000001,69,0.020459681626500505
CSES IMD,DEU,DEU,2021,past_vote,2893.8485660344554,3131.0018,TRUE,not_attached_but_voted,607.2256,643,0.19393971603593457
CSES IMD,DNK,DNK,1998,past_vote,2001,2001,TRUE,attached_and_no_vote,52,52,0.025987006496751622
CSES IMD,DNK,DNK,1998,past_vote,2001,2001,TRUE,attached_and_voted,1553,1553,0.776111944027986
CSES IMD,DNK,DNK,1998,past_vote,2001,2001,TRUE,dk_attachment_and_no_vote,3,3,0.0014992503748125937
CSES IMD,DNK,DNK,1998,past_vote,2001,2001,TRUE,dk_attachment_and_voted,47,47,0.02348825587206397
CSES IMD,DNK,DNK,1998,past_vote,2001,2001,TRUE,not_attached_and_no_vote,35,35,0.017491254372813594
CSES IMD,DNK,DNK,1998,past_vote,2001,2001,TRUE,not_attached_but_voted,311,311,0.15542228885557222
CSES IMD,DNK,DNK,2001,past_vote,2026,2026,TRUE,attached_and_no_vote,76,76,0.03751233958538993
CSES IMD,DNK,DNK,2001,past_vote,2026,2026,TRUE,attached_and_voted,1621,1621,0.8000987166831195
CSES IMD,DNK,DNK,2001,past_vote,2026,2026,TRUE,dk_attachment_and_no_vote,11,11,0.005429417571569595
CSES IMD,DNK,DNK,2001,past_vote,2026,2026,TRUE,dk_attachment_and_voted,121,121,0.05972359328726555
CSES IMD,DNK,DNK,2001,past_vote,2026,2026,TRUE,not_attached_and_no_vote,23,23,0.011352418558736426
CSES IMD,DNK,DNK,2001,past_vote,2026,2026,TRUE,not_attached_but_voted,174,174,0.08588351431391905
CSES IMD,DNK,DNK,2007,past_vote,965.6838328921111,1435.8472,TRUE,attached_and_no_vote,18.674500000000002,23,0.013005910378207376
CSES IMD,DNK,DNK,2007,past_vote,965.6838328921111,1435.8472,TRUE,attached_and_voted,1189.8104,1177,0.8286469479482219
CSES IMD,DNK,DNK,2007,past_vote,965.6838328921111,1435.8472,TRUE,dk_attachment_and_no_vote,4.3028,6,0.0029966976987523468
CSES IMD,DNK,DNK,2007,past_vote,965.6838328921111,1435.8472,TRUE,dk_attachment_and_voted,109.4995,109,0.07626124841139086
CSES IMD,DNK,DNK,2007,past_vote,965.6838328921111,1435.8472,TRUE,not_asked,29.8473,23,0.02078723975643091
CSES IMD,DNK,DNK,2007,past_vote,965.6838328921111,1435.8472,TRUE,not_attached_and_no_vote,12.6328,12,0.008798150666728326
CSES IMD,DNK,DNK,2007,past_vote,965.6838328921111,1435.8472,TRUE,not_attached_but_voted,71.0799,84,0.049503805140268406
CSES IMD,DNK,DNK,2019,past_vote,1401,1401,TRUE,attached_and_no_vote,15,15,0.010706638115631691
CSES IMD,DNK,DNK,2019,past_vote,1401,1401,TRUE,attached_and_voted,976,976,0.6966452533904354
CSES IMD,DNK,DNK,2019,past_vote,1401,1401,TRUE,dk_attachment_and_no_vote,1,1,7.137758743754461e-4
CSES IMD,DNK,DNK,2019,past_vote,1401,1401,TRUE,dk_attachment_and_voted,100,100,0.07137758743754462
CSES IMD,DNK,DNK,2019,past_vote,1401,1401,TRUE,not_attached_and_no_vote,22,22,0.015703069236259814
CSES IMD,DNK,DNK,2019,past_vote,1401,1401,TRUE,not_attached_but_voted,287,287,0.20485367594575304
CSES IMD,ESP,ESP,1996,past_vote,1208,1208,TRUE,attached_and_no_vote,60,60,0.04966887417218543
CSES IMD,ESP,ESP,1996,past_vote,1208,1208,TRUE,attached_and_voted,735,735,0.6084437086092715
CSES IMD,ESP,ESP,1996,past_vote,1208,1208,TRUE,dk_attachment_and_no_vote,2,2,0.0016556291390728477
CSES IMD,ESP,ESP,1996,past_vote,1208,1208,TRUE,dk_attachment_and_voted,11,11,0.009105960264900662
CSES IMD,ESP,ESP,1996,past_vote,1208,1208,TRUE,not_attached_and_no_vote,60,60,0.04966887417218543
CSES IMD,ESP,ESP,1996,past_vote,1208,1208,TRUE,not_attached_but_voted,340,340,0.2814569536423841
CSES IMD,ESP,ESP,2000,past_vote,1058,1058,TRUE,attached_and_no_vote,62,62,0.05860113421550094
CSES IMD,ESP,ESP,2000,past_vote,1058,1058,TRUE,attached_and_voted,614,614,0.5803402646502835
CSES IMD,ESP,ESP,2000,past_vote,1058,1058,TRUE,dk_attachment_and_no_vote,1,1,9.45179584120983e-4
CSES IMD,ESP,ESP,2000,past_vote,1058,1058,TRUE,dk_attachment_and_voted,4,4,0.003780718336483932
CSES IMD,ESP,ESP,2000,past_vote,1058,1058,TRUE,not_attached_and_no_vote,142,142,0.1342155009451796
CSES IMD,ESP,ESP,2000,past_vote,1058,1058,TRUE,not_attached_but_voted,235,235,0.222117202268431
CSES IMD,ESP,ESP,2004,past_vote,1207,1207,TRUE,attached_and_no_vote,43,43,0.035625517812758904
CSES IMD,ESP,ESP,2004,past_vote,1207,1207,TRUE,attached_and_voted,780,780,0.6462303231151616
CSES IMD,ESP,ESP,2004,past_vote,1207,1207,TRUE,dk_attachment_and_no_vote,2,2,0.0016570008285004142
CSES IMD,ESP,ESP,2004,past_vote,1207,1207,TRUE,dk_attachment_and_voted,42,42,0.0347970173985087
CSES IMD,ESP,ESP,2004,past_vote,1207,1207,TRUE,not_attached_and_no_vote,85,85,0.07042253521126761
CSES IMD,ESP,ESP,2004,past_vote,1207,1207,TRUE,not_attached_but_voted,255,255,0.2112676056338028
CSES IMD,ESP,ESP,2008,past_vote,1188,1188,TRUE,attached_and_no_vote,98,98,0.08249158249158249
CSES IMD,ESP,ESP,2008,past_vote,1188,1188,TRUE,attached_and_voted,821,821,0.6910774410774411
CSES IMD,ESP,ESP,2008,past_vote,1188,1188,TRUE,dk_attachment_and_no_vote,2,2,0.0016835016835016834
CSES IMD,ESP,ESP,2008,past_vote,1188,1188,TRUE,dk_attachment_and_voted,10,10,0.008417508417508417
CSES IMD,ESP,ESP,2008,past_vote,1188,1188,TRUE,not_asked,1,1,8.417508417508417e-4
CSES IMD,ESP,ESP,2008,past_vote,1188,1188,TRUE,not_attached_and_no_vote,114,114,0.09595959595959595
CSES IMD,ESP,ESP,2008,past_vote,1188,1188,TRUE,not_attached_but_voted,142,142,0.11952861952861953
CSES IMD,EST,EST,2011,past_vote,994,994,TRUE,attached_and_no_vote,76,76,0.07645875251509054
CSES IMD,EST,EST,2011,past_vote,994,994,TRUE,attached_and_voted,528,528,0.5311871227364185
CSES IMD,EST,EST,2011,past_vote,994,994,TRUE,dk_attachment_and_no_vote,13,13,0.013078470824949699
CSES IMD,EST,EST,2011,past_vote,994,994,TRUE,dk_attachment_and_voted,40,40,0.04024144869215292
CSES IMD,EST,EST,2011,past_vote,994,994,TRUE,not_attached_and_no_vote,115,115,0.11569416498993963
CSES IMD,EST,EST,2011,past_vote,994,994,TRUE,not_attached_but_voted,222,222,0.22334004024144868
CSES IMD,FIN,FIN,2003,past_vote,1187,1187,TRUE,attached_and_no_vote,101,101,0.08508845829823083
CSES IMD,FIN,FIN,2003,past_vote,1187,1187,TRUE,attached_and_voted,723,723,0.6090985678180286
CSES IMD,FIN,FIN,2003,past_vote,1187,1187,TRUE,dk_attachment_and_no_vote,4,4,0.003369839932603201
CSES IMD,FIN,FIN,2003,past_vote,1187,1187,TRUE,dk_attachment_and_voted,17,17,0.014321819713563605
CSES IMD,FIN,FIN,2003,past_vote,1187,1187,TRUE,not_attached_and_no_vote,125,125,0.10530749789385004
CSES IMD,FIN,FIN,2003,past_vote,1187,1187,TRUE,not_attached_but_voted,217,217,0.18281381634372368
CSES IMD,FIN,FIN,2007,past_vote,1281,1281,TRUE,attached_and_no_vote,106,106,0.08274785323965651
CSES IMD,FIN,FIN,2007,past_vote,1281,1281,TRUE,attached_and_voted,860,860,0.6713505074160812
CSES IMD,FIN,FIN,2007,past_vote,1281,1281,TRUE,dk_attachment_and_no_vote,10,10,0.0078064012490242
CSES IMD,FIN,FIN,2007,past_vote,1281,1281,TRUE,dk_attachment_and_voted,31,31,0.02419984387197502
CSES IMD,FIN,FIN,2007,past_vote,1281,1281,TRUE,not_attached_and_no_vote,99,99,0.07728337236533958
CSES IMD,FIN,FIN,2007,past_vote,1281,1281,TRUE,not_attached_but_voted,175,175,0.1366120218579235
CSES IMD,FIN,FIN,2011,past_vote,1285,1285,TRUE,attached_and_no_vote,85,85,0.06614785992217899
CSES IMD,FIN,FIN,2011,past_vote,1285,1285,TRUE,attached_and_voted,916,916,0.7128404669260701
CSES IMD,FIN,FIN,2011,past_vote,1285,1285,TRUE,dk_attachment_and_no_vote,3,3,0.0023346303501945525
CSES IMD,FIN,FIN,2011,past_vote,1285,1285,TRUE,dk_attachment_and_voted,26,26,0.020233463035019456
CSES IMD,FIN,FIN,2011,past_vote,1285,1285,TRUE,not_attached_and_no_vote,72,72,0.05603112840466926
CSES IMD,FIN,FIN,2011,past_vote,1285,1285,TRUE,not_attached_but_voted,183,183,0.1424124513618677
CSES IMD,FIN,FIN,2015,past_vote,1583,1583,TRUE,attached_and_no_vote,117,117,0.0739102969046115
CSES IMD,FIN,FIN,2015,past_vote,1583,1583,TRUE,attached_and_voted,1025,1025,0.6475047378395452
CSES IMD,FIN,FIN,2015,past_vote,1583,1583,TRUE,dk_attachment_and_no_vote,1,1,6.317119393556538e-4
CSES IMD,FIN,FIN,2015,past_vote,1583,1583,TRUE,dk_attachment_and_voted,8,8,0.00505369551484523
CSES IMD,FIN,FIN,2015,past_vote,1583,1583,TRUE,not_attached_and_no_vote,169,169,0.10675931775110549
CSES IMD,FIN,FIN,2015,past_vote,1583,1583,TRUE,not_attached_but_voted,263,263,0.16614024005053696
CSES IMD,FIN,FIN,2019,past_vote,1466,1466,TRUE,attached_and_no_vote,66,66,0.045020463847203276
CSES IMD,FIN,FIN,2019,past_vote,1466,1466,TRUE,attached_and_voted,941,941,0.6418826739427013
CSES IMD,FIN,FIN,2019,past_vote,1466,1466,TRUE,dk_attachment_and_no_vote,29,29,0.019781718963165076
CSES IMD,FIN,FIN,2019,past_vote,1466,1466,TRUE,dk_attachment_and_voted,145,145,0.09890859481582538
CSES IMD,FIN,FIN,2019,past_vote,1466,1466,TRUE,not_attached_and_no_vote,86,86,0.058663028649386086
CSES IMD,FIN,FIN,2019,past_vote,1466,1466,TRUE,not_attached_but_voted,199,199,0.13574351978171897
CSES IMD,FRA,FRA,2007,past_vote,1540.4074715478916,2000.0048,TRUE,attached_and_no_vote,277.7322,289,0.13886576672215986
CSES IMD,FRA,FRA,2007,past_vote,1540.4074715478916,2000.0048,TRUE,attached_and_voted,1488.0209,1488,0.7440086643792055
CSES IMD,FRA,FRA,2007,past_vote,1540.4074715478916,2000.0048,TRUE,dk_attachment_and_no_vote,2.2851,3,0.001142547257886581
CSES IMD,FRA,FRA,2007,past_vote,1540.4074715478916,2000.0048,TRUE,dk_attachment_and_voted,7.2515,8,0.0036257412982208842
CSES IMD,FRA,FRA,2007,past_vote,1540.4074715478916,2000.0048,TRUE,not_attached_and_no_vote,55.4458,50,0.027722833465199683
CSES IMD,FRA,FRA,2007,past_vote,1540.4074715478916,2000.0048,TRUE,not_attached_but_voted,169.26930000000002,162,0.0846344468773275
CSES IMD,GBR,GBR,1997,past_vote,2125.69676328311,2895.3779,TRUE,attached_and_no_vote,301.267,292,0.10405101178675157
CSES IMD,GBR,GBR,1997,past_vote,2125.69676328311,2895.3779,TRUE,attached_and_voted,1968.2464,1956,0.679789121827586
CSES IMD,GBR,GBR,1997,past_vote,2125.69676328311,2895.3779,TRUE,not_asked,36.5561,34,0.01262567487304507
CSES IMD,GBR,GBR,1997,past_vote,2125.69676328311,2895.3779,TRUE,not_attached_and_no_vote,182.7544,185,0.063119359997878
CSES IMD,GBR,GBR,1997,past_vote,2125.69676328311,2895.3779,TRUE,not_attached_but_voted,406.554,427,0.1404148315147394
CSES IMD,GBR,GBR,2005,past_vote,713.0430094949442,860.0024,TRUE,attached_and_no_vote,119.889,110,0.13940542491509325
CSES IMD,GBR,GBR,2005,past_vote,713.0430094949442,860.0024,TRUE,attached_and_voted,462.6558,479,0.5379703591524861
CSES IMD,GBR,GBR,2005,past_vote,713.0430094949442,860.0024,TRUE,dk_attachment_and_no_vote,2.2258,1,0.002588132312188896
CSES IMD,GBR,GBR,2005,past_vote,713.0430094949442,860.0024,TRUE,not_asked,6.1064,6,0.00710044530108288
CSES IMD,GBR,GBR,2005,past_vote,713.0430094949442,860.0024,TRUE,not_attached_and_no_vote,131.5894,127,0.15301050322650264
CSES IMD,GBR,GBR,2005,past_vote,713.0430094949442,860.0024,TRUE,not_attached_but_voted,137.536,137,0.15992513509264625
CSES IMD,GBR,GBR,2015,past_vote,1034.724542951942,1563.8893,TRUE,attached_and_no_vote,137.34,132,0.08781951510250757
CSES IMD,GBR,GBR,2015,past_vote,1034.724542951942,1563.8893,TRUE,attached_and_voted,982.4668,1005,0.6282201687804885
CSES IMD,GBR,GBR,2015,past_vote,1034.724542951942,1563.8893,TRUE,dk_attachment_and_no_vote,19.7003,13,0.012596991359938327
CSES IMD,GBR,GBR,2015,past_vote,1034.724542951942,1563.8893,TRUE,dk_attachment_and_voted,61.9471,57,0.03961092386782108
CSES IMD,GBR,GBR,2015,past_vote,1034.724542951942,1563.8893,TRUE,not_asked,5.5683,6,0.0035605461332844975
CSES IMD,GBR,GBR,2015,past_vote,1034.724542951942,1563.8893,TRUE,not_attached_and_no_vote,146.3523,138,0.09358226314356138
CSES IMD,GBR,GBR,2015,past_vote,1034.724542951942,1563.8893,TRUE,not_attached_but_voted,210.5145,213,0.13460959161239866
CSES IMD,GBR,GBR,2017,past_vote,599.7350680489884,982.9986,TRUE,attached_and_no_vote,85.0912,70,0.08656289032354675
CSES IMD,GBR,GBR,2017,past_vote,599.7350680489884,982.9986,TRUE,attached_and_voted,642.1543,701,0.6532606455390679
CSES IMD,GBR,GBR,2017,past_vote,599.7350680489884,982.9986,TRUE,dk_attachment_and_no_vote,14.9875,15,0.01524671550905566
CSES IMD,GBR,GBR,2017,past_vote,599.7350680489884,982.9986,TRUE,dk_attachment_and_voted,31.9714,30,0.03252435964812157
CSES IMD,GBR,GBR,2017,past_vote,599.7350680489884,982.9986,TRUE,not_asked,8.6693,12,0.008819239417024602
CSES IMD,GBR,GBR,2017,past_vote,599.7350680489884,982.9986,TRUE,not_attached_and_no_vote,74.2358,55,0.07551974133025215
CSES IMD,GBR,GBR,2017,past_vote,599.7350680489884,982.9986,TRUE,not_attached_but_voted,125.8891,100,0.12806640823293136
CSES IMD,GBR,GBR,2019,past_vote,2503,2503,TRUE,attached_and_no_vote,186,186,0.0743108270075909
CSES IMD,GBR,GBR,2019,past_vote,2503,2503,TRUE,attached_and_voted,1533,1533,0.6124650419496604
CSES IMD,GBR,GBR,2019,past_vote,2503,2503,TRUE,dk_attachment_and_no_vote,53,53,0.02117459049141031
CSES IMD,GBR,GBR,2019,past_vote,2503,2503,TRUE,dk_attachment_and_voted,153,153,0.06112664802237315
CSES IMD,GBR,GBR,2019,past_vote,2503,2503,TRUE,not_asked,20,20,0.007990411506192568
CSES IMD,GBR,GBR,2019,past_vote,2503,2503,TRUE,not_attached_and_no_vote,181,181,0.07231322413104276
CSES IMD,GBR,GBR,2019,past_vote,2503,2503,TRUE,not_attached_but_voted,377,377,0.15061925689172992
CSES IMD,GRC,GRC,2009,past_vote,1019,1019,TRUE,attached_and_no_vote,51,51,0.050049067713444556
CSES IMD,GRC,GRC,2009,past_vote,1019,1019,TRUE,attached_and_voted,697,697,0.6840039254170756
CSES IMD,GRC,GRC,2009,past_vote,1019,1019,TRUE,dk_attachment_and_no_vote,1,1,9.813542688910696e-4
CSES IMD,GRC,GRC,2009,past_vote,1019,1019,TRUE,dk_attachment_and_voted,5,5,0.004906771344455349
CSES IMD,GRC,GRC,2009,past_vote,1019,1019,TRUE,not_attached_and_no_vote,65,65,0.06378802747791953
CSES IMD,GRC,GRC,2009,past_vote,1019,1019,TRUE,not_attached_but_voted,200,200,0.19627085377821393
CSES IMD,GRC,GRC,2012,past_vote,1019,1019,TRUE,attached_and_no_vote,38,38,0.03729146221786065
CSES IMD,GRC,GRC,2012,past_vote,1019,1019,TRUE,attached_and_voted,525,525,0.5152109911678115
CSES IMD,GRC,GRC,2012,past_vote,1019,1019,TRUE,dk_attachment_and_no_vote,4,4,0.003925417075564278
CSES IMD,GRC,GRC,2012,past_vote,1019,1019,TRUE,dk_attachment_and_voted,14,14,0.013738959764474975
CSES IMD,GRC,GRC,2012,past_vote,1019,1019,TRUE,not_attached_and_no_vote,105,105,0.10304219823356231
CSES IMD,GRC,GRC,2012,past_vote,1019,1019,TRUE,not_attached_but_voted,333,333,0.3267909715407262
CSES IMD,GRC,GRC,2015,past_vote,2071,2071,TRUE,attached_and_no_vote,89,89,0.042974408498309996
CSES IMD,GRC,GRC,2015,past_vote,2071,2071,TRUE,attached_and_voted,1228,1228,0.5929502655721873
CSES IMD,GRC,GRC,2015,past_vote,2071,2071,TRUE,not_asked,80,80,0.0386286817962337
CSES IMD,GRC,GRC,2015,past_vote,2071,2071,TRUE,not_attached_and_no_vote,110,110,0.05311443746982134
CSES IMD,GRC,GRC,2015,past_vote,2071,2071,TRUE,not_attached_but_voted,564,564,0.2723322066634476
CSES IMD,GRC,GRC,2019,past_vote,1270.1190750631852,1311.2221000000002,TRUE,attached_and_no_vote,51.153200000000005,52,0.03901185009008008
CSES IMD,GRC,GRC,2019,past_vote,1270.1190750631852,1311.2221000000002,TRUE,attached_and_voted,709.8153000000001,713,0.5413387251480889
CSES IMD,GRC,GRC,2019,past_vote,1270.1190750631852,1311.2221000000002,TRUE,not_asked,162.87390000000002,159,0.12421534078780398
CSES IMD,GRC,GRC,2019,past_vote,1270.1190750631852,1311.2221000000002,TRUE,not_attached_and_no_vote,57.0146,57,0.04348203099993509
CSES IMD,GRC,GRC,2019,past_vote,1270.1190750631852,1311.2221000000002,TRUE,not_attached_but_voted,330.36510000000004,331,0.2519520529740919
CSES IMD,HRV,HRV,2007,past_vote,994,994,TRUE,attached_and_no_vote,60,60,0.060362173038229376
CSES IMD,HRV,HRV,2007,past_vote,994,994,TRUE,attached_and_voted,548,548,0.5513078470824949
CSES IMD,HRV,HRV,2007,past_vote,994,994,TRUE,dk_attachment_and_no_vote,8,8,0.008048289738430584
CSES IMD,HRV,HRV,2007,past_vote,994,994,TRUE,dk_attachment_and_voted,13,13,0.013078470824949699
CSES IMD,HRV,HRV,2007,past_vote,994,994,TRUE,not_attached_and_no_vote,115,115,0.11569416498993963
CSES IMD,HRV,HRV,2007,past_vote,994,994,TRUE,not_attached_but_voted,250,250,0.2515090543259557
CSES IMD,HUN,HUN,1998,past_vote,1523,1523,TRUE,attached_and_no_vote,184,184,0.12081418253447143
CSES IMD,HUN,HUN,1998,past_vote,1523,1523,TRUE,attached_and_voted,770,770,0.505581089954038
CSES IMD,HUN,HUN,1998,past_vote,1523,1523,TRUE,dk_attachment_and_voted,2,2,0.0013131976362442547
CSES IMD,HUN,HUN,1998,past_vote,1523,1523,TRUE,not_asked,3,3,0.001969796454366382
CSES IMD,HUN,HUN,1998,past_vote,1523,1523,TRUE,not_attached_and_no_vote,221,221,0.14510833880499016
CSES IMD,HUN,HUN,1998,past_vote,1523,1523,TRUE,not_attached_but_voted,343,343,0.22521339461588968
CSES IMD,HUN,HUN,2002,past_vote,1200,1200,TRUE,attached_and_no_vote,119,119,0.09916666666666667
CSES IMD,HUN,HUN,2002,past_vote,1200,1200,TRUE,attached_and_voted,811,811,0.6758333333333333
CSES IMD,HUN,HUN,2002,past_vote,1200,1200,TRUE,dk_attachment_and_voted,1,1,8.333333333333334e-4
CSES IMD,HUN,HUN,2002,past_vote,1200,1200,TRUE,not_asked,8,8,0.006666666666666667
CSES IMD,HUN,HUN,2002,past_vote,1200,1200,TRUE,not_attached_and_no_vote,87,87,0.0725
CSES IMD,HUN,HUN,2002,past_vote,1200,1200,TRUE,not_attached_but_voted,174,174,0.145
CSES IMD,HUN,HUN,2018,past_vote,1184,1184,TRUE,attached_and_no_vote,51,51,0.04307432432432432
CSES IMD,HUN,HUN,2018,past_vote,1184,1184,TRUE,attached_and_voted,495,495,0.41807432432432434
CSES IMD,HUN,HUN,2018,past_vote,1184,1184,TRUE,dk_attachment_and_no_vote,6,6,0.005067567567567568
CSES IMD,HUN,HUN,2018,past_vote,1184,1184,TRUE,dk_attachment_and_voted,37,37,0.03125
CSES IMD,HUN,HUN,2018,past_vote,1184,1184,TRUE,not_attached_and_no_vote,233,233,0.19679054054054054
CSES IMD,HUN,HUN,2018,past_vote,1184,1184,TRUE,not_attached_but_voted,362,362,0.30574324324324326
CSES IMD,IRL,IRL,2002,past_vote,1638.28666631552,2366.0964,TRUE,attached_and_no_vote,146.98329999999999,137,0.062120588155241685
CSES IMD,IRL,IRL,2002,past_vote,1638.28666631552,2366.0964,TRUE,attached_and_voted,1078.1604,1135,0.4556705297383488
CSES IMD,IRL,IRL,2002,past_vote,1638.28666631552,2366.0964,TRUE,dk_attachment_and_no_vote,17.277,12,0.007301900294510402
CSES IMD,IRL,IRL,2002,past_vote,1638.28666631552,2366.0964,TRUE,dk_attachment_and_voted,41.4394,42,0.017513825725781924
CSES IMD,IRL,IRL,2002,past_vote,1638.28666631552,2366.0964,TRUE,not_attached_and_no_vote,246.4608,198,0.10416346519102096
CSES IMD,IRL,IRL,2002,past_vote,1638.28666631552,2366.0964,TRUE,not_attached_but_voted,835.7755,842,0.35322969089509626
CSES IMD,IRL,IRL,2007,past_vote,1426,1426,TRUE,attached_and_no_vote,70,70,0.04908835904628331
CSES IMD,IRL,IRL,2007,past_vote,1426,1426,TRUE,attached_and_voted,721,721,0.5056100981767181
CSES IMD,IRL,IRL,2007,past_vote,1426,1426,TRUE,dk_attachment_and_no_vote,2,2,0.001402524544179523
CSES IMD,IRL,IRL,2007,past_vote,1426,1426,TRUE,dk_attachment_and_voted,20,20,0.014025245441795231
CSES IMD,IRL,IRL,2007,past_vote,1426,1426,TRUE,not_asked,12,12,0.008415147265077139
CSES IMD,IRL,IRL,2007,past_vote,1426,1426,TRUE,not_attached_and_no_vote,89,89,0.06241234221598878
CSES IMD,IRL,IRL,2007,past_vote,1426,1426,TRUE,not_attached_but_voted,512,512,0.3590462833099579
CSES IMD,IRL,IRL,2011,past_vote,1853,1853,TRUE,attached_and_no_vote,39,39,0.021046950890447922
CSES IMD,IRL,IRL,2011,past_vote,1853,1853,TRUE,attached_and_voted,609,609,0.328656233135456
CSES IMD,IRL,IRL,2011,past_vote,1853,1853,TRUE,dk_attachment_and_no_vote,7,7,0.0037776578521316784
CSES IMD,IRL,IRL,2011,past_vote,1853,1853,TRUE,dk_attachment_and_voted,37,37,0.019967620075553156
CSES IMD,IRL,IRL,2011,past_vote,1853,1853,TRUE,not_attached_and_no_vote,141,141,0.07609282245008095
CSES IMD,IRL,IRL,2011,past_vote,1853,1853,TRUE,not_attached_but_voted,1020,1020,0.5504587155963303
CSES IMD,IRL,IRL,2016,past_vote,1000,1000,TRUE,attached_and_no_vote,49,49,0.049
CSES IMD,IRL,IRL,2016,past_vote,1000,1000,TRUE,attached_and_voted,620,620,0.62
CSES IMD,IRL,IRL,2016,past_vote,1000,1000,TRUE,dk_attachment_and_voted,1,1,0.001
CSES IMD,IRL,IRL,2016,past_vote,1000,1000,TRUE,not_attached_and_no_vote,53,53,0.053
CSES IMD,IRL,IRL,2016,past_vote,1000,1000,TRUE,not_attached_but_voted,277,277,0.277
CSES IMD,ITA,ITA,2006,past_vote,1356,1356,TRUE,attached_and_no_vote,26,26,0.019174041297935103
CSES IMD,ITA,ITA,2006,past_vote,1356,1356,TRUE,attached_and_voted,553,553,0.4078171091445428
CSES IMD,ITA,ITA,2006,past_vote,1356,1356,TRUE,dk_attachment_and_no_vote,51,51,0.03761061946902655
CSES IMD,ITA,ITA,2006,past_vote,1356,1356,TRUE,dk_attachment_and_voted,170,170,0.12536873156342182
CSES IMD,ITA,ITA,2006,past_vote,1356,1356,TRUE,not_attached_and_no_vote,177,177,0.13053097345132744
CSES IMD,ITA,ITA,2006,past_vote,1356,1356,TRUE,not_attached_but_voted,379,379,0.27949852507374634
CSES IMD,ITA,ITA,2018,past_vote,1936.6263370260294,1987.9286,TRUE,attached_and_no_vote,68.5985,67,0.034507527081204026
CSES IMD,ITA,ITA,2018,past_vote,1936.6263370260294,1987.9286,TRUE,attached_and_voted,1210.6497,1210,0.6090005948905811
CSES IMD,ITA,ITA,2018,past_vote,1936.6263370260294,1987.9286,TRUE,dk_attachment_and_no_vote,5.9178,7,0.0029768674790432615
CSES IMD,ITA,ITA,2018,past_vote,1936.6263370260294,1987.9286,TRUE,dk_attachment_and_voted,56.412800000000004,57,0.028377679158094513
CSES IMD,ITA,ITA,2018,past_vote,1936.6263370260294,1987.9286,TRUE,not_attached_and_no_vote,101.5301,102,0.05107331319645988
CSES IMD,ITA,ITA,2018,past_vote,1936.6263370260294,1987.9286,TRUE,not_attached_but_voted,544.8197,546,0.2740640181946173
CSES IMD,LTU,LTU,2016,past_vote,1479,1479,TRUE,attached_and_no_vote,35,35,0.023664638269100743
CSES IMD,LTU,LTU,2016,past_vote,1479,1479,TRUE,attached_and_voted,445,445,0.3008789722785666
CSES IMD,LTU,LTU,2016,past_vote,1479,1479,TRUE,dk_attachment_and_no_vote,20,20,0.013522650439486139
CSES IMD,LTU,LTU,2016,past_vote,1479,1479,TRUE,dk_attachment_and_voted,48,48,0.032454361054766734
CSES IMD,LTU,LTU,2016,past_vote,1479,1479,TRUE,not_attached_and_no_vote,455,455,0.3076402974983097
CSES IMD,LTU,LTU,2016,past_vote,1479,1479,TRUE,not_attached_but_voted,476,476,0.3218390804597701
CSES IMD,LTU,LTU,2020,past_vote,1744,1744,TRUE,attached_and_no_vote,65,65,0.03727064220183486
CSES IMD,LTU,LTU,2020,past_vote,1744,1744,TRUE,attached_and_voted,717,717,0.4111238532110092
CSES IMD,LTU,LTU,2020,past_vote,1744,1744,TRUE,dk_attachment_and_no_vote,28,28,0.016055045871559634
CSES IMD,LTU,LTU,2020,past_vote,1744,1744,TRUE,dk_attachment_and_voted,158,158,0.09059633027522936
CSES IMD,LTU,LTU,2020,past_vote,1744,1744,TRUE,not_attached_and_no_vote,236,236,0.1353211009174312
CSES IMD,LTU,LTU,2020,past_vote,1744,1744,TRUE,not_attached_but_voted,540,540,0.30963302752293576
CSES IMD,LVA,LVA,2010,past_vote,1005,1005,TRUE,attached_and_no_vote,64,64,0.06368159203980099
CSES IMD,LVA,LVA,2010,past_vote,1005,1005,TRUE,attached_and_voted,498,498,0.4955223880597015
CSES IMD,LVA,LVA,2010,past_vote,1005,1005,TRUE,dk_attachment_and_no_vote,8,8,0.007960199004975124
CSES IMD,LVA,LVA,2010,past_vote,1005,1005,TRUE,dk_attachment_and_voted,13,13,0.012935323383084577
CSES IMD,LVA,LVA,2010,past_vote,1005,1005,TRUE,not_attached_and_no_vote,134,134,0.13333333333333333
CSES IMD,LVA,LVA,2010,past_vote,1005,1005,TRUE,not_attached_but_voted,288,288,0.2865671641791045
CSES IMD,LVA,LVA,2011,past_vote,987.5290240352249,1003.0507,TRUE,attached_and_no_vote,51.617399999999996,51,0.05146040972804266
CSES IMD,LVA,LVA,2011,past_vote,987.5290240352249,1003.0507,TRUE,attached_and_voted,382.4919,384,0.38132858089825367
CSES IMD,LVA,LVA,2011,past_vote,987.5290240352249,1003.0507,TRUE,dk_attachment_and_no_vote,6.7721,7,0.006751503189220644
CSES IMD,LVA,LVA,2011,past_vote,987.5290240352249,1003.0507,TRUE,dk_attachment_and_voted,25.3467,25,0.02526961000077065
CSES IMD,LVA,LVA,2011,past_vote,987.5290240352249,1003.0507,TRUE,not_attached_and_no_vote,184.3886,182,0.18382779654109208
CSES IMD,LVA,LVA,2011,past_vote,987.5290240352249,1003.0507,TRUE,not_attached_but_voted,352.43399999999997,354,0.3513620996426202
CSES IMD,LVA,LVA,2014,past_vote,1035,1035,TRUE,attached_and_no_vote,72,72,0.06956521739130435
CSES IMD,LVA,LVA,2014,past_vote,1035,1035,TRUE,attached_and_voted,464,464,0.44830917874396137
CSES IMD,LVA,LVA,2014,past_vote,1035,1035,TRUE,dk_attachment_and_no_vote,8,8,0.007729468599033816
CSES IMD,LVA,LVA,2014,past_vote,1035,1035,TRUE,dk_attachment_and_voted,23,23,0.022222222222222223
CSES IMD,LVA,LVA,2014,past_vote,1035,1035,TRUE,not_attached_and_no_vote,157,157,0.15169082125603864
CSES IMD,LVA,LVA,2014,past_vote,1035,1035,TRUE,not_attached_but_voted,311,311,0.3004830917874396
CSES IMD,NLD,NLD,1998,past_vote,1943.489957536092,2100.9951,TRUE,attached_and_no_vote,240.5135,239,0.1144759928283507
CSES IMD,NLD,NLD,1998,past_vote,1943.489957536092,2100.9951,TRUE,attached_and_voted,1260.4276,1274,0.5999193429818089
CSES IMD,NLD,NLD,1998,past_vote,1943.489957536092,2100.9951,TRUE,dk_attachment_and_voted,2.0183,2,9.60640031954382e-4
CSES IMD,NLD,NLD,1998,past_vote,1943.489957536092,2100.9951,TRUE,not_attached_and_no_vote,221.3122,215,0.10533684728726878
CSES IMD,NLD,NLD,1998,past_vote,1943.489957536092,2100.9951,TRUE,not_attached_but_voted,376.7235,371,0.17930717687061715
CSES IMD,NLD,NLD,2002,past_vote,1573,1573,TRUE,attached_and_no_vote,20,20,0.012714558169103624
CSES IMD,NLD,NLD,2002,past_vote,1573,1573,TRUE,attached_and_voted,1243,1243,0.7902097902097902
CSES IMD,NLD,NLD,2002,past_vote,1573,1573,TRUE,dk_attachment_and_voted,10,10,0.006357279084551812
CSES IMD,NLD,NLD,2002,past_vote,1573,1573,TRUE,not_attached_and_no_vote,29,29,0.018436109345200253
CSES IMD,NLD,NLD,2002,past_vote,1573,1573,TRUE,not_attached_but_voted,271,271,0.1722822631913541
CSES IMD,NLD,NLD,2006,past_vote,2359,2359,TRUE,attached_and_no_vote,53,53,0.022467147096227214
CSES IMD,NLD,NLD,2006,past_vote,2359,2359,TRUE,attached_and_voted,1611,1611,0.6829164900381518
CSES IMD,NLD,NLD,2006,past_vote,2359,2359,TRUE,dk_attachment_and_voted,8,8,0.003391267486222976
CSES IMD,NLD,NLD,2006,past_vote,2359,2359,TRUE,not_attached_and_no_vote,110,110,0.04662992793556592
CSES IMD,NLD,NLD,2006,past_vote,2359,2359,TRUE,not_attached_but_voted,577,577,0.24459516744383214
CSES IMD,NLD,NLD,2010,past_vote,2153,2153,TRUE,attached_and_no_vote,72,72,0.03344170924291686
CSES IMD,NLD,NLD,2010,past_vote,2153,2153,TRUE,attached_and_voted,1432,1432,0.665118439386902
CSES IMD,NLD,NLD,2010,past_vote,2153,2153,TRUE,dk_attachment_and_voted,5,5,0.0023223409196470044
CSES IMD,NLD,NLD,2010,past_vote,2153,2153,TRUE,not_attached_and_no_vote,115,115,0.053413841151881095
CSES IMD,NLD,NLD,2010,past_vote,2153,2153,TRUE,not_attached_but_voted,529,529,0.24570366929865303
CSES IMD,NLD,NLD,2017,past_vote,1898,1898,TRUE,attached_and_no_vote,48,48,0.02528977871443625
CSES IMD,NLD,NLD,2017,past_vote,1898,1898,TRUE,attached_and_voted,1282,1282,0.6754478398314014
CSES IMD,NLD,NLD,2017,past_vote,1898,1898,TRUE,not_asked,34,34,0.01791359325605901
CSES IMD,NLD,NLD,2017,past_vote,1898,1898,TRUE,not_attached_and_no_vote,61,61,0.0321390937829294
CSES IMD,NLD,NLD,2017,past_vote,1898,1898,TRUE,not_attached_but_voted,473,473,0.24920969441517388
CSES IMD,NLD,NLD,2021,past_vote,3417,3417,TRUE,attached_and_no_vote,73,73,0.021363769388352355
CSES IMD,NLD,NLD,2021,past_vote,3417,3417,TRUE,attached_and_voted,2234,2234,0.6537898741586187
CSES IMD,NLD,NLD,2021,past_vote,3417,3417,TRUE,dk_attachment_and_no_vote,15,15,0.004389815627743635
CSES IMD,NLD,NLD,2021,past_vote,3417,3417,TRUE,dk_attachment_and_voted,154,154,0.04506877377816798
CSES IMD,NLD,NLD,2021,past_vote,3417,3417,TRUE,not_asked,41,41,0.01199882938249927
CSES IMD,NLD,NLD,2021,past_vote,3417,3417,TRUE,not_attached_and_no_vote,133,133,0.038923031899326895
CSES IMD,NLD,NLD,2021,past_vote,3417,3417,TRUE,not_attached_but_voted,767,767,0.22446590576529118
CSES IMD,POL,POL,1997,past_vote,1607.5076771267968,1994.3195,TRUE,attached_and_no_vote,371.5592,374,0.18630876346543268
CSES IMD,POL,POL,1997,past_vote,1607.5076771267968,1994.3195,TRUE,attached_and_voted,872.5417,872,0.43751349771187614
CSES IMD,POL,POL,1997,past_vote,1607.5076771267968,1994.3195,TRUE,dk_attachment_and_no_vote,80.5666,76,0.04039804053462848
CSES IMD,POL,POL,1997,past_vote,1607.5076771267968,1994.3195,TRUE,dk_attachment_and_voted,66.7304,67,0.03346023543369054
CSES IMD,POL,POL,1997,past_vote,1607.5076771267968,1994.3195,TRUE,not_asked,1.3612,2,6.825385802024199e-4
CSES IMD,POL,POL,1997,past_vote,1607.5076771267968,1994.3195,TRUE,not_attached_and_no_vote,402.6296,394,0.2018882129969646
CSES IMD,POL,POL,1997,past_vote,1607.5076771267968,1994.3195,TRUE,not_attached_but_voted,198.9308,209,0.09974871127720508
CSES IMD,POL,POL,2001,past_vote,1447.4921780172608,1782.8449,TRUE,attached_and_no_vote,274.4377,269,0.15393245929581423
CSES IMD,POL,POL,2001,past_vote,1447.4921780172608,1782.8449,TRUE,attached_and_voted,669.209,658,0.375360189773098
CSES IMD,POL,POL,2001,past_vote,1447.4921780172608,1782.8449,TRUE,dk_attachment_and_no_vote,71.1169,80,0.039889560780076834
CSES IMD,POL,POL,2001,past_vote,1447.4921780172608,1782.8449,TRUE,dk_attachment_and_voted,97.2913,95,0.05457081544221822
CSES IMD,POL,POL,2001,past_vote,1447.4921780172608,1782.8449,TRUE,not_asked,1.4579,2,8.17737987191146e-4
CSES IMD,POL,POL,2001,past_vote,1447.4921780172608,1782.8449,TRUE,not_attached_and_no_vote,392.1891,401,0.21997937117244465
CSES IMD,POL,POL,2001,past_vote,1447.4921780172608,1782.8449,TRUE,not_attached_but_voted,277.143,280,0.15544986554915682
CSES IMD,POL,POL,2005,past_vote,2376,2376,TRUE,attached_and_no_vote,575,575,0.242003367003367
CSES IMD,POL,POL,2005,past_vote,2376,2376,TRUE,attached_and_voted,958,958,0.4031986531986532
CSES IMD,POL,POL,2005,past_vote,2376,2376,TRUE,dk_attachment_and_no_vote,48,48,0.020202020202020204
CSES IMD,POL,POL,2005,past_vote,2376,2376,TRUE,dk_attachment_and_voted,23,23,0.00968013468013468
CSES IMD,POL,POL,2005,past_vote,2376,2376,TRUE,not_attached_and_no_vote,502,502,0.2112794612794613
CSES IMD,POL,POL,2005,past_vote,2376,2376,TRUE,not_attached_but_voted,270,270,0.11363636363636363
CSES IMD,POL,POL,2007,past_vote,1803,1803,TRUE,attached_and_no_vote,197,197,0.10926234054353855
CSES IMD,POL,POL,2007,past_vote,1803,1803,TRUE,attached_and_voted,993,993,0.5507487520798668
CSES IMD,POL,POL,2007,past_vote,1803,1803,TRUE,dk_attachment_and_no_vote,33,33,0.018302828618968387
CSES IMD,POL,POL,2007,past_vote,1803,1803,TRUE,dk_attachment_and_voted,55,55,0.03050471436494731
CSES IMD,POL,POL,2007,past_vote,1803,1803,TRUE,not_asked,5,5,0.0027731558513588465
CSES IMD,POL,POL,2007,past_vote,1803,1803,TRUE,not_attached_and_no_vote,288,288,0.15973377703826955
CSES IMD,POL,POL,2007,past_vote,1803,1803,TRUE,not_attached_but_voted,232,232,0.12867443150305047
CSES IMD,POL,POL,2011,past_vote,1911,1911,TRUE,attached_and_no_vote,279,279,0.14599686028257458
CSES IMD,POL,POL,2011,past_vote,1911,1911,TRUE,attached_and_voted,761,761,0.39822082679225534
CSES IMD,POL,POL,2011,past_vote,1911,1911,TRUE,dk_attachment_and_no_vote,28,28,0.014652014652014652
CSES IMD,POL,POL,2011,past_vote,1911,1911,TRUE,dk_attachment_and_voted,51,51,0.026687598116169546
CSES IMD,POL,POL,2011,past_vote,1911,1911,TRUE,not_attached_and_no_vote,447,447,0.23390894819466249
CSES IMD,POL,POL,2011,past_vote,1911,1911,TRUE,not_attached_but_voted,345,345,0.18053375196232338
CSES IMD,POL,POL,2019,past_vote,1994,1994,TRUE,attached_and_no_vote,113,113,0.05667001003009027
CSES IMD,POL,POL,2019,past_vote,1994,1994,TRUE,attached_and_voted,1023,1023,0.5130391173520562
CSES IMD,POL,POL,2019,past_vote,1994,1994,TRUE,dk_attachment_and_no_vote,34,34,0.017051153460381142
CSES IMD,POL,POL,2019,past_vote,1994,1994,TRUE,dk_attachment_and_voted,88,88,0.044132397191574725
CSES IMD,POL,POL,2019,past_vote,1994,1994,TRUE,not_attached_and_no_vote,420,420,0.21063189568706117
CSES IMD,POL,POL,2019,past_vote,1994,1994,TRUE,not_attached_but_voted,316,316,0.1584754262788365
CSES IMD,PRT,PRT,2002,past_vote,1297,1297,TRUE,attached_and_no_vote,115,115,0.08866615265998458
CSES IMD,PRT,PRT,2002,past_vote,1297,1297,TRUE,attached_and_voted,758,758,0.5844255975327679
CSES IMD,PRT,PRT,2002,past_vote,1297,1297,TRUE,dk_attachment_and_no_vote,2,2,0.0015420200462606013
CSES IMD,PRT,PRT,2002,past_vote,1297,1297,TRUE,dk_attachment_and_voted,3,3,0.002313030069390902
CSES IMD,PRT,PRT,2002,past_vote,1297,1297,TRUE,not_attached_and_no_vote,209,209,0.16114109483423283
CSES IMD,PRT,PRT,2002,past_vote,1297,1297,TRUE,not_attached_but_voted,210,210,0.16191210485736315
CSES IMD,PRT,PRT,2005,past_vote,2779,2779,TRUE,attached_and_no_vote,313,313,0.11263044260525369
CSES IMD,PRT,PRT,2005,past_vote,2779,2779,TRUE,attached_and_voted,1630,1630,0.586541921554516
CSES IMD,PRT,PRT,2005,past_vote,2779,2779,TRUE,dk_attachment_and_no_vote,18,18,0.006477150053976251
CSES IMD,PRT,PRT,2005,past_vote,2779,2779,TRUE,dk_attachment_and_voted,53,53,0.019071608492263404
CSES IMD,PRT,PRT,2005,past_vote,2779,2779,TRUE,not_attached_and_no_vote,241,241,0.08672184238934869
CSES IMD,PRT,PRT,2005,past_vote,2779,2779,TRUE,not_attached_but_voted,524,524,0.18855703490464196
CSES IMD,PRT,PRT,2009,past_vote,1313,1313,TRUE,attached_and_no_vote,165,165,0.12566641279512566
CSES IMD,PRT,PRT,2009,past_vote,1313,1313,TRUE,attached_and_voted,743,743,0.5658796648895659
CSES IMD,PRT,PRT,2009,past_vote,1313,1313,TRUE,not_asked,8,8,0.006092916984006093
CSES IMD,PRT,PRT,2009,past_vote,1313,1313,TRUE,not_attached_and_no_vote,143,143,0.10891089108910891
CSES IMD,PRT,PRT,2009,past_vote,1313,1313,TRUE,not_attached_but_voted,254,254,0.19345011424219344
CSES IMD,PRT,PRT,2015,past_vote,1491,1491,TRUE,attached_and_no_vote,107,107,0.07176391683433937
CSES IMD,PRT,PRT,2015,past_vote,1491,1491,TRUE,attached_and_voted,719,719,0.48222669349429914
CSES IMD,PRT,PRT,2015,past_vote,1491,1491,TRUE,dk_attachment_and_no_vote,5,5,0.00335345405767941
CSES IMD,PRT,PRT,2015,past_vote,1491,1491,TRUE,dk_attachment_and_voted,32,32,0.021462105969148222
CSES IMD,PRT,PRT,2015,past_vote,1491,1491,TRUE,not_attached_and_no_vote,245,245,0.1643192488262911
CSES IMD,PRT,PRT,2015,past_vote,1491,1491,TRUE,not_attached_but_voted,383,383,0.25687458081824277
CSES IMD,PRT,PRT,2019,past_vote,1489,1489,TRUE,attached_and_no_vote,157,157,0.10543989254533244
CSES IMD,PRT,PRT,2019,past_vote,1489,1489,TRUE,attached_and_voted,606,606,0.40698455339153794
CSES IMD,PRT,PRT,2019,past_vote,1489,1489,TRUE,dk_attachment_and_no_vote,3,3,0.0020147750167897917
CSES IMD,PRT,PRT,2019,past_vote,1489,1489,TRUE,dk_attachment_and_voted,15,15,0.010073875083948958
CSES IMD,PRT,PRT,2019,past_vote,1489,1489,TRUE,not_attached_and_no_vote,337,337,0.22632639355271994
CSES IMD,PRT,PRT,2019,past_vote,1489,1489,TRUE,not_attached_but_voted,371,371,0.2491605104096709
CSES IMD,ROU,ROU,1996,past_vote,1160,1160,TRUE,attached_and_no_vote,43,43,0.03706896551724138
CSES IMD,ROU,ROU,1996,past_vote,1160,1160,TRUE,attached_and_voted,566,566,0.4879310344827586
CSES IMD,ROU,ROU,1996,past_vote,1160,1160,TRUE,dk_attachment_and_no_vote,9,9,0.007758620689655172
CSES IMD,ROU,ROU,1996,past_vote,1160,1160,TRUE,dk_attachment_and_voted,48,48,0.041379310344827586
CSES IMD,ROU,ROU,1996,past_vote,1160,1160,TRUE,not_attached_and_no_vote,70,70,0.0603448275862069
CSES IMD,ROU,ROU,1996,past_vote,1160,1160,TRUE,not_attached_but_voted,424,424,0.36551724137931035
CSES IMD,ROU,ROU,2004,past_vote,1872,1872,TRUE,attached_and_no_vote,82,82,0.0438034188034188
CSES IMD,ROU,ROU,2004,past_vote,1872,1872,TRUE,attached_and_voted,639,639,0.34134615384615385
CSES IMD,ROU,ROU,2004,past_vote,1872,1872,TRUE,dk_attachment_and_no_vote,286,286,0.1527777777777778
CSES IMD,ROU,ROU,2004,past_vote,1872,1872,TRUE,dk_attachment_and_voted,864,864,0.46153846153846156
CSES IMD,ROU,ROU,2004,past_vote,1872,1872,TRUE,not_attached_but_voted,1,1,5.341880341880342e-4
CSES IMD,ROU,ROU,2012,past_vote,2149.068816365424,2222.6187,TRUE,attached_and_no_vote,108.9545,110,0.04902077895772226
CSES IMD,ROU,ROU,2012,past_vote,2149.068816365424,2222.6187,TRUE,attached_and_voted,777.9419,783,0.3500114077146926
CSES IMD,ROU,ROU,2012,past_vote,2149.068816365424,2222.6187,TRUE,dk_attachment_and_no_vote,14.230599999999999,14,0.006402627675183332
CSES IMD,ROU,ROU,2012,past_vote,2149.068816365424,2222.6187,TRUE,dk_attachment_and_voted,48.7048,49,0.02191325034743926
CSES IMD,ROU,ROU,2012,past_vote,2149.068816365424,2222.6187,TRUE,not_attached_and_no_vote,460.113,454,0.20701391561224605
CSES IMD,ROU,ROU,2012,past_vote,2149.068816365424,2222.6187,TRUE,not_attached_but_voted,812.6739,812,0.36563801969271653
CSES IMD,ROU,ROU,2016,past_vote,854.4667550367193,1081.453,TRUE,attached_and_no_vote,100.8391,102,0.09324408920221221
CSES IMD,ROU,ROU,2016,past_vote,854.4667550367193,1081.453,TRUE,attached_and_voted,466.2595,441,0.43114171397185086
CSES IMD,ROU,ROU,2016,past_vote,854.4667550367193,1081.453,TRUE,dk_attachment_and_no_vote,11.9707,13,0.01106908945649973
CSES IMD,ROU,ROU,2016,past_vote,854.4667550367193,1081.453,TRUE,dk_attachment_and_voted,26.6929,30,0.024682441123192594
CSES IMD,ROU,ROU,2016,past_vote,854.4667550367193,1081.453,TRUE,not_attached_and_no_vote,211.2021,221,0.1952947562214909
CSES IMD,ROU,ROU,2016,past_vote,854.4667550367193,1081.453,TRUE,not_attached_but_voted,264.4887,271,0.24456791002475373
CSES IMD,SVK,SVK,2010,past_vote,1200,1200,TRUE,attached_and_no_vote,133,133,0.11083333333333334
CSES IMD,SVK,SVK,2010,past_vote,1200,1200,TRUE,attached_and_voted,815,815,0.6791666666666667
CSES IMD,SVK,SVK,2010,past_vote,1200,1200,TRUE,dk_attachment_and_no_vote,5,5,0.004166666666666667
CSES IMD,SVK,SVK,2010,past_vote,1200,1200,TRUE,dk_attachment_and_voted,17,17,0.014166666666666666
CSES IMD,SVK,SVK,2010,past_vote,1200,1200,TRUE,not_asked,9,9,0.0075
CSES IMD,SVK,SVK,2010,past_vote,1200,1200,TRUE,not_attached_and_no_vote,121,121,0.10083333333333333
CSES IMD,SVK,SVK,2010,past_vote,1200,1200,TRUE,not_attached_but_voted,100,100,0.08333333333333333
CSES IMD,SVK,SVK,2016,past_vote,1139,1139,TRUE,attached_and_no_vote,77,77,0.06760316066725197
CSES IMD,SVK,SVK,2016,past_vote,1139,1139,TRUE,attached_and_voted,478,478,0.4196663740122915
CSES IMD,SVK,SVK,2016,past_vote,1139,1139,TRUE,dk_attachment_and_no_vote,42,42,0.03687445127304653
CSES IMD,SVK,SVK,2016,past_vote,1139,1139,TRUE,dk_attachment_and_voted,86,86,0.07550482879719052
CSES IMD,SVK,SVK,2016,past_vote,1139,1139,TRUE,not_asked,15,15,0.013169446883230905
CSES IMD,SVK,SVK,2016,past_vote,1139,1139,TRUE,not_attached_and_no_vote,213,213,0.18700614574187885
CSES IMD,SVK,SVK,2016,past_vote,1139,1139,TRUE,not_attached_but_voted,228,228,0.20017559262510976
CSES IMD,SVK,SVK,2020,past_vote,738.8820147651772,997.4002,TRUE,attached_and_no_vote,37.8009,43,0.03789943094055926
CSES IMD,SVK,SVK,2020,past_vote,738.8820147651772,997.4002,TRUE,attached_and_voted,479.6445,490,0.4808947301193643
CSES IMD,SVK,SVK,2020,past_vote,738.8820147651772,997.4002,TRUE,dk_attachment_and_no_vote,7.4168,7,0.00743613245716213
CSES IMD,SVK,SVK,2020,past_vote,738.8820147651772,997.4002,TRUE,dk_attachment_and_voted,16.558,16,0.016601159694974995
CSES IMD,SVK,SVK,2020,past_vote,738.8820147651772,997.4002,TRUE,not_asked,5.3158,8,0.0053296560397722
CSES IMD,SVK,SVK,2020,past_vote,738.8820147651772,997.4002,TRUE,not_attached_and_no_vote,201.9337,183,0.20246005565268582
CSES IMD,SVK,SVK,2020,past_vote,738.8820147651772,997.4002,TRUE,not_attached_but_voted,248.7305,250,0.24937883509548123
CSES IMD,SVN,SVN,1996,past_vote,1600,1600,TRUE,attached_and_no_vote,50,50,0.03125
CSES IMD,SVN,SVN,1996,past_vote,1600,1600,TRUE,attached_and_voted,332,332,0.2075
CSES IMD,SVN,SVN,1996,past_vote,1600,1600,TRUE,dk_attachment_and_no_vote,38,38,0.02375
CSES IMD,SVN,SVN,1996,past_vote,1600,1600,TRUE,dk_attachment_and_voted,67,67,0.041875
CSES IMD,SVN,SVN,1996,past_vote,1600,1600,TRUE,not_asked,3,3,0.001875
CSES IMD,SVN,SVN,1996,past_vote,1600,1600,TRUE,not_attached_and_no_vote,388,388,0.2425
CSES IMD,SVN,SVN,1996,past_vote,1600,1600,TRUE,not_attached_but_voted,722,722,0.45125
CSES IMD,SVN,SVN,2004,past_vote,980,980,TRUE,attached_and_no_vote,50,50,0.05102040816326531
CSES IMD,SVN,SVN,2004,past_vote,980,980,TRUE,attached_and_voted,341,341,0.3479591836734694
CSES IMD,SVN,SVN,2004,past_vote,980,980,TRUE,dk_attachment_and_no_vote,16,16,0.0163265306122449
CSES IMD,SVN,SVN,2004,past_vote,980,980,TRUE,dk_attachment_and_voted,45,45,0.04591836734693878
CSES IMD,SVN,SVN,2004,past_vote,980,980,TRUE,not_asked,12,12,0.012244897959183673
CSES IMD,SVN,SVN,2004,past_vote,980,980,TRUE,not_attached_and_no_vote,152,152,0.15510204081632653
CSES IMD,SVN,SVN,2004,past_vote,980,980,TRUE,not_attached_but_voted,364,364,0.37142857142857144
CSES IMD,SVN,SVN,2008,past_vote,1026,1026,TRUE,attached_and_no_vote,19,19,0.018518518518518517
CSES IMD,SVN,SVN,2008,past_vote,1026,1026,TRUE,attached_and_voted,190,190,0.18518518518518517
CSES IMD,SVN,SVN,2008,past_vote,1026,1026,TRUE,dk_attachment_and_no_vote,14,14,0.01364522417153996
CSES IMD,SVN,SVN,2008,past_vote,1026,1026,TRUE,dk_attachment_and_voted,43,43,0.04191033138401559
CSES IMD,SVN,SVN,2008,past_vote,1026,1026,TRUE,not_asked,18,18,0.017543859649122806
CSES IMD,SVN,SVN,2008,past_vote,1026,1026,TRUE,not_attached_and_no_vote,201,201,0.195906432748538
CSES IMD,SVN,SVN,2008,past_vote,1026,1026,TRUE,not_attached_but_voted,541,541,0.5272904483430799
CSES IMD,SVN,SVN,2011,past_vote,1022,1022,TRUE,attached_and_no_vote,14,14,0.0136986301369863
CSES IMD,SVN,SVN,2011,past_vote,1022,1022,TRUE,attached_and_voted,127,127,0.12426614481409001
CSES IMD,SVN,SVN,2011,past_vote,1022,1022,TRUE,dk_attachment_and_no_vote,8,8,0.007827788649706457
CSES IMD,SVN,SVN,2011,past_vote,1022,1022,TRUE,dk_attachment_and_voted,27,27,0.026418786692759294
CSES IMD,SVN,SVN,2011,past_vote,1022,1022,TRUE,not_asked,11,11,0.010763209393346379
CSES IMD,SVN,SVN,2011,past_vote,1022,1022,TRUE,not_attached_and_no_vote,236,236,0.2309197651663405
CSES IMD,SVN,SVN,2011,past_vote,1022,1022,TRUE,not_attached_but_voted,599,599,0.586105675146771
CSES IMD,SWE,SWE,1998,past_vote,1157,1157,TRUE,attached_and_no_vote,70,70,0.06050129645635264
CSES IMD,SWE,SWE,1998,past_vote,1157,1157,TRUE,attached_and_voted,789,789,0.6819360414866033
CSES IMD,SWE,SWE,1998,past_vote,1157,1157,TRUE,dk_attachment_and_no_vote,4,4,0.003457216940363008
CSES IMD,SWE,SWE,1998,past_vote,1157,1157,TRUE,dk_attachment_and_voted,13,13,0.011235955056179775
CSES IMD,SWE,SWE,1998,past_vote,1157,1157,TRUE,not_asked,124,124,0.10717372515125324
CSES IMD,SWE,SWE,1998,past_vote,1157,1157,TRUE,not_attached_and_no_vote,37,37,0.03197925669835782
CSES IMD,SWE,SWE,1998,past_vote,1157,1157,TRUE,not_attached_but_voted,120,120,0.10371650821089023
CSES IMD,SWE,SWE,2002,past_vote,1060,1060,TRUE,attached_and_no_vote,79,79,0.07452830188679245
CSES IMD,SWE,SWE,2002,past_vote,1060,1060,TRUE,attached_and_voted,811,811,0.7650943396226415
CSES IMD,SWE,SWE,2002,past_vote,1060,1060,TRUE,dk_attachment_and_no_vote,4,4,0.0037735849056603774
CSES IMD,SWE,SWE,2002,past_vote,1060,1060,TRUE,dk_attachment_and_voted,9,9,0.008490566037735849
CSES IMD,SWE,SWE,2002,past_vote,1060,1060,TRUE,not_attached_and_no_vote,40,40,0.03773584905660377
CSES IMD,SWE,SWE,2002,past_vote,1060,1060,TRUE,not_attached_but_voted,117,117,0.11037735849056604
CSES IMD,SWE,SWE,2006,past_vote,1547,1547,TRUE,attached_and_no_vote,50,50,0.03232062055591468
CSES IMD,SWE,SWE,2006,past_vote,1547,1547,TRUE,attached_and_voted,882,882,0.5701357466063348
CSES IMD,SWE,SWE,2006,past_vote,1547,1547,TRUE,dk_attachment_and_no_vote,2,2,0.001292824822236587
CSES IMD,SWE,SWE,2006,past_vote,1547,1547,TRUE,dk_attachment_and_voted,6,6,0.003878474466709761
CSES IMD,SWE,SWE,2006,past_vote,1547,1547,TRUE,not_asked,408,408,0.26373626373626374
CSES IMD,SWE,SWE,2006,past_vote,1547,1547,TRUE,not_attached_and_no_vote,35,35,0.02262443438914027
CSES IMD,SWE,SWE,2006,past_vote,1547,1547,TRUE,not_attached_but_voted,164,164,0.10601163542340013
CSES IMD,SWE,SWE,2014,past_vote,832,832,TRUE,attached_and_no_vote,17,17,0.020432692307692308
CSES IMD,SWE,SWE,2014,past_vote,832,832,TRUE,attached_and_voted,689,689,0.828125
CSES IMD,SWE,SWE,2014,past_vote,832,832,TRUE,dk_attachment_and_voted,7,7,0.008413461538461538
CSES IMD,SWE,SWE,2014,past_vote,832,832,TRUE,not_attached_and_no_vote,7,7,0.008413461538461538
CSES IMD,SWE,SWE,2014,past_vote,832,832,TRUE,not_attached_but_voted,112,112,0.1346153846153846
CSES IMD,SWE,SWE,2018,past_vote,3654,3654,TRUE,attached_and_no_vote,30,30,0.008210180623973728
CSES IMD,SWE,SWE,2018,past_vote,3654,3654,TRUE,attached_and_voted,2952,2952,0.8078817733990148
CSES IMD,SWE,SWE,2018,past_vote,3654,3654,TRUE,not_asked,103,103,0.028188286808976466
CSES IMD,SWE,SWE,2018,past_vote,3654,3654,TRUE,not_attached_and_no_vote,35,35,0.009578544061302681
CSES IMD,SWE,SWE,2018,past_vote,3654,3654,TRUE,not_attached_but_voted,534,534,0.14614121510673234
CSES MOD6,AUT,AUT,2024,past_vote,1549,1549,TRUE,attached_and_no_vote,26,26,0.016785022595222725
CSES MOD6,AUT,AUT,2024,past_vote,1549,1549,TRUE,attached_and_voted,1023,1023,0.6604260813428018
CSES MOD6,AUT,AUT,2024,past_vote,1549,1549,TRUE,dk_attachment_and_no_vote,5,5,0.0032278889606197547
CSES MOD6,AUT,AUT,2024,past_vote,1549,1549,TRUE,dk_attachment_and_voted,73,73,0.04712717882504842
CSES MOD6,AUT,AUT,2024,past_vote,1549,1549,TRUE,not_attached_and_no_vote,34,34,0.02194964493221433
CSES MOD6,AUT,AUT,2024,past_vote,1549,1549,TRUE,not_attached_but_voted,388,388,0.25048418334409295
CSES MOD6,DNK,DNK,2022,past_vote,1522,1522,TRUE,attached_and_no_vote,12,12,0.00788436268068331
CSES MOD6,DNK,DNK,2022,past_vote,1522,1522,TRUE,attached_and_voted,982,982,0.6452036793692509
CSES MOD6,DNK,DNK,2022,past_vote,1522,1522,TRUE,dk_attachment_and_no_vote,6,6,0.003942181340341655
CSES MOD6,DNK,DNK,2022,past_vote,1522,1522,TRUE,dk_attachment_and_voted,114,114,0.07490144546649145
CSES MOD6,DNK,DNK,2022,past_vote,1522,1522,TRUE,not_attached_and_no_vote,19,19,0.012483574244415242
CSES MOD6,DNK,DNK,2022,past_vote,1522,1522,TRUE,not_attached_but_voted,389,389,0.2555847568988173
CSES MOD6,FRA,FRA,2022,past_vote,1498,1498,TRUE,attached_and_no_vote,62,62,0.04138851802403204
CSES MOD6,FRA,FRA,2022,past_vote,1498,1498,TRUE,attached_and_voted,1140,1140,0.7610146862483311
CSES MOD6,FRA,FRA,2022,past_vote,1498,1498,TRUE,not_asked,18,18,0.012016021361815754
CSES MOD6,FRA,FRA,2022,past_vote,1498,1498,TRUE,not_attached_and_no_vote,52,52,0.03471295060080107
CSES MOD6,FRA,FRA,2022,past_vote,1498,1498,TRUE,not_attached_but_voted,226,226,0.15086782376502003
CSES MOD6,POL,POL,2023,past_vote,1491,1491,TRUE,attached_and_no_vote,48,48,0.03219315895372234
CSES MOD6,POL,POL,2023,past_vote,1491,1491,TRUE,attached_and_voted,861,861,0.5774647887323944
CSES MOD6,POL,POL,2023,past_vote,1491,1491,TRUE,dk_attachment_and_no_vote,19,19,0.012743125419181758
CSES MOD6,POL,POL,2023,past_vote,1491,1491,TRUE,dk_attachment_and_voted,87,87,0.05835010060362173
CSES MOD6,POL,POL,2023,past_vote,1491,1491,TRUE,not_attached_and_no_vote,219,219,0.14688128772635814
CSES MOD6,POL,POL,2023,past_vote,1491,1491,TRUE,not_attached_but_voted,257,257,0.17236753856472167
CSES MOD6,PRT,PRT,2022,past_vote,1006,1006,TRUE,attached_and_no_vote,89,89,0.08846918489065607
CSES MOD6,PRT,PRT,2022,past_vote,1006,1006,TRUE,attached_and_voted,487,487,0.4840954274353877
CSES MOD6,PRT,PRT,2022,past_vote,1006,1006,TRUE,dk_attachment_and_no_vote,3,3,0.002982107355864811
CSES MOD6,PRT,PRT,2022,past_vote,1006,1006,TRUE,dk_attachment_and_voted,12,12,0.011928429423459244
CSES MOD6,PRT,PRT,2022,past_vote,1006,1006,TRUE,not_attached_and_no_vote,185,185,0.18389662027833
CSES MOD6,PRT,PRT,2022,past_vote,1006,1006,TRUE,not_attached_but_voted,230,230,0.2286282306163022
CSES MOD6,PRT,PRT,2024,past_vote,997,997,TRUE,attached_and_no_vote,64,64,0.0641925777331996
CSES MOD6,PRT,PRT,2024,past_vote,997,997,TRUE,attached_and_voted,424,424,0.42527582748244735
CSES MOD6,PRT,PRT,2024,past_vote,997,997,TRUE,dk_attachment_and_no_vote,3,3,0.003009027081243731
CSES MOD6,PRT,PRT,2024,past_vote,997,997,TRUE,dk_attachment_and_voted,6,6,0.006018054162487462
CSES MOD6,PRT,PRT,2024,past_vote,997,997,TRUE,not_attached_and_no_vote,161,161,0.16148445336008024
CSES MOD6,PRT,PRT,2024,past_vote,997,997,TRUE,not_attached_but_voted,339,339,0.34002006018054165
CSES MOD6,SVK,SVK,2023,past_vote,853.3370525337052,998.4276,TRUE,attached_and_no_vote,33.3504,33,0.03340292275574113
CSES MOD6,SVK,SVK,2023,past_vote,853.3370525337052,998.4276,TRUE,attached_and_voted,438.2451,445,0.43893528183716074
CSES MOD6,SVK,SVK,2023,past_vote,853.3370525337052,998.4276,TRUE,dk_attachment_and_no_vote,2.6055,3,0.002609603340292276
CSES MOD6,SVK,SVK,2023,past_vote,853.3370525337052,998.4276,TRUE,dk_attachment_and_voted,19.2807,16,0.019311064718162838
CSES MOD6,SVK,SVK,2023,past_vote,853.3370525337052,998.4276,TRUE,not_asked,5.211,6,0.005219206680584552
CSES MOD6,SVK,SVK,2023,past_vote,853.3370525337052,998.4276,TRUE,not_attached_and_no_vote,170.3997,176,0.17066805845511482
CSES MOD6,SVK,SVK,2023,past_vote,853.3370525337052,998.4276,TRUE,not_attached_but_voted,329.3352,323,0.3298538622129436
CSES MOD6,SVN,SVN,2022,past_vote,743.6757856392951,812.4721,TRUE,attached_and_no_vote,28.1881,25,0.03469423750058617
CSES MOD6,SVN,SVN,2022,past_vote,743.6757856392951,812.4721,TRUE,attached_and_voted,420.9628,419,0.5181258531831432
CSES MOD6,SVN,SVN,2022,past_vote,743.6757856392951,812.4721,TRUE,not_asked,88.8478,91,0.10935489354034435
CSES MOD6,SVN,SVN,2022,past_vote,743.6757856392951,812.4721,TRUE,not_attached_and_no_vote,47.9367,51,0.05900104138960588
CSES MOD6,SVN,SVN,2022,past_vote,743.6757856392951,812.4721,TRUE,not_attached_but_voted,226.5367,224,0.27882397438632045
CSES MOD6,SWE,SWE,2022,past_vote,2687,2687,TRUE,attached_and_no_vote,34,34,0.012653516933382954
CSES MOD6,SWE,SWE,2022,past_vote,2687,2687,TRUE,attached_and_voted,2027,2027,0.7543729065872721
CSES MOD6,SWE,SWE,2022,past_vote,2687,2687,TRUE,not_asked,75,75,0.02791216970599181
CSES MOD6,SWE,SWE,2022,past_vote,2687,2687,TRUE,not_attached_and_no_vote,37,37,0.013770003721622627
CSES MOD6,SWE,SWE,2022,past_vote,2687,2687,TRUE,not_attached_but_voted,514,514,0.19129140305173056
Mannheim EB,BEL,BEL,1975,vote_intention,539.4870849828458,567.8645,FALSE,attached_and_voted,307.6471,305,0.5417614589395886
Mannheim EB,BEL,BEL,1975,vote_intention,539.4870849828458,567.8645,FALSE,dk_attachment_and_voted,1.839,2,0.0032384486087790308
Mannheim EB,BEL,BEL,1975,vote_intention,539.4870849828458,567.8645,FALSE,not_attached_but_voted,258.3784,260,0.45500009245163237
Mannheim EB,BEL,BEL,1976,vote_intention,1206.678564301013,1291.3569,FALSE,attached_and_voted,911.7653,901,0.7060521378714126
Mannheim EB,BEL,BEL,1976,vote_intention,1206.678564301013,1291.3569,FALSE,dk_attachment_and_voted,31.9267,34,0.024723374304965576
Mannheim EB,BEL,BEL,1976,vote_intention,1206.678564301013,1291.3569,FALSE,not_attached_but_voted,347.6649,348,0.2692244878236218
Mannheim EB,BEL,BEL,1977,vote_intention,1169.4166570334971,1199.0698,FALSE,attached_and_no_vote,1.8876,2,0.0015742202830894415
Mannheim EB,BEL,BEL,1977,vote_intention,1169.4166570334971,1199.0698,FALSE,attached_and_voted,820.4208,820,0.6842143801803698
Mannheim EB,BEL,BEL,1977,vote_intention,1169.4166570334971,1199.0698,FALSE,dk_attachment_and_no_vote,2.6191,3,0.0021842765116759674
Mannheim EB,BEL,BEL,1977,vote_intention,1169.4166570334971,1199.0698,FALSE,dk_attachment_and_voted,28.5501,29,0.023810206878698805
Mannheim EB,BEL,BEL,1977,vote_intention,1169.4166570334971,1199.0698,FALSE,not_attached_and_no_vote,16.328,17,0.013617222283473406
Mannheim EB,BEL,BEL,1977,vote_intention,1169.4166570334971,1199.0698,FALSE,not_attached_but_voted,329.2642,330,0.27459969386269256
Mannheim EB,BEL,BEL,1978,vote_intention,1085.6086769279273,1132.9321,FALSE,attached_and_voted,781.6776,767,0.689959795472297
Mannheim EB,BEL,BEL,1978,vote_intention,1085.6086769279273,1132.9321,FALSE,dk_attachment_and_voted,29.528200000000002,29,0.026063521370786477
Mannheim EB,BEL,BEL,1978,vote_intention,1085.6086769279273,1132.9321,FALSE,not_attached_but_voted,321.7263,325,0.28397668315691643
Mannheim EB,BEL,BEL,1979,past_vote,439.8337202819547,475.9616,TRUE,attached_and_voted,356.4876,358,0.7489839516465194
Mannheim EB,BEL,BEL,1979,past_vote,439.8337202819547,475.9616,TRUE,dk_attachment_and_voted,25.308500000000002,26,0.05317340726646856
Mannheim EB,BEL,BEL,1979,past_vote,439.8337202819547,475.9616,TRUE,not_attached_but_voted,94.1655,89,0.19784264108701205
Mannheim EB,BEL,BEL,1979,vote_intention,961.5760521794105,1028.4865,FALSE,attached_and_voted,767.323,759,0.7460700748138163
Mannheim EB,BEL,BEL,1979,vote_intention,961.5760521794105,1028.4865,FALSE,dk_attachment_and_voted,59.6972,61,0.05804373708356892
Mannheim EB,BEL,BEL,1979,vote_intention,961.5760521794105,1028.4865,FALSE,not_attached_but_voted,201.4663,198,0.19588618810261485
Mannheim EB,BEL,BEL,1980,vote_intention,433.85416835866334,556.3986,TRUE,attached_and_no_vote,18.6573,19,0.033532255472964886
Mannheim EB,BEL,BEL,1980,vote_intention,433.85416835866334,556.3986,TRUE,attached_and_voted,303.3376,292,0.5451803796774471
Mannheim EB,BEL,BEL,1980,vote_intention,433.85416835866334,556.3986,TRUE,dk_attachment_and_no_vote,2.7568,5,0.004954721309507249
Mannheim EB,BEL,BEL,1980,vote_intention,433.85416835866334,556.3986,TRUE,dk_attachment_and_voted,19.9006,16,0.035766804589371724
Mannheim EB,BEL,BEL,1980,vote_intention,433.85416835866334,556.3986,TRUE,not_attached_and_no_vote,49.0209,53,0.0881039240573215
Mannheim EB,BEL,BEL,1980,vote_intention,433.85416835866334,556.3986,TRUE,not_attached_but_voted,162.7254,158,0.2924619148933876
Mannheim EB,BEL,BEL,1981,vote_intention,877.003807063231,1066.4279,TRUE,attached_and_voted,707.1023,713,0.6630568273767031
Mannheim EB,BEL,BEL,1981,vote_intention,877.003807063231,1066.4279,TRUE,dk_attachment_and_voted,100.6815,106,0.09441003934724514
Mannheim EB,BEL,BEL,1981,vote_intention,877.003807063231,1066.4279,TRUE,not_attached_but_voted,258.6441,245,0.24253313327605178
Mannheim EB,BEL,BEL,1982,past_vote,379.04705937995294,556.1871,FALSE,attached_and_voted,349.2782,340,0.6279868770778755
Mannheim EB,BEL,BEL,1982,past_vote,379.04705937995294,556.1871,FALSE,dk_attachment_and_voted,10.822,16,0.019457481124607167
Mannheim EB,BEL,BEL,1982,past_vote,379.04705937995294,556.1871,FALSE,not_attached_but_voted,196.08690000000001,194,0.35255564179751747
Mannheim EB,BEL,BEL,1982,vote_intention,966.5638781981038,1278.7438,TRUE,attached_and_no_vote,38.7557,34,0.030307634727143935
Mannheim EB,BEL,BEL,1982,vote_intention,966.5638781981038,1278.7438,TRUE,attached_and_voted,675.3655,663,0.5281476242543659
Mannheim EB,BEL,BEL,1982,vote_intention,966.5638781981038,1278.7438,TRUE,dk_attachment_and_no_vote,30.151,31,0.023578608944184128
Mannheim EB,BEL,BEL,1982,vote_intention,966.5638781981038,1278.7438,TRUE,dk_attachment_and_voted,57.8562,61,0.04524455954351451
Mannheim EB,BEL,BEL,1982,vote_intention,966.5638781981038,1278.7438,TRUE,not_attached_and_no_vote,65.3371,65,0.051094754086002225
Mannheim EB,BEL,BEL,1982,vote_intention,966.5638781981038,1278.7438,TRUE,not_attached_but_voted,411.2783,409,0.32162681844478935
Mannheim EB,BEL,BEL,1983,past_vote,496.33692971463364,630.2403,TRUE,attached_and_no_vote,18.4633,19,0.029295651198439705
Mannheim EB,BEL,BEL,1983,past_vote,496.33692971463364,630.2403,TRUE,attached_and_voted,279.9139,290,0.4441383707135199
Mannheim EB,BEL,BEL,1983,past_vote,496.33692971463364,630.2403,TRUE,dk_attachment_and_no_vote,6.4259,6,0.010195952242343119
Mannheim EB,BEL,BEL,1983,past_vote,496.33692971463364,630.2403,TRUE,dk_attachment_and_voted,12.976700000000001,12,0.02059008286204484
Mannheim EB,BEL,BEL,1983,past_vote,496.33692971463364,630.2403,TRUE,not_attached_and_no_vote,55.0783,52,0.08739253900456698
Mannheim EB,BEL,BEL,1983,past_vote,496.33692971463364,630.2403,TRUE,not_attached_but_voted,257.3822,252,0.4083874039790854
Mannheim EB,BEL,BEL,1983,vote_intention,912.1337690446769,1128.1834,TRUE,attached_and_voted,645.5598,655,0.5722117520963348
Mannheim EB,BEL,BEL,1983,vote_intention,912.1337690446769,1128.1834,TRUE,dk_attachment_and_voted,38.5956,41,0.03421039522474804
Mannheim EB,BEL,BEL,1983,vote_intention,912.1337690446769,1128.1834,TRUE,not_attached_but_voted,444.028,426,0.3935778526789173
Mannheim EB,BEL,BEL,1984,past_vote,919.6044848467172,1356.4249,TRUE,attached_and_no_vote,27.8926,23,0.02056332053473805
Mannheim EB,BEL,BEL,1984,past_vote,919.6044848467172,1356.4249,TRUE,attached_and_voted,802.5259,790,0.5916478678620541
Mannheim EB,BEL,BEL,1984,past_vote,919.6044848467172,1356.4249,TRUE,dk_attachment_and_no_vote,2.0277000000000003,3,0.001494885562776089
Mannheim EB,BEL,BEL,1984,past_vote,919.6044848467172,1356.4249,TRUE,dk_attachment_and_voted,27.238599999999998,31,0.020081170730498976
Mannheim EB,BEL,BEL,1984,past_vote,919.6044848467172,1356.4249,TRUE,not_attached_and_no_vote,93.7249,73,0.06909700640263977
Mannheim EB,BEL,BEL,1984,past_vote,919.6044848467172,1356.4249,TRUE,not_attached_but_voted,403.0152,430,0.297115748907293
Mannheim EB,BEL,BEL,1984,vote_intention,440.91902831323307,644.7308,TRUE,attached_and_voted,439.104,426,0.6810656478641938
Mannheim EB,BEL,BEL,1984,vote_intention,440.91902831323307,644.7308,TRUE,dk_attachment_and_voted,14.6808,16,0.022770433799657156
Mannheim EB,BEL,BEL,1984,vote_intention,440.91902831323307,644.7308,TRUE,not_attached_but_voted,190.946,202,0.29616391833614897
Mannheim EB,BEL,BEL,1985,past_vote,803.5740083614301,1309.9416,FALSE,attached_and_no_vote,17.4194,15,0.01329784472834514
Mannheim EB,BEL,BEL,1985,past_vote,803.5740083614301,1309.9416,FALSE,attached_and_voted,844.8491,796,0.6449517291457878
Mannheim EB,BEL,BEL,1985,past_vote,803.5740083614301,1309.9416,FALSE,dk_attachment_and_no_vote,0.7762,1,5.925454997383089e-4
Mannheim EB,BEL,BEL,1985,past_vote,803.5740083614301,1309.9416,FALSE,dk_attachment_and_voted,28.8629,32,0.02203373035866637
Mannheim EB,BEL,BEL,1985,past_vote,803.5740083614301,1309.9416,FALSE,not_attached_and_no_vote,9.1146,7,0.0069580201132630635
Mannheim EB,BEL,BEL,1985,past_vote,803.5740083614301,1309.9416,FALSE,not_attached_but_voted,408.9194,438,0.3121661301541992
Mannheim EB,BEL,BEL,1985,vote_intention,781.6948962857485,1287.8363,TRUE,attached_and_voted,850.8482,799,0.6606803985879262
Mannheim EB,BEL,BEL,1985,vote_intention,781.6948962857485,1287.8363,TRUE,dk_attachment_and_voted,30.2118,34,0.023459348055339023
Mannheim EB,BEL,BEL,1985,vote_intention,781.6948962857485,1287.8363,TRUE,not_attached_but_voted,406.7763,433,0.31586025335673484
Mannheim EB,BEL,BEL,1986,past_vote,831.5476966383068,1303.1139,TRUE,attached_and_no_vote,20.8111,16,0.015970284715710575
Mannheim EB,BEL,BEL,1986,past_vote,831.5476966383068,1303.1139,TRUE,attached_and_voted,661.8179,656,0.5078741773838802
Mannheim EB,BEL,BEL,1986,past_vote,831.5476966383068,1303.1139,TRUE,dk_attachment_and_no_vote,7.613,7,0.00584216007518606
Mannheim EB,BEL,BEL,1986,past_vote,831.5476966383068,1303.1139,TRUE,dk_attachment_and_voted,74.16680000000001,75,0.05691505554502949
Mannheim EB,BEL,BEL,1986,past_vote,831.5476966383068,1303.1139,TRUE,not_attached_and_no_vote,43.6653,33,0.03350842930921081
Mannheim EB,BEL,BEL,1986,past_vote,831.5476966383068,1303.1139,TRUE,not_attached_but_voted,495.0398,518,0.3798898929709828
Mannheim EB,BEL,BEL,1986,vote_intention,780.1084258513845,1190.2921,TRUE,attached_and_voted,645.8913,652,0.5426326025351257
Mannheim EB,BEL,BEL,1986,vote_intention,780.1084258513845,1190.2921,TRUE,dk_attachment_and_voted,77.0033,76,0.06469277583208358
Mannheim EB,BEL,BEL,1986,vote_intention,780.1084258513845,1190.2921,TRUE,not_attached_but_voted,467.3975,474,0.3926746216327908
Mannheim EB,BEL,BEL,1987,past_vote,471.79138368597114,668.8254,TRUE,attached_and_no_vote,2.9640999999999997,4,0.004431799390393966
Mannheim EB,BEL,BEL,1987,past_vote,471.79138368597114,668.8254,TRUE,attached_and_voted,405.4581,422,0.6062241356264281
Mannheim EB,BEL,BEL,1987,past_vote,471.79138368597114,668.8254,TRUE,dk_attachment_and_voted,16.1048,15,0.02407922904841832
Mannheim EB,BEL,BEL,1987,past_vote,471.79138368597114,668.8254,TRUE,not_attached_and_no_vote,24.763,30,0.037024610608388984
Mannheim EB,BEL,BEL,1987,past_vote,471.79138368597114,668.8254,TRUE,not_attached_but_voted,219.5354,214,0.3282402253263707
Mannheim EB,BEL,BEL,1987,vote_intention,845.508187373439,1190.4722,TRUE,attached_and_voted,769.3804,761,0.6462817023362663
Mannheim EB,BEL,BEL,1987,vote_intention,845.508187373439,1190.4722,TRUE,dk_attachment_and_voted,26.0736,28,0.021901897415160135
Mannheim EB,BEL,BEL,1987,vote_intention,845.508187373439,1190.4722,TRUE,not_attached_but_voted,395.0182,410,0.3318164002485736
Mannheim EB,BEL,BEL,1988,past_vote,524.8991034155556,634.5522,TRUE,attached_and_voted,413.6814,426,0.6519265081737956
Mannheim EB,BEL,BEL,1988,past_vote,524.8991034155556,634.5522,TRUE,dk_attachment_and_voted,21.234,18,0.033462968058419786
Mannheim EB,BEL,BEL,1988,past_vote,524.8991034155556,634.5522,TRUE,not_attached_but_voted,199.6368,200,0.3146105237677846
Mannheim EB,BEL,BEL,1988,vote_intention,1002.2335796845756,1359.9367,TRUE,attached_and_voted,850.3916,845,0.6253170460066266
Mannheim EB,BEL,BEL,1988,vote_intention,1002.2335796845756,1359.9367,TRUE,dk_attachment_and_voted,36.6721,39,0.026966034522047974
Mannheim EB,BEL,BEL,1988,vote_intention,1002.2335796845756,1359.9367,TRUE,not_attached_but_voted,472.873,477,0.3477169194713254
Mannheim EB,BEL,BEL,1989,past_vote,1782.567380971902,2046.6781,TRUE,attached_and_no_vote,81.8269,76,0.03998034668959422
Mannheim EB,BEL,BEL,1989,past_vote,1782.567380971902,2046.6781,TRUE,attached_and_voted,1220.0143,1224,0.5960948622062258
Mannheim EB,BEL,BEL,1989,past_vote,1782.567380971902,2046.6781,TRUE,dk_attachment_and_no_vote,27.7974,28,0.013581715659145422
Mannheim EB,BEL,BEL,1989,past_vote,1782.567380971902,2046.6781,TRUE,dk_attachment_and_voted,72.6946,73,0.0355183357851926
Mannheim EB,BEL,BEL,1989,past_vote,1782.567380971902,2046.6781,TRUE,not_attached_and_no_vote,94.1931,99,0.04602243020043064
Mannheim EB,BEL,BEL,1989,past_vote,1782.567380971902,2046.6781,TRUE,not_attached_but_voted,550.1518,557,0.2688023094594113
Mannheim EB,BEL,BEL,1989,vote_intention,2392.87309553687,2718.8766,TRUE,attached_and_no_vote,19.4393,21,0.007149754424308922
Mannheim EB,BEL,BEL,1989,vote_intention,2392.87309553687,2718.8766,TRUE,attached_and_voted,1659.8022,1672,0.6104735316049283
Mannheim EB,BEL,BEL,1989,vote_intention,2392.87309553687,2718.8766,TRUE,dk_attachment_and_no_vote,10.3855,8,0.0038197761531361886
Mannheim EB,BEL,BEL,1989,vote_intention,2392.87309553687,2718.8766,TRUE,dk_attachment_and_voted,126.1475,129,0.04639691996319362
Mannheim EB,BEL,BEL,1989,vote_intention,2392.87309553687,2718.8766,TRUE,not_attached_and_no_vote,62.2127,59,0.022881766682607073
Mannheim EB,BEL,BEL,1989,vote_intention,2392.87309553687,2718.8766,TRUE,not_attached_but_voted,840.8894,827,0.3092782511718259
Mannheim EB,BEL,BEL,1990,past_vote,1273.0086747292148,1462.1703,TRUE,attached_and_no_vote,28.000700000000002,24,0.019150094896606778
Mannheim EB,BEL,BEL,1990,past_vote,1273.0086747292148,1462.1703,TRUE,attached_and_voted,742.299,751,0.5076693186833299
Mannheim EB,BEL,BEL,1990,past_vote,1273.0086747292148,1462.1703,TRUE,dk_attachment_and_no_vote,10.8872,8,0.007445917893421854
Mannheim EB,BEL,BEL,1990,past_vote,1273.0086747292148,1462.1703,TRUE,dk_attachment_and_voted,33.3137,33,0.02278373456224627
Mannheim EB,BEL,BEL,1990,past_vote,1273.0086747292148,1462.1703,TRUE,not_attached_and_no_vote,79.52289999999999,66,0.05438689323671805
Mannheim EB,BEL,BEL,1990,past_vote,1273.0086747292148,1462.1703,TRUE,not_attached_but_voted,568.1468,566,0.3885640407276772
Mannheim EB,BEL,BEL,1990,vote_intention,1188.2009458759062,1376.3163,TRUE,attached_and_no_vote,3.9158999999999997,4,0.0028452035335191483
Mannheim EB,BEL,BEL,1990,vote_intention,1188.2009458759062,1376.3163,TRUE,attached_and_voted,762.4793,758,0.5540000507150863
Mannheim EB,BEL,BEL,1990,vote_intention,1188.2009458759062,1376.3163,TRUE,dk_attachment_and_no_vote,1.5036,1,0.0010924814303223758
Mannheim EB,BEL,BEL,1990,vote_intention,1188.2009458759062,1376.3163,TRUE,dk_attachment_and_voted,40.6981,38,0.029570310254990077
Mannheim EB,BEL,BEL,1990,vote_intention,1188.2009458759062,1376.3163,TRUE,not_attached_and_no_vote,55.689,49,0.04046235592792151
Mannheim EB,BEL,BEL,1990,vote_intention,1188.2009458759062,1376.3163,TRUE,not_attached_but_voted,512.0304,502,0.37202959813816056
Mannheim EB,BEL,BEL,1991,past_vote,1299.2811186560969,1421.5692,TRUE,attached_and_no_vote,28.6931,25,0.02018410359481621
Mannheim EB,BEL,BEL,1991,past_vote,1299.2811186560969,1421.5692,TRUE,attached_and_voted,778.9865,810,0.5479764896425725
Mannheim EB,BEL,BEL,1991,past_vote,1299.2811186560969,1421.5692,TRUE,dk_attachment_and_no_vote,13.7937,13,0.00970315057473108
Mannheim EB,BEL,BEL,1991,past_vote,1299.2811186560969,1421.5692,TRUE,dk_attachment_and_voted,32.8095,37,0.023079776911317438
Mannheim EB,BEL,BEL,1991,past_vote,1299.2811186560969,1421.5692,TRUE,not_attached_and_no_vote,59.7493,57,0.04203052514080918
Mannheim EB,BEL,BEL,1991,past_vote,1299.2811186560969,1421.5692,TRUE,not_attached_but_voted,507.5371,533,0.35702595413575366
Mannheim EB,BEL,BEL,1991,vote_intention,1250.4796988480539,1387.505,TRUE,attached_and_no_vote,3.3364000000000003,3,0.0024046039473731625
Mannheim EB,BEL,BEL,1991,vote_intention,1250.4796988480539,1387.505,TRUE,attached_and_voted,799.3376,818,0.576097095145603
Mannheim EB,BEL,BEL,1991,vote_intention,1250.4796988480539,1387.505,TRUE,dk_attachment_and_voted,50.0872,50,0.03609875279728721
Mannheim EB,BEL,BEL,1991,vote_intention,1250.4796988480539,1387.505,TRUE,not_attached_and_no_vote,45.8266,47,0.03302806116013996
Mannheim EB,BEL,BEL,1991,vote_intention,1250.4796988480539,1387.505,TRUE,not_attached_but_voted,488.9172,505,0.3523714869495965
Mannheim EB,BEL,BEL,1992,past_vote,1313.5491492365702,1417.1264,TRUE,attached_and_no_vote,24.2697,24,0.017125995253493266
Mannheim EB,BEL,BEL,1992,past_vote,1313.5491492365702,1417.1264,TRUE,attached_and_voted,846.0233,869,0.5969991808775843
Mannheim EB,BEL,BEL,1992,past_vote,1313.5491492365702,1417.1264,TRUE,dk_attachment_and_no_vote,4.9774,5,0.0035123190140272597
Mannheim EB,BEL,BEL,1992,past_vote,1313.5491492365702,1417.1264,TRUE,dk_attachment_and_voted,25.1145,29,0.017722131208620484
Mannheim EB,BEL,BEL,1992,past_vote,1313.5491492365702,1417.1264,TRUE,not_attached_and_no_vote,59.8917,62,0.04226277910001535
Mannheim EB,BEL,BEL,1992,past_vote,1313.5491492365702,1417.1264,TRUE,not_attached_but_voted,456.8498,486,0.32237759454625925
Mannheim EB,BEL,BEL,1992,vote_intention,1250.9221035775715,1358.2847,TRUE,attached_and_no_vote,9.7818,11,0.007201582996554405
Mannheim EB,BEL,BEL,1992,vote_intention,1250.9221035775715,1358.2847,TRUE,attached_and_voted,880.8085,896,0.6484711931158468
Mannheim EB,BEL,BEL,1992,vote_intention,1250.9221035775715,1358.2847,TRUE,dk_attachment_and_no_vote,2.0903,2,0.0015389262648692135
Mannheim EB,BEL,BEL,1992,vote_intention,1250.9221035775715,1358.2847,TRUE,dk_attachment_and_voted,16.833199999999998,20,0.01239298359173154
Mannheim EB,BEL,BEL,1992,vote_intention,1250.9221035775715,1358.2847,TRUE,not_attached_and_no_vote,45.8598,52,0.033763024791488856
Mannheim EB,BEL,BEL,1992,vote_intention,1250.9221035775715,1358.2847,TRUE,not_attached_but_voted,402.9111,422,0.2966322892395092
Mannheim EB,BEL,BEL,1993,past_vote,1375.8134146040945,1448.9996,TRUE,attached_and_no_vote,39.1369,38,0.027009600278702625
Mannheim EB,BEL,BEL,1993,past_vote,1375.8134146040945,1448.9996,TRUE,attached_and_voted,836.5141,841,0.577304576205542
Mannheim EB,BEL,BEL,1993,past_vote,1375.8134146040945,1448.9996,TRUE,dk_attachment_and_no_vote,17.7366,18,0.012240583089187877
Mannheim EB,BEL,BEL,1993,past_vote,1375.8134146040945,1448.9996,TRUE,dk_attachment_and_voted,40.3587,44,0.027852802719890327
Mannheim EB,BEL,BEL,1993,past_vote,1375.8134146040945,1448.9996,TRUE,not_attached_and_no_vote,53.6793,53,0.037045765920156216
Mannheim EB,BEL,BEL,1993,past_vote,1375.8134146040945,1448.9996,TRUE,not_attached_but_voted,461.574,472,0.31854667178652085
Mannheim EB,BEL,BEL,1993,vote_intention,1331.3165955377945,1407.1585,TRUE,attached_and_no_vote,4.9442,7,0.0035136056101711358
Mannheim EB,BEL,BEL,1993,vote_intention,1331.3165955377945,1407.1585,TRUE,attached_and_voted,885.6848,889,0.6294136730155132
Mannheim EB,BEL,BEL,1993,vote_intention,1331.3165955377945,1407.1585,TRUE,dk_attachment_and_no_vote,6.5100999999999996,7,0.004626415574364934
Mannheim EB,BEL,BEL,1993,vote_intention,1331.3165955377945,1407.1585,TRUE,dk_attachment_and_voted,48.9832,50,0.034810008964874954
Mannheim EB,BEL,BEL,1993,vote_intention,1331.3165955377945,1407.1585,TRUE,not_attached_and_no_vote,50.5591,51,0.035929925449052116
Mannheim EB,BEL,BEL,1993,vote_intention,1331.3165955377945,1407.1585,TRUE,not_attached_but_voted,410.4771,417,0.2917063713860237
Mannheim EB,BEL,BEL,1994,past_vote,2033.1439615455372,2250.2988,TRUE,attached_and_no_vote,157.4433,177,0.06996550858046051
Mannheim EB,BEL,BEL,1994,past_vote,2033.1439615455372,2250.2988,TRUE,attached_and_voted,1165.2784,1201,0.5178327429228509
Mannheim EB,BEL,BEL,1994,past_vote,2033.1439615455372,2250.2988,TRUE,dk_attachment_and_no_vote,36.5568,46,0.01624530928959301
Mannheim EB,BEL,BEL,1994,past_vote,2033.1439615455372,2250.2988,TRUE,dk_attachment_and_voted,58.3722,56,0.02593975520050937
Mannheim EB,BEL,BEL,1994,past_vote,2033.1439615455372,2250.2988,TRUE,not_attached_and_no_vote,238.8839,266,0.1061565246357506
Mannheim EB,BEL,BEL,1994,past_vote,2033.1439615455372,2250.2988,TRUE,not_attached_but_voted,593.7642,619,0.2638601593708355
Mannheim EB,BEL,BEL,1994,vote_intention,1904.4956260487447,2086.757,TRUE,attached_and_no_vote,15.3299,42,0.007346279418255216
Mannheim EB,BEL,BEL,1994,vote_intention,1904.4956260487447,2086.757,TRUE,attached_and_voted,1281.0318,1311,0.6138864276003386
Mannheim EB,BEL,BEL,1994,vote_intention,1904.4956260487447,2086.757,TRUE,dk_attachment_and_no_vote,9.9282,19,0.004757717357603209
Mannheim EB,BEL,BEL,1994,vote_intention,1904.4956260487447,2086.757,TRUE,dk_attachment_and_voted,64.5064,62,0.030912272008671828
Mannheim EB,BEL,BEL,1994,vote_intention,1904.4956260487447,2086.757,TRUE,not_attached_and_no_vote,58.5902,89,0.02807715512635156
Mannheim EB,BEL,BEL,1994,vote_intention,1904.4956260487447,2086.757,TRUE,not_attached_but_voted,657.3705,690,0.31502014848877946
Mannheim EB,DEU-E,DEU,1990,past_vote,714.4224758391134,338.6315,TRUE,attached_and_no_vote,4.5017,12,0.013293801669366256
Mannheim EB,DEU-E,DEU,1990,past_vote,714.4224758391134,338.6315,TRUE,attached_and_voted,224.3531,568,0.6625287369899138
Mannheim EB,DEU-E,DEU,1990,past_vote,714.4224758391134,338.6315,TRUE,dk_attachment_and_no_vote,0.6461,1,0.0019079737118372034
Mannheim EB,DEU-E,DEU,1990,past_vote,714.4224758391134,338.6315,TRUE,dk_attachment_and_voted,3.9638,9,0.01170534932515138
Mannheim EB,DEU-E,DEU,1990,past_vote,714.4224758391134,338.6315,TRUE,not_attached_and_no_vote,7.8167,18,0.023083204013802615
Mannheim EB,DEU-E,DEU,1990,past_vote,714.4224758391134,338.6315,TRUE,not_attached_but_voted,97.3501,239,0.2874809342899287
Mannheim EB,DEU-E,DEU,1990,vote_intention,745.461563458844,361.5568,TRUE,attached_and_no_vote,4.7931,12,0.013256838206334385
Mannheim EB,DEU-E,DEU,1990,vote_intention,745.461563458844,361.5568,TRUE,attached_and_voted,237.8514,595,0.6578534824956964
Mannheim EB,DEU-E,DEU,1990,vote_intention,745.461563458844,361.5568,TRUE,dk_attachment_and_voted,4.01,9,0.011090926792138883
Mannheim EB,DEU-E,DEU,1990,vote_intention,745.461563458844,361.5568,TRUE,not_attached_and_no_vote,15.7765,40,0.04363491434817434
Mannheim EB,DEU-E,DEU,1990,vote_intention,745.461563458844,361.5568,TRUE,not_attached_but_voted,99.1258,233,0.274163838157656
Mannheim EB,DEU-E,DEU,1991,past_vote,1404.512218810414,666.996,TRUE,attached_and_no_vote,24.392300000000002,54,0.03657038423019029
Mannheim EB,DEU-E,DEU,1991,past_vote,1404.512218810414,666.996,TRUE,attached_and_voted,308.9788,815,0.4632393597562804
Mannheim EB,DEU-E,DEU,1991,past_vote,1404.512218810414,666.996,TRUE,dk_attachment_and_no_vote,3.4864,8,0.005227017853180529
Mannheim EB,DEU-E,DEU,1991,past_vote,1404.512218810414,666.996,TRUE,dk_attachment_and_voted,6.329000000000001,19,0.009488812526611856
Mannheim EB,DEU-E,DEU,1991,past_vote,1404.512218810414,666.996,TRUE,not_attached_and_no_vote,83.0804,188,0.12455906782049668
Mannheim EB,DEU-E,DEU,1991,past_vote,1404.512218810414,666.996,TRUE,not_attached_but_voted,240.72910000000002,633,0.3609153578132403
Mannheim EB,DEU-E,DEU,1991,vote_intention,1439.1389835954024,672.0114,TRUE,attached_and_no_vote,11.5609,33,0.017203428394220694
Mannheim EB,DEU-E,DEU,1991,vote_intention,1439.1389835954024,672.0114,TRUE,attached_and_voted,334.5525,868,0.49783753668464553
Mannheim EB,DEU-E,DEU,1991,vote_intention,1439.1389835954024,672.0114,TRUE,dk_attachment_and_no_vote,2.1024000000000003,6,0.003128518355492184
Mannheim EB,DEU-E,DEU,1991,vote_intention,1439.1389835954024,672.0114,TRUE,dk_attachment_and_voted,5.3493,16,0.007960132819175389
Mannheim EB,DEU-E,DEU,1991,vote_intention,1439.1389835954024,672.0114,TRUE,not_attached_and_no_vote,77.0181,212,0.11460832360879593
Mannheim EB,DEU-E,DEU,1991,vote_intention,1439.1389835954024,672.0114,TRUE,not_attached_but_voted,241.4282,613,0.3592620601376703
Mannheim EB,DEU-E,DEU,1992,past_vote,1312.488337364855,644.6781,TRUE,attached_and_no_vote,26.0751,45,0.04044669735174811
Mannheim EB,DEU-E,DEU,1992,past_vote,1312.488337364855,644.6781,TRUE,attached_and_voted,274.2138,721,0.42534995372108964
Mannheim EB,DEU-E,DEU,1992,past_vote,1312.488337364855,644.6781,TRUE,dk_attachment_and_no_vote,8.897,14,0.013800685954742375
Mannheim EB,DEU-E,DEU,1992,past_vote,1312.488337364855,644.6781,TRUE,dk_attachment_and_voted,8.5464,24,0.013256848650512559
Mannheim EB,DEU-E,DEU,1992,past_vote,1312.488337364855,644.6781,TRUE,not_attached_and_no_vote,81.7401,173,0.12679211532080895
Mannheim EB,DEU-E,DEU,1992,past_vote,1312.488337364855,644.6781,TRUE,not_attached_but_voted,245.2057,652,0.3803536990010984
Mannheim EB,DEU-E,DEU,1992,vote_intention,1298.863954327129,626.8032,TRUE,attached_and_no_vote,11.5727,28,0.018463051879760665
Mannheim EB,DEU-E,DEU,1992,vote_intention,1298.863954327129,626.8032,TRUE,attached_and_voted,303.2686,776,0.4838338413077662
Mannheim EB,DEU-E,DEU,1992,vote_intention,1298.863954327129,626.8032,TRUE,dk_attachment_and_no_vote,3.6421,10,0.005810595734035819
Mannheim EB,DEU-E,DEU,1992,vote_intention,1298.863954327129,626.8032,TRUE,dk_attachment_and_voted,11.3277,25,0.018072179593212032
Mannheim EB,DEU-E,DEU,1992,vote_intention,1298.863954327129,626.8032,TRUE,not_attached_and_no_vote,86.7101,227,0.13833704103616573
Mannheim EB,DEU-E,DEU,1992,vote_intention,1298.863954327129,626.8032,TRUE,not_attached_but_voted,210.282,534,0.33548329044905967
Mannheim EB,DEU-E,DEU,1993,past_vote,1547.44360614028,664.655,TRUE,attached_and_no_vote,24.6454,48,0.03707998886640437
Mannheim EB,DEU-E,DEU,1993,past_vote,1547.44360614028,664.655,TRUE,attached_and_voted,282.536,769,0.42508669911457825
Mannheim EB,DEU-E,DEU,1993,past_vote,1547.44360614028,664.655,TRUE,dk_attachment_and_no_vote,3.7369,9,0.005622315336527973
Mannheim EB,DEU-E,DEU,1993,past_vote,1547.44360614028,664.655,TRUE,dk_attachment_and_voted,12.941199999999998,32,0.019470552391842384
Mannheim EB,DEU-E,DEU,1993,past_vote,1547.44360614028,664.655,TRUE,not_attached_and_no_vote,99.2862,213,0.14938005431389217
Mannheim EB,DEU-E,DEU,1993,past_vote,1547.44360614028,664.655,TRUE,not_attached_but_voted,241.5093,660,0.36336038997675485
Mannheim EB,DEU-E,DEU,1993,vote_intention,1397.4619490486318,599.0429,TRUE,attached_and_no_vote,5.63,13,0.009398325228460265
Mannheim EB,DEU-E,DEU,1993,vote_intention,1397.4619490486318,599.0429,TRUE,attached_and_voted,306.6731,815,0.511938460500909
Mannheim EB,DEU-E,DEU,1993,vote_intention,1397.4619490486318,599.0429,TRUE,dk_attachment_and_no_vote,2.9127,8,0.004862256108869665
Mannheim EB,DEU-E,DEU,1993,vote_intention,1397.4619490486318,599.0429,TRUE,dk_attachment_and_voted,8.7364,22,0.014583930466415675
Mannheim EB,DEU-E,DEU,1993,vote_intention,1397.4619490486318,599.0429,TRUE,not_attached_and_no_vote,87.1658,229,0.14550844355220635
Mannheim EB,DEU-E,DEU,1993,vote_intention,1397.4619490486318,599.0429,TRUE,not_attached_but_voted,187.9249,476,0.313708584143139
Mannheim EB,DEU-E,DEU,1994,past_vote,2077.6784331636754,914.7883,TRUE,attached_and_no_vote,22.028200000000002,45,0.024080106840019707
Mannheim EB,DEU-E,DEU,1994,past_vote,2077.6784331636754,914.7883,TRUE,attached_and_voted,496.4706,1299,0.5427163858567058
Mannheim EB,DEU-E,DEU,1994,past_vote,2077.6784331636754,914.7883,TRUE,dk_attachment_and_no_vote,6.9517,15,0.007599244546525135
Mannheim EB,DEU-E,DEU,1994,past_vote,2077.6784331636754,914.7883,TRUE,dk_attachment_and_voted,10.9811,27,0.012003979499956437
Mannheim EB,DEU-E,DEU,1994,past_vote,2077.6784331636754,914.7883,TRUE,not_attached_and_no_vote,67.5414,151,0.07383282011805353
Mannheim EB,DEU-E,DEU,1994,past_vote,2077.6784331636754,914.7883,TRUE,not_attached_but_voted,310.8153,796,0.3397674631387393
Mannheim EB,DEU-E,DEU,1994,vote_intention,2032.7643832183833,909.9821,TRUE,attached_and_no_vote,6.1324000000000005,17,0.0067390336579148105
Mannheim EB,DEU-E,DEU,1994,vote_intention,2032.7643832183833,909.9821,TRUE,attached_and_voted,545.5895,1394,0.5995606946554224
Mannheim EB,DEU-E,DEU,1994,vote_intention,2032.7643832183833,909.9821,TRUE,dk_attachment_and_no_vote,2.017,6,0.0022165271163026175
Mannheim EB,DEU-E,DEU,1994,vote_intention,2032.7643832183833,909.9821,TRUE,dk_attachment_and_voted,12.1477,27,0.01334938346589455
Mannheim EB,DEU-E,DEU,1994,vote_intention,2032.7643832183833,909.9821,TRUE,not_attached_and_no_vote,65.3173,164,0.07177866465724986
Mannheim EB,DEU-E,DEU,1994,vote_intention,2032.7643832183833,909.9821,TRUE,not_attached_but_voted,278.7782,694,0.3063556964472159
Mannheim EB,DEU-W,DEU,1975,vote_intention,784.7761139773912,867.9479,FALSE,attached_and_voted,643.5818,646,0.7414981936127734
Mannheim EB,DEU-W,DEU,1975,vote_intention,784.7761139773912,867.9479,FALSE,dk_attachment_and_voted,25.6647,27,0.029569401573527627
Mannheim EB,DEU-W,DEU,1975,vote_intention,784.7761139773912,867.9479,FALSE,not_attached_but_voted,198.7014,190,0.2289324048136991
Mannheim EB,DEU-W,DEU,1976,vote_intention,1498.7458192037443,1608.6607,FALSE,attached_and_voted,1270.1157,1280,0.7895485356234538
Mannheim EB,DEU-W,DEU,1976,vote_intention,1498.7458192037443,1608.6607,FALSE,dk_attachment_and_voted,29.689700000000002,30,0.018456160456956524
Mannheim EB,DEU-W,DEU,1976,vote_intention,1498.7458192037443,1608.6607,FALSE,not_attached_but_voted,308.8553,306,0.19199530391958977
Mannheim EB,DEU-W,DEU,1977,vote_intention,1554.2040235231004,1650.3724,FALSE,attached_and_no_vote,3.8559,4,0.002336381776622052
Mannheim EB,DEU-W,DEU,1977,vote_intention,1554.2040235231004,1650.3724,FALSE,attached_and_voted,1111.698,1126,0.6736043331795903
Mannheim EB,DEU-W,DEU,1977,vote_intention,1554.2040235231004,1650.3724,FALSE,dk_attachment_and_no_vote,4.306,4,0.0026091081019047582
Mannheim EB,DEU-W,DEU,1977,vote_intention,1554.2040235231004,1650.3724,FALSE,dk_attachment_and_voted,59.0992,63,0.03580961484813973
Mannheim EB,DEU-W,DEU,1977,vote_intention,1554.2040235231004,1650.3724,FALSE,not_attached_and_no_vote,40.756,38,0.02469503246661178
Mannheim EB,DEU-W,DEU,1977,vote_intention,1554.2040235231004,1650.3724,FALSE,not_attached_but_voted,430.6573,423,0.26094552962713147
Mannheim EB,DEU-W,DEU,1978,vote_intention,1667.606948069847,1771.4574,FALSE,attached_and_voted,1072.2604,1083,0.6052984395786204
Mannheim EB,DEU-W,DEU,1978,vote_intention,1667.606948069847,1771.4574,FALSE,dk_attachment_and_voted,97.7673,96,0.0551903195639929
Mannheim EB,DEU-W,DEU,1978,vote_intention,1667.606948069847,1771.4574,FALSE,not_attached_but_voted,601.4297,599,0.3395112408573867
Mannheim EB,DEU-W,DEU,1979,past_vote,576.4036125661455,830.9174,TRUE,attached_and_voted,599.1887,607,0.721117044847057
Mannheim EB,DEU-W,DEU,1979,past_vote,576.4036125661455,830.9174,TRUE,dk_attachment_and_voted,17.4497,19,0.02100052303634513
Mannheim EB,DEU-W,DEU,1979,past_vote,576.4036125661455,830.9174,TRUE,not_attached_but_voted,214.279,211,0.25788243211659784
Mannheim EB,DEU-W,DEU,1979,vote_intention,1243.3955884125708,1705.5073,FALSE,attached_and_voted,1228.4608,1232,0.7202905551914085
Mannheim EB,DEU-W,DEU,1979,vote_intention,1243.3955884125708,1705.5073,FALSE,dk_attachment_and_voted,38.7856,42,0.02274138609667634
Mannheim EB,DEU-W,DEU,1979,vote_intention,1243.3955884125708,1705.5073,FALSE,not_attached_but_voted,438.2609,441,0.2569680587119152
Mannheim EB,DEU-W,DEU,1980,vote_intention,795.3387704443006,915.6433,TRUE,attached_and_no_vote,17.703,14,0.019333948055973327
Mannheim EB,DEU-W,DEU,1980,vote_intention,795.3387704443006,915.6433,TRUE,attached_and_voted,651.2909,660,0.7112932514222514
Mannheim EB,DEU-W,DEU,1980,vote_intention,795.3387704443006,915.6433,TRUE,dk_attachment_and_no_vote,6.8545,7,0.007485993727033223
Mannheim EB,DEU-W,DEU,1980,vote_intention,795.3387704443006,915.6433,TRUE,dk_attachment_and_voted,17.217100000000002,17,0.018803282894113902
Mannheim EB,DEU-W,DEU,1980,vote_intention,795.3387704443006,915.6433,TRUE,not_attached_and_no_vote,42.908500000000004,37,0.04686158900523818
Mannheim EB,DEU-W,DEU,1980,vote_intention,795.3387704443006,915.6433,TRUE,not_attached_but_voted,179.6693,185,0.19622193489538994
Mannheim EB,DEU-W,DEU,1981,vote_intention,1059.5566353592678,1638.7006,TRUE,attached_and_no_vote,18.0936,16,0.011041431241314003
Mannheim EB,DEU-W,DEU,1981,vote_intention,1059.5566353592678,1638.7006,TRUE,attached_and_voted,1176.9293,1179,0.7182088662199795
Mannheim EB,DEU-W,DEU,1981,vote_intention,1059.5566353592678,1638.7006,TRUE,dk_attachment_and_no_vote,12.2584,8,0.007480561122635825
Mannheim EB,DEU-W,DEU,1981,vote_intention,1059.5566353592678,1638.7006,TRUE,dk_attachment_and_voted,92.2751,89,0.05630992018920357
Mannheim EB,DEU-W,DEU,1981,vote_intention,1059.5566353592678,1638.7006,TRUE,not_attached_and_no_vote,43.2194,48,0.02637418940348225
Mannheim EB,DEU-W,DEU,1981,vote_intention,1059.5566353592678,1638.7006,TRUE,not_attached_but_voted,295.9248,297,0.18058503182338495
Mannheim EB,DEU-W,DEU,1982,vote_intention,1203.4426281955346,1873.26,TRUE,attached_and_no_vote,28.011,35,0.014953076454950193
Mannheim EB,DEU-W,DEU,1982,vote_intention,1203.4426281955346,1873.26,TRUE,attached_and_voted,1299.6968,1309,0.69381548743901
Mannheim EB,DEU-W,DEU,1982,vote_intention,1203.4426281955346,1873.26,TRUE,dk_attachment_and_no_vote,9.4969,12,0.00506971803166672
Mannheim EB,DEU-W,DEU,1982,vote_intention,1203.4426281955346,1873.26,TRUE,dk_attachment_and_voted,34.9185,37,0.01864049838249896
Mannheim EB,DEU-W,DEU,1982,vote_intention,1203.4426281955346,1873.26,TRUE,not_attached_and_no_vote,70.157,74,0.03745182195744317
Mannheim EB,DEU-W,DEU,1982,vote_intention,1203.4426281955346,1873.26,TRUE,not_attached_but_voted,430.9798,413,0.23006939773443089
Mannheim EB,DEU-W,DEU,1983,vote_intention,1242.6697519496488,1921.6577,TRUE,attached_and_no_vote,53.7162,47,0.02795305324148
Mannheim EB,DEU-W,DEU,1983,vote_intention,1242.6697519496488,1921.6577,TRUE,attached_and_voted,1288.8448,1286,0.6706942656852988
Mannheim EB,DEU-W,DEU,1983,vote_intention,1242.6697519496488,1921.6577,TRUE,dk_attachment_and_no_vote,10.5267,11,0.005477926687984026
Mannheim EB,DEU-W,DEU,1983,vote_intention,1242.6697519496488,1921.6577,TRUE,dk_attachment_and_voted,48.430099999999996,52,0.025202251160547477
Mannheim EB,DEU-W,DEU,1983,vote_intention,1242.6697519496488,1921.6577,TRUE,not_attached_and_no_vote,124.3076,113,0.06468769125739719
Mannheim EB,DEU-W,DEU,1983,vote_intention,1242.6697519496488,1921.6577,TRUE,not_attached_but_voted,395.8323,395,0.2059848119672926
Mannheim EB,DEU-W,DEU,1984,vote_intention,1393.6985593066404,1923.8771,TRUE,attached_and_no_vote,54.5326,57,0.02834515780659794
Mannheim EB,DEU-W,DEU,1984,vote_intention,1393.6985593066404,1923.8771,TRUE,attached_and_voted,1332.4482,1339,0.6925848849700431
Mannheim EB,DEU-W,DEU,1984,vote_intention,1393.6985593066404,1923.8771,TRUE,dk_attachment_and_no_vote,12.741200000000001,12,0.00662266836067647
Mannheim EB,DEU-W,DEU,1984,vote_intention,1393.6985593066404,1923.8771,TRUE,dk_attachment_and_voted,40.9263,43,0.02127282454788822
Mannheim EB,DEU-W,DEU,1984,vote_intention,1393.6985593066404,1923.8771,TRUE,not_attached_and_no_vote,119.012,118,0.061860500340692244
Mannheim EB,DEU-W,DEU,1984,vote_intention,1393.6985593066404,1923.8771,TRUE,not_attached_but_voted,364.2168,367,0.18931396397410208
Mannheim EB,DEU-W,DEU,1985,vote_intention,1019.4129694034573,1935.3509999999999,TRUE,attached_and_no_vote,47.2526,56,0.024415519458744178
Mannheim EB,DEU-W,DEU,1985,vote_intention,1019.4129694034573,1935.3509999999999,TRUE,attached_and_voted,1278.0395,1274,0.660365742441552
Mannheim EB,DEU-W,DEU,1985,vote_intention,1019.4129694034573,1935.3509999999999,TRUE,dk_attachment_and_no_vote,13.6415,12,0.007048592219189182
Mannheim EB,DEU-W,DEU,1985,vote_intention,1019.4129694034573,1935.3509999999999,TRUE,dk_attachment_and_voted,24.2951,32,0.012553330119446034
Mannheim EB,DEU-W,DEU,1985,vote_intention,1019.4129694034573,1935.3509999999999,TRUE,not_attached_and_no_vote,163.9877,158,0.08473279523972654
Mannheim EB,DEU-W,DEU,1985,vote_intention,1019.4129694034573,1935.3509999999999,TRUE,not_attached_but_voted,408.1346,383,0.2108840205213421
Mannheim EB,DEU-W,DEU,1986,vote_intention,994.2746745375285,1981.4426,TRUE,attached_and_no_vote,56.8869,48,0.028709839992336894
Mannheim EB,DEU-W,DEU,1986,vote_intention,994.2746745375285,1981.4426,TRUE,attached_and_voted,1214.1711,1267,0.6127712707902818
Mannheim EB,DEU-W,DEU,1986,vote_intention,994.2746745375285,1981.4426,TRUE,dk_attachment_and_no_vote,21.3429,15,0.01077139453850442
Mannheim EB,DEU-W,DEU,1986,vote_intention,994.2746745375285,1981.4426,TRUE,dk_attachment_and_voted,27.3794,29,0.013817912262510152
Mannheim EB,DEU-W,DEU,1986,vote_intention,994.2746745375285,1981.4426,TRUE,not_attached_and_no_vote,185.1239,190,0.09342884825429713
Mannheim EB,DEU-W,DEU,1986,vote_intention,994.2746745375285,1981.4426,TRUE,not_attached_but_voted,476.5384,429,0.2405007341620696
Mannheim EB,DEU-W,DEU,1987,vote_intention,965.1698947000848,1828.2046,TRUE,attached_and_no_vote,55.041000000000004,64,0.030106586538508874
Mannheim EB,DEU-W,DEU,1987,vote_intention,965.1698947000848,1828.2046,TRUE,attached_and_voted,1154.2876,1140,0.6313776915340876
Mannheim EB,DEU-W,DEU,1987,vote_intention,965.1698947000848,1828.2046,TRUE,dk_attachment_and_no_vote,9.9264,8,0.005429589226501235
Mannheim EB,DEU-W,DEU,1987,vote_intention,965.1698947000848,1828.2046,TRUE,dk_attachment_and_voted,29.2101,33,0.015977478669509965
Mannheim EB,DEU-W,DEU,1987,vote_intention,965.1698947000848,1828.2046,TRUE,not_attached_and_no_vote,143.722,142,0.07861373940312807
Mannheim EB,DEU-W,DEU,1987,vote_intention,965.1698947000848,1828.2046,TRUE,not_attached_but_voted,436.0175,433,0.23849491462826425
Mannheim EB,DEU-W,DEU,1988,past_vote,530.6720987130253,946.8511,TRUE,attached_and_no_vote,47.8262,45,0.05051079309090944
Mannheim EB,DEU-W,DEU,1988,past_vote,530.6720987130253,946.8511,TRUE,attached_and_voted,510.4151,513,0.5390658573454686
Mannheim EB,DEU-W,DEU,1988,past_vote,530.6720987130253,946.8511,TRUE,dk_attachment_and_no_vote,9.8797,10,0.010434269971276371
Mannheim EB,DEU-W,DEU,1988,past_vote,530.6720987130253,946.8511,TRUE,dk_attachment_and_voted,26.6462,32,0.028141911647987735
Mannheim EB,DEU-W,DEU,1988,past_vote,530.6720987130253,946.8511,TRUE,not_attached_and_no_vote,83.8605,82,0.08856778008706966
Mannheim EB,DEU-W,DEU,1988,past_vote,530.6720987130253,946.8511,TRUE,not_attached_but_voted,268.2234,280,0.2832793878572883
Mannheim EB,DEU-W,DEU,1988,vote_intention,1070.2215541884555,1938.2998,TRUE,attached_and_no_vote,33.4617,35,0.017263428495426766
Mannheim EB,DEU-W,DEU,1988,vote_intention,1070.2215541884555,1938.2998,TRUE,attached_and_voted,1150.421,1163,0.5935206720859177
Mannheim EB,DEU-W,DEU,1988,vote_intention,1070.2215541884555,1938.2998,TRUE,dk_attachment_and_no_vote,10.389100000000001,12,0.005359903560842343
Mannheim EB,DEU-W,DEU,1988,vote_intention,1070.2215541884555,1938.2998,TRUE,dk_attachment_and_voted,50.182,55,0.025889699828684914
Mannheim EB,DEU-W,DEU,1988,vote_intention,1070.2215541884555,1938.2998,TRUE,not_attached_and_no_vote,169.4219,147,0.08740747948279208
Mannheim EB,DEU-W,DEU,1988,vote_intention,1070.2215541884555,1938.2998,TRUE,not_attached_but_voted,524.4241,540,0.2705588165463361
Mannheim EB,DEU-W,DEU,1989,past_vote,1740.4799761162703,2857.7476,TRUE,attached_and_no_vote,150.3368,123,0.052606745256299055
Mannheim EB,DEU-W,DEU,1989,past_vote,1740.4799761162703,2857.7476,TRUE,attached_and_voted,1637.3798,1731,0.5729616569356929
Mannheim EB,DEU-W,DEU,1989,past_vote,1740.4799761162703,2857.7476,TRUE,dk_attachment_and_no_vote,24.9421,26,0.00872788765529888
Mannheim EB,DEU-W,DEU,1989,past_vote,1740.4799761162703,2857.7476,TRUE,dk_attachment_and_voted,30.7709,40,0.010767535943342232
Mannheim EB,DEU-W,DEU,1989,past_vote,1740.4799761162703,2857.7476,TRUE,not_attached_and_no_vote,260.3914,242,0.09111770402676568
Mannheim EB,DEU-W,DEU,1989,past_vote,1740.4799761162703,2857.7476,TRUE,not_attached_but_voted,753.9266,799,0.26381847018260113
Mannheim EB,DEU-W,DEU,1989,vote_intention,2299.3552886505745,3481.5352,TRUE,attached_and_no_vote,15.8046,19,0.0045395491046593475
Mannheim EB,DEU-W,DEU,1989,vote_intention,2299.3552886505745,3481.5352,TRUE,attached_and_voted,2282.1532,2387,0.6555019751056949
Mannheim EB,DEU-W,DEU,1989,vote_intention,2299.3552886505745,3481.5352,TRUE,dk_attachment_and_no_vote,13.1657,17,0.0037815788850849475
Mannheim EB,DEU-W,DEU,1989,vote_intention,2299.3552886505745,3481.5352,TRUE,dk_attachment_and_voted,39.4125,52,0.011320437030192889
Mannheim EB,DEU-W,DEU,1989,vote_intention,2299.3552886505745,3481.5352,TRUE,not_attached_and_no_vote,158.2118,160,0.045443113716041136
Mannheim EB,DEU-W,DEU,1989,vote_intention,2299.3552886505745,3481.5352,TRUE,not_attached_but_voted,972.7874,1000,0.27941334615832697
Mannheim EB,DEU-W,DEU,1990,past_vote,1398.4842355308651,2163.9269,TRUE,attached_and_no_vote,117.0222,97,0.054078628996201306
Mannheim EB,DEU-W,DEU,1990,past_vote,1398.4842355308651,2163.9269,TRUE,attached_and_voted,1337.62,1061,0.6181447256836633
Mannheim EB,DEU-W,DEU,1990,past_vote,1398.4842355308651,2163.9269,TRUE,dk_attachment_and_no_vote,9.1612,9,0.004233599573072454
Mannheim EB,DEU-W,DEU,1990,past_vote,1398.4842355308651,2163.9269,TRUE,dk_attachment_and_voted,14.0438,15,0.006489960451066993
Mannheim EB,DEU-W,DEU,1990,past_vote,1398.4842355308651,2163.9269,TRUE,not_attached_and_no_vote,192.2282,157,0.088833037751876
Mannheim EB,DEU-W,DEU,1990,past_vote,1398.4842355308651,2163.9269,TRUE,not_attached_but_voted,493.8515,399,0.2282200475441199
Mannheim EB,DEU-W,DEU,1990,vote_intention,1332.938667810405,2074.4058,TRUE,attached_and_no_vote,17.019000000000002,14,0.008204277099495191
Mannheim EB,DEU-W,DEU,1990,vote_intention,1332.938667810405,2074.4058,TRUE,attached_and_voted,1445.6166,1146,0.6968822590064104
Mannheim EB,DEU-W,DEU,1990,vote_intention,1332.938667810405,2074.4058,TRUE,dk_attachment_and_no_vote,0.8687999999999998,2,4.1881872871739936e-4
Mannheim EB,DEU-W,DEU,1990,vote_intention,1332.938667810405,2074.4058,TRUE,dk_attachment_and_voted,22.7559,19,0.010969840134461638
Mannheim EB,DEU-W,DEU,1990,vote_intention,1332.938667810405,2074.4058,TRUE,not_attached_and_no_vote,91.4464,75,0.04408317793943692
Mannheim EB,DEU-W,DEU,1990,vote_intention,1332.938667810405,2074.4058,TRUE,not_attached_but_voted,496.6991,399,0.23944162709147843
Mannheim EB,DEU-W,DEU,1991,past_vote,1492.518540236497,2618.7849,TRUE,attached_and_no_vote,64.7938,40,0.02474193279486223
Mannheim EB,DEU-W,DEU,1991,past_vote,1492.518540236497,2618.7849,TRUE,attached_and_voted,1470.3746,973,0.5614720781382236
Mannheim EB,DEU-W,DEU,1991,past_vote,1492.518540236497,2618.7849,TRUE,dk_attachment_and_no_vote,8.4206,5,0.0032154607276069142
Mannheim EB,DEU-W,DEU,1991,past_vote,1492.518540236497,2618.7849,TRUE,dk_attachment_and_voted,39.929,25,0.015247147637058698
Mannheim EB,DEU-W,DEU,1991,past_vote,1492.518540236497,2618.7849,TRUE,not_attached_and_no_vote,263.8782,163,0.10076360223399791
Mannheim EB,DEU-W,DEU,1991,past_vote,1492.518540236497,2618.7849,TRUE,not_attached_but_voted,771.3887,511,0.29455977846825065
Mannheim EB,DEU-W,DEU,1991,vote_intention,1423.554220322543,2521.9409,TRUE,attached_and_no_vote,21.7812,16,0.008636681375047289
Mannheim EB,DEU-W,DEU,1991,vote_intention,1423.554220322543,2521.9409,TRUE,attached_and_voted,1495.685,981,0.5930690128384848
Mannheim EB,DEU-W,DEU,1991,vote_intention,1423.554220322543,2521.9409,TRUE,dk_attachment_and_no_vote,8.5043,4,0.0033721250168867955
Mannheim EB,DEU-W,DEU,1991,vote_intention,1423.554220322543,2521.9409,TRUE,dk_attachment_and_voted,38.4495,26,0.015245995653585696
Mannheim EB,DEU-W,DEU,1991,vote_intention,1423.554220322543,2521.9409,TRUE,not_attached_and_no_vote,202.367,133,0.08024256238518515
Mannheim EB,DEU-W,DEU,1991,vote_intention,1423.554220322543,2521.9409,TRUE,not_attached_but_voted,755.1539,491,0.2994336227308102
Mannheim EB,DEU-W,DEU,1992,past_vote,1472.0908849233028,2586.4724,TRUE,attached_and_no_vote,107.9454,61,0.041734603469961634
Mannheim EB,DEU-W,DEU,1992,past_vote,1472.0908849233028,2586.4724,TRUE,attached_and_voted,1503.9051,975,0.5814502795390354
Mannheim EB,DEU-W,DEU,1992,past_vote,1472.0908849233028,2586.4724,TRUE,dk_attachment_and_no_vote,8.2559,5,0.003191953643116393
Mannheim EB,DEU-W,DEU,1992,past_vote,1472.0908849233028,2586.4724,TRUE,dk_attachment_and_voted,29.1839,22,0.011283282976458593
Mannheim EB,DEU-W,DEU,1992,past_vote,1472.0908849233028,2586.4724,TRUE,not_attached_and_no_vote,275.2301,174,0.10641138099907813
Mannheim EB,DEU-W,DEU,1992,past_vote,1472.0908849233028,2586.4724,TRUE,not_attached_but_voted,661.952,457,0.25592849937234974
Mannheim EB,DEU-W,DEU,1992,vote_intention,1424.440304282152,2500.1867,TRUE,attached_and_no_vote,45.337,31,0.018133445794268083
Mannheim EB,DEU-W,DEU,1992,vote_intention,1424.440304282152,2500.1867,TRUE,attached_and_voted,1556.5041,997,0.6225551475815786
Mannheim EB,DEU-W,DEU,1992,vote_intention,1424.440304282152,2500.1867,TRUE,dk_attachment_and_voted,26.4289,18,0.010570770574853469
Mannheim EB,DEU-W,DEU,1992,vote_intention,1424.440304282152,2500.1867,TRUE,not_attached_and_no_vote,203.8745,136,0.08154371031571363
Mannheim EB,DEU-W,DEU,1992,vote_intention,1424.440304282152,2500.1867,TRUE,not_attached_but_voted,668.0422,456,0.26719692573358617
Mannheim EB,DEU-W,DEU,1993,past_vote,1358.5754242694106,2461.8705,TRUE,attached_and_no_vote,124.5285,66,0.050582879968706716
Mannheim EB,DEU-W,DEU,1993,past_vote,1358.5754242694106,2461.8705,TRUE,attached_and_voted,1318.1908,901,0.5354427862879059
Mannheim EB,DEU-W,DEU,1993,past_vote,1358.5754242694106,2461.8705,TRUE,dk_attachment_and_no_vote,17.7429,10,0.007207080957345237
Mannheim EB,DEU-W,DEU,1993,past_vote,1358.5754242694106,2461.8705,TRUE,dk_attachment_and_voted,67.7872,40,0.02753483580878848
Mannheim EB,DEU-W,DEU,1993,past_vote,1358.5754242694106,2461.8705,TRUE,not_attached_and_no_vote,284.3618,175,0.11550640051944244
Mannheim EB,DEU-W,DEU,1993,past_vote,1358.5754242694106,2461.8705,TRUE,not_attached_but_voted,649.2593,424,0.26372601645781124
Mannheim EB,DEU-W,DEU,1993,vote_intention,1249.446501465459,2260.9478,TRUE,attached_and_no_vote,37.0144,23,0.016371187340105776
Mannheim EB,DEU-W,DEU,1993,vote_intention,1249.446501465459,2260.9478,TRUE,attached_and_voted,1393.6794,936,0.6164137889428496
Mannheim EB,DEU-W,DEU,1993,vote_intention,1249.446501465459,2260.9478,TRUE,dk_attachment_and_no_vote,3.1315,2,0.0013850386107985334
Mannheim EB,DEU-W,DEU,1993,vote_intention,1249.446501465459,2260.9478,TRUE,dk_attachment_and_voted,61.6498,33,0.02726723721794904
Mannheim EB,DEU-W,DEU,1993,vote_intention,1249.446501465459,2260.9478,TRUE,not_attached_and_no_vote,182.0666,125,0.0805266711597676
Mannheim EB,DEU-W,DEU,1993,vote_intention,1249.446501465459,2260.9478,TRUE,not_attached_but_voted,583.4061,369,0.2580360767285295
Mannheim EB,DEU-W,DEU,1994,past_vote,1940.1930297411072,3606.7898,TRUE,attached_and_no_vote,136.1288,90,0.037742371346397845
Mannheim EB,DEU-W,DEU,1994,past_vote,1940.1930297411072,3606.7898,TRUE,attached_and_voted,2320.3425,1554,0.6433262343150689
Mannheim EB,DEU-W,DEU,1994,past_vote,1940.1930297411072,3606.7898,TRUE,dk_attachment_and_no_vote,21.242,11,0.0058894477299453385
Mannheim EB,DEU-W,DEU,1994,past_vote,1940.1930297411072,3606.7898,TRUE,dk_attachment_and_voted,27.5152,16,0.0076287229158738335
Mannheim EB,DEU-W,DEU,1994,past_vote,1940.1930297411072,3606.7898,TRUE,not_attached_and_no_vote,269.9675,170,0.07484980133857537
Mannheim EB,DEU-W,DEU,1994,past_vote,1940.1930297411072,3606.7898,TRUE,not_attached_but_voted,831.5938,558,0.23056342235413885
Mannheim EB,DEU-W,DEU,1994,vote_intention,1986.8550285134952,3720.3139,TRUE,attached_and_no_vote,20.624,15,0.0055436182414607535
Mannheim EB,DEU-W,DEU,1994,vote_intention,1986.8550285134952,3720.3139,TRUE,attached_and_voted,2561.0988,1699,0.6884093301911971
Mannheim EB,DEU-W,DEU,1994,vote_intention,1986.8550285134952,3720.3139,TRUE,dk_attachment_and_no_vote,10.0194,6,0.002693159843313221
Mannheim EB,DEU-W,DEU,1994,vote_intention,1986.8550285134952,3720.3139,TRUE,dk_attachment_and_voted,35.2159,20,0.00946584104099388
Mannheim EB,DEU-W,DEU,1994,vote_intention,1986.8550285134952,3720.3139,TRUE,not_attached_and_no_vote,234.0628,148,0.06291479866792961
Mannheim EB,DEU-W,DEU,1994,vote_intention,1986.8550285134952,3720.3139,TRUE,not_attached_but_voted,859.293,563,0.2309732520151055
Mannheim EB,DNK,DNK,1975,vote_intention,705.963573801326,730.6215,FALSE,attached_and_voted,550.5267,563,0.7535046532301609
Mannheim EB,DNK,DNK,1975,vote_intention,705.963573801326,730.6215,FALSE,dk_attachment_and_voted,14.1981,12,0.019432907463029763
Mannheim EB,DNK,DNK,1975,vote_intention,705.963573801326,730.6215,FALSE,not_attached_but_voted,165.8967,169,0.22706243930680936
Mannheim EB,DNK,DNK,1976,vote_intention,1294.3983331668844,1365.8907,FALSE,attached_and_voted,1039.6203,1063,0.7611299352137035
Mannheim EB,DNK,DNK,1976,vote_intention,1294.3983331668844,1365.8907,FALSE,dk_attachment_and_voted,33.1001,36,0.02423334458606388
Mannheim EB,DNK,DNK,1976,vote_intention,1294.3983331668844,1365.8907,FALSE,not_attached_but_voted,293.1703,289,0.21463672020023272
Mannheim EB,DNK,DNK,1977,vote_intention,1532.0557542878105,1602.7539,FALSE,attached_and_no_vote,2.6738,2,0.0016682536227177486
Mannheim EB,DNK,DNK,1977,vote_intention,1532.0557542878105,1602.7539,FALSE,attached_and_voted,1152.0739,1162,0.7188089824644944
Mannheim EB,DNK,DNK,1977,vote_intention,1532.0557542878105,1602.7539,FALSE,dk_attachment_and_no_vote,1.9719000000000002,2,0.0012303198887864196
Mannheim EB,DNK,DNK,1977,vote_intention,1532.0557542878105,1602.7539,FALSE,dk_attachment_and_voted,21.6834,23,0.013528839330854225
Mannheim EB,DNK,DNK,1977,vote_intention,1532.0557542878105,1602.7539,FALSE,not_attached_and_no_vote,20.5003,20,0.012790672354626621
Mannheim EB,DNK,DNK,1977,vote_intention,1532.0557542878105,1602.7539,FALSE,not_attached_but_voted,403.8506,409,0.2519729323385206
Mannheim EB,DNK,DNK,1978,vote_intention,1440.9512734920568,1519.5078,FALSE,attached_and_voted,1066.9505,1088,0.7021684916655248
Mannheim EB,DNK,DNK,1978,vote_intention,1440.9512734920568,1519.5078,FALSE,dk_attachment_and_voted,21.5597,19,0.01418860765308345
Mannheim EB,DNK,DNK,1978,vote_intention,1440.9512734920568,1519.5078,FALSE,not_attached_but_voted,430.9976,420,0.28364290068139164
Mannheim EB,DNK,DNK,1979,past_vote,773.9138636574887,789.216,TRUE,attached_and_voted,581.847,605,0.7372468373677168
Mannheim EB,DNK,DNK,1979,past_vote,773.9138636574887,789.216,TRUE,dk_attachment_and_voted,12.3191,13,0.015609288205003447
Mannheim EB,DNK,DNK,1979,past_vote,773.9138636574887,789.216,TRUE,not_attached_but_voted,195.0499,205,0.24714387442727972
Mannheim EB,DNK,DNK,1979,vote_intention,1592.0210072276957,1685.4425,FALSE,attached_and_voted,1284.5304,1312,0.7621324370306314
Mannheim EB,DNK,DNK,1979,vote_intention,1592.0210072276957,1685.4425,FALSE,dk_attachment_and_voted,31.2088,28,0.018516680337656133
Mannheim EB,DNK,DNK,1979,vote_intention,1592.0210072276957,1685.4425,FALSE,not_attached_but_voted,369.7033,360,0.21935088263171243
Mannheim EB,DNK,DNK,1980,vote_intention,634.5576744331278,788.6931,TRUE,attached_and_voted,585.6312,593,0.742533692763383
Mannheim EB,DNK,DNK,1980,vote_intention,634.5576744331278,788.6931,TRUE,dk_attachment_and_voted,19.241799999999998,14,0.024397069024694143
Mannheim EB,DNK,DNK,1980,vote_intention,634.5576744331278,788.6931,TRUE,not_attached_but_voted,183.8201,186,0.233069238211923
Mannheim EB,DNK,DNK,1981,vote_intention,1394.5640040581934,1816.9345,TRUE,attached_and_no_vote,127.0564,123,0.06992899303744851
Mannheim EB,DNK,DNK,1981,vote_intention,1394.5640040581934,1816.9345,TRUE,attached_and_voted,1117.701,1146,0.6151575634674777
Mannheim EB,DNK,DNK,1981,vote_intention,1394.5640040581934,1816.9345,TRUE,dk_attachment_and_no_vote,57.0405,51,0.03139381193983603
Mannheim EB,DNK,DNK,1981,vote_intention,1394.5640040581934,1816.9345,TRUE,dk_attachment_and_voted,51.6027,51,0.028400968774603595
Mannheim EB,DNK,DNK,1981,vote_intention,1394.5640040581934,1816.9345,TRUE,not_attached_and_no_vote,202.8595,194,0.11164931922422079
Mannheim EB,DNK,DNK,1981,vote_intention,1394.5640040581934,1816.9345,TRUE,not_attached_but_voted,260.6744,254,0.14346934355641328
Mannheim EB,DNK,DNK,1982,vote_intention,1560.465914812986,1920.8188,TRUE,attached_and_no_vote,12.453,13,0.006483172696976935
Mannheim EB,DNK,DNK,1982,vote_intention,1560.465914812986,1920.8188,TRUE,attached_and_voted,1262.7047,1298,0.6573783534396893
Mannheim EB,DNK,DNK,1982,vote_intention,1560.465914812986,1920.8188,TRUE,dk_attachment_and_no_vote,4.5804,3,0.002384608064019365
Mannheim EB,DNK,DNK,1982,vote_intention,1560.465914812986,1920.8188,TRUE,dk_attachment_and_voted,46.4963,46,0.024206499853083485
Mannheim EB,DNK,DNK,1982,vote_intention,1560.465914812986,1920.8188,TRUE,not_attached_and_no_vote,41.4764,44,0.021593083116429306
Mannheim EB,DNK,DNK,1982,vote_intention,1560.465914812986,1920.8188,TRUE,not_attached_but_voted,553.108,542,0.2879542828298015
Mannheim EB,DNK,DNK,1983,vote_intention,1623.0396934626397,1917.1026,TRUE,attached_and_no_vote,14.7525,12,0.007695206297252948
Mannheim EB,DNK,DNK,1983,vote_intention,1623.0396934626397,1917.1026,TRUE,attached_and_voted,1323.9893,1369,0.6906199490835806
Mannheim EB,DNK,DNK,1983,vote_intention,1623.0396934626397,1917.1026,TRUE,dk_attachment_and_no_vote,0.7692,1,4.0123048187405306e-4
Mannheim EB,DNK,DNK,1983,vote_intention,1623.0396934626397,1917.1026,TRUE,dk_attachment_and_voted,37.797,35,0.019715689707999976
Mannheim EB,DNK,DNK,1983,vote_intention,1623.0396934626397,1917.1026,TRUE,not_attached_and_no_vote,59.0052,53,0.030778321410653765
Mannheim EB,DNK,DNK,1983,vote_intention,1623.0396934626397,1917.1026,TRUE,not_attached_but_voted,480.7894,489,0.2507896030186387
Mannheim EB,DNK,DNK,1984,vote_intention,1418.8279979749987,1861.2666,TRUE,attached_and_no_vote,12.6469,11,0.006794781575084408
Mannheim EB,DNK,DNK,1984,vote_intention,1418.8279979749987,1861.2666,TRUE,attached_and_voted,1253.6545,1299,0.6735491304684671
Mannheim EB,DNK,DNK,1984,vote_intention,1418.8279979749987,1861.2666,TRUE,dk_attachment_and_no_vote,7.3028,5,0.00392356473811973
Mannheim EB,DNK,DNK,1984,vote_intention,1418.8279979749987,1861.2666,TRUE,dk_attachment_and_voted,40.2293,42,0.021613937519751335
Mannheim EB,DNK,DNK,1984,vote_intention,1418.8279979749987,1861.2666,TRUE,not_attached_and_no_vote,40.7135,39,0.02187408294975046
Mannheim EB,DNK,DNK,1984,vote_intention,1418.8279979749987,1861.2666,TRUE,not_attached_but_voted,506.7196,486,0.27224450274882706
Mannheim EB,DNK,DNK,1985,vote_intention,1387.6922695703088,1955.7825,TRUE,attached_and_no_vote,3.085,4,0.0015773737621642488
Mannheim EB,DNK,DNK,1985,vote_intention,1387.6922695703088,1955.7825,TRUE,attached_and_voted,1345.926,1371,0.6881777498264761
Mannheim EB,DNK,DNK,1985,vote_intention,1387.6922695703088,1955.7825,TRUE,dk_attachment_and_no_vote,0.8764,1,0.00044810708757236554
Mannheim EB,DNK,DNK,1985,vote_intention,1387.6922695703088,1955.7825,TRUE,dk_attachment_and_voted,29.9545,30,0.015315864621960775
Mannheim EB,DNK,DNK,1985,vote_intention,1387.6922695703088,1955.7825,TRUE,not_attached_and_no_vote,39.5422,38,0.02021809684870378
Mannheim EB,DNK,DNK,1985,vote_intention,1387.6922695703088,1955.7825,TRUE,not_attached_but_voted,536.3984,533,0.27426280785312274
Mannheim EB,DNK,DNK,1986,vote_intention,1156.2180678809445,1596.1167,TRUE,attached_and_no_vote,11.370800000000001,11,0.0071240404915254634
Mannheim EB,DNK,DNK,1986,vote_intention,1156.2180678809445,1596.1167,TRUE,attached_and_voted,1136.5474,1131,0.7120703642785017
Mannheim EB,DNK,DNK,1986,vote_intention,1156.2180678809445,1596.1167,TRUE,dk_attachment_and_no_vote,3.1915,4,0.001999540509788539
Mannheim EB,DNK,DNK,1986,vote_intention,1156.2180678809445,1596.1167,TRUE,dk_attachment_and_voted,36.3315,29,0.022762433348388622
Mannheim EB,DNK,DNK,1986,vote_intention,1156.2180678809445,1596.1167,TRUE,not_attached_and_no_vote,36.0612,42,0.022593084828947656
Mannheim EB,DNK,DNK,1986,vote_intention,1156.2180678809445,1596.1167,TRUE,not_attached_but_voted,372.6143,375,0.23345053654284803
Mannheim EB,DNK,DNK,1987,vote_intention,1025.600385712125,1496.0811,TRUE,attached_and_no_vote,0.4447,1,2.972432443668996e-4
Mannheim EB,DNK,DNK,1987,vote_intention,1025.600385712125,1496.0811,TRUE,attached_and_voted,1145.5994,1168,0.7657334886457693
Mannheim EB,DNK,DNK,1987,vote_intention,1025.600385712125,1496.0811,TRUE,dk_attachment_and_no_vote,1.8472000000000002,3,0.0012346924240938543
Mannheim EB,DNK,DNK,1987,vote_intention,1025.600385712125,1496.0811,TRUE,dk_attachment_and_voted,33.6206,30,0.02247244484272945
Mannheim EB,DNK,DNK,1987,vote_intention,1025.600385712125,1496.0811,TRUE,not_attached_and_no_vote,24.983700000000002,28,0.01669942892801734
Mannheim EB,DNK,DNK,1987,vote_intention,1025.600385712125,1496.0811,TRUE,not_attached_but_voted,289.5855,286,0.1935627019150232
Mannheim EB,DNK,DNK,1988,past_vote,633.1597274510119,914.9406,TRUE,attached_and_no_vote,38.5284,40,0.04211027469980018
Mannheim EB,DNK,DNK,1988,past_vote,633.1597274510119,914.9406,TRUE,attached_and_voted,657.9023,670,0.7190655874272056
Mannheim EB,DNK,DNK,1988,past_vote,633.1597274510119,914.9406,TRUE,dk_attachment_and_no_vote,3.1519000000000004,4,0.0034449230911820948
Mannheim EB,DNK,DNK,1988,past_vote,633.1597274510119,914.9406,TRUE,dk_attachment_and_voted,9.9007,13,0.010821139645568249
Mannheim EB,DNK,DNK,1988,past_vote,633.1597274510119,914.9406,TRUE,not_attached_and_no_vote,49.5067,43,0.054109195722651285
Mannheim EB,DNK,DNK,1988,past_vote,633.1597274510119,914.9406,TRUE,not_attached_but_voted,155.9506,149,0.17044887941359255
Mannheim EB,DNK,DNK,1988,vote_intention,1008.4474349001301,1517.8169,TRUE,attached_and_no_vote,7.733700000000001,3,0.005095278620234101
Mannheim EB,DNK,DNK,1988,vote_intention,1008.4474349001301,1517.8169,TRUE,attached_and_voted,1184.6337,1211,0.7804852482535938
Mannheim EB,DNK,DNK,1988,vote_intention,1008.4474349001301,1517.8169,TRUE,dk_attachment_and_voted,16.457900000000002,23,0.01084313924821894
Mannheim EB,DNK,DNK,1988,vote_intention,1008.4474349001301,1517.8169,TRUE,not_attached_and_no_vote,10.0284,13,0.006607121056564859
Mannheim EB,DNK,DNK,1988,vote_intention,1008.4474349001301,1517.8169,TRUE,not_attached_but_voted,298.96320000000003,269,0.1969692128213884
Mannheim EB,DNK,DNK,1989,past_vote,2058.31917095493,2570.5437,TRUE,attached_and_no_vote,38.5471,42,0.014995699158897783
Mannheim EB,DNK,DNK,1989,past_vote,2058.31917095493,2570.5437,TRUE,attached_and_voted,1828.633,1822,0.7113798532193792
Mannheim EB,DNK,DNK,1989,past_vote,2058.31917095493,2570.5437,TRUE,dk_attachment_and_no_vote,3.9066999999999994,5,0.0015197952090835877
Mannheim EB,DNK,DNK,1989,past_vote,2058.31917095493,2570.5437,TRUE,dk_attachment_and_voted,42.8485,47,0.01666904165060489
Mannheim EB,DNK,DNK,1989,past_vote,2058.31917095493,2570.5437,TRUE,not_attached_and_no_vote,80.2312,78,0.031211762709966766
Mannheim EB,DNK,DNK,1989,past_vote,2058.31917095493,2570.5437,TRUE,not_attached_but_voted,576.3772,605,0.22422384805206774
Mannheim EB,DNK,DNK,1989,vote_intention,2779.853292996499,3380.7809,TRUE,attached_and_no_vote,6.3743,8,0.0018854519676208535
Mannheim EB,DNK,DNK,1989,vote_intention,2779.853292996499,3380.7809,TRUE,attached_and_voted,2443.3437,2430,0.7227157784759136
Mannheim EB,DNK,DNK,1989,vote_intention,2779.853292996499,3380.7809,TRUE,dk_attachment_and_no_vote,3.655,4,0.0010811111716822583
Mannheim EB,DNK,DNK,1989,vote_intention,2779.853292996499,3380.7809,TRUE,dk_attachment_and_voted,79.4139,83,0.023489809706390613
Mannheim EB,DNK,DNK,1989,vote_intention,2779.853292996499,3380.7809,TRUE,not_attached_and_no_vote,67.8553,59,0.02007089545495243
Mannheim EB,DNK,DNK,1989,vote_intention,2779.853292996499,3380.7809,TRUE,not_attached_but_voted,780.1387,791,0.23075695322344017
Mannheim EB,DNK,DNK,1990,past_vote,1720.2839058212774,1847.5776,TRUE,attached_and_no_vote,65.5247,63,0.03546519507489157
Mannheim EB,DNK,DNK,1990,past_vote,1720.2839058212774,1847.5776,TRUE,attached_and_voted,1053.1204,1046,0.5700006321791301
Mannheim EB,DNK,DNK,1990,past_vote,1720.2839058212774,1847.5776,TRUE,dk_attachment_and_no_vote,19.9273,18,0.010785636283964473
Mannheim EB,DNK,DNK,1990,past_vote,1720.2839058212774,1847.5776,TRUE,dk_attachment_and_voted,48.2219,47,0.02610006746130717
Mannheim EB,DNK,DNK,1990,past_vote,1720.2839058212774,1847.5776,TRUE,not_attached_and_no_vote,145.2083,147,0.0785938842298153
Mannheim EB,DNK,DNK,1990,past_vote,1720.2839058212774,1847.5776,TRUE,not_attached_but_voted,515.575,525,0.27905458477089135
Mannheim EB,DNK,DNK,1990,vote_intention,1472.4569360522707,1577.3194,TRUE,attached_and_no_vote,7.908,9,0.005013569223836339
Mannheim EB,DNK,DNK,1990,vote_intention,1472.4569360522707,1577.3194,TRUE,attached_and_voted,1054.8089,1046,0.6687351337972511
Mannheim EB,DNK,DNK,1990,vote_intention,1472.4569360522707,1577.3194,TRUE,dk_attachment_and_no_vote,2.2906,3,0.0014522106302629638
Mannheim EB,DNK,DNK,1990,vote_intention,1472.4569360522707,1577.3194,TRUE,dk_attachment_and_voted,29.703,29,0.01883131596555523
Mannheim EB,DNK,DNK,1990,vote_intention,1472.4569360522707,1577.3194,TRUE,not_attached_and_no_vote,36.9285,38,0.023412189059489153
Mannheim EB,DNK,DNK,1990,vote_intention,1472.4569360522707,1577.3194,TRUE,not_attached_but_voted,445.6804,456,0.2825555813236051
Mannheim EB,DNK,DNK,1991,past_vote,1577.2821989166177,1823.8878,TRUE,attached_and_no_vote,51.9173,46,0.02846518300084029
Mannheim EB,DNK,DNK,1991,past_vote,1577.2821989166177,1823.8878,TRUE,attached_and_voted,1102.3135,1091,0.6043757187256804
Mannheim EB,DNK,DNK,1991,past_vote,1577.2821989166177,1823.8878,TRUE,dk_attachment_and_no_vote,6.1956,7,0.0033969194815602144
Mannheim EB,DNK,DNK,1991,past_vote,1577.2821989166177,1823.8878,TRUE,dk_attachment_and_voted,33.6831,35,0.018467747851594822
Mannheim EB,DNK,DNK,1991,past_vote,1577.2821989166177,1823.8878,TRUE,not_attached_and_no_vote,125.5428,118,0.06883252357957545
Mannheim EB,DNK,DNK,1991,past_vote,1577.2821989166177,1823.8878,TRUE,not_attached_but_voted,504.2355,530,0.2764619073607488
Mannheim EB,DNK,DNK,1991,vote_intention,1369.3641074039867,1587.8545,TRUE,attached_and_no_vote,3.2927,4,0.0020736786651421777
Mannheim EB,DNK,DNK,1991,vote_intention,1369.3641074039867,1587.8545,TRUE,attached_and_voted,1090.249,1072,0.686617697024507
Mannheim EB,DNK,DNK,1991,vote_intention,1369.3641074039867,1587.8545,TRUE,dk_attachment_and_voted,29.1666,28,0.018368559587795985
Mannheim EB,DNK,DNK,1991,vote_intention,1369.3641074039867,1587.8545,TRUE,not_attached_and_no_vote,41.2083,40,0.025952188944264102
Mannheim EB,DNK,DNK,1991,vote_intention,1369.3641074039867,1587.8545,TRUE,not_attached_but_voted,423.9379,443,0.2669878757782908
Mannheim EB,DNK,DNK,1992,past_vote,1616.8647937816236,1848.6521,TRUE,attached_and_no_vote,62.7373,56,0.03393678020867204
Mannheim EB,DNK,DNK,1992,past_vote,1616.8647937816236,1848.6521,TRUE,attached_and_voted,1136.6594,1138,0.6148584690434723
Mannheim EB,DNK,DNK,1992,past_vote,1616.8647937816236,1848.6521,TRUE,dk_attachment_and_no_vote,14.0614,13,0.007606298664848838
Mannheim EB,DNK,DNK,1992,past_vote,1616.8647937816236,1848.6521,TRUE,dk_attachment_and_voted,60.6455,57,0.03280525308142078
Mannheim EB,DNK,DNK,1992,past_vote,1616.8647937816236,1848.6521,TRUE,not_attached_and_no_vote,91.53529999999999,87,0.049514616622565163
Mannheim EB,DNK,DNK,1992,past_vote,1616.8647937816236,1848.6521,TRUE,not_attached_but_voted,483.0132,497,0.2612785823790209
Mannheim EB,DNK,DNK,1992,vote_intention,1418.7386231027008,1624.1956,TRUE,attached_and_no_vote,3.4114,4,0.002100362788816815
Mannheim EB,DNK,DNK,1992,vote_intention,1418.7386231027008,1624.1956,TRUE,attached_and_voted,1114.962,1107,0.6864702748856111
Mannheim EB,DNK,DNK,1992,vote_intention,1418.7386231027008,1624.1956,TRUE,dk_attachment_and_no_vote,1.3911,2,8.564855119666621e-4
Mannheim EB,DNK,DNK,1992,vote_intention,1418.7386231027008,1624.1956,TRUE,dk_attachment_and_voted,55.105199999999996,51,0.03392768703473892
Mannheim EB,DNK,DNK,1992,vote_intention,1418.7386231027008,1624.1956,TRUE,not_attached_and_no_vote,17.1254,19,0.01054392709843568
Mannheim EB,DNK,DNK,1992,vote_intention,1418.7386231027008,1624.1956,TRUE,not_attached_but_voted,432.2005,438,0.26610126268043083
Mannheim EB,DNK,DNK,1993,past_vote,1652.3023007499498,1834.6533,TRUE,attached_and_no_vote,65.8426,53,0.035888306526361144
Mannheim EB,DNK,DNK,1993,past_vote,1652.3023007499498,1834.6533,TRUE,attached_and_voted,1152.3908,1163,0.6281245617359966
Mannheim EB,DNK,DNK,1993,past_vote,1652.3023007499498,1834.6533,TRUE,dk_attachment_and_no_vote,6.8435,6,0.00373013255419975
Mannheim EB,DNK,DNK,1993,past_vote,1652.3023007499498,1834.6533,TRUE,dk_attachment_and_voted,27.5642,25,0.015024201030243697
Mannheim EB,DNK,DNK,1993,past_vote,1652.3023007499498,1834.6533,TRUE,not_attached_and_no_vote,106.5089,96,0.05805396583648802
Mannheim EB,DNK,DNK,1993,past_vote,1652.3023007499498,1834.6533,TRUE,not_attached_but_voted,475.5033,499,0.25917883231671074
Mannheim EB,DNK,DNK,1993,vote_intention,1483.959684092742,1653.2346,TRUE,attached_and_no_vote,5.3685,5,0.0032472705325668843
Mannheim EB,DNK,DNK,1993,vote_intention,1483.959684092742,1653.2346,TRUE,attached_and_voted,1167.8208,1162,0.706385409548046
Mannheim EB,DNK,DNK,1993,vote_intention,1483.959684092742,1653.2346,TRUE,dk_attachment_and_voted,28.1743,25,0.01704192496334156
Mannheim EB,DNK,DNK,1993,vote_intention,1483.959684092742,1653.2346,TRUE,not_attached_and_no_vote,21.47,21,0.012986662630941791
Mannheim EB,DNK,DNK,1993,vote_intention,1483.959684092742,1653.2346,TRUE,not_attached_but_voted,430.401,440,0.2603387323251038
Mannheim EB,DNK,DNK,1994,past_vote,2380.808386643963,2651.6919,TRUE,attached_and_no_vote,79.6896,70,0.030052360155416246
Mannheim EB,DNK,DNK,1994,past_vote,2380.808386643963,2651.6919,TRUE,attached_and_voted,1770.7913,1817,0.6677967753342687
Mannheim EB,DNK,DNK,1994,past_vote,2380.808386643963,2651.6919,TRUE,dk_attachment_and_no_vote,5.868399999999999,4,0.002213077620367585
Mannheim EB,DNK,DNK,1994,past_vote,2380.808386643963,2651.6919,TRUE,dk_attachment_and_voted,21.8437,22,0.008237646311775513
Mannheim EB,DNK,DNK,1994,past_vote,2380.808386643963,2651.6919,TRUE,not_attached_and_no_vote,98.1421,90,0.03701112485956608
Mannheim EB,DNK,DNK,1994,past_vote,2380.808386643963,2651.6919,TRUE,not_attached_but_voted,675.3568,690,0.25468901571860597
Mannheim EB,DNK,DNK,1994,vote_intention,2330.9318794550354,2624.3838,TRUE,attached_and_no_vote,6.5536,8,0.002497195722668308
Mannheim EB,DNK,DNK,1994,vote_intention,2330.9318794550354,2624.3838,TRUE,attached_and_voted,1888.1122,1898,0.7194497237789687
Mannheim EB,DNK,DNK,1994,vote_intention,2330.9318794550354,2624.3838,TRUE,dk_attachment_and_no_vote,2.0474,2,7.801450382371664e-4
Mannheim EB,DNK,DNK,1994,vote_intention,2330.9318794550354,2624.3838,TRUE,dk_attachment_and_voted,21.6512,21,0.008250012822057505
Mannheim EB,DNK,DNK,1994,vote_intention,2330.9318794550354,2624.3838,TRUE,not_attached_and_no_vote,44.4253,47,0.01692789751255133
Mannheim EB,DNK,DNK,1994,vote_intention,2330.9318794550354,2624.3838,TRUE,not_attached_but_voted,661.5941,663,0.25209502512551707
Mannheim EB,ESP,ESP,1985,past_vote,627.5899110357418,750.7147,TRUE,attached_and_voted,295.6994,303,0.39389051526498686
Mannheim EB,ESP,ESP,1985,past_vote,627.5899110357418,750.7147,TRUE,dk_attachment_and_voted,40.6858,41,0.054196088074470905
Mannheim EB,ESP,ESP,1985,past_vote,627.5899110357418,750.7147,TRUE,not_attached_but_voted,414.3295,412,0.5519133966605423
Mannheim EB,ESP,ESP,1985,vote_intention,583.2461253223154,698.2207,TRUE,attached_and_no_vote,15.7531,15,0.02256177738643383
Mannheim EB,ESP,ESP,1985,vote_intention,583.2461253223154,698.2207,TRUE,attached_and_voted,295.1752,303,0.42275343598377996
Mannheim EB,ESP,ESP,1985,vote_intention,583.2461253223154,698.2207,TRUE,dk_attachment_and_no_vote,7.5123,6,0.010759205506224608
Mannheim EB,ESP,ESP,1985,vote_intention,583.2461253223154,698.2207,TRUE,dk_attachment_and_voted,20.698,24,0.029643922043560155
Mannheim EB,ESP,ESP,1985,vote_intention,583.2461253223154,698.2207,TRUE,not_attached_and_no_vote,113.6052,107,0.16270672009580925
Mannheim EB,ESP,ESP,1985,vote_intention,583.2461253223154,698.2207,TRUE,not_attached_but_voted,245.4769,245,0.3515749389841923
Mannheim EB,ESP,ESP,1986,past_vote,1526.4081061618886,1633.7923,TRUE,attached_and_no_vote,84.38589999999999,77,0.051650322993932574
Mannheim EB,ESP,ESP,1986,past_vote,1526.4081061618886,1633.7923,TRUE,attached_and_voted,534.485,526,0.32714378688160056
Mannheim EB,ESP,ESP,1986,past_vote,1526.4081061618886,1633.7923,TRUE,dk_attachment_and_no_vote,74.2484,73,0.04544543391470262
Mannheim EB,ESP,ESP,1986,past_vote,1526.4081061618886,1633.7923,TRUE,dk_attachment_and_voted,56.5955,58,0.03464057212168278
Mannheim EB,ESP,ESP,1986,past_vote,1526.4081061618886,1633.7923,TRUE,not_attached_and_no_vote,331.5511,327,0.20293344508968492
Mannheim EB,ESP,ESP,1986,past_vote,1526.4081061618886,1633.7923,TRUE,not_attached_but_voted,552.5264,565,0.3381864389983965
Mannheim EB,ESP,ESP,1986,vote_intention,1173.720851012012,1262.8864,TRUE,attached_and_no_vote,30.562,28,0.024200118078712383
Mannheim EB,ESP,ESP,1986,vote_intention,1173.720851012012,1262.8864,TRUE,attached_and_voted,530.3207,518,0.419927477245776
Mannheim EB,ESP,ESP,1986,vote_intention,1173.720851012012,1262.8864,TRUE,dk_attachment_and_no_vote,25.9695,26,0.020563607304663348
Mannheim EB,ESP,ESP,1986,vote_intention,1173.720851012012,1262.8864,TRUE,dk_attachment_and_voted,37.7658,37,0.029904352442151564
Mannheim EB,ESP,ESP,1986,vote_intention,1173.720851012012,1262.8864,TRUE,not_attached_and_no_vote,198.0807,201,0.156847599277338
Mannheim EB,ESP,ESP,1986,vote_intention,1173.720851012012,1262.8864,TRUE,not_attached_but_voted,440.1877,440,0.34855684565135864
Mannheim EB,ESP,ESP,1987,past_vote,1269.4716493613826,1362.1172,TRUE,attached_and_no_vote,43.6542,44,0.03204878405470543
Mannheim EB,ESP,ESP,1987,past_vote,1269.4716493613826,1362.1172,TRUE,attached_and_voted,524.9177,518,0.38536896825030914
Mannheim EB,ESP,ESP,1987,past_vote,1269.4716493613826,1362.1172,TRUE,dk_attachment_and_no_vote,19.0782,20,0.014006283747096065
Mannheim EB,ESP,ESP,1987,past_vote,1269.4716493613826,1362.1172,TRUE,dk_attachment_and_voted,58.0914,60,0.042647872003965595
Mannheim EB,ESP,ESP,1987,past_vote,1269.4716493613826,1362.1172,TRUE,not_attached_and_no_vote,175.9792,177,0.12919534383678585
Mannheim EB,ESP,ESP,1987,past_vote,1269.4716493613826,1362.1172,TRUE,not_attached_but_voted,540.3965,544,0.3967327481071379
Mannheim EB,ESP,ESP,1987,vote_intention,1167.573378600582,1243.1387,TRUE,attached_and_no_vote,23.7428,24,0.019099075589875853
Mannheim EB,ESP,ESP,1987,vote_intention,1167.573378600582,1243.1387,TRUE,attached_and_voted,538.4495,532,0.43313710690528734
Mannheim EB,ESP,ESP,1987,vote_intention,1167.573378600582,1243.1387,TRUE,dk_attachment_and_no_vote,17.5638,18,0.014128592408876017
Mannheim EB,ESP,ESP,1987,vote_intention,1167.573378600582,1243.1387,TRUE,dk_attachment_and_voted,51.837,53,0.04169848465018425
Mannheim EB,ESP,ESP,1987,vote_intention,1167.573378600582,1243.1387,TRUE,not_attached_and_no_vote,163.962,168,0.13189356907640312
Mannheim EB,ESP,ESP,1987,vote_intention,1167.573378600582,1243.1387,TRUE,not_attached_but_voted,447.5836,454,0.36004317136937336
Mannheim EB,ESP,ESP,1988,past_vote,1515.840932602608,1647.2858,TRUE,attached_and_no_vote,101.37650000000001,108,0.06154153699376271
Mannheim EB,ESP,ESP,1988,past_vote,1515.840932602608,1647.2858,TRUE,attached_and_voted,573.0721,556,0.34788869059637373
Mannheim EB,ESP,ESP,1988,past_vote,1515.840932602608,1647.2858,TRUE,dk_attachment_and_no_vote,22.2051,21,0.013479810243007012
Mannheim EB,ESP,ESP,1988,past_vote,1515.840932602608,1647.2858,TRUE,dk_attachment_and_voted,52.2955,55,0.03174646439616003
Mannheim EB,ESP,ESP,1988,past_vote,1515.840932602608,1647.2858,TRUE,not_attached_and_no_vote,285.4241,304,0.17326932582069243
Mannheim EB,ESP,ESP,1988,past_vote,1515.840932602608,1647.2858,TRUE,not_attached_but_voted,612.9125,615,0.37207417195000403
Mannheim EB,ESP,ESP,1988,vote_intention,1347.4423906661186,1473.8549,TRUE,attached_and_no_vote,24.0621,25,0.01632596261680848
Mannheim EB,ESP,ESP,1988,vote_intention,1347.4423906661186,1473.8549,TRUE,attached_and_voted,641.7696,632,0.43543607990175964
Mannheim EB,ESP,ESP,1988,vote_intention,1347.4423906661186,1473.8549,TRUE,dk_attachment_and_no_vote,17.986,16,0.012203372258693852
Mannheim EB,ESP,ESP,1988,vote_intention,1347.4423906661186,1473.8549,TRUE,dk_attachment_and_voted,44.1661,47,0.029966382715150588
Mannheim EB,ESP,ESP,1988,vote_intention,1347.4423906661186,1473.8549,TRUE,not_attached_and_no_vote,211.605,219,0.14357247786060892
Mannheim EB,ESP,ESP,1988,vote_intention,1347.4423906661186,1473.8549,TRUE,not_attached_but_voted,534.2661,540,0.3624957246469785
Mannheim EB,ESP,ESP,1989,past_vote,2223.3931354981023,2362.5457,TRUE,attached_and_no_vote,207.5203,201,0.08783758130054373
Mannheim EB,ESP,ESP,1989,past_vote,2223.3931354981023,2362.5457,TRUE,attached_and_voted,917.9552,918,0.3885449496278527
Mannheim EB,ESP,ESP,1989,past_vote,2223.3931354981023,2362.5457,TRUE,dk_attachment_and_no_vote,37.1192,35,0.015711526765387014
Mannheim EB,ESP,ESP,1989,past_vote,2223.3931354981023,2362.5457,TRUE,dk_attachment_and_voted,31.5121,30,0.013338197013501156
Mannheim EB,ESP,ESP,1989,past_vote,2223.3931354981023,2362.5457,TRUE,not_attached_and_no_vote,478.8317,478,0.20267616410552397
Mannheim EB,ESP,ESP,1989,past_vote,2223.3931354981023,2362.5457,TRUE,not_attached_but_voted,689.6072,684,0.29189158118719144
Mannheim EB,ESP,ESP,1989,vote_intention,2530.432628008179,2671.4416,TRUE,attached_and_no_vote,21.4942,22,0.008045917979266326
Mannheim EB,ESP,ESP,1989,vote_intention,2530.432628008179,2671.4416,TRUE,attached_and_voted,1393.2358,1386,0.5215295741445367
Mannheim EB,ESP,ESP,1989,vote_intention,2530.432628008179,2671.4416,TRUE,dk_attachment_and_no_vote,14.9601,16,0.005600010121875769
Mannheim EB,ESP,ESP,1989,vote_intention,2530.432628008179,2671.4416,TRUE,dk_attachment_and_voted,42.3116,39,0.015838489600521307
Mannheim EB,ESP,ESP,1989,vote_intention,2530.432628008179,2671.4416,TRUE,not_attached_and_no_vote,233.3152,234,0.08733681469959889
Mannheim EB,ESP,ESP,1989,vote_intention,2530.432628008179,2671.4416,TRUE,not_attached_but_voted,966.1247,964,0.3616491934542009
Mannheim EB,ESP,ESP,1990,past_vote,1618.8494804716954,1726.2274,TRUE,attached_and_no_vote,127.2487,138,0.0737149114884864
Mannheim EB,ESP,ESP,1990,past_vote,1618.8494804716954,1726.2274,TRUE,attached_and_voted,685.3083,665,0.3969976956686008
Mannheim EB,ESP,ESP,1990,past_vote,1618.8494804716954,1726.2274,TRUE,dk_attachment_and_no_vote,7.944,9,0.004601942942163935
Mannheim EB,ESP,ESP,1990,past_vote,1618.8494804716954,1726.2274,TRUE,dk_attachment_and_voted,8.6931,8,0.005035895039089288
Mannheim EB,ESP,ESP,1990,past_vote,1618.8494804716954,1726.2274,TRUE,not_attached_and_no_vote,371.1889,401,0.2150289701113538
Mannheim EB,ESP,ESP,1990,past_vote,1618.8494804716954,1726.2274,TRUE,not_attached_but_voted,525.8444,515,0.30462058475030573
Mannheim EB,ESP,ESP,1990,vote_intention,1458.084288516091,1560.0475,TRUE,attached_and_no_vote,24.1032,25,0.015450298788979184
Mannheim EB,ESP,ESP,1990,vote_intention,1458.084288516091,1560.0475,TRUE,attached_and_voted,760.1996,749,0.48729259846254686
Mannheim EB,ESP,ESP,1990,vote_intention,1458.084288516091,1560.0475,TRUE,dk_attachment_and_no_vote,4.4152000000000005,4,0.0028301702352011722
Mannheim EB,ESP,ESP,1990,vote_intention,1458.084288516091,1560.0475,TRUE,dk_attachment_and_voted,12.1978,12,0.007818864489703039
Mannheim EB,ESP,ESP,1990,vote_intention,1458.084288516091,1560.0475,TRUE,not_attached_and_no_vote,206.3393,216,0.13226475475906985
Mannheim EB,ESP,ESP,1990,vote_intention,1458.084288516091,1560.0475,TRUE,not_attached_but_voted,552.7924,560,0.3543433132645
Mannheim EB,ESP,ESP,1991,past_vote,1498.7004965749945,1648.7961,TRUE,attached_and_no_vote,94.1634,96,0.057110397095189634
Mannheim EB,ESP,ESP,1991,past_vote,1498.7004965749945,1648.7961,TRUE,attached_and_voted,633.1917,620,0.3840327497135637
Mannheim EB,ESP,ESP,1991,past_vote,1498.7004965749945,1648.7961,TRUE,dk_attachment_and_no_vote,14.3272,12,0.00868949168426587
Mannheim EB,ESP,ESP,1991,past_vote,1498.7004965749945,1648.7961,TRUE,dk_attachment_and_voted,12.0417,13,0.007303328774249284
Mannheim EB,ESP,ESP,1991,past_vote,1498.7004965749945,1648.7961,TRUE,not_attached_and_no_vote,372.3826,393,0.22585121350056567
Mannheim EB,ESP,ESP,1991,past_vote,1498.7004965749945,1648.7961,TRUE,not_attached_but_voted,522.6895,520,0.3170128192321658
Mannheim EB,ESP,ESP,1991,vote_intention,1320.8296158466464,1457.2714,TRUE,attached_and_no_vote,23.0817,23,0.01583898510600016
Mannheim EB,ESP,ESP,1991,vote_intention,1320.8296158466464,1457.2714,TRUE,attached_and_voted,674.8222,659,0.46307242425810313
Mannheim EB,ESP,ESP,1991,vote_intention,1320.8296158466464,1457.2714,TRUE,dk_attachment_and_no_vote,9.5956,10,0.006584634818195155
Mannheim EB,ESP,ESP,1991,vote_intention,1320.8296158466464,1457.2714,TRUE,dk_attachment_and_voted,11.0975,12,0.007615259587198376
Mannheim EB,ESP,ESP,1991,vote_intention,1320.8296158466464,1457.2714,TRUE,not_attached_and_no_vote,220.1418,236,0.15106437963443184
Mannheim EB,ESP,ESP,1991,vote_intention,1320.8296158466464,1457.2714,TRUE,not_attached_but_voted,518.5326,520,0.3558243165960712
Mannheim EB,ESP,ESP,1992,past_vote,1621.132640549362,1715.7407,TRUE,attached_and_no_vote,102.6585,107,0.059833341949631434
Mannheim EB,ESP,ESP,1992,past_vote,1621.132640549362,1715.7407,TRUE,attached_and_voted,627.822,614,0.3659189293580318
Mannheim EB,ESP,ESP,1992,past_vote,1621.132640549362,1715.7407,TRUE,dk_attachment_and_no_vote,42.4873,46,0.024763240739116347
Mannheim EB,ESP,ESP,1992,past_vote,1621.132640549362,1715.7407,TRUE,dk_attachment_and_voted,46.9089,49,0.02734032013112471
Mannheim EB,ESP,ESP,1992,past_vote,1621.132640549362,1715.7407,TRUE,not_attached_and_no_vote,336.4209,354,0.19607910449405322
Mannheim EB,ESP,ESP,1992,past_vote,1621.132640549362,1715.7407,TRUE,not_attached_but_voted,559.4431,558,0.32606506332804247
Mannheim EB,ESP,ESP,1992,vote_intention,1433.0314248438162,1522.9793,TRUE,attached_and_no_vote,20.4539,21,0.01343018910368644
Mannheim EB,ESP,ESP,1992,vote_intention,1433.0314248438162,1522.9793,TRUE,attached_and_voted,669.3221,662,0.4394820730656024
Mannheim EB,ESP,ESP,1992,vote_intention,1433.0314248438162,1522.9793,TRUE,dk_attachment_and_no_vote,11.5577,12,0.007588875305133826
Mannheim EB,ESP,ESP,1992,vote_intention,1433.0314248438162,1522.9793,TRUE,dk_attachment_and_voted,54.453,58,0.03575426140066382
Mannheim EB,ESP,ESP,1992,vote_intention,1433.0314248438162,1522.9793,TRUE,not_attached_and_no_vote,238.9886,245,0.15692176512182404
Mannheim EB,ESP,ESP,1992,vote_intention,1433.0314248438162,1522.9793,TRUE,not_attached_but_voted,528.204,531,0.34682283600308944
Mannheim EB,ESP,ESP,1993,past_vote,1522.8900767102252,1669.2508,TRUE,attached_and_no_vote,110.74380000000001,106,0.0663434158605765
Mannheim EB,ESP,ESP,1993,past_vote,1522.8900767102252,1669.2508,TRUE,attached_and_voted,673.855,679,0.4036870912387761
Mannheim EB,ESP,ESP,1993,past_vote,1522.8900767102252,1669.2508,TRUE,dk_attachment_and_no_vote,29.5447,30,0.01769937746922152
Mannheim EB,ESP,ESP,1993,past_vote,1522.8900767102252,1669.2508,TRUE,dk_attachment_and_voted,33.6213,34,0.020141550928116973
Mannheim EB,ESP,ESP,1993,past_vote,1522.8900767102252,1669.2508,TRUE,not_attached_and_no_vote,313.9263,330,0.1880641902343255
Mannheim EB,ESP,ESP,1993,past_vote,1522.8900767102252,1669.2508,TRUE,not_attached_but_voted,507.5597,508,0.3040643742689834
Mannheim EB,ESP,ESP,1993,vote_intention,1381.4923681493992,1516.9927,TRUE,attached_and_no_vote,28.275100000000002,24,0.018638916324383106
Mannheim EB,ESP,ESP,1993,vote_intention,1381.4923681493992,1516.9927,TRUE,attached_and_voted,744.1077,746,0.49051501698063543
Mannheim EB,ESP,ESP,1993,vote_intention,1381.4923681493992,1516.9927,TRUE,dk_attachment_and_no_vote,17.5145,17,0.01154554006752966
Mannheim EB,ESP,ESP,1993,vote_intention,1381.4923681493992,1516.9927,TRUE,dk_attachment_and_voted,39.0683,40,0.025753782467114048
Mannheim EB,ESP,ESP,1993,vote_intention,1381.4923681493992,1516.9927,TRUE,not_attached_and_no_vote,185.9663,195,0.12258879030861519
Mannheim EB,ESP,ESP,1993,vote_intention,1381.4923681493992,1516.9927,TRUE,not_attached_but_voted,502.0608,509,0.33095795385172255
Mannheim EB,ESP,ESP,1994,past_vote,1875.8462161716004,2083.4868,TRUE,attached_and_no_vote,39.3027,43,0.018863906409198272
Mannheim EB,ESP,ESP,1994,past_vote,1875.8462161716004,2083.4868,TRUE,attached_and_voted,1230.9157,1221,0.5907960156023067
Mannheim EB,ESP,ESP,1994,past_vote,1875.8462161716004,2083.4868,TRUE,dk_attachment_and_no_vote,8.3683,8,0.004016488129418434
Mannheim EB,ESP,ESP,1994,past_vote,1875.8462161716004,2083.4868,TRUE,dk_attachment_and_voted,37.1226,36,0.01781753548906573
Mannheim EB,ESP,ESP,1994,past_vote,1875.8462161716004,2083.4868,TRUE,not_attached_and_no_vote,129.6397,135,0.0622224724437899
Mannheim EB,ESP,ESP,1994,past_vote,1875.8462161716004,2083.4868,TRUE,not_attached_but_voted,638.1378,645,0.30628358192622096
Mannheim EB,ESP,ESP,1994,vote_intention,2039.6778484743943,2265.3536,TRUE,attached_and_no_vote,27.8411,31,0.012289957735516435
Mannheim EB,ESP,ESP,1994,vote_intention,2039.6778484743943,2265.3536,TRUE,attached_and_voted,1334.2991,1323,0.5890025733730928
Mannheim EB,ESP,ESP,1994,vote_intention,2039.6778484743943,2265.3536,TRUE,dk_attachment_and_no_vote,15.2797,14,0.006744951428333308
Mannheim EB,ESP,ESP,1994,vote_intention,2039.6778484743943,2265.3536,TRUE,dk_attachment_and_voted,34.2457,31,0.015117154337406753
Mannheim EB,ESP,ESP,1994,vote_intention,2039.6778484743943,2265.3536,TRUE,not_attached_and_no_vote,214.149,217,0.0945322619832948
Mannheim EB,ESP,ESP,1994,vote_intention,2039.6778484743943,2265.3536,TRUE,not_attached_but_voted,639.539,650,0.28231310114235586
Mannheim EB,FRA,FRA,1975,vote_intention,819.531281247725,892.01,FALSE,attached_and_voted,638.5691,637,0.7158766157330075
Mannheim EB,FRA,FRA,1975,vote_intention,819.531281247725,892.01,FALSE,dk_attachment_and_voted,15.5557,15,0.01743893005683793
Mannheim EB,FRA,FRA,1975,vote_intention,819.531281247725,892.01,FALSE,not_attached_but_voted,237.8852,247,0.2666844542101546
Mannheim EB,FRA,FRA,1976,vote_intention,1804.5245343770043,2000.508,FALSE,attached_and_voted,1447.0414,1455,0.7233369724090082
Mannheim EB,FRA,FRA,1976,vote_intention,1804.5245343770043,2000.508,FALSE,dk_attachment_and_voted,37.750099999999996,38,0.018870256954733496
Mannheim EB,FRA,FRA,1976,vote_intention,1804.5245343770043,2000.508,FALSE,not_attached_but_voted,515.7165,507,0.2577927706362584
Mannheim EB,FRA,FRA,1977,vote_intention,1595.6227900349834,1852.1307,FALSE,attached_and_voted,1386.4275,1409,0.7485581336133568
Mannheim EB,FRA,FRA,1977,vote_intention,1595.6227900349834,1852.1307,FALSE,dk_attachment_and_voted,25.2519,18,0.01363397302361005
Mannheim EB,FRA,FRA,1977,vote_intention,1595.6227900349834,1852.1307,FALSE,not_attached_but_voted,440.4513,451,0.23780789336303318
Mannheim EB,FRA,FRA,1978,vote_intention,1453.1178328578906,1720.0078,FALSE,attached_and_voted,1309.9391,1336,0.761589046282232
Mannheim EB,FRA,FRA,1978,vote_intention,1453.1178328578906,1720.0078,FALSE,dk_attachment_and_voted,21.29,21,0.01237785084462989
Mannheim EB,FRA,FRA,1978,vote_intention,1453.1178328578906,1720.0078,FALSE,not_attached_but_voted,388.7787,386,0.22603310287313813
Mannheim EB,FRA,FRA,1979,past_vote,696.5615580998035,1010.0012,TRUE,attached_and_no_vote,161.9429,172,0.16033931444833927
Mannheim EB,FRA,FRA,1979,past_vote,696.5615580998035,1010.0012,TRUE,attached_and_voted,566.2368,562,0.5606298289546586
Mannheim EB,FRA,FRA,1979,past_vote,696.5615580998035,1010.0012,TRUE,dk_attachment_and_no_vote,21.465700000000002,18,0.021253143065572595
Mannheim EB,FRA,FRA,1979,past_vote,696.5615580998035,1010.0012,TRUE,dk_attachment_and_voted,14.7087,15,0.014563052004294648
Mannheim EB,FRA,FRA,1979,past_vote,696.5615580998035,1010.0012,TRUE,not_attached_and_no_vote,143.3262,136,0.14190696011054243
Mannheim EB,FRA,FRA,1979,past_vote,696.5615580998035,1010.0012,TRUE,not_attached_but_voted,102.3209,107,0.10130770141659237
Mannheim EB,FRA,FRA,1979,vote_intention,1168.9219635934833,1568.1986,FALSE,attached_and_voted,1212.0725,1233,0.7729075258707666
Mannheim EB,FRA,FRA,1979,vote_intention,1168.9219635934833,1568.1986,FALSE,dk_attachment_and_voted,32.115899999999996,30,0.020479485187654165
Mannheim EB,FRA,FRA,1979,vote_intention,1168.9219635934833,1568.1986,FALSE,not_attached_but_voted,324.0102,334,0.20661298894157923
Mannheim EB,FRA,FRA,1980,vote_intention,539.9977535609116,690.2455,TRUE,attached_and_voted,472.576,464,0.6846491574374625
Mannheim EB,FRA,FRA,1980,vote_intention,539.9977535609116,690.2455,TRUE,dk_attachment_and_voted,2.4223,3,0.0035093311003114107
Mannheim EB,FRA,FRA,1980,vote_intention,539.9977535609116,690.2455,TRUE,not_attached_but_voted,215.2472,221,0.3118415114622261
Mannheim EB,FRA,FRA,1981,vote_intention,1269.3876355136163,1555.1379,TRUE,attached_and_voted,1156.0192,1173,0.7433547854502164
Mannheim EB,FRA,FRA,1981,vote_intention,1269.3876355136163,1555.1379,TRUE,dk_attachment_and_voted,27.9676,32,0.017984000004115392
Mannheim EB,FRA,FRA,1981,vote_intention,1269.3876355136163,1555.1379,TRUE,not_attached_but_voted,371.1511,362,0.23866121454566827
Mannheim EB,FRA,FRA,1982,vote_intention,1123.783965520594,1390.5317,TRUE,attached_and_voted,950.0546,975,0.6832311697748423
Mannheim EB,FRA,FRA,1982,vote_intention,1123.783965520594,1390.5317,TRUE,dk_attachment_and_voted,20.0779,19,0.014439009193389838
Mannheim EB,FRA,FRA,1982,vote_intention,1123.783965520594,1390.5317,TRUE,not_attached_but_voted,420.3992,417,0.3023298210317679
Mannheim EB,FRA,FRA,1983,vote_intention,1329.9407164349707,1633.8227,TRUE,attached_and_voted,1056.0074,1055,0.6463414910320441
Mannheim EB,FRA,FRA,1983,vote_intention,1329.9407164349707,1633.8227,TRUE,dk_attachment_and_voted,15.289100000000001,14,0.009357869737028382
Mannheim EB,FRA,FRA,1983,vote_intention,1329.9407164349707,1633.8227,TRUE,not_attached_but_voted,562.5262,578,0.3443006392309276
Mannheim EB,FRA,FRA,1984,vote_intention,1285.5335825580528,1573.0339,TRUE,attached_and_voted,1039.9198,1041,0.6610917921095025
Mannheim EB,FRA,FRA,1984,vote_intention,1285.5335825580528,1573.0339,TRUE,dk_attachment_and_voted,10.5388,13,0.006699664895969503
Mannheim EB,FRA,FRA,1984,vote_intention,1285.5335825580528,1573.0339,TRUE,not_attached_but_voted,522.5753,526,0.33220854299452796
Mannheim EB,FRA,FRA,1985,vote_intention,1351.8451625098694,1606.9024,TRUE,attached_and_voted,1015.4401,1001,0.6319239426115737
Mannheim EB,FRA,FRA,1985,vote_intention,1351.8451625098694,1606.9024,TRUE,dk_attachment_and_voted,19.8395,21,0.012346425022453138
Mannheim EB,FRA,FRA,1985,vote_intention,1351.8451625098694,1606.9024,TRUE,not_attached_but_voted,571.6228,588,0.3557296323659732
Mannheim EB,FRA,FRA,1986,vote_intention,1348.6420072333808,1551.6374,TRUE,attached_and_voted,1038.8259,1044,0.6695030037301241
Mannheim EB,FRA,FRA,1986,vote_intention,1348.6420072333808,1551.6374,TRUE,dk_attachment_and_voted,12.6949,15,0.008181615111881166
Mannheim EB,FRA,FRA,1986,vote_intention,1348.6420072333808,1551.6374,TRUE,not_attached_but_voted,500.1166,502,0.32231538115799474
Mannheim EB,FRA,FRA,1987,vote_intention,1319.4901924796984,1606.3878,TRUE,attached_and_voted,1011.8145,1001,0.6298693877032682
Mannheim EB,FRA,FRA,1987,vote_intention,1319.4901924796984,1606.3878,TRUE,dk_attachment_and_voted,10.2951,11,0.006408850963634061
Mannheim EB,FRA,FRA,1987,vote_intention,1319.4901924796984,1606.3878,TRUE,not_attached_but_voted,584.2782,583,0.36372176133309775
Mannheim EB,FRA,FRA,1988,past_vote,690.0203806374041,797.7967,TRUE,attached_and_no_vote,44.702,41,0.05603181863249121
Mannheim EB,FRA,FRA,1988,past_vote,690.0203806374041,797.7967,TRUE,attached_and_voted,539.8501,537,0.6766762760487728
Mannheim EB,FRA,FRA,1988,past_vote,690.0203806374041,797.7967,TRUE,dk_attachment_and_no_vote,0.9959,1,0.001248313010068856
Mannheim EB,FRA,FRA,1988,past_vote,690.0203806374041,797.7967,TRUE,dk_attachment_and_voted,4.2343,4,0.005307492497775436
Mannheim EB,FRA,FRA,1988,past_vote,690.0203806374041,797.7967,TRUE,not_attached_and_no_vote,62.7976,63,0.07871378761030223
Mannheim EB,FRA,FRA,1988,past_vote,690.0203806374041,797.7967,TRUE,not_attached_but_voted,145.2168,149,0.18202231220058945
Mannheim EB,FRA,FRA,1988,vote_intention,1394.2437041046821,1640.8965,TRUE,attached_and_no_vote,15.9954,17,0.009747963994072751
Mannheim EB,FRA,FRA,1988,vote_intention,1394.2437041046821,1640.8965,TRUE,attached_and_voted,1128.5442,1127,0.6877607454217862
Mannheim EB,FRA,FRA,1988,vote_intention,1394.2437041046821,1640.8965,TRUE,dk_attachment_and_no_vote,1.9222000000000001,2,0.0011714328112711558
Mannheim EB,FRA,FRA,1988,vote_intention,1394.2437041046821,1640.8965,TRUE,dk_attachment_and_voted,8.9105,10,0.005430263273765287
Mannheim EB,FRA,FRA,1988,vote_intention,1394.2437041046821,1640.8965,TRUE,not_attached_and_no_vote,43.2637,43,0.02636589205961497
Mannheim EB,FRA,FRA,1988,vote_intention,1394.2437041046821,1640.8965,TRUE,not_attached_but_voted,442.2605,438,0.2695237024394896
Mannheim EB,FRA,FRA,1989,past_vote,2078.9211104459155,2438.3683,TRUE,attached_and_no_vote,212.0962,215,0.08698284012304458
Mannheim EB,FRA,FRA,1989,past_vote,2078.9211104459155,2438.3683,TRUE,attached_and_voted,1421.0478,1390,0.5827863657840368
Mannheim EB,FRA,FRA,1989,past_vote,2078.9211104459155,2438.3683,TRUE,dk_attachment_and_no_vote,22.9696,23,0.00942006997056187
Mannheim EB,FRA,FRA,1989,past_vote,2078.9211104459155,2438.3683,TRUE,dk_attachment_and_voted,29.6167,30,0.01214611426829983
Mannheim EB,FRA,FRA,1989,past_vote,2078.9211104459155,2438.3683,TRUE,not_attached_and_no_vote,238.8688,249,0.09796255963465404
Mannheim EB,FRA,FRA,1989,past_vote,2078.9211104459155,2438.3683,TRUE,not_attached_but_voted,513.7692,530,0.21070205021940283
Mannheim EB,FRA,FRA,1989,vote_intention,2856.2150401950526,3300.6925,TRUE,attached_and_no_vote,65.2649,65,0.019773093070620786
Mannheim EB,FRA,FRA,1989,vote_intention,2856.2150401950526,3300.6925,TRUE,attached_and_voted,2079.7983,2056,0.6301096815289519
Mannheim EB,FRA,FRA,1989,vote_intention,2856.2150401950526,3300.6925,TRUE,dk_attachment_and_no_vote,17.6203,17,0.00533836460076181
Mannheim EB,FRA,FRA,1989,vote_intention,2856.2150401950526,3300.6925,TRUE,dk_attachment_and_voted,51.0571,50,0.01546860242206749
Mannheim EB,FRA,FRA,1989,vote_intention,2856.2150401950526,3300.6925,TRUE,not_attached_and_no_vote,195.0272,195,0.05908675224971729
Mannheim EB,FRA,FRA,1989,vote_intention,2856.2150401950526,3300.6925,TRUE,not_attached_but_voted,891.9247,927,0.27022350612788076
Mannheim EB,FRA,FRA,1990,past_vote,1568.2810210348853,1705.0538,TRUE,attached_and_no_vote,126.6856,131,0.07430006020924383
Mannheim EB,FRA,FRA,1990,past_vote,1568.2810210348853,1705.0538,TRUE,attached_and_voted,829.0512,841,0.4862316954456217
Mannheim EB,FRA,FRA,1990,past_vote,1568.2810210348853,1705.0538,TRUE,dk_attachment_and_no_vote,21.425,23,0.01256558590702534
Mannheim EB,FRA,FRA,1990,past_vote,1568.2810210348853,1705.0538,TRUE,dk_attachment_and_voted,41.4218,44,0.02429354428581667
Mannheim EB,FRA,FRA,1990,past_vote,1568.2810210348853,1705.0538,TRUE,not_attached_and_no_vote,219.3792,226,0.12866409259344191
Mannheim EB,FRA,FRA,1990,past_vote,1568.2810210348853,1705.0538,TRUE,not_attached_but_voted,467.091,456,0.27394502155885053
Mannheim EB,FRA,FRA,1990,vote_intention,1428.5673138545715,1545.8838,TRUE,attached_and_no_vote,28.0383,27,0.01813739169787535
Mannheim EB,FRA,FRA,1990,vote_intention,1428.5673138545715,1545.8838,TRUE,attached_and_voted,885.3316,900,0.5727025537106993
Mannheim EB,FRA,FRA,1990,vote_intention,1428.5673138545715,1545.8838,TRUE,dk_attachment_and_no_vote,4.275200000000001,5,0.002765537746110025
Mannheim EB,FRA,FRA,1990,vote_intention,1428.5673138545715,1545.8838,TRUE,dk_attachment_and_voted,36.9591,39,0.023908071227604556
Mannheim EB,FRA,FRA,1990,vote_intention,1428.5673138545715,1545.8838,TRUE,not_attached_and_no_vote,101.15690000000001,100,0.06543628958399073
Mannheim EB,FRA,FRA,1990,vote_intention,1428.5673138545715,1545.8838,TRUE,not_attached_but_voted,490.1227,495,0.31705015603372
Mannheim EB,FRA,FRA,1991,past_vote,1476.9073147321435,1617.9498,TRUE,attached_and_no_vote,96.2655,102,0.059498446737964304
Mannheim EB,FRA,FRA,1991,past_vote,1476.9073147321435,1617.9498,TRUE,attached_and_voted,719.8441,718,0.44491126980577517
Mannheim EB,FRA,FRA,1991,past_vote,1476.9073147321435,1617.9498,TRUE,dk_attachment_and_no_vote,34.2236,37,0.021152448611199182
Mannheim EB,FRA,FRA,1991,past_vote,1476.9073147321435,1617.9498,TRUE,dk_attachment_and_voted,26.9727,26,0.016670912781101117
Mannheim EB,FRA,FRA,1991,past_vote,1476.9073147321435,1617.9498,TRUE,not_attached_and_no_vote,262.2494,272,0.16208747638523763
Mannheim EB,FRA,FRA,1991,past_vote,1476.9073147321435,1617.9498,TRUE,not_attached_but_voted,478.3945,470,0.2956794456787225
Mannheim EB,FRA,FRA,1991,vote_intention,1432.034401076111,1565.2096,TRUE,attached_and_no_vote,28.8774,30,0.018449541837719373
Mannheim EB,FRA,FRA,1991,vote_intention,1432.034401076111,1565.2096,TRUE,attached_and_voted,797.1457,807,0.509290065688327
Mannheim EB,FRA,FRA,1991,vote_intention,1432.034401076111,1565.2096,TRUE,dk_attachment_and_no_vote,13.7667,14,0.008795435448389788
Mannheim EB,FRA,FRA,1991,vote_intention,1432.034401076111,1565.2096,TRUE,dk_attachment_and_voted,33.6659,33,0.021508876510851968
Mannheim EB,FRA,FRA,1991,vote_intention,1432.034401076111,1565.2096,TRUE,not_attached_and_no_vote,155.8403,156,0.09956513172421126
Mannheim EB,FRA,FRA,1991,vote_intention,1432.034401076111,1565.2096,TRUE,not_attached_but_voted,535.9136,535,0.34239094879050064
Mannheim EB,FRA,FRA,1992,past_vote,1395.2755859050906,1565.9305,TRUE,attached_and_no_vote,122.4833,132,0.07821758373056786
Mannheim EB,FRA,FRA,1992,past_vote,1395.2755859050906,1565.9305,TRUE,attached_and_voted,780.2549,773,0.4982691760585799
Mannheim EB,FRA,FRA,1992,past_vote,1395.2755859050906,1565.9305,TRUE,dk_attachment_and_no_vote,29.462,33,0.018814372668518813
Mannheim EB,FRA,FRA,1992,past_vote,1395.2755859050906,1565.9305,TRUE,dk_attachment_and_voted,25.6468,30,0.01637799378708059
Mannheim EB,FRA,FRA,1992,past_vote,1395.2755859050906,1565.9305,TRUE,not_attached_and_no_vote,222.69910000000002,229,0.14221518771107658
Mannheim EB,FRA,FRA,1992,past_vote,1395.2755859050906,1565.9305,TRUE,not_attached_but_voted,385.3844,386,0.24610568604417632
Mannheim EB,FRA,FRA,1992,vote_intention,1401.9942695466896,1587.5539,TRUE,attached_and_no_vote,12.2289,13,0.007702982557001686
Mannheim EB,FRA,FRA,1992,vote_intention,1401.9942695466896,1587.5539,TRUE,attached_and_voted,912.6706,914,0.5748910950362063
Mannheim EB,FRA,FRA,1992,vote_intention,1401.9942695466896,1587.5539,TRUE,dk_attachment_and_no_vote,7.0613,8,0.0044479119732564664
Mannheim EB,FRA,FRA,1992,vote_intention,1401.9942695466896,1587.5539,TRUE,dk_attachment_and_voted,41.0426,46,0.0258527285278314
Mannheim EB,FRA,FRA,1992,vote_intention,1401.9942695466896,1587.5539,TRUE,not_attached_and_no_vote,107.6831,101,0.06782957101488019
Mannheim EB,FRA,FRA,1992,vote_intention,1401.9942695466896,1587.5539,TRUE,not_attached_but_voted,506.8674,510,0.3192757108908239
Mannheim EB,FRA,FRA,1993,past_vote,1467.2400956035074,1585.5931,TRUE,attached_and_no_vote,133.9988,137,0.08451020630702794
Mannheim EB,FRA,FRA,1993,past_vote,1467.2400956035074,1585.5931,TRUE,attached_and_voted,849.5907,863,0.5358188680311486
Mannheim EB,FRA,FRA,1993,past_vote,1467.2400956035074,1585.5931,TRUE,dk_attachment_and_no_vote,21.593,19,0.013618247960337365
Mannheim EB,FRA,FRA,1993,past_vote,1467.2400956035074,1585.5931,TRUE,dk_attachment_and_voted,26.6218,28,0.01678980565694944
Mannheim EB,FRA,FRA,1993,past_vote,1467.2400956035074,1585.5931,TRUE,not_attached_and_no_vote,193.5711,197,0.12208119472770157
Mannheim EB,FRA,FRA,1993,past_vote,1467.2400956035074,1585.5931,TRUE,not_attached_but_voted,360.2177,374,0.22718167731683492
Mannheim EB,FRA,FRA,1993,vote_intention,1459.3782706106658,1565.0685,TRUE,attached_and_no_vote,18.005499999999998,19,0.011504608264750072
Mannheim EB,FRA,FRA,1993,vote_intention,1459.3782706106658,1565.0685,TRUE,attached_and_voted,985.8537,1008,0.6299108952739129
Mannheim EB,FRA,FRA,1993,vote_intention,1459.3782706106658,1565.0685,TRUE,dk_attachment_and_no_vote,9.8238,7,0.006276913758087904
Mannheim EB,FRA,FRA,1993,vote_intention,1459.3782706106658,1565.0685,TRUE,dk_attachment_and_voted,25.106099999999998,27,0.016041534284282122
Mannheim EB,FRA,FRA,1993,vote_intention,1459.3782706106658,1565.0685,TRUE,not_attached_and_no_vote,103.9323,112,0.06640750868092994
Mannheim EB,FRA,FRA,1993,vote_intention,1459.3782706106658,1565.0685,TRUE,not_attached_but_voted,422.3471,434,0.26985853973803703
Mannheim EB,FRA,FRA,1994,past_vote,2337.4688608334714,2532.8664,TRUE,attached_and_no_vote,203.0647,226,0.08017189536724084
Mannheim EB,FRA,FRA,1994,past_vote,2337.4688608334714,2532.8664,TRUE,attached_and_voted,1298.3921,1292,0.5126176809009745
Mannheim EB,FRA,FRA,1994,past_vote,2337.4688608334714,2532.8664,TRUE,dk_attachment_and_no_vote,39.4079,42,0.015558617698904292
Mannheim EB,FRA,FRA,1994,past_vote,2337.4688608334714,2532.8664,TRUE,dk_attachment_and_voted,36.2315,35,0.014304544448139863
Mannheim EB,FRA,FRA,1994,past_vote,2337.4688608334714,2532.8664,TRUE,not_attached_and_no_vote,395.4626,413,0.156132435567861
Mannheim EB,FRA,FRA,1994,past_vote,2337.4688608334714,2532.8664,TRUE,not_attached_but_voted,560.3076,558,0.22121482601687953
Mannheim EB,FRA,FRA,1994,vote_intention,2218.606994002032,2415.504,TRUE,attached_and_no_vote,18.7334,20,0.007755482913710762
Mannheim EB,FRA,FRA,1994,vote_intention,2218.606994002032,2415.504,TRUE,attached_and_voted,1481.9349,1498,0.6135096029648471
Mannheim EB,FRA,FRA,1994,vote_intention,2218.606994002032,2415.504,TRUE,dk_attachment_and_no_vote,9.6465,11,0.003993576495836894
Mannheim EB,FRA,FRA,1994,vote_intention,2218.606994002032,2415.504,TRUE,dk_attachment_and_voted,56.8217,57,0.02352374494101438
Mannheim EB,FRA,FRA,1994,vote_intention,2218.606994002032,2415.504,TRUE,not_attached_and_no_vote,133.4803,137,0.055259813272923584
Mannheim EB,FRA,FRA,1994,vote_intention,2218.606994002032,2415.504,TRUE,not_attached_but_voted,714.8872,722,0.2959577794116673
Mannheim EB,GBR-GB,GBR,1975,vote_intention,696.5788234626392,1072.0638,FALSE,attached_and_voted,719.7388,586,0.6713581784964664
Mannheim EB,GBR-GB,GBR,1975,vote_intention,696.5788234626392,1072.0638,FALSE,dk_attachment_and_voted,46.2452,35,0.043136611832243564
Mannheim EB,GBR-GB,GBR,1975,vote_intention,696.5788234626392,1072.0638,FALSE,not_attached_but_voted,306.0798,237,0.2855052096712901
Mannheim EB,GBR-GB,GBR,1976,vote_intention,1239.9579566460507,2054.1036,FALSE,attached_and_voted,1498.8634,1186,0.7296922122136391
Mannheim EB,GBR-GB,GBR,1976,vote_intention,1239.9579566460507,2054.1036,FALSE,dk_attachment_and_voted,29.0379,22,0.014136531380403598
Mannheim EB,GBR-GB,GBR,1976,vote_intention,1239.9579566460507,2054.1036,FALSE,not_attached_but_voted,526.2023,420,0.25617125640595734
Mannheim EB,GBR-GB,GBR,1977,vote_intention,1376.4706602735168,2170.7281,FALSE,attached_and_no_vote,2.0303,2,9.353082958662581e-4
Mannheim EB,GBR-GB,GBR,1977,vote_intention,1376.4706602735168,2170.7281,FALSE,attached_and_voted,1510.7554,1217,0.6959671273431252
Mannheim EB,GBR-GB,GBR,1977,vote_intention,1376.4706602735168,2170.7281,FALSE,dk_attachment_and_no_vote,2.8061,2,0.0012926999010147793
Mannheim EB,GBR-GB,GBR,1977,vote_intention,1376.4706602735168,2170.7281,FALSE,dk_attachment_and_voted,16.7747,12,0.007727683628364142
Mannheim EB,GBR-GB,GBR,1977,vote_intention,1376.4706602735168,2170.7281,FALSE,not_attached_and_no_vote,62.8742,41,0.02896456723437634
Mannheim EB,GBR-GB,GBR,1977,vote_intention,1376.4706602735168,2170.7281,FALSE,not_attached_but_voted,575.4874,483,0.2651126135972534
Mannheim EB,GBR-GB,GBR,1978,vote_intention,1233.0149671247577,2274.9681,FALSE,attached_and_voted,1572.8316,1236,0.6913642437447804
Mannheim EB,GBR-GB,GBR,1978,vote_intention,1233.0149671247577,2274.9681,FALSE,dk_attachment_and_voted,28.9591,20,0.01272945321738797
Mannheim EB,GBR-GB,GBR,1978,vote_intention,1233.0149671247577,2274.9681,FALSE,not_attached_but_voted,673.1774,539,0.2959063030378316
Mannheim EB,GBR-GB,GBR,1979,past_vote,502.451028666588,913.9838,TRUE,attached_and_voted,603.9253,481,0.6607614927091706
Mannheim EB,GBR-GB,GBR,1979,past_vote,502.451028666588,913.9838,TRUE,dk_attachment_and_voted,13.1001,11,0.014332967389575176
Mannheim EB,GBR-GB,GBR,1979,past_vote,502.451028666588,913.9838,TRUE,not_attached_but_voted,296.9584,241,0.32490553990125426
Mannheim EB,GBR-GB,GBR,1979,vote_intention,767.8541439403583,2157.3147,FALSE,attached_and_voted,1430.0377,1129,0.662878577705886
Mannheim EB,GBR-GB,GBR,1979,vote_intention,767.8541439403583,2157.3147,FALSE,dk_attachment_and_voted,22.8835,24,0.010607400023742481
Mannheim EB,GBR-GB,GBR,1979,vote_intention,767.8541439403583,2157.3147,FALSE,not_attached_but_voted,704.3935,571,0.32651402227037163
Mannheim EB,GBR-GB,GBR,1980,vote_intention,776.5576550055798,1215.7276,TRUE,attached_and_no_vote,22.457,15,0.018472065617330728
Mannheim EB,GBR-GB,GBR,1980,vote_intention,776.5576550055798,1215.7276,TRUE,attached_and_voted,804.6947,652,0.6619037850255272
Mannheim EB,GBR-GB,GBR,1980,vote_intention,776.5576550055798,1215.7276,TRUE,dk_attachment_and_no_vote,1.2253,1,0.0010078738033092282
Mannheim EB,GBR-GB,GBR,1980,vote_intention,776.5576550055798,1215.7276,TRUE,dk_attachment_and_voted,9.5222,11,0.007832511164507576
Mannheim EB,GBR-GB,GBR,1980,vote_intention,776.5576550055798,1215.7276,TRUE,not_attached_and_no_vote,57.8217,50,0.04756139450975696
Mannheim EB,GBR-GB,GBR,1980,vote_intention,776.5576550055798,1215.7276,TRUE,not_attached_but_voted,320.0067,267,0.26322236987956843
Mannheim EB,GBR-GB,GBR,1981,vote_intention,1506.9555461575997,2266.3273,TRUE,attached_and_no_vote,17.4954,16,0.007719714623743887
Mannheim EB,GBR-GB,GBR,1981,vote_intention,1506.9555461575997,2266.3273,TRUE,attached_and_voted,1405.7589,1134,0.6202806187791146
Mannheim EB,GBR-GB,GBR,1981,vote_intention,1506.9555461575997,2266.3273,TRUE,dk_attachment_and_no_vote,8.9295,7,0.003940075204494956
Mannheim EB,GBR-GB,GBR,1981,vote_intention,1506.9555461575997,2266.3273,TRUE,dk_attachment_and_voted,58.4956,45,0.02581074675312785
Mannheim EB,GBR-GB,GBR,1981,vote_intention,1506.9555461575997,2266.3273,TRUE,not_attached_and_no_vote,129.9819,101,0.05735354288853159
Mannheim EB,GBR-GB,GBR,1981,vote_intention,1506.9555461575997,2266.3273,TRUE,not_attached_but_voted,645.666,503,0.2848953017509872
Mannheim EB,GBR-GB,GBR,1982,vote_intention,1302.1050434822148,2142.5504,TRUE,attached_and_no_vote,17.6366,12,0.008231591658240571
Mannheim EB,GBR-GB,GBR,1982,vote_intention,1302.1050434822148,2142.5504,TRUE,attached_and_voted,1139.0642,900,0.5316393957407023
Mannheim EB,GBR-GB,GBR,1982,vote_intention,1302.1050434822148,2142.5504,TRUE,dk_attachment_and_voted,14.7981,15,0.0069067686809141104
Mannheim EB,GBR-GB,GBR,1982,vote_intention,1302.1050434822148,2142.5504,TRUE,not_attached_and_no_vote,68.7002,56,0.03206468328586343
Mannheim EB,GBR-GB,GBR,1982,vote_intention,1302.1050434822148,2142.5504,TRUE,not_attached_but_voted,902.3513,716,0.4211575606342796
Mannheim EB,GBR-GB,GBR,1983,vote_intention,1342.265987254765,2258.7735,TRUE,attached_and_no_vote,8.2168,6,0.003637726403289219
Mannheim EB,GBR-GB,GBR,1983,vote_intention,1342.265987254765,2258.7735,TRUE,attached_and_voted,1405.06,1096,0.6220455481702791
Mannheim EB,GBR-GB,GBR,1983,vote_intention,1342.265987254765,2258.7735,TRUE,dk_attachment_and_no_vote,6.1463,5,0.002721078496803686
Mannheim EB,GBR-GB,GBR,1983,vote_intention,1342.265987254765,2258.7735,TRUE,dk_attachment_and_voted,18.112099999999998,14,0.008018555202635412
Mannheim EB,GBR-GB,GBR,1983,vote_intention,1342.265987254765,2258.7735,TRUE,not_attached_and_no_vote,55.4681,42,0.024556733997454814
Mannheim EB,GBR-GB,GBR,1983,vote_intention,1342.265987254765,2258.7735,TRUE,not_attached_but_voted,765.7702,586,0.3390203577295378
Mannheim EB,GBR-GB,GBR,1984,vote_intention,645.7218654094614,1179.9778000000001,TRUE,attached_and_no_vote,5.0141,5,0.004249317232917433
Mannheim EB,GBR-GB,GBR,1984,vote_intention,645.7218654094614,1179.9778000000001,TRUE,attached_and_voted,698.9391,554,0.5923324150674699
Mannheim EB,GBR-GB,GBR,1984,vote_intention,645.7218654094614,1179.9778000000001,TRUE,dk_attachment_and_no_vote,1.346,1,0.0011406994267180281
Mannheim EB,GBR-GB,GBR,1984,vote_intention,645.7218654094614,1179.9778000000001,TRUE,dk_attachment_and_voted,9.2729,9,0.007858537677573255
Mannheim EB,GBR-GB,GBR,1984,vote_intention,645.7218654094614,1179.9778000000001,TRUE,not_attached_and_no_vote,47.4998,42,0.040254825133150804
Mannheim EB,GBR-GB,GBR,1984,vote_intention,645.7218654094614,1179.9778000000001,TRUE,not_attached_but_voted,417.90590000000003,325,0.35416420546217053
Mannheim EB,GBR-GB,GBR,1985,vote_intention,1642.6681627013243,2327.4245,TRUE,attached_and_no_vote,11.8187,9,0.005078016494197771
Mannheim EB,GBR-GB,GBR,1985,vote_intention,1642.6681627013243,2327.4245,TRUE,attached_and_voted,1190.3658,947,0.5114519504284671
Mannheim EB,GBR-GB,GBR,1985,vote_intention,1642.6681627013243,2327.4245,TRUE,dk_attachment_and_no_vote,3.5547,2,0.0015273105529309328
Mannheim EB,GBR-GB,GBR,1985,vote_intention,1642.6681627013243,2327.4245,TRUE,dk_attachment_and_voted,20.5311,16,0.00882138174621776
Mannheim EB,GBR-GB,GBR,1985,vote_intention,1642.6681627013243,2327.4245,TRUE,not_attached_and_no_vote,95.1547,75,0.04088411890482377
Mannheim EB,GBR-GB,GBR,1985,vote_intention,1642.6681627013243,2327.4245,TRUE,not_attached_but_voted,1005.9995,788,0.4322372218733626
Mannheim EB,GBR-GB,GBR,1986,vote_intention,1484.3755212857502,2182.845,TRUE,attached_and_no_vote,10.6579,8,0.004882572972428185
Mannheim EB,GBR-GB,GBR,1986,vote_intention,1484.3755212857502,2182.845,TRUE,attached_and_voted,943.1276,747,0.4320634767929011
Mannheim EB,GBR-GB,GBR,1986,vote_intention,1484.3755212857502,2182.845,TRUE,dk_attachment_and_no_vote,1.3868999999999998,2,6.353634820612549e-4
Mannheim EB,GBR-GB,GBR,1986,vote_intention,1484.3755212857502,2182.845,TRUE,dk_attachment_and_voted,14.862,11,0.006808545728166682
Mannheim EB,GBR-GB,GBR,1986,vote_intention,1484.3755212857502,2182.845,TRUE,not_attached_and_no_vote,141.8515,101,0.06498468741481873
Mannheim EB,GBR-GB,GBR,1986,vote_intention,1484.3755212857502,2182.845,TRUE,not_attached_but_voted,1070.9591,840,0.49062535360962417
Mannheim EB,GBR-GB,GBR,1987,vote_intention,1436.9404604639385,2340.3675,TRUE,attached_and_no_vote,10.9688,8,0.004686785301881009
Mannheim EB,GBR-GB,GBR,1987,vote_intention,1436.9404604639385,2340.3675,TRUE,attached_and_voted,1278.4694,968,0.5462686522522638
Mannheim EB,GBR-GB,GBR,1987,vote_intention,1436.9404604639385,2340.3675,TRUE,dk_attachment_and_no_vote,1.9296,1,8.24485898048063e-4
Mannheim EB,GBR-GB,GBR,1987,vote_intention,1436.9404604639385,2340.3675,TRUE,dk_attachment_and_voted,19.6626,15,0.008401501046310036
Mannheim EB,GBR-GB,GBR,1987,vote_intention,1436.9404604639385,2340.3675,TRUE,not_attached_and_no_vote,107.9031,84,0.04610519501744918
Mannheim EB,GBR-GB,GBR,1987,vote_intention,1436.9404604639385,2340.3675,TRUE,not_attached_but_voted,921.434,726,0.3937133804840479
Mannheim EB,GBR-GB,GBR,1988,past_vote,653.5469367730323,1232.6685,TRUE,attached_and_no_vote,82.2099,55,0.06669262660642339
Mannheim EB,GBR-GB,GBR,1988,past_vote,653.5469367730323,1232.6685,TRUE,attached_and_voted,625.6667,483,0.5075709324932047
Mannheim EB,GBR-GB,GBR,1988,past_vote,653.5469367730323,1232.6685,TRUE,dk_attachment_and_no_vote,1.9754,2,0.0016025395311067008
Mannheim EB,GBR-GB,GBR,1988,past_vote,653.5469367730323,1232.6685,TRUE,dk_attachment_and_voted,9.4665,8,0.007679680303341896
Mannheim EB,GBR-GB,GBR,1988,past_vote,653.5469367730323,1232.6685,TRUE,not_attached_and_no_vote,161.2412,118,0.13080661994688758
Mannheim EB,GBR-GB,GBR,1988,past_vote,653.5469367730323,1232.6685,TRUE,not_attached_but_voted,352.1088,308,0.28564760111903564
Mannheim EB,GBR-GB,GBR,1988,vote_intention,1257.6218114602527,2164.1248,TRUE,attached_and_no_vote,0.7362,1,3.4018370844417104e-4
Mannheim EB,GBR-GB,GBR,1988,vote_intention,1257.6218114602527,2164.1248,TRUE,attached_and_voted,1327.2817,1028,0.6133110715241561
Mannheim EB,GBR-GB,GBR,1988,vote_intention,1257.6218114602527,2164.1248,TRUE,dk_attachment_and_voted,12.0873,12,0.005585306355714791
Mannheim EB,GBR-GB,GBR,1988,vote_intention,1257.6218114602527,2164.1248,TRUE,not_attached_and_no_vote,1.2732,2,5.883209692897563e-4
Mannheim EB,GBR-GB,GBR,1988,vote_intention,1257.6218114602527,2164.1248,TRUE,not_attached_but_voted,822.7464,663,0.3801751174423952
Mannheim EB,GBR-GB,GBR,1989,past_vote,2165.9854178697974,3446.3866,TRUE,attached_and_no_vote,156.0839,116,0.04528914428810744
Mannheim EB,GBR-GB,GBR,1989,past_vote,2165.9854178697974,3446.3866,TRUE,attached_and_voted,1554.2891,1193,0.45099093061701206
Mannheim EB,GBR-GB,GBR,1989,past_vote,2165.9854178697974,3446.3866,TRUE,dk_attachment_and_no_vote,24.8684,14,0.0072157894300076495
Mannheim EB,GBR-GB,GBR,1989,past_vote,2165.9854178697974,3446.3866,TRUE,dk_attachment_and_voted,36.858,26,0.010694679465153446
Mannheim EB,GBR-GB,GBR,1989,past_vote,2165.9854178697974,3446.3866,TRUE,not_attached_and_no_vote,459.5861,333,0.1333530312588843
Mannheim EB,GBR-GB,GBR,1989,past_vote,2165.9854178697974,3446.3866,TRUE,not_attached_but_voted,1214.7011,988,0.3524564249408352
Mannheim EB,GBR-GB,GBR,1989,vote_intention,2917.7821858743873,4568.1101,TRUE,attached_and_no_vote,21.0484,18,0.004607682288568308
Mannheim EB,GBR-GB,GBR,1989,vote_intention,2917.7821858743873,4568.1101,TRUE,attached_and_voted,2261.5114,1736,0.49506499416465466
Mannheim EB,GBR-GB,GBR,1989,vote_intention,2917.7821858743873,4568.1101,TRUE,dk_attachment_and_no_vote,11.1148,7,0.0024331287461744847
Mannheim EB,GBR-GB,GBR,1989,vote_intention,2917.7821858743873,4568.1101,TRUE,dk_attachment_and_voted,88.6681,58,0.01941023706937361
Mannheim EB,GBR-GB,GBR,1989,vote_intention,2917.7821858743873,4568.1101,TRUE,not_attached_and_no_vote,201.5031,149,0.04411082386127252
Mannheim EB,GBR-GB,GBR,1989,vote_intention,2917.7821858743873,4568.1101,TRUE,not_attached_but_voted,1984.2643,1551,0.43437313386995646
Mannheim EB,GBR-GB,GBR,1990,past_vote,1931.8051645932596,2428.0855,TRUE,attached_and_no_vote,178.5151,140,0.07352092831986352
Mannheim EB,GBR-GB,GBR,1990,past_vote,1931.8051645932596,2428.0855,TRUE,attached_and_voted,1125.0605,951,0.46335291734990386
Mannheim EB,GBR-GB,GBR,1990,past_vote,1931.8051645932596,2428.0855,TRUE,dk_attachment_and_no_vote,9.0447,8,0.003725033570687688
Mannheim EB,GBR-GB,GBR,1990,past_vote,1931.8051645932596,2428.0855,TRUE,dk_attachment_and_voted,23.3628,19,0.009621901699919545
Mannheim EB,GBR-GB,GBR,1990,past_vote,1931.8051645932596,2428.0855,TRUE,not_attached_and_no_vote,346.0516,269,0.14252035193983079
Mannheim EB,GBR-GB,GBR,1990,past_vote,1931.8051645932596,2428.0855,TRUE,not_attached_but_voted,746.0508,629,0.30725886711979455
Mannheim EB,GBR-GB,GBR,1990,vote_intention,1718.7989056697393,2145.0794,TRUE,attached_and_no_vote,31.8926,24,0.014867794637345359
Mannheim EB,GBR-GB,GBR,1990,vote_intention,1718.7989056697393,2145.0794,TRUE,attached_and_voted,1218.6989,1023,0.5681369649999902
Mannheim EB,GBR-GB,GBR,1990,vote_intention,1718.7989056697393,2145.0794,TRUE,dk_attachment_and_no_vote,2.4467,2,0.0011406104594543212
Mannheim EB,GBR-GB,GBR,1990,vote_intention,1718.7989056697393,2145.0794,TRUE,dk_attachment_and_voted,21.0062,18,0.009792737742015516
Mannheim EB,GBR-GB,GBR,1990,vote_intention,1718.7989056697393,2145.0794,TRUE,not_attached_and_no_vote,140.3312,116,0.06542004925318848
Mannheim EB,GBR-GB,GBR,1990,vote_intention,1718.7989056697393,2145.0794,TRUE,not_attached_but_voted,730.7038,608,0.3406418429080061
Mannheim EB,GBR-GB,GBR,1991,past_vote,1801.7858215038455,2280.0646,TRUE,attached_and_no_vote,129.7266,100,0.05689601952506082
Mannheim EB,GBR-GB,GBR,1991,past_vote,1801.7858215038455,2280.0646,TRUE,attached_and_voted,998.2137,838,0.43780062196483377
Mannheim EB,GBR-GB,GBR,1991,past_vote,1801.7858215038455,2280.0646,TRUE,dk_attachment_and_no_vote,11.8192,9,0.005183712777260784
Mannheim EB,GBR-GB,GBR,1991,past_vote,1801.7858215038455,2280.0646,TRUE,dk_attachment_and_voted,28.4982,23,0.012498856392051347
Mannheim EB,GBR-GB,GBR,1991,past_vote,1801.7858215038455,2280.0646,TRUE,not_attached_and_no_vote,296.5973,243,0.1300828494069861
Mannheim EB,GBR-GB,GBR,1991,past_vote,1801.7858215038455,2280.0646,TRUE,not_attached_but_voted,815.2096,702,0.3575379399338071
Mannheim EB,GBR-GB,GBR,1991,vote_intention,1699.1656053675008,2152.518,TRUE,attached_and_no_vote,16.1314,13,0.007494199816215241
Mannheim EB,GBR-GB,GBR,1991,vote_intention,1699.1656053675008,2152.518,TRUE,attached_and_voted,1125.4271,937,0.5228421318660286
Mannheim EB,GBR-GB,GBR,1991,vote_intention,1699.1656053675008,2152.518,TRUE,dk_attachment_and_no_vote,2.5564,2,0.0011876323450024575
Mannheim EB,GBR-GB,GBR,1991,vote_intention,1699.1656053675008,2152.518,TRUE,dk_attachment_and_voted,35.5677,27,0.016523764261204787
Mannheim EB,GBR-GB,GBR,1991,vote_intention,1699.1656053675008,2152.518,TRUE,not_attached_and_no_vote,146.0529,118,0.06785211552237891
Mannheim EB,GBR-GB,GBR,1991,vote_intention,1699.1656053675008,2152.518,TRUE,not_attached_but_voted,826.7825,705,0.3841001561891701
Mannheim EB,GBR-GB,GBR,1992,past_vote,1675.5106318254925,2215.9776,TRUE,attached_and_no_vote,67.9736,54,0.03067431728551769
Mannheim EB,GBR-GB,GBR,1992,past_vote,1675.5106318254925,2215.9776,TRUE,attached_and_voted,1197.2735,994,0.5402913368799396
Mannheim EB,GBR-GB,GBR,1992,past_vote,1675.5106318254925,2215.9776,TRUE,dk_attachment_and_no_vote,6.9148,7,0.0031204286541524602
Mannheim EB,GBR-GB,GBR,1992,past_vote,1675.5106318254925,2215.9776,TRUE,dk_attachment_and_voted,31.0131,24,0.013995222695391867
Mannheim EB,GBR-GB,GBR,1992,past_vote,1675.5106318254925,2215.9776,TRUE,not_attached_and_no_vote,234.8262,193,0.10596957297763297
Mannheim EB,GBR-GB,GBR,1992,past_vote,1675.5106318254925,2215.9776,TRUE,not_attached_but_voted,677.9764,553,0.3059491215073654
Mannheim EB,GBR-GB,GBR,1992,vote_intention,1593.2090153340337,2109.9817,TRUE,attached_and_no_vote,21.9485,16,0.010402222919753285
Mannheim EB,GBR-GB,GBR,1992,vote_intention,1593.2090153340337,2109.9817,TRUE,attached_and_voted,1271.4283,1050,0.6025778801778234
Mannheim EB,GBR-GB,GBR,1992,vote_intention,1593.2090153340337,2109.9817,TRUE,dk_attachment_and_no_vote,3.5280999999999993,4,0.0016720998101547515
Mannheim EB,GBR-GB,GBR,1992,vote_intention,1593.2090153340337,2109.9817,TRUE,dk_attachment_and_voted,25.0488,21,0.011871572156289319
Mannheim EB,GBR-GB,GBR,1992,vote_intention,1593.2090153340337,2109.9817,TRUE,not_attached_and_no_vote,121.8559,104,0.05775211225765608
Mannheim EB,GBR-GB,GBR,1992,vote_intention,1593.2090153340337,2109.9817,TRUE,not_attached_but_voted,666.1721,540,0.31572411267832323
Mannheim EB,GBR-GB,GBR,1993,past_vote,1903.2993283628507,2422.4822,TRUE,attached_and_no_vote,97.5265,79,0.04025891294474734
Mannheim EB,GBR-GB,GBR,1993,past_vote,1903.2993283628507,2422.4822,TRUE,attached_and_voted,1110.0737,945,0.45823812451542467
Mannheim EB,GBR-GB,GBR,1993,past_vote,1903.2993283628507,2422.4822,TRUE,dk_attachment_and_no_vote,14.4876,11,0.0059804773797718725
Mannheim EB,GBR-GB,GBR,1993,past_vote,1903.2993283628507,2422.4822,TRUE,dk_attachment_and_voted,32.576,29,0.013447364030167075
Mannheim EB,GBR-GB,GBR,1993,past_vote,1903.2993283628507,2422.4822,TRUE,not_attached_and_no_vote,290.4745,238,0.11990779540093215
Mannheim EB,GBR-GB,GBR,1993,past_vote,1903.2993283628507,2422.4822,TRUE,not_attached_but_voted,877.3439,734,0.3621673257289568
Mannheim EB,GBR-GB,GBR,1993,vote_intention,1716.252787491015,2188.5088,TRUE,attached_and_no_vote,18.9094,16,0.008640312526958996
Mannheim EB,GBR-GB,GBR,1993,vote_intention,1716.252787491015,2188.5088,TRUE,attached_and_voted,1144.3042,972,0.522869362005764
Mannheim EB,GBR-GB,GBR,1993,vote_intention,1716.252787491015,2188.5088,TRUE,dk_attachment_and_no_vote,5.8137,5,0.002656466357366258
Mannheim EB,GBR-GB,GBR,1993,vote_intention,1716.252787491015,2188.5088,TRUE,dk_attachment_and_voted,42.0886,34,0.019231633886964493
Mannheim EB,GBR-GB,GBR,1993,vote_intention,1716.252787491015,2188.5088,TRUE,not_attached_and_no_vote,135.7672,114,0.06203639665511055
Mannheim EB,GBR-GB,GBR,1993,vote_intention,1716.252787491015,2188.5088,TRUE,not_attached_but_voted,841.6257,696,0.3845658285678358
Mannheim EB,GBR-GB,GBR,1994,past_vote,2631.8811850055868,3370.7743,TRUE,attached_and_no_vote,111.9365,99,0.0332079486900087
Mannheim EB,GBR-GB,GBR,1994,past_vote,2631.8811850055868,3370.7743,TRUE,attached_and_voted,1673.4222,1414,0.4964503853016798
Mannheim EB,GBR-GB,GBR,1994,past_vote,2631.8811850055868,3370.7743,TRUE,dk_attachment_and_no_vote,21.0407,16,0.0062420969567734035
Mannheim EB,GBR-GB,GBR,1994,past_vote,2631.8811850055868,3370.7743,TRUE,dk_attachment_and_voted,36.5807,32,0.010852313665735495
Mannheim EB,GBR-GB,GBR,1994,past_vote,2631.8811850055868,3370.7743,TRUE,not_attached_and_no_vote,375.8531,306,0.11150349045915058
Mannheim EB,GBR-GB,GBR,1994,past_vote,2631.8811850055868,3370.7743,TRUE,not_attached_but_voted,1151.9411,965,0.34174376492665204
Mannheim EB,GBR-GB,GBR,1994,vote_intention,2610.9716395129485,3333.8269,TRUE,attached_and_no_vote,31.1041,28,0.009329848529328262
Mannheim EB,GBR-GB,GBR,1994,vote_intention,2610.9716395129485,3333.8269,TRUE,attached_and_voted,1791.8821,1516,0.5374850445894477
Mannheim EB,GBR-GB,GBR,1994,vote_intention,2610.9716395129485,3333.8269,TRUE,dk_attachment_and_no_vote,8.5896,7,0.002576498497867421
Mannheim EB,GBR-GB,GBR,1994,vote_intention,2610.9716395129485,3333.8269,TRUE,dk_attachment_and_voted,43.347500000000004,37,0.013002324745774894
Mannheim EB,GBR-GB,GBR,1994,vote_intention,2610.9716395129485,3333.8269,TRUE,not_attached_and_no_vote,239.9141,206,0.07196357435354547
Mannheim EB,GBR-GB,GBR,1994,vote_intention,2610.9716395129485,3333.8269,TRUE,not_attached_but_voted,1218.9895,1005,0.3656427092840363
Mannheim EB,GBR-NI,GBR,1975,vote_intention,173.72140364282805,21.6142,FALSE,attached_and_voted,12.0198,101,0.5561066336019839
Mannheim EB,GBR-NI,GBR,1975,vote_intention,173.72140364282805,21.6142,FALSE,dk_attachment_and_voted,1.8829,18,0.0871140268897299
Mannheim EB,GBR-NI,GBR,1975,vote_intention,173.72140364282805,21.6142,FALSE,not_attached_but_voted,7.7115,65,0.3567793395082862
Mannheim EB,GBR-NI,GBR,1976,vote_intention,327.4037664783904,37.3658,FALSE,attached_and_voted,25.5684,233,0.6842727842037372
Mannheim EB,GBR-NI,GBR,1976,vote_intention,327.4037664783904,37.3658,FALSE,dk_attachment_and_voted,0.3489,3,0.009337415497594056
Mannheim EB,GBR-NI,GBR,1976,vote_intention,327.4037664783904,37.3658,FALSE,not_attached_but_voted,11.4485,102,0.3063898002986688
Mannheim EB,GBR-NI,GBR,1977,vote_intention,472.6683721654173,55.4992,FALSE,attached_and_no_vote,1.0664,9,0.019214691382938853
Mannheim EB,GBR-NI,GBR,1977,vote_intention,472.6683721654173,55.4992,FALSE,attached_and_voted,30.6843,265,0.5528782396863378
Mannheim EB,GBR-NI,GBR,1977,vote_intention,472.6683721654173,55.4992,FALSE,dk_attachment_and_no_vote,0.1164,1,0.0020973275290454636
Mannheim EB,GBR-NI,GBR,1977,vote_intention,472.6683721654173,55.4992,FALSE,dk_attachment_and_voted,0.4733,4,0.008528050854787096
Mannheim EB,GBR-NI,GBR,1977,vote_intention,472.6683721654173,55.4992,FALSE,not_attached_and_no_vote,8.914,75,0.1606149277827428
Mannheim EB,GBR-NI,GBR,1977,vote_intention,472.6683721654173,55.4992,FALSE,not_attached_but_voted,14.2448,123,0.25666676276414796
Mannheim EB,GBR-NI,GBR,1978,vote_intention,401.75942559191816,47.0446,FALSE,attached_and_voted,26.1231,232,0.5552837095011968
Mannheim EB,GBR-NI,GBR,1978,vote_intention,401.75942559191816,47.0446,FALSE,dk_attachment_and_voted,0.3367,3,0.007157038214800423
Mannheim EB,GBR-NI,GBR,1978,vote_intention,401.75942559191816,47.0446,FALSE,not_attached_but_voted,20.5848,181,0.43755925228400283
Mannheim EB,GBR-NI,GBR,1979,vote_intention,423.80196156974415,47.9867,FALSE,attached_and_voted,31.0998,277,0.64809207551259
Mannheim EB,GBR-NI,GBR,1979,vote_intention,423.80196156974415,47.9867,FALSE,dk_attachment_and_voted,0.5295,5,0.0110343074226817
Mannheim EB,GBR-NI,GBR,1979,vote_intention,423.80196156974415,47.9867,FALSE,not_attached_but_voted,16.3574,146,0.34087361706472835
Mannheim EB,GBR-NI,GBR,1980,vote_intention,261.99431755559203,33.0133,TRUE,attached_and_no_vote,2.3626,19,0.07156509649141407
Mannheim EB,GBR-NI,GBR,1980,vote_intention,261.99431755559203,33.0133,TRUE,attached_and_voted,11.627,95,0.352191389530886
Mannheim EB,GBR-NI,GBR,1980,vote_intention,261.99431755559203,33.0133,TRUE,dk_attachment_and_no_vote,0.6271,5,0.018995374591452535
Mannheim EB,GBR-NI,GBR,1980,vote_intention,261.99431755559203,33.0133,TRUE,dk_attachment_and_voted,0.5045,4,0.015281719791720305
Mannheim EB,GBR-NI,GBR,1980,vote_intention,261.99431755559203,33.0133,TRUE,not_attached_and_no_vote,11.0195,91,0.3337897150542357
Mannheim EB,GBR-NI,GBR,1980,vote_intention,261.99431755559203,33.0133,TRUE,not_attached_but_voted,6.8726,57,0.20817670454029133
Mannheim EB,GBR-NI,GBR,1981,vote_intention,537.592583826352,61.7074,TRUE,attached_and_no_vote,1.0838,10,0.017563533709085137
Mannheim EB,GBR-NI,GBR,1981,vote_intention,537.592583826352,61.7074,TRUE,attached_and_voted,31.262,282,0.506616710475567
Mannheim EB,GBR-NI,GBR,1981,vote_intention,537.592583826352,61.7074,TRUE,dk_attachment_and_no_vote,0.49319999999999997,4,0.007992558428972861
Mannheim EB,GBR-NI,GBR,1981,vote_intention,537.592583826352,61.7074,TRUE,dk_attachment_and_voted,1.5149,13,0.02454972985411798
Mannheim EB,GBR-NI,GBR,1981,vote_intention,537.592583826352,61.7074,TRUE,not_attached_and_no_vote,14.0819,123,0.22820439687946664
Mannheim EB,GBR-NI,GBR,1981,vote_intention,537.592583826352,61.7074,TRUE,not_attached_but_voted,13.2716,117,0.2150730706527904
Mannheim EB,GBR-NI,GBR,1982,vote_intention,518.8164255008297,58.3239,TRUE,attached_and_voted,29.8515,276,0.5118227690535098
Mannheim EB,GBR-NI,GBR,1982,vote_intention,518.8164255008297,58.3239,TRUE,dk_attachment_and_voted,0.8976000000000001,8,0.01538991734091856
Mannheim EB,GBR-NI,GBR,1982,vote_intention,518.8164255008297,58.3239,TRUE,not_attached_but_voted,27.5748,248,0.47278731360557164
Mannheim EB,GBR-NI,GBR,1983,vote_intention,375.7671075024833,40.240899999999996,TRUE,attached_and_voted,19.0427,183,0.47321754732125776
Mannheim EB,GBR-NI,GBR,1983,vote_intention,375.7671075024833,40.240899999999996,TRUE,dk_attachment_and_voted,1.265,11,0.03143567862547806
Mannheim EB,GBR-NI,GBR,1983,vote_intention,375.7671075024833,40.240899999999996,TRUE,not_attached_but_voted,19.9332,190,0.49534677405326427
Mannheim EB,GBR-NI,GBR,1984,vote_intention,397.41982726945054,43.7291,TRUE,attached_and_voted,22.4977,209,0.5144789167853899
Mannheim EB,GBR-NI,GBR,1984,vote_intention,397.41982726945054,43.7291,TRUE,dk_attachment_and_voted,0.6063,6,0.013864909179470877
Mannheim EB,GBR-NI,GBR,1984,vote_intention,397.41982726945054,43.7291,TRUE,not_attached_but_voted,20.6251,191,0.47165617403513904
Mannheim EB,GBR-NI,GBR,1985,vote_intention,457.2157879313177,51.2121,TRUE,attached_and_voted,29.4879,271,0.5757994692660524
Mannheim EB,GBR-NI,GBR,1985,vote_intention,457.2157879313177,51.2121,TRUE,dk_attachment_and_voted,0.7825,7,0.01527959212764171
Mannheim EB,GBR-NI,GBR,1985,vote_intention,457.2157879313177,51.2121,TRUE,not_attached_but_voted,20.9417,190,0.40892093860630596
Mannheim EB,GBR-NI,GBR,1986,vote_intention,484.4468704034524,53.643499999999996,TRUE,attached_and_no_vote,0.78,8,0.01454043826372254
Mannheim EB,GBR-NI,GBR,1986,vote_intention,484.4468704034524,53.643499999999996,TRUE,attached_and_voted,23.2449,219,0.43332183768769755
Mannheim EB,GBR-NI,GBR,1986,vote_intention,484.4468704034524,53.643499999999996,TRUE,dk_attachment_and_no_vote,0.2299,2,0.00428570097029463
Mannheim EB,GBR-NI,GBR,1986,vote_intention,484.4468704034524,53.643499999999996,TRUE,dk_attachment_and_voted,1.1342999999999999,11,0.021145152721205738
Mannheim EB,GBR-NI,GBR,1986,vote_intention,484.4468704034524,53.643499999999996,TRUE,not_attached_and_no_vote,5.4315,53,0.10125178260180637
Mannheim EB,GBR-NI,GBR,1986,vote_intention,484.4468704034524,53.643499999999996,TRUE,not_attached_but_voted,22.8229,218,0.4254550877552733
Mannheim EB,GBR-NI,GBR,1987,vote_intention,479.52154065785345,50.9913,TRUE,attached_and_no_vote,0.9246,9,0.01813250495672791
Mannheim EB,GBR-NI,GBR,1987,vote_intention,479.52154065785345,50.9913,TRUE,attached_and_voted,21.3318,209,0.4183419524507122
Mannheim EB,GBR-NI,GBR,1987,vote_intention,479.52154065785345,50.9913,TRUE,dk_attachment_and_no_vote,0.317,3,0.006216746778371997
Mannheim EB,GBR-NI,GBR,1987,vote_intention,479.52154065785345,50.9913,TRUE,dk_attachment_and_voted,1.2113,11,0.023755032721268138
Mannheim EB,GBR-NI,GBR,1987,vote_intention,479.52154065785345,50.9913,TRUE,not_attached_and_no_vote,4.4991,47,0.08823269851915916
Mannheim EB,GBR-NI,GBR,1987,vote_intention,479.52154065785345,50.9913,TRUE,not_attached_but_voted,22.7075,219,0.4453210645737606
Mannheim EB,GBR-NI,GBR,1988,past_vote,265.9374422757495,30.3625,TRUE,attached_and_no_vote,1.0708,10,0.03526718814326883
Mannheim EB,GBR-NI,GBR,1988,past_vote,265.9374422757495,30.3625,TRUE,attached_and_voted,9.8724,90,0.325151090983944
Mannheim EB,GBR-NI,GBR,1988,past_vote,265.9374422757495,30.3625,TRUE,dk_attachment_and_no_vote,0.4713,5,0.015522437216961713
Mannheim EB,GBR-NI,GBR,1988,past_vote,265.9374422757495,30.3625,TRUE,dk_attachment_and_voted,0.7405,7,0.024388637299300124
Mannheim EB,GBR-NI,GBR,1988,past_vote,265.9374422757495,30.3625,TRUE,not_attached_and_no_vote,1.1979,10,0.03945327295183203
Mannheim EB,GBR-NI,GBR,1988,past_vote,265.9374422757495,30.3625,TRUE,not_attached_but_voted,17.0096,159,0.5602173734046932
Mannheim EB,GBR-NI,GBR,1988,vote_intention,510.5614738648117,55.5935,TRUE,attached_and_no_vote,1.2236,12,0.022009767328914354
Mannheim EB,GBR-NI,GBR,1988,vote_intention,510.5614738648117,55.5935,TRUE,attached_and_voted,19.1069,183,0.34368946009875256
Mannheim EB,GBR-NI,GBR,1988,vote_intention,510.5614738648117,55.5935,TRUE,dk_attachment_and_no_vote,0.8175,8,0.01470495651470046
Mannheim EB,GBR-NI,GBR,1988,vote_intention,510.5614738648117,55.5935,TRUE,dk_attachment_and_voted,0.959,9,0.017250218101036992
Mannheim EB,GBR-NI,GBR,1988,vote_intention,510.5614738648117,55.5935,TRUE,not_attached_and_no_vote,5.1971,49,0.09348395046183457
Mannheim EB,GBR-NI,GBR,1988,vote_intention,510.5614738648117,55.5935,TRUE,not_attached_but_voted,28.2894,271,0.5088616474947611
Mannheim EB,GBR-NI,GBR,1989,past_vote,611.1491544766178,69.3069,TRUE,attached_and_no_vote,1.8785,17,0.02710408343180838
Mannheim EB,GBR-NI,GBR,1989,past_vote,611.1491544766178,69.3069,TRUE,attached_and_voted,24.7004,230,0.3563916435448707
Mannheim EB,GBR-NI,GBR,1989,past_vote,611.1491544766178,69.3069,TRUE,dk_attachment_and_no_vote,0.734,7,0.01059057611868371
Mannheim EB,GBR-NI,GBR,1989,past_vote,611.1491544766178,69.3069,TRUE,dk_attachment_and_voted,1.6215,15,0.023395938932487242
Mannheim EB,GBR-NI,GBR,1989,past_vote,611.1491544766178,69.3069,TRUE,not_attached_and_no_vote,11.8078,104,0.17036976116375138
Mannheim EB,GBR-NI,GBR,1989,past_vote,611.1491544766178,69.3069,TRUE,not_attached_but_voted,28.564700000000002,260,0.41214799680839864
Mannheim EB,GBR-NI,GBR,1989,vote_intention,922.7499781109417,105.004,TRUE,attached_and_no_vote,0.7715,7,0.0073473391489848
Mannheim EB,GBR-NI,GBR,1989,vote_intention,922.7499781109417,105.004,TRUE,attached_and_voted,36.6614,338,0.34914288979467445
Mannheim EB,GBR-NI,GBR,1989,vote_intention,922.7499781109417,105.004,TRUE,dk_attachment_and_no_vote,0.8249,7,0.007855891204144603
Mannheim EB,GBR-NI,GBR,1989,vote_intention,922.7499781109417,105.004,TRUE,dk_attachment_and_voted,3.4696,32,0.03304255075997105
Mannheim EB,GBR-NI,GBR,1989,vote_intention,922.7499781109417,105.004,TRUE,not_attached_and_no_vote,10.7911,98,0.1027684659632014
Mannheim EB,GBR-NI,GBR,1989,vote_intention,922.7499781109417,105.004,TRUE,not_attached_but_voted,52.4855,474,0.49984286312902365
Mannheim EB,GBR-NI,GBR,1990,past_vote,504.1831288847466,52.4676,TRUE,attached_and_no_vote,2.913,28,0.05551997804359261
Mannheim EB,GBR-NI,GBR,1990,past_vote,504.1831288847466,52.4676,TRUE,attached_and_voted,15.4959,153,0.29534226837133776
Mannheim EB,GBR-NI,GBR,1990,past_vote,504.1831288847466,52.4676,TRUE,dk_attachment_and_no_vote,0.2142,2,0.004082519497747182
Mannheim EB,GBR-NI,GBR,1990,past_vote,504.1831288847466,52.4676,TRUE,dk_attachment_and_voted,0.5147,5,0.00980986361106664
Mannheim EB,GBR-NI,GBR,1990,past_vote,504.1831288847466,52.4676,TRUE,not_attached_and_no_vote,15.362,146,0.2927902172007105
Mannheim EB,GBR-NI,GBR,1990,past_vote,504.1831288847466,52.4676,TRUE,not_attached_but_voted,17.9678,176,0.3424551532755453
Mannheim EB,GBR-NI,GBR,1990,vote_intention,488.2665663103084,50.6854,TRUE,attached_and_no_vote,0.4323,4,0.008529083325770341
Mannheim EB,GBR-NI,GBR,1990,vote_intention,488.2665663103084,50.6854,TRUE,attached_and_voted,18.415399999999998,181,0.3633275065403449
Mannheim EB,GBR-NI,GBR,1990,vote_intention,488.2665663103084,50.6854,TRUE,dk_attachment_and_voted,0.6367,6,0.01256180280712
Mannheim EB,GBR-NI,GBR,1990,vote_intention,488.2665663103084,50.6854,TRUE,not_attached_and_no_vote,7.5742,73,0.14943553764989523
Mannheim EB,GBR-NI,GBR,1990,vote_intention,488.2665663103084,50.6854,TRUE,not_attached_but_voted,23.6268,230,0.46614606967686945
Mannheim EB,GBR-NI,GBR,1991,past_vote,462.2603970362841,51.5649,TRUE,attached_and_no_vote,2.4626,21,0.04775729226663874
Mannheim EB,GBR-NI,GBR,1991,past_vote,462.2603970362841,51.5649,TRUE,attached_and_voted,12.4225,115,0.24090999885581083
Mannheim EB,GBR-NI,GBR,1991,past_vote,462.2603970362841,51.5649,TRUE,dk_attachment_and_no_vote,0.3685,4,0.007146334037300566
Mannheim EB,GBR-NI,GBR,1991,past_vote,462.2603970362841,51.5649,TRUE,dk_attachment_and_voted,0.3403,3,0.006599450401338895
Mannheim EB,GBR-NI,GBR,1991,past_vote,462.2603970362841,51.5649,TRUE,not_attached_and_no_vote,15.1367,140,0.29354657916528487
Mannheim EB,GBR-NI,GBR,1991,past_vote,462.2603970362841,51.5649,TRUE,not_attached_but_voted,20.8343,192,0.40404034527362603
Mannheim EB,GBR-NI,GBR,1991,vote_intention,430.85692148842884,48.2313,TRUE,attached_and_no_vote,0.6166,5,0.012784229328257792
Mannheim EB,GBR-NI,GBR,1991,vote_intention,430.85692148842884,48.2313,TRUE,attached_and_voted,14.528,133,0.30121518598918134
Mannheim EB,GBR-NI,GBR,1991,vote_intention,430.85692148842884,48.2313,TRUE,dk_attachment_and_no_vote,0.0931,1,0.0019302817879675647
Mannheim EB,GBR-NI,GBR,1991,vote_intention,430.85692148842884,48.2313,TRUE,dk_attachment_and_voted,0.105,1,0.002177009535301765
Mannheim EB,GBR-NI,GBR,1991,vote_intention,430.85692148842884,48.2313,TRUE,not_attached_and_no_vote,8.0471,75,0.16684393744311268
Mannheim EB,GBR-NI,GBR,1991,vote_intention,430.85692148842884,48.2313,TRUE,not_attached_but_voted,24.8415,228,0.515049355916179
Mannheim EB,GBR-NI,GBR,1992,past_vote,445.4894823091536,51.259,TRUE,attached_and_no_vote,2.2825,22,0.04452876568017324
Mannheim EB,GBR-NI,GBR,1992,past_vote,445.4894823091536,51.259,TRUE,attached_and_voted,15.8845,141,0.30988704422637975
Mannheim EB,GBR-NI,GBR,1992,past_vote,445.4894823091536,51.259,TRUE,dk_attachment_and_no_vote,0.18,2,0.0035115784545153043
Mannheim EB,GBR-NI,GBR,1992,past_vote,445.4894823091536,51.259,TRUE,dk_attachment_and_voted,0.8297,7,0.016186425798396378
Mannheim EB,GBR-NI,GBR,1992,past_vote,445.4894823091536,51.259,TRUE,not_attached_and_no_vote,12.9769,121,0.25316334692444253
Mannheim EB,GBR-NI,GBR,1992,past_vote,445.4894823091536,51.259,TRUE,not_attached_but_voted,19.1054,181,0.37272283891609276
Mannheim EB,GBR-NI,GBR,1992,vote_intention,392.5838083448626,45.2712,TRUE,attached_and_no_vote,0.2246,2,0.004961211542879358
Mannheim EB,GBR-NI,GBR,1992,vote_intention,392.5838083448626,45.2712,TRUE,attached_and_voted,17.8897,161,0.3951673470109032
Mannheim EB,GBR-NI,GBR,1992,vote_intention,392.5838083448626,45.2712,TRUE,dk_attachment_and_voted,0.62,6,0.013695241124600186
Mannheim EB,GBR-NI,GBR,1992,vote_intention,392.5838083448626,45.2712,TRUE,not_attached_and_no_vote,6.5197,61,0.1440142960646062
Mannheim EB,GBR-NI,GBR,1992,vote_intention,392.5838083448626,45.2712,TRUE,not_attached_but_voted,20.0172,188,0.4421619042570111
Mannheim EB,GBR-NI,GBR,1993,past_vote,449.52085731749673,49.1032,TRUE,attached_and_no_vote,1.5724,15,0.032022352922009154
Mannheim EB,GBR-NI,GBR,1993,past_vote,449.52085731749673,49.1032,TRUE,attached_and_voted,11.8257,112,0.24083359129343912
Mannheim EB,GBR-NI,GBR,1993,past_vote,449.52085731749673,49.1032,TRUE,dk_attachment_and_no_vote,0.478,5,0.009734599781684289
Mannheim EB,GBR-NI,GBR,1993,past_vote,449.52085731749673,49.1032,TRUE,dk_attachment_and_voted,0.8697,8,0.01771167663207286
Mannheim EB,GBR-NI,GBR,1993,past_vote,449.52085731749673,49.1032,TRUE,not_attached_and_no_vote,12.685,114,0.25833346910181004
Mannheim EB,GBR-NI,GBR,1993,past_vote,449.52085731749673,49.1032,TRUE,not_attached_but_voted,21.6724,203,0.4413643102689845
Mannheim EB,GBR-NI,GBR,1993,vote_intention,384.3542651258821,41.8817,TRUE,attached_and_voted,13.3602,127,0.31899851247680966
Mannheim EB,GBR-NI,GBR,1993,vote_intention,384.3542651258821,41.8817,TRUE,dk_attachment_and_voted,1.1435,11,0.027303094191496523
Mannheim EB,GBR-NI,GBR,1993,vote_intention,384.3542651258821,41.8817,TRUE,not_attached_and_no_vote,5.7697,53,0.13776183870282246
Mannheim EB,GBR-NI,GBR,1993,vote_intention,384.3542651258821,41.8817,TRUE,not_attached_but_voted,21.6083,200,0.5159365546288713
Mannheim EB,GBR-NI,GBR,1994,past_vote,610.6446323032326,65.2018,TRUE,attached_and_no_vote,1.0325,10,0.015835452395486012
Mannheim EB,GBR-NI,GBR,1994,past_vote,610.6446323032326,65.2018,TRUE,attached_and_voted,23.0342,216,0.3532755230683815
Mannheim EB,GBR-NI,GBR,1994,past_vote,610.6446323032326,65.2018,TRUE,dk_attachment_and_no_vote,1.2107,11,0.018568505777447862
Mannheim EB,GBR-NI,GBR,1994,past_vote,610.6446323032326,65.2018,TRUE,dk_attachment_and_voted,1.1898,11,0.018247962479563444
Mannheim EB,GBR-NI,GBR,1994,past_vote,610.6446323032326,65.2018,TRUE,not_attached_and_no_vote,7.783,73,0.11936787021217204
Mannheim EB,GBR-NI,GBR,1994,past_vote,610.6446323032326,65.2018,TRUE,not_attached_but_voted,30.9516,294,0.474704686066949
Mannheim EB,GBR-NI,GBR,1994,vote_intention,664.3036420289427,71.1115,TRUE,attached_and_no_vote,0.6644,6,0.009343073905064581
Mannheim EB,GBR-NI,GBR,1994,vote_intention,664.3036420289427,71.1115,TRUE,attached_and_voted,25.8471,242,0.3634728560078187
Mannheim EB,GBR-NI,GBR,1994,vote_intention,664.3036420289427,71.1115,TRUE,dk_attachment_and_no_vote,0.5444,5,0.007655583133529738
Mannheim EB,GBR-NI,GBR,1994,vote_intention,664.3036420289427,71.1115,TRUE,dk_attachment_and_voted,1.2854,12,0.018075838647757393
Mannheim EB,GBR-NI,GBR,1994,vote_intention,664.3036420289427,71.1115,TRUE,not_attached_and_no_vote,7.3083,69,0.10277240671340078
Mannheim EB,GBR-NI,GBR,1994,vote_intention,664.3036420289427,71.1115,TRUE,not_attached_but_voted,35.4619,335,0.49868024159242874
Mannheim EB,GRC,GRC,1981,vote_intention,1130.951497203204,1245.9389,TRUE,attached_and_voted,952.9864,946,0.7648741041795869
Mannheim EB,GRC,GRC,1981,vote_intention,1130.951497203204,1245.9389,TRUE,dk_attachment_and_voted,24.1672,22,0.019396777803470138
Mannheim EB,GRC,GRC,1981,vote_intention,1130.951497203204,1245.9389,TRUE,not_attached_but_voted,268.7853,271,0.21572911801694286
Mannheim EB,GRC,GRC,1982,vote_intention,1264.8954019159287,1336.6845,TRUE,attached_and_voted,985.9898,992,0.7376383881162681
Mannheim EB,GRC,GRC,1982,vote_intention,1264.8954019159287,1336.6845,TRUE,dk_attachment_and_voted,48.428,48,0.03622994057311205
Mannheim EB,GRC,GRC,1982,vote_intention,1264.8954019159287,1336.6845,TRUE,not_attached_but_voted,302.2667,297,0.22613167131061968
Mannheim EB,GRC,GRC,1983,vote_intention,1221.27635088869,1295.8029999999999,TRUE,attached_and_voted,1005.645,1008,0.776078616888524
Mannheim EB,GRC,GRC,1983,vote_intention,1221.27635088869,1295.8029999999999,TRUE,dk_attachment_and_voted,15.6417,16,0.012071047836746791
Mannheim EB,GRC,GRC,1983,vote_intention,1221.27635088869,1295.8029999999999,TRUE,not_attached_but_voted,274.5163,275,0.21185033527472927
Mannheim EB,GRC,GRC,1984,vote_intention,1133.0061048802079,1240.4004,TRUE,attached_and_voted,968.656,975,0.7809220313053752
Mannheim EB,GRC,GRC,1984,vote_intention,1133.0061048802079,1240.4004,TRUE,dk_attachment_and_voted,9.8589,10,0.007948159320167908
Mannheim EB,GRC,GRC,1984,vote_intention,1133.0061048802079,1240.4004,TRUE,not_attached_but_voted,261.8855,256,0.2111298093744568
Mannheim EB,GRC,GRC,1985,vote_intention,1213.8490896485316,1215.9372,TRUE,attached_and_voted,1006.4986,1008,0.8277554136841935
Mannheim EB,GRC,GRC,1985,vote_intention,1213.8490896485316,1215.9372,TRUE,dk_attachment_and_voted,22.4458,22,0.01845967045008574
Mannheim EB,GRC,GRC,1985,vote_intention,1213.8490896485316,1215.9372,TRUE,not_attached_but_voted,186.9928,187,0.15378491586572068
Mannheim EB,GRC,GRC,1986,vote_intention,1218.7491836003567,1222.3413,TRUE,attached_and_voted,997.3501,997,0.8159342239356553
Mannheim EB,GRC,GRC,1986,vote_intention,1218.7491836003567,1222.3413,TRUE,dk_attachment_and_voted,16.1364,16,0.013201222931762183
Mannheim EB,GRC,GRC,1986,vote_intention,1218.7491836003567,1222.3413,TRUE,not_attached_but_voted,208.8548,209,0.17086455313258253
Mannheim EB,GRC,GRC,1987,vote_intention,1156.7375353865489,1159.6583,TRUE,attached_and_voted,1011.5826,1011,0.8723109212429212
Mannheim EB,GRC,GRC,1987,vote_intention,1156.7375353865489,1159.6583,TRUE,dk_attachment_and_voted,12.0533,12,0.01039383756404796
Mannheim EB,GRC,GRC,1987,vote_intention,1156.7375353865489,1159.6583,TRUE,not_attached_but_voted,136.0224,137,0.11729524119303074
Mannheim EB,GRC,GRC,1988,past_vote,699.4168825817374,700.2747,TRUE,attached_and_no_vote,67.2352,67,0.09601260762383676
Mannheim EB,GRC,GRC,1988,past_vote,699.4168825817374,700.2747,TRUE,attached_and_voted,434.0586,435,0.6198404711750974
Mannheim EB,GRC,GRC,1988,past_vote,699.4168825817374,700.2747,TRUE,dk_attachment_and_no_vote,2.9635,3,0.004231910705898699
Mannheim EB,GRC,GRC,1988,past_vote,699.4168825817374,700.2747,TRUE,dk_attachment_and_voted,5.8822,6,0.008399846517373825
Mannheim EB,GRC,GRC,1988,past_vote,699.4168825817374,700.2747,TRUE,not_attached_and_no_vote,73.3152,73,0.10469491472417895
Mannheim EB,GRC,GRC,1988,past_vote,699.4168825817374,700.2747,TRUE,not_attached_but_voted,116.82,117,0.1668202492536143
Mannheim EB,GRC,GRC,1988,vote_intention,1182.8944237245655,1185.8445,TRUE,attached_and_no_vote,1.1338,1,9.561118679557058e-4
Mannheim EB,GRC,GRC,1988,vote_intention,1182.8944237245655,1185.8445,TRUE,attached_and_voted,951.7355,951,0.8025803551814762
Mannheim EB,GRC,GRC,1988,vote_intention,1182.8944237245655,1185.8445,TRUE,dk_attachment_and_no_vote,1.021,1,8.609897840737128e-4
Mannheim EB,GRC,GRC,1988,vote_intention,1182.8944237245655,1185.8445,TRUE,dk_attachment_and_voted,7.7453,8,0.006531463442297873
Mannheim EB,GRC,GRC,1988,vote_intention,1182.8944237245655,1185.8445,TRUE,not_attached_and_no_vote,16.7917,17,0.014160119644692031
Mannheim EB,GRC,GRC,1988,vote_intention,1182.8944237245655,1185.8445,TRUE,not_attached_but_voted,207.4172,208,0.17491096007950455
Mannheim EB,GRC,GRC,1989,past_vote,1815.7248313789435,2365.6678,TRUE,attached_and_no_vote,193.7712,195,0.08190972544834908
Mannheim EB,GRC,GRC,1989,past_vote,1815.7248313789435,2365.6678,TRUE,attached_and_voted,1675.5487,1679,0.7082772568489962
Mannheim EB,GRC,GRC,1989,past_vote,1815.7248313789435,2365.6678,TRUE,dk_attachment_and_no_vote,18.7177,18,0.007912226729382714
Mannheim EB,GRC,GRC,1989,past_vote,1815.7248313789435,2365.6678,TRUE,dk_attachment_and_voted,24.6925,19,0.01043785606753408
Mannheim EB,GRC,GRC,1989,past_vote,1815.7248313789435,2365.6678,TRUE,not_attached_and_no_vote,175.9894,172,0.0743931163961398
Mannheim EB,GRC,GRC,1989,past_vote,1815.7248313789435,2365.6678,TRUE,not_attached_but_voted,276.9483,288,0.11706981850959801
Mannheim EB,GRC,GRC,1989,vote_intention,2358.190653776516,2938.1218,TRUE,attached_and_no_vote,14.9012,16,0.0050716753811908
Mannheim EB,GRC,GRC,1989,vote_intention,2358.190653776516,2938.1218,TRUE,attached_and_voted,2452.8797,2462,0.8348461592027941
Mannheim EB,GRC,GRC,1989,vote_intention,2358.190653776516,2938.1218,TRUE,dk_attachment_and_no_vote,1.5521,3,5.282626472462782e-4
Mannheim EB,GRC,GRC,1989,vote_intention,2358.190653776516,2938.1218,TRUE,dk_attachment_and_voted,25.7837,21,0.008775572203984191
Mannheim EB,GRC,GRC,1989,vote_intention,2358.190653776516,2938.1218,TRUE,not_attached_and_no_vote,40.3395,48,0.013729689490748818
Mannheim EB,GRC,GRC,1989,vote_intention,2358.190653776516,2938.1218,TRUE,not_attached_but_voted,402.6656,407,0.1370486410740358
Mannheim EB,GRC,GRC,1990,past_vote,1500.7348635632193,1625.794,TRUE,attached_and_no_vote,101.9726,96,0.06272172243223927
Mannheim EB,GRC,GRC,1990,past_vote,1500.7348635632193,1625.794,TRUE,attached_and_voted,1202.0291,1213,0.7393489581090839
Mannheim EB,GRC,GRC,1990,past_vote,1500.7348635632193,1625.794,TRUE,dk_attachment_and_no_vote,14.1512,12,0.008704177774059935
Mannheim EB,GRC,GRC,1990,past_vote,1500.7348635632193,1625.794,TRUE,dk_attachment_and_voted,12.3397,12,0.007589952970671561
Mannheim EB,GRC,GRC,1990,past_vote,1500.7348635632193,1625.794,TRUE,not_attached_and_no_vote,89.568,86,0.05509185050504553
Mannheim EB,GRC,GRC,1990,past_vote,1500.7348635632193,1625.794,TRUE,not_attached_but_voted,205.7334,212,0.12654333820889976
Mannheim EB,GRC,GRC,1990,vote_intention,1379.8434253932305,1489.3215,TRUE,attached_and_no_vote,8.5809,9,0.0057616169510747006
Mannheim EB,GRC,GRC,1990,vote_intention,1379.8434253932305,1489.3215,TRUE,attached_and_voted,1245.3867,1250,0.8362107845753922
Mannheim EB,GRC,GRC,1990,vote_intention,1379.8434253932305,1489.3215,TRUE,dk_attachment_and_no_vote,1.9053,2,0.0012793073893044584
Mannheim EB,GRC,GRC,1990,vote_intention,1379.8434253932305,1489.3215,TRUE,dk_attachment_and_voted,6.2802999999999995,7,0.004216886682962677
Mannheim EB,GRC,GRC,1990,vote_intention,1379.8434253932305,1489.3215,TRUE,not_attached_and_no_vote,22.2901,22,0.01496661399167339
Mannheim EB,GRC,GRC,1990,vote_intention,1379.8434253932305,1489.3215,TRUE,not_attached_but_voted,204.8782,209,0.13756479040959255
Mannheim EB,GRC,GRC,1991,past_vote,1503.0445356168832,1570.3109,TRUE,attached_and_no_vote,98.8948,102,0.06297784725305033
Mannheim EB,GRC,GRC,1991,past_vote,1503.0445356168832,1570.3109,TRUE,attached_and_voted,1057.9425,1069,0.6737153133178915
Mannheim EB,GRC,GRC,1991,past_vote,1503.0445356168832,1570.3109,TRUE,dk_attachment_and_no_vote,15.5834,14,0.009923767325311184
Mannheim EB,GRC,GRC,1991,past_vote,1503.0445356168832,1570.3109,TRUE,dk_attachment_and_voted,14.6481,15,0.009328152788088014
Mannheim EB,GRC,GRC,1991,past_vote,1503.0445356168832,1570.3109,TRUE,not_attached_and_no_vote,109.4898,106,0.06972491880429538
Mannheim EB,GRC,GRC,1991,past_vote,1503.0445356168832,1570.3109,TRUE,not_attached_but_voted,273.7523,273,0.17433000051136371
Mannheim EB,GRC,GRC,1991,vote_intention,1376.9677538533642,1434.3071,TRUE,attached_and_no_vote,21.5566,22,0.015029277900109397
Mannheim EB,GRC,GRC,1991,vote_intention,1376.9677538533642,1434.3071,TRUE,attached_and_voted,1058.0253,1076,0.7376560431165683
Mannheim EB,GRC,GRC,1991,vote_intention,1376.9677538533642,1434.3071,TRUE,dk_attachment_and_no_vote,7.2499,7,0.005054635788946454
Mannheim EB,GRC,GRC,1991,vote_intention,1376.9677538533642,1434.3071,TRUE,dk_attachment_and_voted,14.850900000000001,15,0.010354058764681567
Mannheim EB,GRC,GRC,1991,vote_intention,1376.9677538533642,1434.3071,TRUE,not_attached_and_no_vote,53.3698,51,0.037209465113851835
Mannheim EB,GRC,GRC,1991,vote_intention,1376.9677538533642,1434.3071,TRUE,not_attached_but_voted,279.2546,277,0.19469651931584245
Mannheim EB,GRC,GRC,1992,past_vote,1470.9080310957806,1525.7725,TRUE,attached_and_no_vote,74.6911,77,0.04895297300220053
Mannheim EB,GRC,GRC,1992,past_vote,1470.9080310957806,1525.7725,TRUE,attached_and_voted,986.3383,986,0.6464517482127906
Mannheim EB,GRC,GRC,1992,past_vote,1470.9080310957806,1525.7725,TRUE,dk_attachment_and_no_vote,3.9394,4,0.002581905231612183
Mannheim EB,GRC,GRC,1992,past_vote,1470.9080310957806,1525.7725,TRUE,dk_attachment_and_voted,26.2572,26,0.017209118659564253
Mannheim EB,GRC,GRC,1992,past_vote,1470.9080310957806,1525.7725,TRUE,not_attached_and_no_vote,108.0988,109,0.0708485701505303
Mannheim EB,GRC,GRC,1992,past_vote,1470.9080310957806,1525.7725,TRUE,not_attached_but_voted,326.4477,331,0.21395568474330215
Mannheim EB,GRC,GRC,1992,vote_intention,1410.140235530154,1462.8078,TRUE,attached_and_no_vote,13.5363,15,0.009253642207814314
Mannheim EB,GRC,GRC,1992,vote_intention,1410.140235530154,1462.8078,TRUE,attached_and_voted,1004.4016,1005,0.686625816460645
Mannheim EB,GRC,GRC,1992,vote_intention,1410.140235530154,1462.8078,TRUE,dk_attachment_and_no_vote,4.8461,5,0.003312875416715716
Mannheim EB,GRC,GRC,1992,vote_intention,1410.140235530154,1462.8078,TRUE,dk_attachment_and_voted,23.303,23,0.015930322493495044
Mannheim EB,GRC,GRC,1992,vote_intention,1410.140235530154,1462.8078,TRUE,not_attached_and_no_vote,57.2936,57,0.03916686799181683
Mannheim EB,GRC,GRC,1992,vote_intention,1410.140235530154,1462.8078,TRUE,not_attached_but_voted,359.4272,365,0.24571047542951305
Mannheim EB,GRC,GRC,1993,past_vote,1421.0183528257999,1469.3425,TRUE,attached_and_no_vote,60.8091,59,0.04138524544141342
Mannheim EB,GRC,GRC,1993,past_vote,1421.0183528257999,1469.3425,TRUE,attached_and_voted,1034.1655,1039,0.7038287533369518
Mannheim EB,GRC,GRC,1993,past_vote,1421.0183528257999,1469.3425,TRUE,dk_attachment_and_no_vote,6.1116,6,0.004159411437428646
Mannheim EB,GRC,GRC,1993,past_vote,1421.0183528257999,1469.3425,TRUE,dk_attachment_and_voted,5.6056,5,0.0038150397201469365
Mannheim EB,GRC,GRC,1993,past_vote,1421.0183528257999,1469.3425,TRUE,not_attached_and_no_vote,104.4721,107,0.07110125787554637
Mannheim EB,GRC,GRC,1993,past_vote,1421.0183528257999,1469.3425,TRUE,not_attached_but_voted,258.1786,262,0.17571029218851292
Mannheim EB,GRC,GRC,1993,vote_intention,1389.2999664643512,1433.9868,TRUE,attached_and_no_vote,7.345999999999999,7,0.005122780767577498
Mannheim EB,GRC,GRC,1993,vote_intention,1389.2999664643512,1433.9868,TRUE,attached_and_voted,1082.3015,1087,0.754749973988603
Mannheim EB,GRC,GRC,1993,vote_intention,1389.2999664643512,1433.9868,TRUE,dk_attachment_and_no_vote,1.1307,1,7.885009820174077e-4
Mannheim EB,GRC,GRC,1993,vote_intention,1389.2999664643512,1433.9868,TRUE,dk_attachment_and_voted,7.7081,7,0.0053752935522140095
Mannheim EB,GRC,GRC,1993,vote_intention,1389.2999664643512,1433.9868,TRUE,not_attached_and_no_vote,54.1845,57,0.03778591267367315
Mannheim EB,GRC,GRC,1993,vote_intention,1389.2999664643512,1433.9868,TRUE,not_attached_but_voted,281.316,286,0.19617753803591498
Mannheim EB,GRC,GRC,1994,past_vote,2226.4486387568136,2310.8201,TRUE,attached_and_no_vote,82.1074,91,0.03553171447660508
Mannheim EB,GRC,GRC,1994,past_vote,2226.4486387568136,2310.8201,TRUE,attached_and_voted,1689.9643,1687,0.7313266402694005
Mannheim EB,GRC,GRC,1994,past_vote,2226.4486387568136,2310.8201,TRUE,dk_attachment_and_no_vote,3.0318,3,0.0013120017434503015
Mannheim EB,GRC,GRC,1994,past_vote,2226.4486387568136,2310.8201,TRUE,dk_attachment_and_voted,5.0543,5,0.002187232143255115
Mannheim EB,GRC,GRC,1994,past_vote,2226.4486387568136,2310.8201,TRUE,not_attached_and_no_vote,123.4422,125,0.05341921683994354
Mannheim EB,GRC,GRC,1994,past_vote,2226.4486387568136,2310.8201,TRUE,not_attached_but_voted,407.2201,415,0.17622319452734553
Mannheim EB,GRC,GRC,1994,vote_intention,2119.1228919972796,2205.9829,TRUE,attached_and_no_vote,37.705,37,0.01709215425015307
Mannheim EB,GRC,GRC,1994,vote_intention,2119.1228919972796,2205.9829,TRUE,attached_and_voted,1720.6278,1723,0.7799823833629898
Mannheim EB,GRC,GRC,1994,vote_intention,2119.1228919972796,2205.9829,TRUE,dk_attachment_and_no_vote,0.9825,1,4.4537969899948e-4
Mannheim EB,GRC,GRC,1994,vote_intention,2119.1228919972796,2205.9829,TRUE,dk_attachment_and_voted,5.9616999999999996,6,0.0027025141491350633
Mannheim EB,GRC,GRC,1994,vote_intention,2119.1228919972796,2205.9829,TRUE,not_attached_and_no_vote,63.0671,63,0.028589115536661686
Mannheim EB,GRC,GRC,1994,vote_intention,2119.1228919972796,2205.9829,TRUE,not_attached_but_voted,377.6388,386,0.1711884530020609
Mannheim EB,IRL,IRL,1975,vote_intention,605.6853092043185,636.8593,FALSE,attached_and_voted,300.6459,308,0.4720758572576392
Mannheim EB,IRL,IRL,1975,vote_intention,605.6853092043185,636.8593,FALSE,dk_attachment_and_voted,11.3803,11,0.017869410087911097
Mannheim EB,IRL,IRL,1975,vote_intention,605.6853092043185,636.8593,FALSE,not_attached_but_voted,324.8331,319,0.5100547326544498
Mannheim EB,IRL,IRL,1976,vote_intention,1287.3574194517723,1359.0998,FALSE,attached_and_voted,999.6385,1015,0.7355151549577155
Mannheim EB,IRL,IRL,1976,vote_intention,1287.3574194517723,1359.0998,FALSE,dk_attachment_and_voted,32.2261,31,0.023711356590590333
Mannheim EB,IRL,IRL,1976,vote_intention,1287.3574194517723,1359.0998,FALSE,not_attached_but_voted,327.2352,316,0.2407734884516943
Mannheim EB,IRL,IRL,1977,vote_intention,1581.9587603383402,1735.0316,FALSE,attached_and_voted,1062.3728,1047,0.6123074646017975
Mannheim EB,IRL,IRL,1977,vote_intention,1581.9587603383402,1735.0316,FALSE,dk_attachment_and_voted,26.1143,27,0.01505119560934798
Mannheim EB,IRL,IRL,1977,vote_intention,1581.9587603383402,1735.0316,FALSE,not_attached_but_voted,646.5445,656,0.37264133978885455
Mannheim EB,IRL,IRL,1978,vote_intention,1366.3792457436477,1458.4337,FALSE,attached_and_voted,1035.8825,1038,0.7102705457231274
Mannheim EB,IRL,IRL,1978,vote_intention,1366.3792457436477,1458.4337,FALSE,dk_attachment_and_voted,33.7912,34,0.023169513979277908
Mannheim EB,IRL,IRL,1978,vote_intention,1366.3792457436477,1458.4337,FALSE,not_attached_but_voted,388.76,394,0.2665599402975946
Mannheim EB,IRL,IRL,1979,vote_intention,1243.6380304823435,1350.0387,FALSE,attached_and_voted,1013.2828,1008,0.7505583358462242
Mannheim EB,IRL,IRL,1979,vote_intention,1243.6380304823435,1350.0387,FALSE,dk_attachment_and_voted,17.5939,17,0.01303214493036385
Mannheim EB,IRL,IRL,1979,vote_intention,1243.6380304823435,1350.0387,FALSE,not_attached_but_voted,319.162,317,0.23640951922341186
Mannheim EB,IRL,IRL,1980,vote_intention,772.4727624118425,927.0301000000001,TRUE,attached_and_voted,530.2829,543,0.5720233895317962
Mannheim EB,IRL,IRL,1980,vote_intention,772.4727624118425,927.0301000000001,TRUE,dk_attachment_and_voted,17.6069,18,0.01899280293056288
Mannheim EB,IRL,IRL,1980,vote_intention,772.4727624118425,927.0301000000001,TRUE,not_attached_but_voted,379.1403,374,0.4089838075376409
Mannheim EB,IRL,IRL,1981,vote_intention,1249.3505260179772,1778.4595,TRUE,attached_and_voted,998.6943,982,0.5615502067941385
Mannheim EB,IRL,IRL,1981,vote_intention,1249.3505260179772,1778.4595,TRUE,dk_attachment_and_voted,119.3626,123,0.06711572571655414
Mannheim EB,IRL,IRL,1981,vote_intention,1249.3505260179772,1778.4595,TRUE,not_attached_but_voted,660.4026,656,0.3713340674893075
Mannheim EB,IRL,IRL,1982,vote_intention,1515.192140811938,1767.065,TRUE,attached_and_voted,926.4391,951,0.5242812799755527
Mannheim EB,IRL,IRL,1982,vote_intention,1515.192140811938,1767.065,TRUE,dk_attachment_and_voted,33.7381,29,0.019092732864948374
Mannheim EB,IRL,IRL,1982,vote_intention,1515.192140811938,1767.065,TRUE,not_attached_but_voted,806.8878,788,0.4566259871594989
Mannheim EB,IRL,IRL,1983,vote_intention,1317.3403904858621,1609.7077,TRUE,attached_and_voted,920.6596,928,0.571942098556154
Mannheim EB,IRL,IRL,1983,vote_intention,1317.3403904858621,1609.7077,TRUE,dk_attachment_and_voted,37.3526,37,0.02320458552816763
Mannheim EB,IRL,IRL,1983,vote_intention,1317.3403904858621,1609.7077,TRUE,not_attached_but_voted,651.6955,642,0.4048533159156784
Mannheim EB,IRL,IRL,1984,vote_intention,1162.6675102602876,1403.5132,TRUE,attached_and_no_vote,7.8508,7,0.005593677351947954
Mannheim EB,IRL,IRL,1984,vote_intention,1162.6675102602876,1403.5132,TRUE,attached_and_voted,769.6552,785,0.5483775998686724
Mannheim EB,IRL,IRL,1984,vote_intention,1162.6675102602876,1403.5132,TRUE,dk_attachment_and_no_vote,5.688899999999999,5,0.004053328461748703
Mannheim EB,IRL,IRL,1984,vote_intention,1162.6675102602876,1403.5132,TRUE,dk_attachment_and_voted,13.8686,15,0.009881346324352346
Mannheim EB,IRL,IRL,1984,vote_intention,1162.6675102602876,1403.5132,TRUE,not_attached_and_no_vote,52.5349,49,0.03743099815520082
Mannheim EB,IRL,IRL,1984,vote_intention,1162.6675102602876,1403.5132,TRUE,not_attached_but_voted,553.9148,547,0.39466304983807776
Mannheim EB,IRL,IRL,1985,vote_intention,1117.0520027283883,1361.8425,TRUE,attached_and_voted,769.1126,783,0.5647588469298028
Mannheim EB,IRL,IRL,1985,vote_intention,1117.0520027283883,1361.8425,TRUE,dk_attachment_and_voted,31.4563,28,0.023098339198549023
Mannheim EB,IRL,IRL,1985,vote_intention,1117.0520027283883,1361.8425,TRUE,not_attached_but_voted,561.2736,548,0.41214281387164814
Mannheim EB,IRL,IRL,1986,vote_intention,1090.1957071082131,1376.9779,TRUE,attached_and_no_vote,10.8244,13,0.007860983099293024
Mannheim EB,IRL,IRL,1986,vote_intention,1090.1957071082131,1376.9779,TRUE,attached_and_voted,691.2171,686,0.5019812591037227
Mannheim EB,IRL,IRL,1986,vote_intention,1090.1957071082131,1376.9779,TRUE,dk_attachment_and_no_vote,0.8062,1,5.854850684241192e-4
Mannheim EB,IRL,IRL,1986,vote_intention,1090.1957071082131,1376.9779,TRUE,dk_attachment_and_voted,24.8932,26,0.018078140542415386
Mannheim EB,IRL,IRL,1986,vote_intention,1090.1957071082131,1376.9779,TRUE,not_attached_and_no_vote,22.663600000000002,23,0.01645894244199562
Mannheim EB,IRL,IRL,1986,vote_intention,1090.1957071082131,1376.9779,TRUE,not_attached_but_voted,626.5734,618,0.4550351897441491
Mannheim EB,IRL,IRL,1987,vote_intention,1274.5518736779388,1471.6835,TRUE,attached_and_no_vote,20.1482,20,0.013690579530177513
Mannheim EB,IRL,IRL,1987,vote_intention,1274.5518736779388,1471.6835,TRUE,attached_and_voted,695.6841000000001,706,0.4727131207219487
Mannheim EB,IRL,IRL,1987,vote_intention,1274.5518736779388,1471.6835,TRUE,dk_attachment_and_no_vote,8.1783,10,0.005557105179204632
Mannheim EB,IRL,IRL,1987,vote_intention,1274.5518736779388,1471.6835,TRUE,dk_attachment_and_voted,50.9209,48,0.03460044228259677
Mannheim EB,IRL,IRL,1987,vote_intention,1274.5518736779388,1471.6835,TRUE,not_attached_and_no_vote,119.9867,126,0.08153023391238673
Mannheim EB,IRL,IRL,1987,vote_intention,1274.5518736779388,1471.6835,TRUE,not_attached_but_voted,576.7653,581,0.3919085183736856
Mannheim EB,IRL,IRL,1988,past_vote,766.5564938162877,888.6483,TRUE,attached_and_voted,397.4323,391,0.44723238653582076
Mannheim EB,IRL,IRL,1988,past_vote,766.5564938162877,888.6483,TRUE,dk_attachment_and_voted,18.906,16,0.021275008346946706
Mannheim EB,IRL,IRL,1988,past_vote,766.5564938162877,888.6483,TRUE,not_attached_but_voted,472.31,482,0.5314926051172326
Mannheim EB,IRL,IRL,1988,vote_intention,1353.4879118996462,1680.7967,TRUE,attached_and_no_vote,9.3679,10,0.0055734878584661664
Mannheim EB,IRL,IRL,1988,vote_intention,1353.4879118996462,1680.7967,TRUE,attached_and_voted,756.196,753,0.44990331073353484
Mannheim EB,IRL,IRL,1988,vote_intention,1353.4879118996462,1680.7967,TRUE,dk_attachment_and_no_vote,7.6749,7,0.004566227432502693
Mannheim EB,IRL,IRL,1988,vote_intention,1353.4879118996462,1680.7967,TRUE,dk_attachment_and_voted,18.0345,16,0.010729733108114741
Mannheim EB,IRL,IRL,1988,vote_intention,1353.4879118996462,1680.7967,TRUE,not_attached_and_no_vote,172.3342,174,0.10253125794452118
Mannheim EB,IRL,IRL,1988,vote_intention,1353.4879118996462,1680.7967,TRUE,not_attached_but_voted,717.1892,705,0.4266959829228603
Mannheim EB,IRL,IRL,1989,past_vote,2358.2159186130457,2730.9887,TRUE,attached_and_no_vote,94.0936,84,0.03445404223020036
Mannheim EB,IRL,IRL,1989,past_vote,2358.2159186130457,2730.9887,TRUE,attached_and_voted,1066.9318,1073,0.39067602147163777
Mannheim EB,IRL,IRL,1989,past_vote,2358.2159186130457,2730.9887,TRUE,dk_attachment_and_no_vote,28.7351,25,0.010521867043975685
Mannheim EB,IRL,IRL,1989,past_vote,2358.2159186130457,2730.9887,TRUE,dk_attachment_and_voted,55.6914,57,0.020392394886145082
Mannheim EB,IRL,IRL,1989,past_vote,2358.2159186130457,2730.9887,TRUE,not_attached_and_no_vote,335.9789,307,0.12302463939158738
Mannheim EB,IRL,IRL,1989,past_vote,2358.2159186130457,2730.9887,TRUE,not_attached_but_voted,1149.5579,1163,0.4209310349764538
Mannheim EB,IRL,IRL,1989,vote_intention,2907.516734890455,3296.3858,TRUE,attached_and_no_vote,15.1125,15,0.004584566527376741
Mannheim EB,IRL,IRL,1989,vote_intention,2907.516734890455,3296.3858,TRUE,attached_and_voted,1395.3349,1383,0.42329235249102215
Mannheim EB,IRL,IRL,1989,vote_intention,2907.516734890455,3296.3858,TRUE,dk_attachment_and_no_vote,11.4415,10,0.003470922608633977
Mannheim EB,IRL,IRL,1989,vote_intention,2907.516734890455,3296.3858,TRUE,dk_attachment_and_voted,88.5707,89,0.026869033351618006
Mannheim EB,IRL,IRL,1989,vote_intention,2907.516734890455,3296.3858,TRUE,not_attached_and_no_vote,218.8727,215,0.06639778025982275
Mannheim EB,IRL,IRL,1989,vote_intention,2907.516734890455,3296.3858,TRUE,not_attached_but_voted,1567.0535,1553,0.4753853447615264
Mannheim EB,IRL,IRL,1990,past_vote,1577.1437631401352,1736.5214,TRUE,attached_and_no_vote,41.3771,42,0.02382757851414903
Mannheim EB,IRL,IRL,1990,past_vote,1577.1437631401352,1736.5214,TRUE,attached_and_voted,682.0225,679,0.3927521423001179
Mannheim EB,IRL,IRL,1990,past_vote,1577.1437631401352,1736.5214,TRUE,dk_attachment_and_no_vote,18.1849,20,0.010472027583420508
Mannheim EB,IRL,IRL,1990,past_vote,1577.1437631401352,1736.5214,TRUE,dk_attachment_and_voted,30.8647,32,0.0177738667660531
Mannheim EB,IRL,IRL,1990,past_vote,1577.1437631401352,1736.5214,TRUE,not_attached_and_no_vote,248.7882,255,0.14326814515502082
Mannheim EB,IRL,IRL,1990,past_vote,1577.1437631401352,1736.5214,TRUE,not_attached_but_voted,715.284,750,0.4119062396812386
Mannheim EB,IRL,IRL,1990,vote_intention,1388.082271923478,1539.5412,TRUE,attached_and_no_vote,9.0166,10,0.0058566798991803535
Mannheim EB,IRL,IRL,1990,vote_intention,1388.082271923478,1539.5412,TRUE,attached_and_voted,707.442,699,0.45951482168843555
Mannheim EB,IRL,IRL,1990,vote_intention,1388.082271923478,1539.5412,TRUE,dk_attachment_and_no_vote,1.9545,2,0.0012695340663828939
Mannheim EB,IRL,IRL,1990,vote_intention,1388.082271923478,1539.5412,TRUE,dk_attachment_and_voted,24.9414,27,0.016200540784488265
Mannheim EB,IRL,IRL,1990,vote_intention,1388.082271923478,1539.5412,TRUE,not_attached_and_no_vote,87.7157,89,0.05697522092945613
Mannheim EB,IRL,IRL,1990,vote_intention,1388.082271923478,1539.5412,TRUE,not_attached_but_voted,708.471,736,0.4601832026320569
Mannheim EB,IRL,IRL,1991,past_vote,1665.9579667529213,1801.9283,TRUE,attached_and_no_vote,57.8831,58,0.032122865266059696
Mannheim EB,IRL,IRL,1991,past_vote,1665.9579667529213,1801.9283,TRUE,attached_and_voted,567.5105,576,0.31494621622847035
Mannheim EB,IRL,IRL,1991,past_vote,1665.9579667529213,1801.9283,TRUE,dk_attachment_and_no_vote,17.377299999999998,18,0.009643724447859551
Mannheim EB,IRL,IRL,1991,past_vote,1665.9579667529213,1801.9283,TRUE,dk_attachment_and_voted,24.3065,24,0.013489160473255234
Mannheim EB,IRL,IRL,1991,past_vote,1665.9579667529213,1801.9283,TRUE,not_attached_and_no_vote,348.5333,345,0.19342240199013466
Mannheim EB,IRL,IRL,1991,past_vote,1665.9579667529213,1801.9283,TRUE,not_attached_but_voted,786.3176,803,0.43637563159422044
Mannheim EB,IRL,IRL,1991,vote_intention,1378.9336886121744,1487.8549,TRUE,attached_and_no_vote,5.459,5,0.0036690405764701916
Mannheim EB,IRL,IRL,1991,vote_intention,1378.9336886121744,1487.8549,TRUE,attached_and_voted,598.6189,608,0.4023368811031237
Mannheim EB,IRL,IRL,1991,vote_intention,1378.9336886121744,1487.8549,TRUE,dk_attachment_and_no_vote,4.8444,5,0.0032559626614127495
Mannheim EB,IRL,IRL,1991,vote_intention,1378.9336886121744,1487.8549,TRUE,dk_attachment_and_voted,20.5916,22,0.013839790425800257
Mannheim EB,IRL,IRL,1991,vote_intention,1378.9336886121744,1487.8549,TRUE,not_attached_and_no_vote,114.355,116,0.07685897327756894
Mannheim EB,IRL,IRL,1991,vote_intention,1378.9336886121744,1487.8549,TRUE,not_attached_but_voted,743.986,755,0.5000393519556241
Mannheim EB,IRL,IRL,1992,past_vote,1568.0968244857754,1762.684,TRUE,attached_and_no_vote,45.7581,44,0.025959332472524854
Mannheim EB,IRL,IRL,1992,past_vote,1568.0968244857754,1762.684,TRUE,attached_and_voted,588.7869000000001,593,0.33402861772161097
Mannheim EB,IRL,IRL,1992,past_vote,1568.0968244857754,1762.684,TRUE,dk_attachment_and_no_vote,23.115,21,0.01311352460225429
Mannheim EB,IRL,IRL,1992,past_vote,1568.0968244857754,1762.684,TRUE,dk_attachment_and_voted,33.1165,28,0.018787542179993694
Mannheim EB,IRL,IRL,1992,past_vote,1568.0968244857754,1762.684,TRUE,not_attached_and_no_vote,312.2464,300,0.1771425848308602
Mannheim EB,IRL,IRL,1992,past_vote,1568.0968244857754,1762.684,TRUE,not_attached_but_voted,759.6611,785,0.43096839819275606
Mannheim EB,IRL,IRL,1992,vote_intention,1290.9983528515218,1448.1486,TRUE,attached_and_no_vote,2.5667999999999997,3,0.0017724700351883776
Mannheim EB,IRL,IRL,1992,vote_intention,1290.9983528515218,1448.1486,TRUE,attached_and_voted,608.3099,605,0.4200604136895896
Mannheim EB,IRL,IRL,1992,vote_intention,1290.9983528515218,1448.1486,TRUE,dk_attachment_and_no_vote,4.7443,5,0.003276114067299447
Mannheim EB,IRL,IRL,1992,vote_intention,1290.9983528515218,1448.1486,TRUE,dk_attachment_and_voted,29.1405,25,0.02012258962926871
Mannheim EB,IRL,IRL,1992,vote_intention,1290.9983528515218,1448.1486,TRUE,not_attached_and_no_vote,98.6531,100,0.06812360278496281
Mannheim EB,IRL,IRL,1992,vote_intention,1290.9983528515218,1448.1486,TRUE,not_attached_but_voted,704.734,724,0.48664480979369107
Mannheim EB,IRL,IRL,1993,past_vote,1661.8696041975363,1799.0126,TRUE,attached_and_no_vote,40.7009,38,0.022624021643872866
Mannheim EB,IRL,IRL,1993,past_vote,1661.8696041975363,1799.0126,TRUE,attached_and_voted,605.0461,606,0.3363212130921151
Mannheim EB,IRL,IRL,1993,past_vote,1661.8696041975363,1799.0126,TRUE,dk_attachment_and_no_vote,19.779700000000002,20,0.010994753455312098
Mannheim EB,IRL,IRL,1993,past_vote,1661.8696041975363,1799.0126,TRUE,dk_attachment_and_voted,28.6683,29,0.015935574881465533
Mannheim EB,IRL,IRL,1993,past_vote,1661.8696041975363,1799.0126,TRUE,not_attached_and_no_vote,272.8153,279,0.1516472424929097
Mannheim EB,IRL,IRL,1993,past_vote,1661.8696041975363,1799.0126,TRUE,not_attached_but_voted,832.0023,838,0.46247719443432467
Mannheim EB,IRL,IRL,1993,vote_intention,1305.6367876777376,1417.7938,TRUE,attached_and_no_vote,1.6166,2,0.0011402222241344265
Mannheim EB,IRL,IRL,1993,vote_intention,1305.6367876777376,1417.7938,TRUE,attached_and_voted,619.4503,618,0.4369114182894579
Mannheim EB,IRL,IRL,1993,vote_intention,1305.6367876777376,1417.7938,TRUE,dk_attachment_and_no_vote,8.9328,8,0.006300493061826057
Mannheim EB,IRL,IRL,1993,vote_intention,1305.6367876777376,1417.7938,TRUE,dk_attachment_and_voted,20.156,20,0.014216453760765493
Mannheim EB,IRL,IRL,1993,vote_intention,1305.6367876777376,1417.7938,TRUE,not_attached_and_no_vote,79.6604,82,0.056186167551304005
Mannheim EB,IRL,IRL,1993,vote_intention,1305.6367876777376,1417.7938,TRUE,not_attached_but_voted,687.9777,698,0.48524524511251216
Mannheim EB,IRL,IRL,1994,past_vote,2100.932771333007,2248.3053,TRUE,attached_and_no_vote,24.6937,29,0.010983250361950398
Mannheim EB,IRL,IRL,1994,past_vote,2100.932771333007,2248.3053,TRUE,attached_and_voted,947.5758,968,0.42146224536320753
Mannheim EB,IRL,IRL,1994,past_vote,2100.932771333007,2248.3053,TRUE,dk_attachment_and_no_vote,15.6541,15,0.006962622024686772
Mannheim EB,IRL,IRL,1994,past_vote,2100.932771333007,2248.3053,TRUE,dk_attachment_and_voted,21.4302,22,0.009531712619278173
Mannheim EB,IRL,IRL,1994,past_vote,2100.932771333007,2248.3053,TRUE,not_attached_and_no_vote,164.836,192,0.07331566580392797
Mannheim EB,IRL,IRL,1994,past_vote,2100.932771333007,2248.3053,TRUE,not_attached_but_voted,1074.1155,1096,0.47774450382694916
Mannheim EB,IRL,IRL,1994,vote_intention,2107.637907501706,2278.2067,TRUE,attached_and_no_vote,16.0909,16,0.007062967552505223
Mannheim EB,IRL,IRL,1994,vote_intention,2107.637907501706,2278.2067,TRUE,attached_and_voted,991.1688,1012,0.43506535205958263
Mannheim EB,IRL,IRL,1994,vote_intention,2107.637907501706,2278.2067,TRUE,dk_attachment_and_no_vote,11.0384,11,0.004845214439936464
Mannheim EB,IRL,IRL,1994,vote_intention,2107.637907501706,2278.2067,TRUE,dk_attachment_and_voted,21.5811,23,0.00947284546217865
Mannheim EB,IRL,IRL,1994,vote_intention,2107.637907501706,2278.2067,TRUE,not_attached_and_no_vote,161.6566,167,0.07095782836561756
Mannheim EB,IRL,IRL,1994,vote_intention,2107.637907501706,2278.2067,TRUE,not_attached_but_voted,1076.6709,1082,0.47259579212017944
Mannheim EB,ITA,ITA,1975,vote_intention,570.9549587653423,654.9852,FALSE,attached_and_voted,594.1506,593,0.9071206494436822
Mannheim EB,ITA,ITA,1975,vote_intention,570.9549587653423,654.9852,FALSE,dk_attachment_and_voted,7.9027,8,0.012065463463907277
Mannheim EB,ITA,ITA,1975,vote_intention,570.9549587653423,654.9852,FALSE,not_attached_but_voted,52.9319,58,0.08081388709241064
Mannheim EB,ITA,ITA,1976,vote_intention,904.6187763393737,1301.5733,FALSE,attached_and_voted,1161.6261,1128,0.8924784336003204
Mannheim EB,ITA,ITA,1976,vote_intention,904.6187763393737,1301.5733,FALSE,dk_attachment_and_voted,41.135,38,0.03160405948708382
Mannheim EB,ITA,ITA,1976,vote_intention,904.6187763393737,1301.5733,FALSE,not_attached_but_voted,98.8122,103,0.0759175069125957
Mannheim EB,ITA,ITA,1977,vote_intention,1407.7978035400506,1787.1806,FALSE,attached_and_voted,1405.6241,1397,0.7865036695228227
Mannheim EB,ITA,ITA,1977,vote_intention,1407.7978035400506,1787.1806,FALSE,dk_attachment_and_voted,19.4491,18,0.010882559938262535
Mannheim EB,ITA,ITA,1977,vote_intention,1407.7978035400506,1787.1806,FALSE,not_attached_but_voted,362.1074,364,0.20261377053891477
Mannheim EB,ITA,ITA,1978,vote_intention,1259.324714277466,1659.1408,FALSE,attached_and_voted,1414.8294,1399,0.8527482417405443
Mannheim EB,ITA,ITA,1978,vote_intention,1259.324714277466,1659.1408,FALSE,dk_attachment_and_voted,12.7228,15,0.00766830639087412
Mannheim EB,ITA,ITA,1978,vote_intention,1259.324714277466,1659.1408,FALSE,not_attached_but_voted,231.5886,236,0.13958345186858165
Mannheim EB,ITA,ITA,1979,past_vote,748.9652872529963,829.5903,TRUE,attached_and_voted,698.7839,694,0.8423240966052762
Mannheim EB,ITA,ITA,1979,past_vote,748.9652872529963,829.5903,TRUE,dk_attachment_and_voted,7.6654,8,0.009239982675785867
Mannheim EB,ITA,ITA,1979,past_vote,748.9652872529963,829.5903,TRUE,not_attached_but_voted,123.141,122,0.14843592071893802
Mannheim EB,ITA,ITA,1979,vote_intention,1403.8757071059433,1777.1239,FALSE,attached_and_voted,1614.8079,1583,0.9086636559217959
Mannheim EB,ITA,ITA,1979,vote_intention,1403.8757071059433,1777.1239,FALSE,dk_attachment_and_voted,12.4414,12,0.007000862460968534
Mannheim EB,ITA,ITA,1979,vote_intention,1403.8757071059433,1777.1239,FALSE,not_attached_but_voted,149.87460000000002,154,0.08433548161723559
Mannheim EB,ITA,ITA,1980,vote_intention,674.4081092139564,1008.1288,TRUE,attached_and_voted,722.1176,697,0.716294981355557
Mannheim EB,ITA,ITA,1980,vote_intention,674.4081092139564,1008.1288,TRUE,dk_attachment_and_voted,16.4765,17,0.016343645772246566
Mannheim EB,ITA,ITA,1980,vote_intention,674.4081092139564,1008.1288,TRUE,not_attached_but_voted,269.5347,286,0.26736137287219647
Mannheim EB,ITA,ITA,1981,vote_intention,1791.980112752699,2021.639,TRUE,attached_and_voted,1498.7111,1497,0.741334679435844
Mannheim EB,ITA,ITA,1981,vote_intention,1791.980112752699,2021.639,TRUE,dk_attachment_and_voted,244.2808,236,0.12083304684961065
Mannheim EB,ITA,ITA,1981,vote_intention,1791.980112752699,2021.639,TRUE,not_attached_but_voted,278.6471,281,0.13783227371454548
Mannheim EB,ITA,ITA,1982,vote_intention,1613.9354701668196,1833.3036,TRUE,attached_and_voted,1225.1549,1232,0.6682771473311895
Mannheim EB,ITA,ITA,1982,vote_intention,1613.9354701668196,1833.3036,TRUE,dk_attachment_and_voted,69.2631,64,0.03778048545805506
Mannheim EB,ITA,ITA,1982,vote_intention,1613.9354701668196,1833.3036,TRUE,not_attached_but_voted,538.8856,540,0.29394236721075545
Mannheim EB,ITA,ITA,1983,vote_intention,1437.9926818034098,1818.0786,TRUE,attached_and_voted,1291.3901,1294,0.7103048790079813
Mannheim EB,ITA,ITA,1983,vote_intention,1437.9926818034098,1818.0786,TRUE,dk_attachment_and_voted,44.0415,43,0.024224200207845797
Mannheim EB,ITA,ITA,1983,vote_intention,1437.9926818034098,1818.0786,TRUE,not_attached_but_voted,482.647,481,0.2654709207841729
Mannheim EB,ITA,ITA,1984,vote_intention,1428.5530109801862,1695.5949,TRUE,attached_and_voted,1228.7158,1229,0.7246517431728533
Mannheim EB,ITA,ITA,1984,vote_intention,1428.5530109801862,1695.5949,TRUE,dk_attachment_and_voted,43.3976,39,0.025594320907664912
Mannheim EB,ITA,ITA,1984,vote_intention,1428.5530109801862,1695.5949,TRUE,not_attached_but_voted,423.4815,417,0.2497539359194817
Mannheim EB,ITA,ITA,1985,vote_intention,1184.5454079948286,1789.3524,TRUE,attached_and_voted,1236.6586,1227,0.691120765255631
Mannheim EB,ITA,ITA,1985,vote_intention,1184.5454079948286,1789.3524,TRUE,dk_attachment_and_voted,40.371,44,0.02256179386464064
Mannheim EB,ITA,ITA,1985,vote_intention,1184.5454079948286,1789.3524,TRUE,not_attached_but_voted,512.3228,516,0.2863174408797283
Mannheim EB,ITA,ITA,1986,vote_intention,1302.635513653421,1833.5241,TRUE,attached_and_voted,1217.6829,1225,0.6641215678594026
Mannheim EB,ITA,ITA,1986,vote_intention,1302.635513653421,1833.5241,TRUE,dk_attachment_and_voted,60.6829,53,0.03309631981384918
Mannheim EB,ITA,ITA,1986,vote_intention,1302.635513653421,1833.5241,TRUE,not_attached_but_voted,555.1583,551,0.3027821123267483
Mannheim EB,ITA,ITA,1987,vote_intention,995.2443384425608,1646.0465,TRUE,attached_and_voted,1113.6285,1087,0.6765474122389618
Mannheim EB,ITA,ITA,1987,vote_intention,995.2443384425608,1646.0465,TRUE,dk_attachment_and_voted,37.3786,37,0.022708106970246587
Mannheim EB,ITA,ITA,1987,vote_intention,995.2443384425608,1646.0465,TRUE,not_attached_but_voted,495.0394,500,0.30074448079079175
Mannheim EB,ITA,ITA,1988,past_vote,568.5622121012324,767.9314,TRUE,attached_and_no_vote,63.0054,60,0.08204560980316732
Mannheim EB,ITA,ITA,1988,past_vote,568.5622121012324,767.9314,TRUE,attached_and_voted,543.9597,553,0.7083441307387612
Mannheim EB,ITA,ITA,1988,past_vote,568.5622121012324,767.9314,TRUE,dk_attachment_and_no_vote,5.0709,6,0.006603324203177523
Mannheim EB,ITA,ITA,1988,past_vote,568.5622121012324,767.9314,TRUE,dk_attachment_and_voted,7.759799999999999,9,0.010104808840998035
Mannheim EB,ITA,ITA,1988,past_vote,568.5622121012324,767.9314,TRUE,not_attached_and_no_vote,47.1176,46,0.061356522210187
Mannheim EB,ITA,ITA,1988,past_vote,568.5622121012324,767.9314,TRUE,not_attached_but_voted,101.018,97,0.1315456042037088
Mannheim EB,ITA,ITA,1988,vote_intention,1094.4511790077868,1518.3602,TRUE,attached_and_no_vote,2.6351999999999998,3,0.0017355565563428228
Mannheim EB,ITA,ITA,1988,vote_intention,1094.4511790077868,1518.3602,TRUE,attached_and_voted,1162.8228,1184,0.7658412015804944
Mannheim EB,ITA,ITA,1988,vote_intention,1094.4511790077868,1518.3602,TRUE,dk_attachment_and_no_vote,0.7602,1,5.006717114950721e-4
Mannheim EB,ITA,ITA,1988,vote_intention,1094.4511790077868,1518.3602,TRUE,dk_attachment_and_voted,14.454699999999999,16,0.00951994131563775
Mannheim EB,ITA,ITA,1988,vote_intention,1094.4511790077868,1518.3602,TRUE,not_attached_and_no_vote,10.958,14,0.007216996335915549
Mannheim EB,ITA,ITA,1988,vote_intention,1094.4511790077868,1518.3602,TRUE,not_attached_but_voted,326.7293,320,0.21518563250011427
Mannheim EB,ITA,ITA,1989,past_vote,1665.340014360698,2153.468,TRUE,attached_and_no_vote,183.2909,192,0.08511429006607017
Mannheim EB,ITA,ITA,1989,past_vote,1665.340014360698,2153.468,TRUE,attached_and_voted,1438.6064,1437,0.6680416890336889
Mannheim EB,ITA,ITA,1989,past_vote,1665.340014360698,2153.468,TRUE,dk_attachment_and_no_vote,31.7687,32,0.014752343661479995
Mannheim EB,ITA,ITA,1989,past_vote,1665.340014360698,2153.468,TRUE,dk_attachment_and_voted,19.6444,19,0.009122215886189161
Mannheim EB,ITA,ITA,1989,past_vote,1665.340014360698,2153.468,TRUE,not_attached_and_no_vote,176.7229,183,0.082064326008094865
Mannheim EB,ITA,ITA,1989,past_vote,1665.340014360698,2153.468,TRUE,not_attached_but_voted,303.4347,319,0.14090513534447693
Mannheim EB,ITA,ITA,1989,vote_intention,2103.7424661425885,2674.1819,TRUE,attached_and_no_vote,17.9803,20,0.0067236637866706075
Mannheim EB,ITA,ITA,1989,vote_intention,2103.7424661425885,2674.1819,TRUE,attached_and_voted,2090.5555,2098,0.7817551603352038
Mannheim EB,ITA,ITA,1989,vote_intention,2103.7424661425885,2674.1819,TRUE,dk_attachment_and_no_vote,5.2873,7,0.0019771654276771523
Mannheim EB,ITA,ITA,1989,vote_intention,2103.7424661425885,2674.1819,TRUE,dk_attachment_and_voted,19.0631,21,0.00712857266740157
Mannheim EB,ITA,ITA,1989,vote_intention,2103.7424661425885,2674.1819,TRUE,not_attached_and_no_vote,95.464,91,0.035698394338844336
Mannheim EB,ITA,ITA,1989,vote_intention,2103.7424661425885,2674.1819,TRUE,not_attached_but_voted,445.8317,476,0.16671704344420252
Mannheim EB,ITA,ITA,1990,past_vote,1279.1016629009168,1386.1141,TRUE,attached_and_no_vote,111.5683,116,0.08048998275105923
Mannheim EB,ITA,ITA,1990,past_vote,1279.1016629009168,1386.1141,TRUE,attached_and_voted,831.0561,841,0.5995582181870887
Mannheim EB,ITA,ITA,1990,past_vote,1279.1016629009168,1386.1141,TRUE,dk_attachment_and_no_vote,29.1908,30,0.021059449579222952
Mannheim EB,ITA,ITA,1990,past_vote,1279.1016629009168,1386.1141,TRUE,dk_attachment_and_voted,14.4258,14,0.01040736834002338
Mannheim EB,ITA,ITA,1990,past_vote,1279.1016629009168,1386.1141,TRUE,not_attached_and_no_vote,148.5394,161,0.10716246231100311
Mannheim EB,ITA,ITA,1990,past_vote,1279.1016629009168,1386.1141,TRUE,not_attached_but_voted,251.3337,271,0.18132251883160266
Mannheim EB,ITA,ITA,1990,vote_intention,1188.4941587756375,1292.6231,TRUE,attached_and_no_vote,16.6165,18,0.012854868522773575
Mannheim EB,ITA,ITA,1990,vote_intention,1188.4941587756375,1292.6231,TRUE,attached_and_voted,914.7992,933,0.7077076063393886
Mannheim EB,ITA,ITA,1990,vote_intention,1188.4941587756375,1292.6231,TRUE,dk_attachment_and_no_vote,2.9608999999999996,5,0.0022906135593584857
Mannheim EB,ITA,ITA,1990,vote_intention,1188.4941587756375,1292.6231,TRUE,dk_attachment_and_voted,15.6059,15,0.012073047433548109
Mannheim EB,ITA,ITA,1990,vote_intention,1188.4941587756375,1292.6231,TRUE,not_attached_and_no_vote,66.4411,71,0.05140021093542271
Mannheim EB,ITA,ITA,1990,vote_intention,1188.4941587756375,1292.6231,TRUE,not_attached_but_voted,276.1995,300,0.21367365320950862
Mannheim EB,ITA,ITA,1991,past_vote,1232.5837798022458,1317.5297,TRUE,attached_and_no_vote,109.10079999999999,116,0.08280708966181179
Mannheim EB,ITA,ITA,1991,past_vote,1232.5837798022458,1317.5297,TRUE,attached_and_voted,675.9324,703,0.5130301047483028
Mannheim EB,ITA,ITA,1991,past_vote,1232.5837798022458,1317.5297,TRUE,dk_attachment_and_no_vote,41.0749,44,0.03117569190280872
Mannheim EB,ITA,ITA,1991,past_vote,1232.5837798022458,1317.5297,TRUE,dk_attachment_and_voted,17.1365,18,0.01300653791713386
Mannheim EB,ITA,ITA,1991,past_vote,1232.5837798022458,1317.5297,TRUE,not_attached_and_no_vote,186.39940000000001,195,0.1414764312333908
Mannheim EB,ITA,ITA,1991,past_vote,1232.5837798022458,1317.5297,TRUE,not_attached_but_voted,287.8857,298,0.21850414453655198
Mannheim EB,ITA,ITA,1991,vote_intention,1095.1721348345404,1194.8098,TRUE,attached_and_no_vote,10.5185,12,0.008803493242188003
Mannheim EB,ITA,ITA,1991,vote_intention,1095.1721348345404,1194.8098,TRUE,attached_and_voted,786.9374,817,0.6586298505419022
Mannheim EB,ITA,ITA,1991,vote_intention,1095.1721348345404,1194.8098,TRUE,dk_attachment_and_no_vote,4.5764000000000005,3,0.003830233063036477
Mannheim EB,ITA,ITA,1991,vote_intention,1095.1721348345404,1194.8098,TRUE,dk_attachment_and_voted,19.586100000000002,22,0.01639265094745624
Mannheim EB,ITA,ITA,1991,vote_intention,1095.1721348345404,1194.8098,TRUE,not_attached_and_no_vote,88.7108,86,0.07424679643571722
Mannheim EB,ITA,ITA,1991,vote_intention,1095.1721348345404,1194.8098,TRUE,not_attached_but_voted,284.4806,296,0.2380969757696999
Mannheim EB,ITA,ITA,1992,past_vote,708.4969067314984,771.2468,TRUE,attached_and_no_vote,87.2422,94,0.11311839478620851
Mannheim EB,ITA,ITA,1992,past_vote,708.4969067314984,771.2468,TRUE,attached_and_voted,399.8192,414,0.5184063000326226
Mannheim EB,ITA,ITA,1992,past_vote,708.4969067314984,771.2468,TRUE,dk_attachment_and_no_vote,33.7124,33,0.04371155899771643
Mannheim EB,ITA,ITA,1992,past_vote,708.4969067314984,771.2468,TRUE,dk_attachment_and_voted,8.8712,9,0.011502414013257495
Mannheim EB,ITA,ITA,1992,past_vote,708.4969067314984,771.2468,TRUE,not_attached_and_no_vote,83.5836,92,0.10837464738913666
Mannheim EB,ITA,ITA,1992,past_vote,708.4969067314984,771.2468,TRUE,not_attached_but_voted,158.0182,161,0.20488668478105843
Mannheim EB,ITA,ITA,1992,vote_intention,998.7266853251211,1088.6459,TRUE,attached_and_no_vote,20.592100000000002,19,0.01891533325941888
Mannheim EB,ITA,ITA,1992,vote_intention,998.7266853251211,1088.6459,TRUE,attached_and_voted,798.2048,830,0.7332088422874692
Mannheim EB,ITA,ITA,1992,vote_intention,998.7266853251211,1088.6459,TRUE,dk_attachment_and_no_vote,7.7578000000000005,6,0.007126100415203879
Mannheim EB,ITA,ITA,1992,vote_intention,998.7266853251211,1088.6459,TRUE,dk_attachment_and_voted,15.4122,17,0.014157220451571995
Mannheim EB,ITA,ITA,1992,vote_intention,998.7266853251211,1088.6459,TRUE,not_attached_and_no_vote,58.4175,62,0.053660699039053926
Mannheim EB,ITA,ITA,1992,vote_intention,998.7266853251211,1088.6459,TRUE,not_attached_but_voted,188.2615,204,0.1729318045472821
Mannheim EB,ITA,ITA,1993,past_vote,884.8369079680324,1038.7903000000001,TRUE,attached_and_no_vote,10.6278,11,0.010230938814118691
Mannheim EB,ITA,ITA,1993,past_vote,884.8369079680324,1038.7903000000001,TRUE,attached_and_voted,682.6482,705,0.6571568871985037
Mannheim EB,ITA,ITA,1993,past_vote,884.8369079680324,1038.7903000000001,TRUE,dk_attachment_and_no_vote,5.2684,5,0.00507166845897579
Mannheim EB,ITA,ITA,1993,past_vote,884.8369079680324,1038.7903000000001,TRUE,dk_attachment_and_voted,43.734,42,0.042100893702992796
Mannheim EB,ITA,ITA,1993,past_vote,884.8369079680324,1038.7903000000001,TRUE,not_attached_and_no_vote,37.0322,37,0.035649350980655095
Mannheim EB,ITA,ITA,1993,past_vote,884.8369079680324,1038.7903000000001,TRUE,not_attached_but_voted,259.4797,270,0.2497902608447537
Mannheim EB,ITA,ITA,1993,vote_intention,859.7672471555167,1004.0119,TRUE,attached_and_no_vote,9.5094,10,0.009471401683585623
Mannheim EB,ITA,ITA,1993,vote_intention,859.7672471555167,1004.0119,TRUE,attached_and_voted,692.8795,708,0.6901108443037378
Mannheim EB,ITA,ITA,1993,vote_intention,859.7672471555167,1004.0119,TRUE,dk_attachment_and_no_vote,5.657299999999999,7,0.005634694170457541
Mannheim EB,ITA,ITA,1993,vote_intention,859.7672471555167,1004.0119,TRUE,dk_attachment_and_voted,31.6168,30,0.03149046340984604
Mannheim EB,ITA,ITA,1993,vote_intention,859.7672471555167,1004.0119,TRUE,not_attached_and_no_vote,74.051,79,0.07375510190666067
Mannheim EB,ITA,ITA,1993,vote_intention,859.7672471555167,1004.0119,TRUE,not_attached_but_voted,190.2979,192,0.1895374945257123
Mannheim EB,ITA,ITA,1994,past_vote,1643.4373585842407,1855.3634,TRUE,attached_and_no_vote,46.1977,51,0.024899542590955497
Mannheim EB,ITA,ITA,1994,past_vote,1643.4373585842407,1855.3634,TRUE,attached_and_voted,1376.8365,1448,0.7420845425753251
Mannheim EB,ITA,ITA,1994,past_vote,1643.4373585842407,1855.3634,TRUE,dk_attachment_and_no_vote,8.2995,9,0.004473247666737417
Mannheim EB,ITA,ITA,1994,past_vote,1643.4373585842407,1855.3634,TRUE,dk_attachment_and_voted,37.8825,36,0.02041783297008015
Mannheim EB,ITA,ITA,1994,past_vote,1643.4373585842407,1855.3634,TRUE,not_attached_and_no_vote,61.076,61,0.03291861853047225
Mannheim EB,ITA,ITA,1994,past_vote,1643.4373585842407,1855.3634,TRUE,not_attached_but_voted,325.0712,347,0.17520621566642955
Mannheim EB,ITA,ITA,1994,vote_intention,1666.813606911505,1870.3365,TRUE,attached_and_no_vote,7.618799999999999,10,0.0040734915882783655
Mannheim EB,ITA,ITA,1994,vote_intention,1666.813606911505,1870.3365,TRUE,attached_and_voted,1463.1238,1543,0.7822783761103952
Mannheim EB,ITA,ITA,1994,vote_intention,1666.813606911505,1870.3365,TRUE,dk_attachment_and_no_vote,2.2144,2,0.0011839580738546246
Mannheim EB,ITA,ITA,1994,vote_intention,1666.813606911505,1870.3365,TRUE,dk_attachment_and_voted,32.1848,30,0.01720802647010311
Mannheim EB,ITA,ITA,1994,vote_intention,1666.813606911505,1870.3365,TRUE,not_attached_and_no_vote,64.2041,67,0.034327566189292676
Mannheim EB,ITA,ITA,1994,vote_intention,1666.813606911505,1870.3365,TRUE,not_attached_but_voted,300.99060000000003,326,0.16092858156807616
Mannheim EB,LUX,LUX,1975,vote_intention,145.03109392241075,145.9944,FALSE,attached_and_voted,129.1773,130,0.884809965313738
Mannheim EB,LUX,LUX,1975,vote_intention,145.03109392241075,145.9944,FALSE,not_attached_but_voted,16.8171,17,0.11519003468626193
Mannheim EB,LUX,LUX,1976,vote_intention,270.421207000968,288.8048,FALSE,attached_and_voted,222.98329999999999,230,0.7720900068142911
Mannheim EB,LUX,LUX,1976,vote_intention,270.421207000968,288.8048,FALSE,dk_attachment_and_voted,11.0714,10,0.03833523542545
Mannheim EB,LUX,LUX,1976,vote_intention,270.421207000968,288.8048,FALSE,not_attached_but_voted,54.7501,52,0.18957475776025884
Mannheim EB,LUX,LUX,1977,vote_intention,446.0804804364891,465.6537,FALSE,attached_and_voted,332.0919,334,0.713173545061491
Mannheim EB,LUX,LUX,1977,vote_intention,446.0804804364891,465.6537,FALSE,dk_attachment_and_voted,10.677100000000001,10,0.022929271258877577
Mannheim EB,LUX,LUX,1977,vote_intention,446.0804804364891,465.6537,FALSE,not_attached_but_voted,122.8847,121,0.26389718367963144
Mannheim EB,LUX,LUX,1978,vote_intention,392.8194193904075,448.80310000000003,FALSE,attached_and_voted,299.221,311,0.6667088529468713
Mannheim EB,LUX,LUX,1978,vote_intention,392.8194193904075,448.80310000000003,FALSE,dk_attachment_and_voted,15.3681,13,0.03424241053593435
Mannheim EB,LUX,LUX,1978,vote_intention,392.8194193904075,448.80310000000003,FALSE,not_attached_but_voted,134.214,129,0.29904873651719427
Mannheim EB,LUX,LUX,1979,past_vote,208.76358822624542,207.14180000000002,TRUE,attached_and_voted,141.8681,147,0.6848839780285775
Mannheim EB,LUX,LUX,1979,past_vote,208.76358822624542,207.14180000000002,TRUE,dk_attachment_and_voted,11.8032,13,0.05698125631813569
Mannheim EB,LUX,LUX,1979,past_vote,208.76358822624542,207.14180000000002,TRUE,not_attached_but_voted,53.4705,55,0.25813476565328675
Mannheim EB,LUX,LUX,1979,vote_intention,430.1792593845249,443.84000000000003,FALSE,attached_and_voted,320.2697,327,0.7215881849315068
Mannheim EB,LUX,LUX,1979,vote_intention,430.1792593845249,443.84000000000003,FALSE,dk_attachment_and_voted,17.4532,17,0.039323179524152846
Mannheim EB,LUX,LUX,1979,vote_intention,430.1792593845249,443.84000000000003,FALSE,not_attached_but_voted,106.11710000000001,109,0.23908863554434032
Mannheim EB,LUX,LUX,1980,vote_intention,147.88370629000303,203.6432,TRUE,attached_and_voted,126.2107,135,0.6197638811411331
Mannheim EB,LUX,LUX,1980,vote_intention,147.88370629000303,203.6432,TRUE,dk_attachment_and_voted,0.9191,1,0.0045132859825420145
Mannheim EB,LUX,LUX,1980,vote_intention,147.88370629000303,203.6432,TRUE,not_attached_but_voted,76.5134,70,0.37572283287632485
Mannheim EB,LUX,LUX,1981,vote_intention,621.4758233019401,722.0400999999999,TRUE,attached_and_voted,447.3479,457,0.6195610188409204
Mannheim EB,LUX,LUX,1981,vote_intention,621.4758233019401,722.0400999999999,TRUE,dk_attachment_and_voted,34.5785,34,0.047889999461248764
Mannheim EB,LUX,LUX,1981,vote_intention,621.4758233019401,722.0400999999999,TRUE,not_attached_but_voted,240.1137,236,0.3325489816978309
Mannheim EB,LUX,LUX,1982,vote_intention,400.7821804633263,477.6203,TRUE,attached_and_voted,269.6067,274,0.564479147975913
Mannheim EB,LUX,LUX,1982,vote_intention,400.7821804633263,477.6203,TRUE,dk_attachment_and_voted,6.6193,6,0.013858916800646874
Mannheim EB,LUX,LUX,1982,vote_intention,400.7821804633263,477.6203,TRUE,not_attached_but_voted,201.3943,203,0.42166193522344003
Mannheim EB,LUX,LUX,1983,vote_intention,412.5397990381383,480.84680000000003,TRUE,attached_and_voted,291.5099,294,0.6062427783651675
Mannheim EB,LUX,LUX,1983,vote_intention,412.5397990381383,480.84680000000003,TRUE,dk_attachment_and_voted,15.8072,17,0.03287367203025995
Mannheim EB,LUX,LUX,1983,vote_intention,412.5397990381383,480.84680000000003,TRUE,not_attached_but_voted,173.5297,174,0.3608835496045726
Mannheim EB,LUX,LUX,1984,vote_intention,392.887041512158,478.807,TRUE,attached_and_voted,303.452,304,0.6337668413369061
Mannheim EB,LUX,LUX,1984,vote_intention,392.887041512158,478.807,TRUE,dk_attachment_and_voted,14.3645,16,0.030000605672013982
Mannheim EB,LUX,LUX,1984,vote_intention,392.887041512158,478.807,TRUE,not_attached_but_voted,160.9905,161,0.3362325529910799
Mannheim EB,LUX,LUX,1985,vote_intention,478.95949583136655,501.849,TRUE,attached_and_voted,302.7126,308,0.603194586419421
Mannheim EB,LUX,LUX,1985,vote_intention,478.95949583136655,501.849,TRUE,dk_attachment_and_voted,5.7831,6,0.011523585779786351
Mannheim EB,LUX,LUX,1985,vote_intention,478.95949583136655,501.849,TRUE,not_attached_but_voted,193.3533,188,0.3852818278007927
Mannheim EB,LUX,LUX,1986,vote_intention,428.08457337562595,466.86899999999997,TRUE,attached_and_voted,245.9908,257,0.5268946963709307
Mannheim EB,LUX,LUX,1986,vote_intention,428.08457337562595,466.86899999999997,TRUE,dk_attachment_and_voted,11.9324,11,0.02555834720232014
Mannheim EB,LUX,LUX,1986,vote_intention,428.08457337562595,466.86899999999997,TRUE,not_attached_but_voted,208.9458,202,0.44754695642674924
Mannheim EB,LUX,LUX,1987,vote_intention,402.5854618135776,428.7876,TRUE,attached_and_voted,260.8899,265,0.6084362047783098
Mannheim EB,LUX,LUX,1987,vote_intention,402.5854618135776,428.7876,TRUE,dk_attachment_and_voted,11.6328,13,0.027129515872194063
Mannheim EB,LUX,LUX,1987,vote_intention,402.5854618135776,428.7876,TRUE,not_attached_but_voted,156.26489999999998,153,0.36443427934949607
Mannheim EB,LUX,LUX,1988,past_vote,211.65237968894866,238.3094,TRUE,attached_and_no_vote,19.2442,20,0.0807530042877033
Mannheim EB,LUX,LUX,1988,past_vote,211.65237968894866,238.3094,TRUE,attached_and_voted,131.8108,131,0.5531078505505868
Mannheim EB,LUX,LUX,1988,past_vote,211.65237968894866,238.3094,TRUE,dk_attachment_and_no_vote,1.4264999999999999,2,0.005985915788466589
Mannheim EB,LUX,LUX,1988,past_vote,211.65237968894866,238.3094,TRUE,dk_attachment_and_voted,3.5936,2,0.015079556240752566
Mannheim EB,LUX,LUX,1988,past_vote,211.65237968894866,238.3094,TRUE,not_attached_and_no_vote,21.9138,26,0.0919552480934449
Mannheim EB,LUX,LUX,1988,past_vote,211.65237968894866,238.3094,TRUE,not_attached_but_voted,60.3205,60,0.25311842503904586
Mannheim EB,LUX,LUX,1988,vote_intention,384.6498590158926,455.9989,TRUE,attached_and_no_vote,1.2796,1,0.002806147120091737
Mannheim EB,LUX,LUX,1988,vote_intention,384.6498590158926,455.9989,TRUE,attached_and_voted,274.9424,282,0.6029453141224683
Mannheim EB,LUX,LUX,1988,vote_intention,384.6498590158926,455.9989,TRUE,dk_attachment_and_no_vote,1.4264999999999999,2,0.003128297020014741
Mannheim EB,LUX,LUX,1988,vote_intention,384.6498590158926,455.9989,TRUE,dk_attachment_and_voted,7.255,6,0.015910126098988397
Mannheim EB,LUX,LUX,1988,vote_intention,384.6498590158926,455.9989,TRUE,not_attached_and_no_vote,5.1498,6,0.01129344829559896
Mannheim EB,LUX,LUX,1988,vote_intention,384.6498590158926,455.9989,TRUE,not_attached_but_voted,165.9456,159,0.3639166673428379
Mannheim EB,LUX,LUX,1989,past_vote,580.290060625536,681.0128,TRUE,attached_and_no_vote,41.0245,40,0.06024042426221652
Mannheim EB,LUX,LUX,1989,past_vote,580.290060625536,681.0128,TRUE,attached_and_voted,376.5911,392,0.5529868161068339
Mannheim EB,LUX,LUX,1989,past_vote,580.290060625536,681.0128,TRUE,dk_attachment_and_no_vote,7.4153,7,0.01088863527968931
Mannheim EB,LUX,LUX,1989,past_vote,580.290060625536,681.0128,TRUE,dk_attachment_and_voted,8.6655,8,0.012724430436549798
Mannheim EB,LUX,LUX,1989,past_vote,580.290060625536,681.0128,TRUE,not_attached_and_no_vote,40.0375,40,0.058791112296274026
Mannheim EB,LUX,LUX,1989,past_vote,580.290060625536,681.0128,TRUE,not_attached_but_voted,207.2789,205,0.30436858161843655
Mannheim EB,LUX,LUX,1989,vote_intention,756.5657451318951,899.2277,TRUE,attached_and_no_vote,1.5728,2,0.0017490564403209554
Mannheim EB,LUX,LUX,1989,vote_intention,756.5657451318951,899.2277,TRUE,attached_and_voted,548.306,569,0.6097521239614838
Mannheim EB,LUX,LUX,1989,vote_intention,756.5657451318951,899.2277,TRUE,dk_attachment_and_no_vote,2.1349,2,0.0023741483942276245
Mannheim EB,LUX,LUX,1989,vote_intention,756.5657451318951,899.2277,TRUE,dk_attachment_and_voted,19.6924,20,0.021899236422543475
Mannheim EB,LUX,LUX,1989,vote_intention,756.5657451318951,899.2277,TRUE,not_attached_and_no_vote,16.7575,13,0.018635435718895223
Mannheim EB,LUX,LUX,1989,vote_intention,756.5657451318951,899.2277,TRUE,not_attached_but_voted,310.7641,307,0.34558999906252885
Mannheim EB,LUX,LUX,1990,past_vote,383.88335288449,440.2811,TRUE,attached_and_no_vote,9.0704,12,0.02060138397946221
Mannheim EB,LUX,LUX,1990,past_vote,383.88335288449,440.2811,TRUE,attached_and_voted,236.5676,245,0.5373103683078834
Mannheim EB,LUX,LUX,1990,past_vote,383.88335288449,440.2811,TRUE,dk_attachment_and_no_vote,6.5495,7,0.014875723713781945
Mannheim EB,LUX,LUX,1990,past_vote,383.88335288449,440.2811,TRUE,dk_attachment_and_voted,12.5842,14,0.028582194420791626
Mannheim EB,LUX,LUX,1990,past_vote,383.88335288449,440.2811,TRUE,not_attached_and_no_vote,35.4861,37,0.08059873567136995
Mannheim EB,LUX,LUX,1990,past_vote,383.88335288449,440.2811,TRUE,not_attached_but_voted,140.0233,134,0.318031593906711
Mannheim EB,LUX,LUX,1990,vote_intention,351.26014144997475,402.8757,TRUE,attached_and_voted,246.3886,258,0.6115747363268621
Mannheim EB,LUX,LUX,1990,vote_intention,351.26014144997475,402.8757,TRUE,dk_attachment_and_no_vote,1.8121,2,0.004497913376259725
Mannheim EB,LUX,LUX,1990,vote_intention,351.26014144997475,402.8757,TRUE,dk_attachment_and_voted,10.7515,11,0.026686891266959015
Mannheim EB,LUX,LUX,1990,vote_intention,351.26014144997475,402.8757,TRUE,not_attached_and_no_vote,8.426,8,0.020914639428488736
Mannheim EB,LUX,LUX,1990,vote_intention,351.26014144997475,402.8757,TRUE,not_attached_but_voted,135.4975,132,0.33632581960143043
Mannheim EB,LUX,LUX,1991,past_vote,539.994376609942,671.0992,TRUE,attached_and_no_vote,15.657599999999999,18,0.023331275018655957
Mannheim EB,LUX,LUX,1991,past_vote,539.994376609942,671.0992,TRUE,attached_and_voted,360.9505,329,0.5378496949482282
Mannheim EB,LUX,LUX,1991,past_vote,539.994376609942,671.0992,TRUE,dk_attachment_and_no_vote,10.149199999999999,14,0.015123248545073513
Mannheim EB,LUX,LUX,1991,past_vote,539.994376609942,671.0992,TRUE,dk_attachment_and_voted,12.3945,14,0.01846895362116361
Mannheim EB,LUX,LUX,1991,past_vote,539.994376609942,671.0992,TRUE,not_attached_and_no_vote,70.5572,75,0.10513676666579247
Mannheim EB,LUX,LUX,1991,past_vote,539.994376609942,671.0992,TRUE,not_attached_but_voted,201.3902,197,0.3000900612010862
Mannheim EB,LUX,LUX,1991,vote_intention,524.4373832209963,656.8911,TRUE,attached_and_no_vote,5.477499999999999,6,0.008338520646725155
Mannheim EB,LUX,LUX,1991,vote_intention,524.4373832209963,656.8911,TRUE,attached_and_voted,382.0983,352,0.581676780215168
Mannheim EB,LUX,LUX,1991,vote_intention,524.4373832209963,656.8911,TRUE,dk_attachment_and_no_vote,4.199299999999999,4,0.006392688224882327
Mannheim EB,LUX,LUX,1991,vote_intention,524.4373832209963,656.8911,TRUE,dk_attachment_and_voted,15.5637,17,0.023692968286524205
Mannheim EB,LUX,LUX,1991,vote_intention,524.4373832209963,656.8911,TRUE,not_attached_and_no_vote,21.8671,24,0.03328877495828456
Mannheim EB,LUX,LUX,1991,vote_intention,524.4373832209963,656.8911,TRUE,not_attached_but_voted,227.6852,225,0.34661026766841563
Mannheim EB,LUX,LUX,1992,past_vote,568.0486897510602,678.0947,TRUE,attached_and_no_vote,36.5347,41,0.05387846269849919
Mannheim EB,LUX,LUX,1992,past_vote,568.0486897510602,678.0947,TRUE,attached_and_voted,352.158,330,0.519334541325865
Mannheim EB,LUX,LUX,1992,past_vote,568.0486897510602,678.0947,TRUE,dk_attachment_and_no_vote,10.913,15,0.016093622321484004
Mannheim EB,LUX,LUX,1992,past_vote,568.0486897510602,678.0947,TRUE,dk_attachment_and_voted,16.4753,12,0.02429645888693718
Mannheim EB,LUX,LUX,1992,past_vote,568.0486897510602,678.0947,TRUE,not_attached_and_no_vote,86.4679,98,0.12751596495297782
Mannheim EB,LUX,LUX,1992,past_vote,568.0486897510602,678.0947,TRUE,not_attached_but_voted,175.54579999999999,189,0.25888094981423687
Mannheim EB,LUX,LUX,1992,vote_intention,543.0617956339516,659.7643,TRUE,attached_and_no_vote,3.7301,5,0.005653685717763146
Mannheim EB,LUX,LUX,1992,vote_intention,543.0617956339516,659.7643,TRUE,attached_and_voted,392.8095,374,0.5953785313937113
Mannheim EB,LUX,LUX,1992,vote_intention,543.0617956339516,659.7643,TRUE,dk_attachment_and_no_vote,3.4613,4,0.00524626749280008
Mannheim EB,LUX,LUX,1992,vote_intention,543.0617956339516,659.7643,TRUE,dk_attachment_and_voted,21.2343,18,0.03218467564856116
Mannheim EB,LUX,LUX,1992,vote_intention,543.0617956339516,659.7643,TRUE,not_attached_and_no_vote,26.7335,25,0.040519773500930556
Mannheim EB,LUX,LUX,1992,vote_intention,543.0617956339516,659.7643,TRUE,not_attached_but_voted,211.7956,230,0.32101706624623366
Mannheim EB,LUX,LUX,1993,past_vote,611.6797700000445,702.8284,TRUE,attached_and_no_vote,36.5522,42,0.05200728940378619
Mannheim EB,LUX,LUX,1993,past_vote,611.6797700000445,702.8284,TRUE,attached_and_voted,368.9561,366,0.524959008486282
Mannheim EB,LUX,LUX,1993,past_vote,611.6797700000445,702.8284,TRUE,dk_attachment_and_no_vote,19.185299999999998,21,0.027297274839775967
Mannheim EB,LUX,LUX,1993,past_vote,611.6797700000445,702.8284,TRUE,dk_attachment_and_voted,8.9829,9,0.012781071453572452
Mannheim EB,LUX,LUX,1993,past_vote,611.6797700000445,702.8284,TRUE,not_attached_and_no_vote,92.4197,95,0.13149682056103595
Mannheim EB,LUX,LUX,1993,past_vote,611.6797700000445,702.8284,TRUE,not_attached_but_voted,176.7322,175,0.25145853525554746
Mannheim EB,LUX,LUX,1993,vote_intention,564.5485700847692,650.0364,TRUE,attached_and_no_vote,4.5729999999999995,4,0.007034990655907884
Mannheim EB,LUX,LUX,1993,vote_intention,564.5485700847692,650.0364,TRUE,attached_and_voted,404.0504,407,0.6215811914532787
Mannheim EB,LUX,LUX,1993,vote_intention,564.5485700847692,650.0364,TRUE,dk_attachment_and_no_vote,4.6793000000000005,5,0.007198519959805329
Mannheim EB,LUX,LUX,1993,vote_intention,564.5485700847692,650.0364,TRUE,dk_attachment_and_voted,9.7263,11,0.014962700550307646
Mannheim EB,LUX,LUX,1993,vote_intention,564.5485700847692,650.0364,TRUE,not_attached_and_no_vote,16.8624,15,0.025940701166888503
Mannheim EB,LUX,LUX,1993,vote_intention,564.5485700847692,650.0364,TRUE,not_attached_but_voted,210.145,215,0.32328189621381204
Mannheim EB,LUX,LUX,1994,past_vote,826.3500887190581,990.2638000000001,TRUE,attached_and_no_vote,21.7282,45,0.021941830045690856
Mannheim EB,LUX,LUX,1994,past_vote,826.3500887190581,990.2638000000001,TRUE,attached_and_voted,621.8606,636,0.6279746871490203
Mannheim EB,LUX,LUX,1994,past_vote,826.3500887190581,990.2638000000001,TRUE,dk_attachment_and_no_vote,7.7247,13,0.007800648675635725
Mannheim EB,LUX,LUX,1994,past_vote,826.3500887190581,990.2638000000001,TRUE,dk_attachment_and_voted,17.8985,18,0.018074476720243635
Mannheim EB,LUX,LUX,1994,past_vote,826.3500887190581,990.2638000000001,TRUE,not_attached_and_no_vote,63.7642,114,0.06439112486995889
Mannheim EB,LUX,LUX,1994,past_vote,826.3500887190581,990.2638000000001,TRUE,not_attached_but_voted,257.2876,278,0.2598172325394506
Mannheim EB,LUX,LUX,1994,vote_intention,895.9525322337215,1083.9716,TRUE,attached_and_no_vote,7.2537,10,0.006691780485761804
Mannheim EB,LUX,LUX,1994,vote_intention,895.9525322337215,1083.9716,TRUE,attached_and_voted,685.5293,707,0.6324236723545156
Mannheim EB,LUX,LUX,1994,vote_intention,895.9525322337215,1083.9716,TRUE,dk_attachment_and_no_vote,1.5413000000000001,2,0.0014219007213842135
Mannheim EB,LUX,LUX,1994,vote_intention,895.9525322337215,1083.9716,TRUE,dk_attachment_and_voted,24.5069,25,0.022608433652689795
Mannheim EB,LUX,LUX,1994,vote_intention,895.9525322337215,1083.9716,TRUE,not_attached_and_no_vote,45.7571,52,0.04221245279857885
Mannheim EB,LUX,LUX,1994,vote_intention,895.9525322337215,1083.9716,TRUE,not_attached_but_voted,319.3833,347,0.29464175998706976
Mannheim EB,NLD,NLD,1975,vote_intention,502.4683067399116,613.4934,FALSE,attached_and_voted,518.1956,522,0.8446636915735362
Mannheim EB,NLD,NLD,1975,vote_intention,502.4683067399116,613.4934,FALSE,dk_attachment_and_voted,43.8785,47,0.07152236682578819
Mannheim EB,NLD,NLD,1975,vote_intention,502.4683067399116,613.4934,FALSE,not_attached_but_voted,51.4193,52,0.08381394160067575
Mannheim EB,NLD,NLD,1976,vote_intention,1071.244575194803,1446.5879,FALSE,attached_and_voted,1202.8138,1240,0.8314833823786304
Mannheim EB,NLD,NLD,1976,vote_intention,1071.244575194803,1446.5879,FALSE,dk_attachment_and_voted,54.0333,49,0.037352241090914694
Mannheim EB,NLD,NLD,1976,vote_intention,1071.244575194803,1446.5879,FALSE,not_attached_but_voted,189.7408,186,0.13116437653045487
Mannheim EB,NLD,NLD,1977,vote_intention,1225.0626736914212,1689.5865,FALSE,attached_and_voted,1403.4750999999999,1431,0.8306618808803219
Mannheim EB,NLD,NLD,1977,vote_intention,1225.0626736914212,1689.5865,FALSE,dk_attachment_and_voted,40.3831,33,0.023901173452794515
Mannheim EB,NLD,NLD,1977,vote_intention,1225.0626736914212,1689.5865,FALSE,not_attached_but_voted,245.7283,249,0.1454369456668836
Mannheim EB,NLD,NLD,1978,vote_intention,1555.8409659839363,1870.3248,FALSE,attached_and_voted,1605.0621,1590,0.858172922692358
Mannheim EB,NLD,NLD,1978,vote_intention,1555.8409659839363,1870.3248,FALSE,dk_attachment_and_voted,13.0404,13,0.006972264924252729
Mannheim EB,NLD,NLD,1978,vote_intention,1555.8409659839363,1870.3248,FALSE,not_attached_but_voted,252.2223,271,0.13485481238338923
Mannheim EB,NLD,NLD,1979,past_vote,694.5461707572595,869.0505,TRUE,attached_and_voted,763.4088,796,0.8784400906506584
Mannheim EB,NLD,NLD,1979,past_vote,694.5461707572595,869.0505,TRUE,dk_attachment_and_voted,18.3472,20,0.021111776588357063
Mannheim EB,NLD,NLD,1979,past_vote,694.5461707572595,869.0505,TRUE,not_attached_but_voted,87.2945,80,0.10044813276098453
Mannheim EB,NLD,NLD,1979,vote_intention,1507.169141832047,1828.3445,FALSE,attached_and_voted,1581.3577,1611,0.8649123291589742
Mannheim EB,NLD,NLD,1979,vote_intention,1507.169141832047,1828.3445,FALSE,dk_attachment_and_voted,37.9796,37,0.020772671671011673
Mannheim EB,NLD,NLD,1979,vote_intention,1507.169141832047,1828.3445,FALSE,not_attached_but_voted,209.0072,196,0.1143149991700142
Mannheim EB,NLD,NLD,1980,vote_intention,595.7729405698157,873.4236,TRUE,attached_and_voted,678.0993,678,0.776369335566385
Mannheim EB,NLD,NLD,1980,vote_intention,595.7729405698157,873.4236,TRUE,dk_attachment_and_voted,36.2596,33,0.041514335083228805
Mannheim EB,NLD,NLD,1980,vote_intention,595.7729405698157,873.4236,TRUE,not_attached_but_voted,159.0647,163,0.1821163293503862
Mannheim EB,NLD,NLD,1981,vote_intention,1375.9140152486161,1795.9407,TRUE,attached_and_voted,1502.5362,1520,0.836629071327355
Mannheim EB,NLD,NLD,1981,vote_intention,1375.9140152486161,1795.9407,TRUE,dk_attachment_and_voted,32.9748,34,0.018360739861845103
Mannheim EB,NLD,NLD,1981,vote_intention,1375.9140152486161,1795.9407,TRUE,not_attached_but_voted,260.4297,248,0.14501018881079983
Mannheim EB,NLD,NLD,1982,vote_intention,1483.3074139136702,1821.8319,TRUE,attached_and_voted,1533.8314,1533,0.8419170835684676
Mannheim EB,NLD,NLD,1982,vote_intention,1483.3074139136702,1821.8319,TRUE,dk_attachment_and_voted,33.2626,29,0.018257776691691478
Mannheim EB,NLD,NLD,1982,vote_intention,1483.3074139136702,1821.8319,TRUE,not_attached_but_voted,254.7379,263,0.13982513973984098
Mannheim EB,NLD,NLD,1983,vote_intention,1340.34642458212,1859.6364,TRUE,attached_and_voted,1501.2401,1518,0.8072761427986674
Mannheim EB,NLD,NLD,1983,vote_intention,1340.34642458212,1859.6364,TRUE,dk_attachment_and_voted,31.2902,37,0.016825977379233917
Mannheim EB,NLD,NLD,1983,vote_intention,1340.34642458212,1859.6364,TRUE,not_attached_but_voted,327.1061,310,0.17589787982209856
Mannheim EB,NLD,NLD,1984,vote_intention,1228.86929400791,1741.7323,TRUE,attached_and_voted,1374.9971,1400,0.7894422696300689
Mannheim EB,NLD,NLD,1984,vote_intention,1228.86929400791,1741.7323,TRUE,dk_attachment_and_voted,59.3168,48,0.034056209441600184
Mannheim EB,NLD,NLD,1984,vote_intention,1228.86929400791,1741.7323,TRUE,not_attached_but_voted,307.4184,305,0.17650152092833096
Mannheim EB,NLD,NLD,1985,vote_intention,1483.4212706638425,1770.5266,TRUE,attached_and_voted,1360.59,1382,0.7684662856802038
Mannheim EB,NLD,NLD,1985,vote_intention,1483.4212706638425,1770.5266,TRUE,dk_attachment_and_voted,62.6948,60,0.03541025590917414
Mannheim EB,NLD,NLD,1985,vote_intention,1483.4212706638425,1770.5266,TRUE,not_attached_but_voted,347.2418,342,0.19612345841062204
Mannheim EB,NLD,NLD,1986,vote_intention,1441.2356424887573,1819.642,TRUE,attached_and_voted,1471.6492,1495,0.8087575468141536
Mannheim EB,NLD,NLD,1986,vote_intention,1441.2356424887573,1819.642,TRUE,dk_attachment_and_voted,26.996699999999997,26,0.014836269991569768
Mannheim EB,NLD,NLD,1986,vote_intention,1441.2356424887573,1819.642,TRUE,not_attached_but_voted,320.9961,300,0.17640618319427667
Mannheim EB,NLD,NLD,1987,vote_intention,1438.5424136745028,1689.3073,TRUE,attached_and_voted,1356.4652,1373,0.8029712533652108
Mannheim EB,NLD,NLD,1987,vote_intention,1438.5424136745028,1689.3073,TRUE,dk_attachment_and_voted,59.3831,52,0.03515233729233278
Mannheim EB,NLD,NLD,1987,vote_intention,1438.5424136745028,1689.3073,TRUE,not_attached_but_voted,273.459,272,0.16187640934245653
Mannheim EB,NLD,NLD,1988,past_vote,727.0660236946673,951.2307,TRUE,attached_and_no_vote,67.0817,52,0.07052095774453032
Mannheim EB,NLD,NLD,1988,past_vote,727.0660236946673,951.2307,TRUE,attached_and_voted,698.3772,727,0.7341827802656076
Mannheim EB,NLD,NLD,1988,past_vote,727.0660236946673,951.2307,TRUE,dk_attachment_and_no_vote,9.650599999999999,7,0.010145383238787394
Mannheim EB,NLD,NLD,1988,past_vote,727.0660236946673,951.2307,TRUE,dk_attachment_and_voted,26.232300000000002,27,0.027577221803291255
Mannheim EB,NLD,NLD,1988,past_vote,727.0660236946673,951.2307,TRUE,not_attached_and_no_vote,59.6199,56,0.06267659359606456
Mannheim EB,NLD,NLD,1988,past_vote,727.0660236946673,951.2307,TRUE,not_attached_but_voted,90.269,88,0.094897063351719
Mannheim EB,NLD,NLD,1988,vote_intention,1448.558971226445,1811.2633,TRUE,attached_and_no_vote,1.5889999999999995,3,8.772882440669998e-4
Mannheim EB,NLD,NLD,1988,vote_intention,1448.558971226445,1811.2633,TRUE,attached_and_voted,1489.4886,1501,0.8223479159545715
Mannheim EB,NLD,NLD,1988,vote_intention,1448.558971226445,1811.2633,TRUE,dk_attachment_and_no_vote,6.2688,4,0.003461009782509257
Mannheim EB,NLD,NLD,1988,vote_intention,1448.558971226445,1811.2633,TRUE,dk_attachment_and_voted,52.5185,53,0.02899550827314836
Mannheim EB,NLD,NLD,1988,vote_intention,1448.558971226445,1811.2633,TRUE,not_attached_and_no_vote,30.5867,31,0.016886942941978674
Mannheim EB,NLD,NLD,1988,vote_intention,1448.558971226445,1811.2633,TRUE,not_attached_but_voted,230.8117,229,0.12743133480372512
Mannheim EB,NLD,NLD,1989,past_vote,2047.042163704663,2851.214,TRUE,attached_and_no_vote,192.5819,159,0.06754382519165521
Mannheim EB,NLD,NLD,1989,past_vote,2047.042163704663,2851.214,TRUE,attached_and_voted,2156.1096,2208,0.7562075663208724
Mannheim EB,NLD,NLD,1989,past_vote,2047.042163704663,2851.214,TRUE,dk_attachment_and_no_vote,18.0794,18,0.006340948101405226
Mannheim EB,NLD,NLD,1989,past_vote,2047.042163704663,2851.214,TRUE,dk_attachment_and_voted,30.4679,27,0.010685939392834071
Mannheim EB,NLD,NLD,1989,past_vote,2047.042163704663,2851.214,TRUE,not_attached_and_no_vote,134.6662,138,0.047231179420415305
Mannheim EB,NLD,NLD,1989,past_vote,2047.042163704663,2851.214,TRUE,not_attached_but_voted,319.30899999999997,337,0.11199054157281775
Mannheim EB,NLD,NLD,1989,vote_intention,2708.0706413574717,3733.8732,TRUE,attached_and_no_vote,20.2104,21,0.005412717282418696
Mannheim EB,NLD,NLD,1989,vote_intention,2708.0706413574717,3733.8732,TRUE,attached_and_voted,3088.849,3106,0.827250641505448
Mannheim EB,NLD,NLD,1989,vote_intention,2708.0706413574717,3733.8732,TRUE,dk_attachment_and_no_vote,4.1268,5,0.0011052330325518286
Mannheim EB,NLD,NLD,1989,vote_intention,2708.0706413574717,3733.8732,TRUE,dk_attachment_and_voted,50.4786,47,0.013519098613204113
Mannheim EB,NLD,NLD,1989,vote_intention,2708.0706413574717,3733.8732,TRUE,not_attached_and_no_vote,87.5138,90,0.02343780715424402
Mannheim EB,NLD,NLD,1989,vote_intention,2708.0706413574717,3733.8732,TRUE,not_attached_but_voted,482.6946,498,0.1292745024121333
Mannheim EB,NLD,NLD,1990,past_vote,1511.771285840259,1922.6177,TRUE,attached_and_no_vote,98.8977,117,0.05143908744832631
Mannheim EB,NLD,NLD,1990,past_vote,1511.771285840259,1922.6177,TRUE,attached_and_voted,1414.4573,1474,0.7356934766594524
Mannheim EB,NLD,NLD,1990,past_vote,1511.771285840259,1922.6177,TRUE,dk_attachment_and_no_vote,17.799,20,0.00925769069950828
Mannheim EB,NLD,NLD,1990,past_vote,1511.771285840259,1922.6177,TRUE,dk_attachment_and_voted,24.0071,27,0.012486673767749043
Mannheim EB,NLD,NLD,1990,past_vote,1511.771285840259,1922.6177,TRUE,not_attached_and_no_vote,127.7822,147,0.06646261500661312
Mannheim EB,NLD,NLD,1990,past_vote,1511.771285840259,1922.6177,TRUE,not_attached_but_voted,239.6744,251,0.12466045641835087
Mannheim EB,NLD,NLD,1990,vote_intention,1441.8862769725672,1843.5451,TRUE,attached_and_no_vote,6.0988999999999995,6,0.0033082456187266585
Mannheim EB,NLD,NLD,1990,vote_intention,1441.8862769725672,1843.5451,TRUE,attached_and_voted,1491.3794,1566,0.8089736453965786
Mannheim EB,NLD,NLD,1990,vote_intention,1441.8862769725672,1843.5451,TRUE,dk_attachment_and_no_vote,6.8997,7,0.003742626095776013
Mannheim EB,NLD,NLD,1990,vote_intention,1441.8862769725672,1843.5451,TRUE,dk_attachment_and_voted,27.2443,29,0.014778211826767893
Mannheim EB,NLD,NLD,1990,vote_intention,1441.8862769725672,1843.5451,TRUE,not_attached_and_no_vote,64.3212,64,0.03488995197351017
Mannheim EB,NLD,NLD,1990,vote_intention,1441.8862769725672,1843.5451,TRUE,not_attached_but_voted,247.6016,270,0.1343073190886407
Mannheim EB,NLD,NLD,1991,past_vote,1513.9466542244186,1918.7841,TRUE,attached_and_no_vote,110.2119,110,0.05743840591549617
Mannheim EB,NLD,NLD,1991,past_vote,1513.9466542244186,1918.7841,TRUE,attached_and_voted,1293.7857999999999,1312,0.6742737757728969
Mannheim EB,NLD,NLD,1991,past_vote,1513.9466542244186,1918.7841,TRUE,dk_attachment_and_no_vote,18.8854,22,0.009842378827300059
Mannheim EB,NLD,NLD,1991,past_vote,1513.9466542244186,1918.7841,TRUE,dk_attachment_and_voted,33.506100000000004,34,0.017462152203575172
Mannheim EB,NLD,NLD,1991,past_vote,1513.9466542244186,1918.7841,TRUE,not_attached_and_no_vote,161.8072,165,0.08432798666613925
Mannheim EB,NLD,NLD,1991,past_vote,1513.9466542244186,1918.7841,TRUE,not_attached_but_voted,300.5877,316,0.15665530061459232
Mannheim EB,NLD,NLD,1991,vote_intention,1405.7885325220811,1795.6951999999999,TRUE,attached_and_no_vote,28.1369,24,0.015669084597430567
Mannheim EB,NLD,NLD,1991,vote_intention,1405.7885325220811,1795.6951999999999,TRUE,attached_and_voted,1340.0446,1363,0.7462539299542595
Mannheim EB,NLD,NLD,1991,vote_intention,1405.7885325220811,1795.6951999999999,TRUE,dk_attachment_and_no_vote,7.594799999999999,8,0.0042294482938975385
Mannheim EB,NLD,NLD,1991,vote_intention,1405.7885325220811,1795.6951999999999,TRUE,dk_attachment_and_voted,30.9709,32,0.01724730343991564
Mannheim EB,NLD,NLD,1991,vote_intention,1405.7885325220811,1795.6951999999999,TRUE,not_attached_and_no_vote,95.7706,93,0.05333343877067779
Mannheim EB,NLD,NLD,1991,vote_intention,1405.7885325220811,1795.6951999999999,TRUE,not_attached_but_voted,293.1774,302,0.16326679494381896
Mannheim EB,NLD,NLD,1992,past_vote,1502.903997680764,1885.5638,TRUE,attached_and_no_vote,94.7067,101,0.05022725828741515
Mannheim EB,NLD,NLD,1992,past_vote,1502.903997680764,1885.5638,TRUE,attached_and_voted,1333.5525,1333,0.7072433719824278
Mannheim EB,NLD,NLD,1992,past_vote,1502.903997680764,1885.5638,TRUE,dk_attachment_and_no_vote,18.8772,24,0.010011435306511506
Mannheim EB,NLD,NLD,1992,past_vote,1502.903997680764,1885.5638,TRUE,dk_attachment_and_voted,23.46,23,0.012441901992390819
Mannheim EB,NLD,NLD,1992,past_vote,1502.903997680764,1885.5638,TRUE,not_attached_and_no_vote,143.5331,149,0.07612211265405074
Mannheim EB,NLD,NLD,1992,past_vote,1502.903997680764,1885.5638,TRUE,not_attached_but_voted,271.4343,267,0.14395391977720404
Mannheim EB,NLD,NLD,1992,vote_intention,1391.9404261855298,1742.5448,TRUE,attached_and_no_vote,15.7534,17,0.009040456233894245
Mannheim EB,NLD,NLD,1992,vote_intention,1391.9404261855298,1742.5448,TRUE,attached_and_voted,1352.7179,1360,0.7762887358764033
Mannheim EB,NLD,NLD,1992,vote_intention,1391.9404261855298,1742.5448,TRUE,dk_attachment_and_no_vote,5.8061,9,0.0033319659844613463
Mannheim EB,NLD,NLD,1992,vote_intention,1391.9404261855298,1742.5448,TRUE,dk_attachment_and_voted,25.554000000000002,26,0.014664759264725937
Mannheim EB,NLD,NLD,1992,vote_intention,1391.9404261855298,1742.5448,TRUE,not_attached_and_no_vote,59.6483,66,0.03423056899311857
Mannheim EB,NLD,NLD,1992,vote_intention,1391.9404261855298,1742.5448,TRUE,not_attached_but_voted,283.06510000000003,277,0.16244351364739665
Mannheim EB,NLD,NLD,1993,past_vote,1526.4129940839143,1855.4204,TRUE,attached_and_no_vote,138.8391,131,0.07482891747875577
Mannheim EB,NLD,NLD,1993,past_vote,1526.4129940839143,1855.4204,TRUE,attached_and_voted,1246.4255,1260,0.6717752483480294
Mannheim EB,NLD,NLD,1993,past_vote,1526.4129940839143,1855.4204,TRUE,dk_attachment_and_no_vote,34.7514,32,0.018729663638494
Mannheim EB,NLD,NLD,1993,past_vote,1526.4129940839143,1855.4204,TRUE,dk_attachment_and_voted,40.9561,40,0.02207375751608638
Mannheim EB,NLD,NLD,1993,past_vote,1526.4129940839143,1855.4204,TRUE,not_attached_and_no_vote,141.9043,149,0.07648094200106888
Mannheim EB,NLD,NLD,1993,past_vote,1526.4129940839143,1855.4204,TRUE,not_attached_but_voted,252.544,256,0.13611147101756563
Mannheim EB,NLD,NLD,1993,vote_intention,1422.5681261993188,1726.8806,TRUE,attached_and_no_vote,10.9132,13,0.006319603104001516
Mannheim EB,NLD,NLD,1993,vote_intention,1422.5681261993188,1726.8806,TRUE,attached_and_voted,1347.5834,1350,0.7803570206301467
Mannheim EB,NLD,NLD,1993,vote_intention,1422.5681261993188,1726.8806,TRUE,dk_attachment_and_no_vote,12.1977,9,0.0070634298630721775
Mannheim EB,NLD,NLD,1993,vote_intention,1422.5681261993188,1726.8806,TRUE,dk_attachment_and_voted,34.4875,35,0.019970981201595524
Mannheim EB,NLD,NLD,1993,vote_intention,1422.5681261993188,1726.8806,TRUE,not_attached_and_no_vote,70.9023,73,0.04105802103515437
Mannheim EB,NLD,NLD,1993,vote_intention,1422.5681261993188,1726.8806,TRUE,not_attached_but_voted,250.7965,264,0.14523094416602977
Mannheim EB,NLD,NLD,1994,past_vote,2221.8581624257235,2734.7298,TRUE,attached_and_no_vote,146.1107,158,0.053427837733731505
Mannheim EB,NLD,NLD,1994,past_vote,2221.8581624257235,2734.7298,TRUE,attached_and_voted,1992.4534,2027,0.7285741355507955
Mannheim EB,NLD,NLD,1994,past_vote,2221.8581624257235,2734.7298,TRUE,dk_attachment_and_no_vote,27.1277,27,0.009919700293608532
Mannheim EB,NLD,NLD,1994,past_vote,2221.8581624257235,2734.7298,TRUE,dk_attachment_and_voted,49.6281,50,0.01814735042562523
Mannheim EB,NLD,NLD,1994,past_vote,2221.8581624257235,2734.7298,TRUE,not_attached_and_no_vote,145.2571,152,0.053115704520424654
Mannheim EB,NLD,NLD,1994,past_vote,2221.8581624257235,2734.7298,TRUE,not_attached_but_voted,374.1528,380,0.13681527147581454
Mannheim EB,NLD,NLD,1994,vote_intention,2195.486701419601,2694.0764,TRUE,attached_and_no_vote,20.2402,18,0.007512853013374083
Mannheim EB,NLD,NLD,1994,vote_intention,2195.486701419601,2694.0764,TRUE,attached_and_voted,2151.5609,2204,0.7986265348673853
Mannheim EB,NLD,NLD,1994,vote_intention,2195.486701419601,2694.0764,TRUE,dk_attachment_and_no_vote,12.948,10,0.004806099782470906
Mannheim EB,NLD,NLD,1994,vote_intention,2195.486701419601,2694.0764,TRUE,dk_attachment_and_voted,47.9281,46,0.017790178481946542
Mannheim EB,NLD,NLD,1994,vote_intention,2195.486701419601,2694.0764,TRUE,not_attached_and_no_vote,75.755,84,0.02811909862689863
Mannheim EB,NLD,NLD,1994,vote_intention,2195.486701419601,2694.0764,TRUE,not_attached_but_voted,385.6442,396,0.1431452352279245
Mannheim EB,PRT,PRT,1985,past_vote,503.9916652793291,503.3863,TRUE,attached_and_voted,392.04879999999997,400,0.7788229437312855
Mannheim EB,PRT,PRT,1985,past_vote,503.9916652793291,503.3863,TRUE,dk_attachment_and_voted,24.6681,24,0.04900431338715416
Mannheim EB,PRT,PRT,1985,past_vote,503.9916652793291,503.3863,TRUE,not_attached_but_voted,86.6694,86,0.17217274288156034
Mannheim EB,PRT,PRT,1985,vote_intention,549.5949365438303,557.5065,TRUE,attached_and_voted,433.1847,438,0.7770038555604285
Mannheim EB,PRT,PRT,1985,vote_intention,549.5949365438303,557.5065,TRUE,dk_attachment_and_voted,32.97,31,0.05913832394779254
Mannheim EB,PRT,PRT,1985,vote_intention,549.5949365438303,557.5065,TRUE,not_attached_but_voted,91.3518,90,0.16385782049177902
Mannheim EB,PRT,PRT,1986,past_vote,1171.5681158247498,1173.3559,TRUE,attached_and_voted,927.0649,940,0.7900969347833849
Mannheim EB,PRT,PRT,1986,past_vote,1171.5681158247498,1173.3559,TRUE,dk_attachment_and_voted,24.1113,23,0.02054900819095042
Mannheim EB,PRT,PRT,1986,past_vote,1171.5681158247498,1173.3559,TRUE,not_attached_but_voted,222.1797,221,0.18935405702566457
Mannheim EB,PRT,PRT,1986,vote_intention,1248.4126206216713,1251.4249,TRUE,attached_and_voted,990.8981,1005,0.7918158732497651
Mannheim EB,PRT,PRT,1986,vote_intention,1248.4126206216713,1251.4249,TRUE,dk_attachment_and_voted,21.0721,20,0.01683848547363889
Mannheim EB,PRT,PRT,1986,vote_intention,1248.4126206216713,1251.4249,TRUE,not_attached_but_voted,239.4547,236,0.19134564127659598
Mannheim EB,PRT,PRT,1987,past_vote,1238.6102287242854,1249.7821,TRUE,attached_and_no_vote,22.2399,22,0.017795022028239963
Mannheim EB,PRT,PRT,1987,past_vote,1238.6102287242854,1249.7821,TRUE,attached_and_voted,914.547,924,0.7317651613029184
Mannheim EB,PRT,PRT,1987,past_vote,1238.6102287242854,1249.7821,TRUE,dk_attachment_and_no_vote,2.9953000000000003,3,0.002396657785385149
Mannheim EB,PRT,PRT,1987,past_vote,1238.6102287242854,1249.7821,TRUE,dk_attachment_and_voted,34.5751,35,0.027664902545811786
Mannheim EB,PRT,PRT,1987,past_vote,1238.6102287242854,1249.7821,TRUE,not_attached_and_no_vote,56.1643,55,0.0449392738142113
Mannheim EB,PRT,PRT,1987,past_vote,1238.6102287242854,1249.7821,TRUE,not_attached_but_voted,219.2605,217,0.1754389825234335
Mannheim EB,PRT,PRT,1987,vote_intention,1267.5505591189365,1279.989,TRUE,attached_and_voted,1003.9909,1013,0.7843746313444881
Mannheim EB,PRT,PRT,1987,vote_intention,1267.5505591189365,1279.989,TRUE,dk_attachment_and_voted,37.3286,38,0.029163219371416475
Mannheim EB,PRT,PRT,1987,vote_intention,1267.5505591189365,1279.989,TRUE,not_attached_but_voted,238.6695,235,0.1864621492840954
Mannheim EB,PRT,PRT,1988,past_vote,1140.07340652462,1142.6773,TRUE,attached_and_no_vote,68.1626,71,0.059651661934651184
Mannheim EB,PRT,PRT,1988,past_vote,1140.07340652462,1142.6773,TRUE,attached_and_voted,732.6981000000001,738,0.6412117401824645
Mannheim EB,PRT,PRT,1988,past_vote,1140.07340652462,1142.6773,TRUE,dk_attachment_and_no_vote,21.3984,23,0.01872654685622966
Mannheim EB,PRT,PRT,1988,past_vote,1140.07340652462,1142.6773,TRUE,dk_attachment_and_voted,35.0086,35,0.03063734616938658
Mannheim EB,PRT,PRT,1988,past_vote,1140.07340652462,1142.6773,TRUE,not_attached_and_no_vote,77.6604,80,0.06796354491333642
Mannheim EB,PRT,PRT,1988,past_vote,1140.07340652462,1142.6773,TRUE,not_attached_but_voted,207.7492,209,0.18180915994393168
Mannheim EB,PRT,PRT,1988,vote_intention,1177.0525587637983,1186.935,TRUE,attached_and_no_vote,31.2429,31,0.026322334415953694
Mannheim EB,PRT,PRT,1988,vote_intention,1177.0525587637983,1186.935,TRUE,attached_and_voted,819.3543,827,0.6903110111337184
Mannheim EB,PRT,PRT,1988,vote_intention,1177.0525587637983,1186.935,TRUE,dk_attachment_and_no_vote,10.808,12,0.009105806130917026
Mannheim EB,PRT,PRT,1988,vote_intention,1177.0525587637983,1186.935,TRUE,dk_attachment_and_voted,40.691900000000004,41,0.034283174731556496
Mannheim EB,PRT,PRT,1988,vote_intention,1177.0525587637983,1186.935,TRUE,not_attached_and_no_vote,54.0176,54,0.04551015851752624
Mannheim EB,PRT,PRT,1988,vote_intention,1177.0525587637983,1186.935,TRUE,not_attached_but_voted,230.8203,229,0.19446751507032822
Mannheim EB,PRT,PRT,1989,past_vote,1994.6724066013094,2170.0652,TRUE,attached_and_no_vote,207.8837,203,0.09579606179574697
Mannheim EB,PRT,PRT,1989,past_vote,1994.6724066013094,2170.0652,TRUE,attached_and_voted,1271.0454,1265,0.5857176088534114
Mannheim EB,PRT,PRT,1989,past_vote,1994.6724066013094,2170.0652,TRUE,dk_attachment_and_no_vote,54.1649,54,0.024960033458902527
Mannheim EB,PRT,PRT,1989,past_vote,1994.6724066013094,2170.0652,TRUE,dk_attachment_and_voted,56.500299999999996,57,0.026036222321799363
Mannheim EB,PRT,PRT,1989,past_vote,1994.6724066013094,2170.0652,TRUE,not_attached_and_no_vote,309.0076,307,0.14239553724007925
Mannheim EB,PRT,PRT,1989,past_vote,1994.6724066013094,2170.0652,TRUE,not_attached_but_voted,271.4633,277,0.1250945363300605
Mannheim EB,PRT,PRT,1989,vote_intention,2464.8104761056643,2693.8513,TRUE,attached_and_no_vote,61.866,61,0.022965632884042266
Mannheim EB,PRT,PRT,1989,vote_intention,2464.8104761056643,2693.8513,TRUE,attached_and_voted,1840.3604,1835,0.6831707451706782
Mannheim EB,PRT,PRT,1989,vote_intention,2464.8104761056643,2693.8513,TRUE,dk_attachment_and_no_vote,32.9537,32,0.012232932085004098
Mannheim EB,PRT,PRT,1989,vote_intention,2464.8104761056643,2693.8513,TRUE,dk_attachment_and_voted,92.45739999999999,91,0.03432164202975866
Mannheim EB,PRT,PRT,1989,vote_intention,2464.8104761056643,2693.8513,TRUE,not_attached_and_no_vote,293.9307,294,0.10911170189683447
Mannheim EB,PRT,PRT,1989,vote_intention,2464.8104761056643,2693.8513,TRUE,not_attached_but_voted,372.2831,380,0.13819734593368238
Mannheim EB,PRT,PRT,1990,past_vote,1377.5870245163067,1514.0862,TRUE,attached_and_no_vote,168.4351,189,0.11124538351911537
Mannheim EB,PRT,PRT,1990,past_vote,1377.5870245163067,1514.0862,TRUE,attached_and_voted,813.1581,793,0.5370619585595588
Mannheim EB,PRT,PRT,1990,past_vote,1377.5870245163067,1514.0862,TRUE,dk_attachment_and_no_vote,31.5305,33,0.02082477206383626
Mannheim EB,PRT,PRT,1990,past_vote,1377.5870245163067,1514.0862,TRUE,dk_attachment_and_voted,8.556,7,0.005650933216351882
Mannheim EB,PRT,PRT,1990,past_vote,1377.5870245163067,1514.0862,TRUE,not_attached_and_no_vote,259.5892,282,0.17144941945841657
Mannheim EB,PRT,PRT,1990,past_vote,1377.5870245163067,1514.0862,TRUE,not_attached_but_voted,232.8173,227,0.15376753318272104
Mannheim EB,PRT,PRT,1990,vote_intention,1164.9947220088666,1299.8578,TRUE,attached_and_no_vote,23.6335,26,0.01818160417239486
Mannheim EB,PRT,PRT,1990,vote_intention,1164.9947220088666,1299.8578,TRUE,attached_and_voted,911.8553,903,0.7015038875790875
Mannheim EB,PRT,PRT,1990,vote_intention,1164.9947220088666,1299.8578,TRUE,dk_attachment_and_no_vote,4.8078,6,0.00369871227452726
Mannheim EB,PRT,PRT,1990,vote_intention,1164.9947220088666,1299.8578,TRUE,dk_attachment_and_voted,6.6457,5,0.005112636166817632
Mannheim EB,PRT,PRT,1990,vote_intention,1164.9947220088666,1299.8578,TRUE,not_attached_and_no_vote,116.5019,121,0.08962664993047702
Mannheim EB,PRT,PRT,1990,vote_intention,1164.9947220088666,1299.8578,TRUE,not_attached_but_voted,236.4136,241,0.18187650987669574
Mannheim EB,PRT,PRT,1991,past_vote,1472.3751110519222,1626.2208,TRUE,attached_and_no_vote,198.8914,203,0.12230282628287623
Mannheim EB,PRT,PRT,1991,past_vote,1472.3751110519222,1626.2208,TRUE,attached_and_voted,940.5668,943,0.5783758269479765
Mannheim EB,PRT,PRT,1991,past_vote,1472.3751110519222,1626.2208,TRUE,dk_attachment_and_no_vote,24.584600000000002,26,0.015117627323423732
Mannheim EB,PRT,PRT,1991,past_vote,1472.3751110519222,1626.2208,TRUE,dk_attachment_and_voted,20.9551,21,0.012885765573776945
Mannheim EB,PRT,PRT,1991,past_vote,1472.3751110519222,1626.2208,TRUE,not_attached_and_no_vote,214.0382,211,0.1316169366423059
Mannheim EB,PRT,PRT,1991,past_vote,1472.3751110519222,1626.2208,TRUE,not_attached_but_voted,227.1847,225,0.13970101722964065
Mannheim EB,PRT,PRT,1991,vote_intention,1385.0685802086068,1537.9151,TRUE,attached_and_no_vote,18.1278,16,0.01178725665675563
Mannheim EB,PRT,PRT,1991,vote_intention,1385.0685802086068,1537.9151,TRUE,attached_and_voted,1113.1033,1122,0.7237742187458853
Mannheim EB,PRT,PRT,1991,vote_intention,1385.0685802086068,1537.9151,TRUE,dk_attachment_and_no_vote,11.102599999999999,11,0.007219254170792652
Mannheim EB,PRT,PRT,1991,vote_intention,1385.0685802086068,1537.9151,TRUE,dk_attachment_and_voted,22.5867,22,0.014686571449880427
Mannheim EB,PRT,PRT,1991,vote_intention,1385.0685802086068,1537.9151,TRUE,not_attached_and_no_vote,110.8663,105,0.0720886998248473
Mannheim EB,PRT,PRT,1991,vote_intention,1385.0685802086068,1537.9151,TRUE,not_attached_but_voted,262.1284,258,0.17044399915183875
Mannheim EB,PRT,PRT,1992,past_vote,1422.1612978127105,1538.2842,TRUE,attached_and_no_vote,64.5358,67,0.04195310593452107
Mannheim EB,PRT,PRT,1992,past_vote,1422.1612978127105,1538.2842,TRUE,attached_and_voted,1043.5466,1033,0.6783834872645769
Mannheim EB,PRT,PRT,1992,past_vote,1422.1612978127105,1538.2842,TRUE,dk_attachment_and_no_vote,28.3828,26,0.01845094684064232
Mannheim EB,PRT,PRT,1992,past_vote,1422.1612978127105,1538.2842,TRUE,dk_attachment_and_voted,25.3868,24,0.016503322337965896
Mannheim EB,PRT,PRT,1992,past_vote,1422.1612978127105,1538.2842,TRUE,not_attached_and_no_vote,115.2649,116,0.07493082227588374
Mannheim EB,PRT,PRT,1992,past_vote,1422.1612978127105,1538.2842,TRUE,not_attached_but_voted,261.1673,262,0.16977831534640997
Mannheim EB,PRT,PRT,1992,vote_intention,1399.6014474900949,1502.8458,TRUE,attached_and_no_vote,23.6889,24,0.015762695015017508
Mannheim EB,PRT,PRT,1992,vote_intention,1399.6014474900949,1502.8458,TRUE,attached_and_voted,1102.7701,1101,0.7337879242168425
Mannheim EB,PRT,PRT,1992,vote_intention,1399.6014474900949,1502.8458,TRUE,dk_attachment_and_no_vote,9.1707,11,0.006102222862784725
Mannheim EB,PRT,PRT,1992,vote_intention,1399.6014474900949,1502.8458,TRUE,dk_attachment_and_voted,20.179000000000002,21,0.013427192596871883
Mannheim EB,PRT,PRT,1992,vote_intention,1399.6014474900949,1502.8458,TRUE,not_attached_and_no_vote,103.7025,107,0.069004085449086
Mannheim EB,PRT,PRT,1992,vote_intention,1399.6014474900949,1502.8458,TRUE,not_attached_but_voted,243.3346,242,0.1619158798593974
Mannheim EB,PRT,PRT,1993,past_vote,1028.8723262818091,1187.9905,TRUE,attached_and_no_vote,8.9337,9,0.007520009629706634
Mannheim EB,PRT,PRT,1993,past_vote,1028.8723262818091,1187.9905,TRUE,attached_and_voted,896.4752,899,0.7546147885862723
Mannheim EB,PRT,PRT,1993,past_vote,1028.8723262818091,1187.9905,TRUE,dk_attachment_and_no_vote,1.9899,3,0.00167501339446738
Mannheim EB,PRT,PRT,1993,past_vote,1028.8723262818091,1187.9905,TRUE,dk_attachment_and_voted,19.7635,22,0.016636075793535383
Mannheim EB,PRT,PRT,1993,past_vote,1028.8723262818091,1187.9905,TRUE,not_attached_and_no_vote,22.6324,23,0.019050994094649745
Mannheim EB,PRT,PRT,1993,past_vote,1028.8723262818091,1187.9905,TRUE,not_attached_but_voted,238.1958,234,0.20050311850136845
Mannheim EB,PRT,PRT,1993,vote_intention,1206.475387301946,1394.5613,TRUE,attached_and_no_vote,21.85,19,0.015668009717464553
Mannheim EB,PRT,PRT,1993,vote_intention,1206.475387301946,1394.5613,TRUE,attached_and_voted,982.4026,987,0.7044527909959928
Mannheim EB,PRT,PRT,1993,vote_intention,1206.475387301946,1394.5613,TRUE,dk_attachment_and_no_vote,10.9437,8,0.007847414093593448
Mannheim EB,PRT,PRT,1993,vote_intention,1206.475387301946,1394.5613,TRUE,dk_attachment_and_voted,21.8115,24,0.015640402469220965
Mannheim EB,PRT,PRT,1993,vote_intention,1206.475387301946,1394.5613,TRUE,not_attached_and_no_vote,129.6996,126,0.09300387154010369
Mannheim EB,PRT,PRT,1993,vote_intention,1206.475387301946,1394.5613,TRUE,not_attached_but_voted,227.8539,226,0.16338751118362455
Mannheim EB,PRT,PRT,1994,past_vote,1757.0483475422172,2018.3043,TRUE,attached_and_no_vote,145.5957,131,0.07213763553890262
Mannheim EB,PRT,PRT,1994,past_vote,1757.0483475422172,2018.3043,TRUE,attached_and_voted,1314.7112,1335,0.6513939449071183
Mannheim EB,PRT,PRT,1994,past_vote,1757.0483475422172,2018.3043,TRUE,dk_attachment_and_no_vote,12.6874,10,0.006286168047107664
Mannheim EB,PRT,PRT,1994,past_vote,1757.0483475422172,2018.3043,TRUE,dk_attachment_and_voted,16.182100000000002,14,0.008017671071701132
Mannheim EB,PRT,PRT,1994,past_vote,1757.0483475422172,2018.3043,TRUE,not_attached_and_no_vote,209.5104,189,0.10380515960848917
Mannheim EB,PRT,PRT,1994,past_vote,1757.0483475422172,2018.3043,TRUE,not_attached_but_voted,319.6175,316,0.15835942082668109
Mannheim EB,PRT,PRT,1994,vote_intention,1829.9465470781774,2081.6247,TRUE,attached_and_no_vote,48.9529,49,0.02351667906323364
Mannheim EB,PRT,PRT,1994,vote_intention,1829.9465470781774,2081.6247,TRUE,attached_and_voted,1516.6024,1530,0.728566681592508
Mannheim EB,PRT,PRT,1994,vote_intention,1829.9465470781774,2081.6247,TRUE,dk_attachment_and_no_vote,5.647600000000001,5,0.0027130731106332477
Mannheim EB,PRT,PRT,1994,vote_intention,1829.9465470781774,2081.6247,TRUE,dk_attachment_and_voted,19.2597,17,0.009252244172544647
Mannheim EB,PRT,PRT,1994,vote_intention,1829.9465470781774,2081.6247,TRUE,not_attached_and_no_vote,174.6874,160,0.08391877748183907
Mannheim EB,PRT,PRT,1994,vote_intention,1829.9465470781774,2081.6247,TRUE,not_attached_but_voted,316.4747,314,0.1520325445792414
