wave,cntry,region,variable,code,label,pf_name,pf_id,source,kind
2004,AT,,v029,1,SPÖ,Sozialdemokratische Partei Österreichs,1384,name,answer
2004,AT,,v029,2,ÖVP,Österreichische Volkspartei,1329,name,answer
2004,AT,,v029,3,FPÖ,Freiheitliche Partei Österreichs,463,name,answer
2004,AT,,v029,4,GRÜNE,Die Grünen — Die grüne Alternative,1659,name,answer
2004,AT,,v029,90,,other,,special,answer
2004,AT,,v029,91,,none,,special,answer
2004,AT,,v029,98,,dont-know,,special,answer
2004,AT,,v029,99,,,,special,answer
2004,AT,,v112,1,SPÖ,Sozialdemokratische Partei Österreichs,1384,name,answer
2004,AT,,v112,2,ÖVP,Österreichische Volkspartei,1329,name,answer
2004,AT,,v112,3,FPÖ,Freiheitliche Partei Österreichs,463,name,answer
2004,AT,,v112,4,GRÜNE,Die Grünen — Die grüne Alternative,1659,name,answer
2004,AT,,v112,6,Die LINKE,Die LINKE [og],,hand,answer
2004,AT,,v112,7,Liste H.-P. Martin,Liste Dr. Hans-Peter Martin,1708,hand,answer
2004,AT,,v112,96,,blank-invalid,,special,answer
2004,AT,,v112,97,,did-not-vote,,special,answer
2004,AT,,v112,99,,,,special,answer
2004,AT,,v113,1,SPÖ,Sozialdemokratische Partei Österreichs,1384,name,answer
2004,AT,,v113,2,ÖVP,Österreichische Volkspartei,1329,name,answer
2004,AT,,v113,3,FPÖ,Freiheitliche Partei Österreichs,463,name,answer
2004,AT,,v113,4,GRÜNE,Die Grünen — Die grüne Alternative,1659,name,answer
2004,AT,,v113,5,KPÖ,Kommunistische Partei Österreichs,996,name,answer
2004,AT,,v113,90,,other,,special,answer
2004,AT,,v113,95,,refused,,special,answer
2004,AT,,v113,96,,blank-invalid,,special,answer
2004,AT,,v113,97,,did-not-vote,,special,answer
2004,AT,,v113,99,,,,special,answer
2004,AT,,v114,1,SPÖ,Sozialdemokratische Partei Österreichs,1384,name,answer
2004,AT,,v114,2,ÖVP,Österreichische Volkspartei,1329,name,answer
2004,AT,,v114,3,FPÖ,Freiheitliche Partei Österreichs,463,name,answer
2004,AT,,v114,4,GRÜNE,Die Grünen — Die grüne Alternative,1659,name,answer
2004,AT,,v114,5,KPÖ,Kommunistische Partei Österreichs,996,name,answer
2004,AT,,v114,90,,other,,special,answer
2004,AT,,v114,96,,blank-invalid,,special,answer
2004,AT,,v114,97,,will-not-vote,,special,answer
2004,AT,,v114,99,,,,special,answer
2004,AT,,v115,1,SPÖ,Sozialdemokratische Partei Österreichs,1384,name,battery
2004,AT,,v116,2,ÖVP,Österreichische Volkspartei,1329,name,battery
2004,AT,,v117,3,FPÖ,Freiheitliche Partei Österreichs,463,name,battery
2004,AT,,v118,4,GRÜNE,Die Grünen — Die grüne Alternative,1659,name,battery
2004,AT,,v119,5,KPÖ,Kommunistische Partei Österreichs,996,name,battery
2004,AT,,v120,6,Die LINKE,Die LINKE [og],,hand,battery
2004,AT,,v121,7,Liste H.-P. Martin,Liste Dr. Hans-Peter Martin,1708,hand,battery
2004,AT,,v135,1,SPÖ,Sozialdemokratische Partei Österreichs,1384,name,battery
2004,AT,,v136,2,ÖVP,Österreichische Volkspartei,1329,name,battery
2004,AT,,v137,3,FPÖ,Freiheitliche Partei Österreichs,463,name,battery
2004,AT,,v138,4,GRÜNE,Die Grünen — Die grüne Alternative,1659,name,battery
2004,AT,,v139,5,KPÖ,Kommunistische Partei Österreichs,996,name,battery
2004,AT,,v140,6,Die LINKE,Die LINKE [og],,hand,battery
2004,AT,,v141,7,Liste H.-P. Martin,Liste Dr. Hans-Peter Martin,1708,hand,battery
2004,AT,,v157,1,SPÖ,Sozialdemokratische Partei Österreichs,1384,name,battery
2004,AT,,v158,2,ÖVP,Österreichische Volkspartei,1329,name,battery
2004,AT,,v159,3,FPÖ,Freiheitliche Partei Österreichs,463,name,battery
2004,AT,,v160,4,GRÜNE,Die Grünen — Die grüne Alternative,1659,name,battery
2004,AT,,v161,5,KPÖ,Kommunistische Partei Österreichs,996,name,battery
2004,AT,,v162,6,Die LINKE,Die LINKE [og],,hand,battery
2004,AT,,v163,7,Liste H.-P. Martin,Liste Dr. Hans-Peter Martin,1708,hand,battery
2004,AT,,v211,1,SPÖ,Sozialdemokratische Partei Österreichs,1384,name,answer
2004,AT,,v211,2,ÖVP,Österreichische Volkspartei,1329,name,answer
2004,AT,,v211,3,FPÖ,Freiheitliche Partei Österreichs,463,name,answer
2004,AT,,v211,4,GRÜNE,Die Grünen — Die grüne Alternative,1659,name,answer
2004,AT,,v211,5,KPÖ,Kommunistische Partei Österreichs,996,name,answer
2004,AT,,v211,90,,other,,special,answer
2004,AT,,v211,94,,none,,special,answer
2004,AT,,v211,95,,refused,,special,answer
2004,AT,,v211,99,,,,special,answer
2004,BE,,v029,1,VLD - Vlaamse Liberalen en Democraten,Partij voor Vrijheid en Vooruitgang — Open Vlaamse Liberalen en Democraten,49,hand,answer
2004,BE,,v029,2,SP.A-SPIRIT - Socialistische Partij. Anders,Socialistische Partij Anders / Sociaal-Liberale Partij / Spirit,1586,hand,answer
2004,BE,,v029,3,CD&V - Christen-Democratisch & Vlaams,Christen-Democratisch en Vlaams,604,hand,answer
2004,BE,,v029,4,VB - Vlaams Blok,Vlaams Blok / Belang,553,hand,answer
2004,BE,,v029,5,N-VA,Nieuw-Vlaamse Alliantie,36,name,answer
2004,BE,,v029,6,Agalev/Groen!,Agalev — Groen,528,name,answer
2004,BE,,v029,7,,,,undocumented,answer
2004,BE,,v029,8,RESIST,RESIST [og],,hand,answer
2004,BE,,v029,9,Vivant,Vivant,76,name,answer
2004,BE,,v029,10,PS,Parti Socialiste,500,hand,answer
2004,BE,,v029,11,MR,Mouvement Réformateur,789,name,answer
2004,BE,,v029,12,CDH,Parti Social Chrétien — Centre démocrate humaniste,633,name,answer
2004,BE,,v029,13,Ecolo,Écologistes Confédérés pour l'organisation de luttes originales,1563,name,answer
2004,BE,,v029,14,Front National,Front National,191,name,answer
2004,BE,,v029,90,,other,,special,answer
2004,BE,,v029,91,,none,,special,answer
2004,BE,,v029,98,,dont-know,,special,answer
2004,BE,,v029,99,,,,special,answer
2004,BE,,v112,1,VLD - Vlaamse Liberalen en Democraten,Partij voor Vrijheid en Vooruitgang — Open Vlaamse Liberalen en Democraten,49,hand,answer
2004,BE,,v112,2,SP.A-SPIRIT - Socialistische Partij. Anders,Socialistische Partij Anders / Sociaal-Liberale Partij / Spirit,1586,hand,answer
2004,BE,,v112,3,CD&V - Christen-Democratisch & Vlaams,Christen-Democratisch en Vlaams,604,hand,answer
2004,BE,,v112,4,VB - Vlaams Blok,Vlaams Blok / Belang,553,hand,answer
2004,BE,,v112,5,N-VA,Nieuw-Vlaamse Alliantie,36,name,answer
2004,BE,,v112,6,Agalev/Groen!,Agalev — Groen,528,name,answer
2004,BE,,v112,7,,,,undocumented,answer
2004,BE,,v112,8,RESIST,RESIST [og],,hand,answer
2004,BE,,v112,9,Vivant,Vivant,76,name,answer
2004,BE,,v112,10,PS,Parti Socialiste,500,hand,answer
2004,BE,,v112,11,MR,Mouvement Réformateur,789,name,answer
2004,BE,,v112,12,CDH,Parti Social Chrétien — Centre démocrate humaniste,633,name,answer
2004,BE,,v112,13,Ecolo,Écologistes Confédérés pour l'organisation de luttes originales,1563,name,answer
2004,BE,,v112,14,Front National,Front National,191,name,answer
2004,BE,,v112,97,,did-not-vote,,special,answer
2004,BE,,v112,99,,,,special,answer
2004,BE,,v113,1,VLD - Vlaamse Liberalen en Democraten,Partij voor Vrijheid en Vooruitgang — Open Vlaamse Liberalen en Democraten,49,hand,answer
2004,BE,,v113,2,SP.A-SPIRIT - Socialistische Partij. Anders,Socialistische Partij Anders / Sociaal-Liberale Partij / Spirit,1586,hand,answer
2004,BE,,v113,3,CD&V - Christen-Democratisch & Vlaams,Christen-Democratisch en Vlaams,604,hand,answer
2004,BE,,v113,4,VB - Vlaams Blok,Vlaams Blok / Belang,553,hand,answer
2004,BE,,v113,5,N-VA,Nieuw-Vlaamse Alliantie,36,name,answer
2004,BE,,v113,6,Agalev/Groen!,Agalev — Groen,528,name,answer
2004,BE,,v113,7,,,,undocumented,answer
2004,BE,,v113,8,RESIST,RESIST [og],,hand,answer
2004,BE,,v113,9,Vivant,Vivant,76,name,answer
2004,BE,,v113,10,PS,Parti Socialiste,500,hand,answer
2004,BE,,v113,11,MR,Mouvement Réformateur,789,name,answer
2004,BE,,v113,12,CDH,Parti Social Chrétien — Centre démocrate humaniste,633,name,answer
2004,BE,,v113,13,Ecolo,Écologistes Confédérés pour l'organisation de luttes originales,1563,name,answer
2004,BE,,v113,14,Front National,Front National,191,name,answer
2004,BE,,v113,17,,,,undocumented,answer
2004,BE,,v113,90,,other,,special,answer
2004,BE,,v113,99,,,,special,answer
2004,BE,,v115,1,VLD - Vlaamse Liberalen en Democraten,Partij voor Vrijheid en Vooruitgang — Open Vlaamse Liberalen en Democraten,49,hand,battery
2004,BE,,v116,2,SP.A-SPIRIT - Socialistische Partij. Anders,Socialistische Partij Anders / Sociaal-Liberale Partij / Spirit,1586,hand,battery
2004,BE,,v117,3,CD&V - Christen-Democratisch & Vlaams,Christen-Democratisch en Vlaams,604,hand,battery
2004,BE,,v118,4,VB - Vlaams Blok,Vlaams Blok / Belang,553,hand,battery
2004,BE,,v119,5,N-VA,Nieuw-Vlaamse Alliantie,36,name,battery
2004,BE,,v120,6,Agalev/Groen!,Agalev — Groen,528,name,battery
2004,BE,,v122,8,RESIST,RESIST [og],,hand,battery
2004,BE,,v123,9,Vivant,Vivant,76,name,battery
2004,BE,,v124,10,PS,Parti Socialiste,500,hand,battery
2004,BE,,v125,11,MR,Mouvement Réformateur,789,name,battery
2004,BE,,v126,12,CDH,Parti Social Chrétien — Centre démocrate humaniste,633,name,battery
2004,BE,,v127,13,Ecolo,Écologistes Confédérés pour l'organisation de luttes originales,1563,name,battery
2004,BE,,v128,14,Front National,Front National,191,name,battery
2004,BE,,v135,1,VLD - Vlaamse Liberalen en Democraten,Partij voor Vrijheid en Vooruitgang — Open Vlaamse Liberalen en Democraten,49,hand,battery
2004,BE,,v136,2,SP.A-SPIRIT - Socialistische Partij. Anders,Socialistische Partij Anders / Sociaal-Liberale Partij / Spirit,1586,hand,battery
2004,BE,,v137,3,CD&V - Christen-Democratisch & Vlaams,Christen-Democratisch en Vlaams,604,hand,battery
2004,BE,,v138,4,VB - Vlaams Blok,Vlaams Blok / Belang,553,hand,battery
2004,BE,,v139,5,N-VA,Nieuw-Vlaamse Alliantie,36,name,battery
2004,BE,,v140,6,Agalev/Groen!,Agalev — Groen,528,name,battery
2004,BE,,v142,8,RESIST,RESIST [og],,hand,battery
2004,BE,,v143,9,Vivant,Vivant,76,name,battery
2004,BE,,v144,10,PS,Parti Socialiste,500,hand,battery
2004,BE,,v145,11,MR,Mouvement Réformateur,789,name,battery
2004,BE,,v146,12,CDH,Parti Social Chrétien — Centre démocrate humaniste,633,name,battery
2004,BE,,v147,13,Ecolo,Écologistes Confédérés pour l'organisation de luttes originales,1563,name,battery
2004,BE,,v148,14,Front National,Front National,191,name,battery
2004,BE,,v157,1,VLD - Vlaamse Liberalen en Democraten,Partij voor Vrijheid en Vooruitgang — Open Vlaamse Liberalen en Democraten,49,hand,battery
2004,BE,,v158,2,SP.A-SPIRIT - Socialistische Partij. Anders,Socialistische Partij Anders / Sociaal-Liberale Partij / Spirit,1586,hand,battery
2004,BE,,v159,3,CD&V - Christen-Democratisch & Vlaams,Christen-Democratisch en Vlaams,604,hand,battery
2004,BE,,v160,4,VB - Vlaams Blok,Vlaams Blok / Belang,553,hand,battery
2004,BE,,v161,5,N-VA,Nieuw-Vlaamse Alliantie,36,name,battery
2004,BE,,v162,6,Agalev/Groen!,Agalev — Groen,528,name,battery
2004,BE,,v164,8,RESIST,RESIST [og],,hand,battery
2004,BE,,v165,9,Vivant,Vivant,76,name,battery
2004,BE,,v166,10,PS,Parti Socialiste,500,hand,battery
2004,BE,,v167,11,MR,Mouvement Réformateur,789,name,battery
2004,BE,,v168,12,CDH,Parti Social Chrétien — Centre démocrate humaniste,633,name,battery
2004,BE,,v169,13,Ecolo,Écologistes Confédérés pour l'organisation de luttes originales,1563,name,battery
2004,BE,,v170,14,Front National,Front National,191,name,battery
2004,CZ,,v029,1,ČSSD - Česká strana sociálně demokratická,Česká strana sociálně demokratická,177,hand,answer
2004,CZ,,v029,2,KDU-CSL - Krestanska-demokraticka strana-Ceskoslovenska strana lidova,Křesťanská a demokratická unie / Československá strana lidová,676,hand,answer
2004,CZ,,v029,3,KSČM - Komunistická strana Čech a Moravy,Komunistická strana Cech a Moravy,1728,hand,answer
2004,CZ,,v029,4,ODS - Občanská demokratická strana,Občanská demokratická strana,466,hand,answer
2004,CZ,,v029,6,SNK - Sdružení nezávislých a Evropští demokraté,SNK Evropští demokraté,751,hand,answer
2004,CZ,,v029,7,SZ - Strana zelených (Greens),Strana zelených,1554,hand,answer
2004,CZ,,v029,8,NEZ - Hnutí Nezávislí,Nezávislí,1425,hand,answer
2004,CZ,,v029,47,"ULD - Unie liberálních demokratů CZ (18), US-DEU (5), ODA (19) [only in v029 and v211 ]","ULD - Unie liberálních demokratů CZ (18), US-DEU (5), ODA (19) [only in v029 and v211 ] [og]",,hand,answer
2004,CZ,,v029,90,,other,,special,answer
2004,CZ,,v029,91,,none,,special,answer
2004,CZ,,v029,98,,dont-know,,special,answer
2004,CZ,,v029,99,,,,special,answer
2004,CZ,,v112,1,ČSSD - Česká strana sociálně demokratická,Česká strana sociálně demokratická,177,hand,answer
2004,CZ,,v112,2,KDU-CSL - Krestanska-demokraticka strana-Ceskoslovenska strana lidova,Křesťanská a demokratická unie / Československá strana lidová,676,hand,answer
2004,CZ,,v112,3,KSČM - Komunistická strana Čech a Moravy,Komunistická strana Cech a Moravy,1728,hand,answer
2004,CZ,,v112,4,ODS - Občanská demokratická strana,Občanská demokratická strana,466,hand,answer
2004,CZ,,v112,6,SNK - Sdružení nezávislých a Evropští demokraté,SNK Evropští demokraté,751,hand,answer
2004,CZ,,v112,7,SZ - Strana zelených (Greens),Strana zelených,1554,hand,answer
2004,CZ,,v112,8,NEZ - Hnutí Nezávislí,Nezávislí,1425,hand,answer
2004,CZ,,v112,9,PB - Pravý blok,Pravý Blok,904,hand,answer
2004,CZ,,v112,10,SŽJ - Strana za životní jistoty,Důchodci za životní jistoty,670,hand,answer
2004,CZ,,v112,11,BPS - Balbínova poetická strana,BPS - Balbínova poetická strana [og],,hand,answer
2004,CZ,,v112,15,SZR - Strana zdravého rozumu,Strana zdravého rozumu,8923,hand,answer
2004,CZ,,v112,16,SV-SOS - Strana venkova – spojené občanské síly,SV-SOS - Strana venkova – spojené občanské síly [og],,hand,answer
2004,CZ,,v112,17,RMS - Republikáni Miroslava Sládka,Republikanska Miroslava Sladka,972,hand,answer
2004,CZ,,v112,35,Sdružení nestraníků,Sdružení nestraníků [og],,hand,answer
2004,CZ,,v112,42,Nezávislá iniciativa (NEI),Nezávislá iniciativa,2140,name,answer
2004,CZ,,v112,46,Helax-Ostrava se baví,Helax-Ostrava se baví [og],,hand,answer
2004,CZ,,v112,47,"ULD - Unie liberálních demokratů CZ (18), US-DEU (5), ODA (19) [only in v029 and v211 ]","ULD - Unie liberálních demokratů CZ (18), US-DEU (5), ODA (19) [only in v029 and v211 ] [og]",,hand,answer
2004,CZ,,v112,91,,none,,special,answer
2004,CZ,,v112,96,,blank-invalid,,special,answer
2004,CZ,,v112,99,,,,special,answer
2004,CZ,,v113,1,ČSSD - Česká strana sociálně demokratická,Česká strana sociálně demokratická,177,hand,answer
2004,CZ,,v113,3,KSČM - Komunistická strana Čech a Moravy,Komunistická strana Cech a Moravy,1728,hand,answer
2004,CZ,,v113,4,ODS - Občanská demokratická strana,Občanská demokratická strana,466,hand,answer
2004,CZ,,v113,6,SNK - Sdružení nezávislých a Evropští demokraté,SNK Evropští demokraté,751,hand,answer
2004,CZ,,v113,7,SZ - Strana zelených (Greens),Strana zelených,1554,hand,answer
2004,CZ,,v113,10,SŽJ - Strana za životní jistoty,Důchodci za životní jistoty,670,hand,answer
2004,CZ,,v113,11,BPS - Balbínova poetická strana,BPS - Balbínova poetická strana [og],,hand,answer
2004,CZ,,v113,15,SZR - Strana zdravého rozumu,Strana zdravého rozumu,8923,hand,answer
2004,CZ,,v113,16,SV-SOS - Strana venkova – spojené občanské síly,SV-SOS - Strana venkova – spojené občanské síly [og],,hand,answer
2004,CZ,,v113,17,RMS - Republikáni Miroslava Sládka,Republikanska Miroslava Sladka,972,hand,answer
2004,CZ,,v113,19,ODA - Občanská demokratická aliance,Občanská demokratická aliance,1008,hand,answer
2004,CZ,,v113,20,VPB - Volba pro budoucnost,VPB - Volba pro budoucnost [og],,hand,answer
2004,CZ,,v113,21,Akce za zrušení Senátu a proti vytunelování důchodových fondů,Akce za zrušení Senátu a proti vytunelování důchodových fondů [og],,hand,answer
2004,CZ,,v113,22,Naděje,Naděje [og],,hand,answer
2004,CZ,,v113,24,ČSNS - Česká strana národně sociální,[ Liberální / Česká ] strana národně sociální,1813,hand,answer
2004,CZ,,v113,26,ČSS - Československá strana socialistická,ČSS - Československá strana socialistická [og],,hand,answer
2004,CZ,,v113,29,Republikáni,Republikáni [og],,hand,answer
2004,CZ,,v113,30,NDS - Národně demokratická stran,NDS - Národně demokratická stran [og],,hand,answer
2004,CZ,,v113,48,"Koalice US-DEU (5), KDU-ČSL (2) [only in v113 ]",Čtyřkoalice,6202,hand,answer
2004,CZ,,v113,94,“Did not have the right to vote” [only in v113 ],not-eligible,,special,answer
2004,CZ,,v113,96,,blank-invalid,,special,answer
2004,CZ,,v113,97,,did-not-vote,,special,answer
2004,CZ,,v113,99,,,,special,answer
2004,CZ,,v114,1,ČSSD - Česká strana sociálně demokratická,Česká strana sociálně demokratická,177,hand,answer
2004,CZ,,v114,2,KDU-CSL - Krestanska-demokraticka strana-Ceskoslovenska strana lidova,Křesťanská a demokratická unie / Československá strana lidová,676,hand,answer
2004,CZ,,v114,3,KSČM - Komunistická strana Čech a Moravy,Komunistická strana Cech a Moravy,1728,hand,answer
2004,CZ,,v114,4,ODS - Občanská demokratická strana,Občanská demokratická strana,466,hand,answer
2004,CZ,,v114,5,US-DEU - Unie svobody,Unie svobody / Demokratická unie,104,hand,answer
2004,CZ,,v114,6,SNK - Sdružení nezávislých a Evropští demokraté,SNK Evropští demokraté,751,hand,answer
2004,CZ,,v114,8,NEZ - Hnutí Nezávislí,Nezávislí,1425,hand,answer
2004,CZ,,v114,9,PB - Pravý blok,Pravý Blok,904,hand,answer
2004,CZ,,v114,10,SŽJ - Strana za životní jistoty,Důchodci za životní jistoty,670,hand,answer
2004,CZ,,v114,11,BPS - Balbínova poetická strana,BPS - Balbínova poetická strana [og],,hand,answer
2004,CZ,,v114,12,SPR-RSČ - Sdruzeni pro republiky – Republikanska strana Ceskoslovenska,Sdružení pro Republiku — Republikánská strana Československa,1657,hand,answer
2004,CZ,,v114,18,CZ - Cesta změny,CZ - Cesta změny [og],,hand,answer
2004,CZ,,v114,19,ODA - Občanská demokratická aliance,Občanská demokratická aliance,1008,hand,answer
2004,CZ,,v114,90,,other,,special,answer
2004,CZ,,v114,91,,none,,special,answer
2004,CZ,,v114,99,,,,special,answer
2004,CZ,,v115,1,ČSSD - Česká strana sociálně demokratická,Česká strana sociálně demokratická,177,hand,battery
2004,CZ,,v116,2,KDU-CSL - Krestanska-demokraticka strana-Ceskoslovenska strana lidova,Křesťanská a demokratická unie / Československá strana lidová,676,hand,battery
2004,CZ,,v117,3,KSČM - Komunistická strana Čech a Moravy,Komunistická strana Cech a Moravy,1728,hand,battery
2004,CZ,,v118,4,ODS - Občanská demokratická strana,Občanská demokratická strana,466,hand,battery
2004,CZ,,v119,5,US-DEU - Unie svobody,Unie svobody / Demokratická unie,104,hand,battery
2004,CZ,,v120,6,SNK - Sdružení nezávislých a Evropští demokraté,SNK Evropští demokraté,751,hand,battery
2004,CZ,,v121,7,SZ - Strana zelených (Greens),Strana zelených,1554,hand,battery
2004,CZ,,v122,8,NEZ - Hnutí Nezávislí,Nezávislí,1425,hand,battery
2004,CZ,,v123,9,PB - Pravý blok,Pravý Blok,904,hand,battery
2004,CZ,,v124,10,SŽJ - Strana za životní jistoty,Důchodci za životní jistoty,670,hand,battery
2004,CZ,,v125,11,BPS - Balbínova poetická strana,BPS - Balbínova poetická strana [og],,hand,battery
2004,CZ,,v126,12,SPR-RSČ - Sdruzeni pro republiky – Republikanska strana Ceskoslovenska,Sdružení pro Republiku — Republikánská strana Československa,1657,hand,battery
2004,CZ,,v127,13,SDS - Strana demokratického socialismu,SDS - Strana demokratického socialismu [og],,hand,battery
2004,CZ,,v128,14,HA - Humanistická aliance,HA - Humanistická aliance [og],,hand,battery
2004,CZ,,v135,1,ČSSD - Česká strana sociálně demokratická,Česká strana sociálně demokratická,177,hand,battery
2004,CZ,,v136,2,KDU-CSL - Krestanska-demokraticka strana-Ceskoslovenska strana lidova,Křesťanská a demokratická unie / Československá strana lidová,676,hand,battery
2004,CZ,,v137,3,KSČM - Komunistická strana Čech a Moravy,Komunistická strana Cech a Moravy,1728,hand,battery
2004,CZ,,v138,4,ODS - Občanská demokratická strana,Občanská demokratická strana,466,hand,battery
2004,CZ,,v139,5,US-DEU - Unie svobody,Unie svobody / Demokratická unie,104,hand,battery
2004,CZ,,v140,6,SNK - Sdružení nezávislých a Evropští demokraté,SNK Evropští demokraté,751,hand,battery
2004,CZ,,v141,7,SZ - Strana zelených (Greens),Strana zelených,1554,hand,battery
2004,CZ,,v142,8,NEZ - Hnutí Nezávislí,Nezávislí,1425,hand,battery
2004,CZ,,v143,9,PB - Pravý blok,Pravý Blok,904,hand,battery
2004,CZ,,v144,10,SŽJ - Strana za životní jistoty,Důchodci za životní jistoty,670,hand,battery
2004,CZ,,v145,11,BPS - Balbínova poetická strana,BPS - Balbínova poetická strana [og],,hand,battery
2004,CZ,,v146,12,SPR-RSČ - Sdruzeni pro republiky – Republikanska strana Ceskoslovenska,Sdružení pro Republiku — Republikánská strana Československa,1657,hand,battery
2004,CZ,,v147,13,SDS - Strana demokratického socialismu,SDS - Strana demokratického socialismu [og],,hand,battery
2004,CZ,,v148,14,HA - Humanistická aliance,HA - Humanistická aliance [og],,hand,battery
2004,CZ,,v157,1,ČSSD - Česká strana sociálně demokratická,Česká strana sociálně demokratická,177,hand,battery
2004,CZ,,v158,2,KDU-CSL - Krestanska-demokraticka strana-Ceskoslovenska strana lidova,Křesťanská a demokratická unie / Československá strana lidová,676,hand,battery
2004,CZ,,v159,3,KSČM - Komunistická strana Čech a Moravy,Komunistická strana Cech a Moravy,1728,hand,battery
2004,CZ,,v160,4,ODS - Občanská demokratická strana,Občanská demokratická strana,466,hand,battery
2004,CZ,,v161,5,US-DEU - Unie svobody,Unie svobody / Demokratická unie,104,hand,battery
2004,CZ,,v162,6,SNK - Sdružení nezávislých a Evropští demokraté,SNK Evropští demokraté,751,hand,battery
2004,CZ,,v163,7,SZ - Strana zelených (Greens),Strana zelených,1554,hand,battery
2004,CZ,,v164,8,NEZ - Hnutí Nezávislí,Nezávislí,1425,hand,battery
2004,CZ,,v165,9,PB - Pravý blok,Pravý Blok,904,hand,battery
2004,CZ,,v166,10,SŽJ - Strana za životní jistoty,Důchodci za životní jistoty,670,hand,battery
2004,CZ,,v167,11,BPS - Balbínova poetická strana,BPS - Balbínova poetická strana [og],,hand,battery
2004,CZ,,v168,12,SPR-RSČ - Sdruzeni pro republiky – Republikanska strana Ceskoslovenska,Sdružení pro Republiku — Republikánská strana Československa,1657,hand,battery
2004,CZ,,v169,13,SDS - Strana demokratického socialismu,SDS - Strana demokratického socialismu [og],,hand,battery
2004,CZ,,v170,14,HA - Humanistická aliance,HA - Humanistická aliance [og],,hand,battery
2004,CZ,,v211,1,ČSSD - Česká strana sociálně demokratická,Česká strana sociálně demokratická,177,hand,answer
2004,CZ,,v211,2,KDU-CSL - Krestanska-demokraticka strana-Ceskoslovenska strana lidova,Křesťanská a demokratická unie / Československá strana lidová,676,hand,answer
2004,CZ,,v211,3,KSČM - Komunistická strana Čech a Moravy,Komunistická strana Cech a Moravy,1728,hand,answer
2004,CZ,,v211,4,ODS - Občanská demokratická strana,Občanská demokratická strana,466,hand,answer
2004,CZ,,v211,6,SNK - Sdružení nezávislých a Evropští demokraté,SNK Evropští demokraté,751,hand,answer
2004,CZ,,v211,7,SZ - Strana zelených (Greens),Strana zelených,1554,hand,answer
2004,CZ,,v211,8,NEZ - Hnutí Nezávislí,Nezávislí,1425,hand,answer
2004,CZ,,v211,47,"ULD - Unie liberálních demokratů CZ (18), US-DEU (5), ODA (19) [only in v029 and v211 ]","ULD - Unie liberálních demokratů CZ (18), US-DEU (5), ODA (19) [only in v029 and v211 ] [og]",,hand,answer
2004,CZ,,v211,90,,other,,special,answer
2004,CZ,,v211,94,“Did not have the right to vote” [only in v113 ],none,,special,answer
2004,CZ,,v211,99,,,,special,answer
2004,DE,,v029,1,CDU/CSU,Christlich Demokratische Union / Christlich Soziale Union,211,name,answer
2004,DE,,v029,2,SPD,Sozialdemokratische Partei Deutschlands,383,name,answer
2004,DE,,v029,3,Bündnis 90/Die Grünen,Bündnis 90 / Die Grünen,1816,hand,answer
2004,DE,,v029,4,PDS,Partei des Demokratischen Sozialismus,86,hand,answer
2004,DE,,v029,5,FDP,Freie Demokratische Partei,573,name,answer
2004,DE,,v029,6,Republikaner,Die Republikaner,720,name,answer
2004,DE,,v029,10,ÖDP,Ökologisch-Demokratische Partei,7345,name,answer
2004,DE,,v029,91,,none,,special,answer
2004,DE,,v029,98,,dont-know,,special,answer
2004,DE,,v029,99,,,,special,answer
2004,DE,,v112,1,CDU/CSU,Christlich Demokratische Union / Christlich Soziale Union,211,name,answer
2004,DE,,v112,2,SPD,Sozialdemokratische Partei Deutschlands,383,name,answer
2004,DE,,v112,3,Bündnis 90/Die Grünen,Bündnis 90 / Die Grünen,1816,hand,answer
2004,DE,,v112,4,PDS,Partei des Demokratischen Sozialismus,86,hand,answer
2004,DE,,v112,5,FDP,Freie Demokratische Partei,573,name,answer
2004,DE,,v112,6,Republikaner,Die Republikaner,720,name,answer
2004,DE,,v112,7,Die Tierschutzpartei,Tierschutzpartei,749,hand,answer
2004,DE,,v112,8,NPD,Nationaldemokratische Partei Deutschlands,1723,name,answer
2004,DE,,v112,9,Die Grauen,Die Grauen — Graue Panther,1652,hand,answer
2004,DE,,v112,10,ÖDP,Ökologisch-Demokratische Partei,7345,name,answer
2004,DE,,v112,15,Familienpartei,Familienpartei [og],,hand,answer
2004,DE,,v112,95,,refused,,special,answer
2004,DE,,v112,96,,blank-invalid,,special,answer
2004,DE,,v112,97,,did-not-vote,,special,answer
2004,DE,,v112,99,,,,special,answer
2004,DE,,v113,1,CDU/CSU,Christlich Demokratische Union / Christlich Soziale Union,211,name,answer
2004,DE,,v113,2,SPD,Sozialdemokratische Partei Deutschlands,383,name,answer
2004,DE,,v113,3,Bündnis 90/Die Grünen,Bündnis 90 / Die Grünen,1816,hand,answer
2004,DE,,v113,4,PDS,Partei des Demokratischen Sozialismus,86,hand,answer
2004,DE,,v113,5,FDP,Freie Demokratische Partei,573,name,answer
2004,DE,,v113,6,Republikaner,Die Republikaner,720,name,answer
2004,DE,,v113,8,NPD,Nationaldemokratische Partei Deutschlands,1723,name,answer
2004,DE,,v113,16,Schill,Schill [og],,hand,answer
2004,DE,,v113,96,,blank-invalid,,special,answer
2004,DE,,v113,97,,did-not-vote,,special,answer
2004,DE,,v113,99,,,,special,answer
2004,DE,,v114,1,CDU/CSU,Christlich Demokratische Union / Christlich Soziale Union,211,name,answer
2004,DE,,v114,2,SPD,Sozialdemokratische Partei Deutschlands,383,name,answer
2004,DE,,v114,3,Bündnis 90/Die Grünen,Bündnis 90 / Die Grünen,1816,hand,answer
2004,DE,,v114,4,PDS,Partei des Demokratischen Sozialismus,86,hand,answer
2004,DE,,v114,5,FDP,Freie Demokratische Partei,573,name,answer
2004,DE,,v114,6,Republikaner,Die Republikaner,720,name,answer
2004,DE,,v114,8,NPD,Nationaldemokratische Partei Deutschlands,1723,name,answer
2004,DE,,v114,9,Die Grauen,Die Grauen — Graue Panther,1652,hand,answer
2004,DE,,v114,10,ÖDP,Ökologisch-Demokratische Partei,7345,name,answer
2004,DE,,v114,12,Partei bibeltreuer Christen,Partei bibeltreuer Christen [og],,hand,answer
2004,DE,,v114,15,Familienpartei,Familienpartei [og],,hand,answer
2004,DE,,v114,96,,blank-invalid,,special,answer
2004,DE,,v114,97,,will-not-vote,,special,answer
2004,DE,,v114,99,,,,special,answer
2004,DE,,v115,1,CDU/CSU,Christlich Demokratische Union / Christlich Soziale Union,211,name,battery
2004,DE,,v116,2,SPD,Sozialdemokratische Partei Deutschlands,383,name,battery
2004,DE,,v117,3,Bündnis 90/Die Grünen,Bündnis 90 / Die Grünen,1816,hand,battery
2004,DE,,v118,4,PDS,Partei des Demokratischen Sozialismus,86,hand,battery
2004,DE,,v119,5,FDP,Freie Demokratische Partei,573,name,battery
2004,DE,,v120,6,Republikaner,Die Republikaner,720,name,battery
2004,DE,,v121,7,Die Tierschutzpartei,Tierschutzpartei,749,hand,battery
2004,DE,,v122,8,NPD,Nationaldemokratische Partei Deutschlands,1723,name,battery
2004,DE,,v123,9,Die Grauen,Die Grauen — Graue Panther,1652,hand,battery
2004,DE,,v124,10,ÖDP,Ökologisch-Demokratische Partei,7345,name,battery
2004,DE,,v125,11,Die Frauen,Die Frauen [og],,hand,battery
2004,DE,,v126,12,Partei bibeltreuer Christen,Partei bibeltreuer Christen [og],,hand,battery
2004,DE,,v127,13,DKP,Deutschkonservative Partei,2125,name,battery
2004,DE,,v128,14,Bayernpartei BP,Bayernpartei,61,name,battery
2004,DE,,v135,1,CDU,Christlich Demokratische Union,1375,name,battery
2004,DE,,v136,2,CSU,Christlich Soziale Union,1731,name,battery
2004,DE,,v137,3,SPD,Sozialdemokratische Partei Deutschlands,383,name,battery
2004,DE,,v138,4,Bündnis 90/Die Grünen,Bündnis 90 / Die Grünen,1816,hand,battery
2004,DE,,v139,5,PDS,Partei des Demokratischen Sozialismus,86,hand,battery
2004,DE,,v140,6,FDP,Freie Demokratische Partei,573,name,battery
2004,DE,,v141,7,Republikaner,Die Republikaner,720,name,battery
2004,DE,,v157,1,CDU,Christlich Demokratische Union,1375,name,battery
2004,DE,,v158,2,CSU,Christlich Soziale Union,1731,name,battery
2004,DE,,v159,3,SPD,Sozialdemokratische Partei Deutschlands,383,name,battery
2004,DE,,v160,4,Bündnis 90/Die Grünen,Bündnis 90 / Die Grünen,1816,hand,battery
2004,DE,,v161,5,PDS,Partei des Demokratischen Sozialismus,86,hand,battery
2004,DE,,v162,6,FDP,Freie Demokratische Partei,573,name,battery
2004,DE,,v163,7,Republikaner,Die Republikaner,720,name,battery
2004,DE,,v211,1,CDU/CSU,Christlich Demokratische Union / Christlich Soziale Union,211,name,answer
2004,DE,,v211,2,SPD,Sozialdemokratische Partei Deutschlands,383,name,answer
2004,DE,,v211,3,Bündnis 90/Die Grünen,Bündnis 90 / Die Grünen,1816,hand,answer
2004,DE,,v211,4,PDS,Partei des Demokratischen Sozialismus,86,hand,answer
2004,DE,,v211,5,FDP,Freie Demokratische Partei,573,name,answer
2004,DE,,v211,8,NPD,Nationaldemokratische Partei Deutschlands,1723,name,answer
2004,DE,,v211,10,ÖDP,Ökologisch-Demokratische Partei,7345,name,answer
2004,DE,,v211,15,Familienpartei,Familienpartei [og],,hand,answer
2004,DE,,v211,94,,none,,special,answer
2004,DE,,v211,99,,,,special,answer
2004,DK,,v029,1,Social Democratic Party,Socialdemokraterne,379,name,answer
2004,DK,,v029,2,Radical Liberals,Det Radikale Venstre,1507,name,answer
2004,DK,,v029,3,Conservative Peoples Party,Konservative Folkeparti,536,hand,answer
2004,DK,,v029,4,Socialist Peoples Party,Socialistisk Folkeparti,329,name,answer
2004,DK,,v029,6,Liberal Party,Venstre,1204,name,answer
2004,DK,,v029,9,Christian Peoples Party / The Christian Democrats,Kristeligt Folkeparti / Kristendemokraterne,53,hand,answer
2004,DK,,v029,10,Leftwing Alliance,Enhedslisten / De Rød-Grønne,1527,hand,answer
2004,DK,,v029,12,Progressive Party,Fremskridtspartiet,1601,hand,answer
2004,DK,,v029,90,,other,,special,answer
2004,DK,,v029,91,,none,,special,answer
2004,DK,,v029,98,,dont-know,,special,answer
2004,DK,,v029,99,,,,special,answer
2004,DK,,v112,1,Social Democratic Party,Socialdemokraterne,379,name,answer
2004,DK,,v112,2,Radical Liberals,Det Radikale Venstre,1507,name,answer
2004,DK,,v112,3,Conservative Peoples Party,Konservative Folkeparti,536,hand,answer
2004,DK,,v112,4,Socialist Peoples Party,Socialistisk Folkeparti,329,name,answer
2004,DK,,v112,5,Danish Peoples Party,Dansk Folkeparti,1022,name,answer
2004,DK,,v112,6,Liberal Party,Venstre,1204,name,answer
2004,DK,,v112,7,The Movement of June,JuniBevægelsen,1421,hand,answer
2004,DK,,v112,8,The pople’s movement against EU,Folkebevægelsen mod EU,333,hand,answer
2004,DK,,v112,90,,other,,special,answer
2004,DK,,v112,96,,blank-invalid,,special,answer
2004,DK,,v112,97,,did-not-vote,,special,answer
2004,DK,,v112,99,,,,special,answer
2004,DK,,v113,1,Social Democratic Party,Socialdemokraterne,379,name,answer
2004,DK,,v113,2,Radical Liberals,Det Radikale Venstre,1507,name,answer
2004,DK,,v113,3,Conservative Peoples Party,Konservative Folkeparti,536,hand,answer
2004,DK,,v113,4,Socialist Peoples Party,Socialistisk Folkeparti,329,name,answer
2004,DK,,v113,5,Danish Peoples Party,Dansk Folkeparti,1022,name,answer
2004,DK,,v113,6,Liberal Party,Venstre,1204,name,answer
2004,DK,,v113,9,Christian Peoples Party / The Christian Democrats,Kristeligt Folkeparti / Kristendemokraterne,53,hand,answer
2004,DK,,v113,10,Leftwing Alliance,Enhedslisten / De Rød-Grønne,1527,hand,answer
2004,DK,,v113,12,Progressive Party,Fremskridtspartiet,1601,hand,answer
2004,DK,,v113,90,,other,,special,answer
2004,DK,,v113,96,,blank-invalid,,special,answer
2004,DK,,v113,97,,did-not-vote,,special,answer
2004,DK,,v113,99,,,,special,answer
2004,DK,,v114,1,Social Democratic Party,Socialdemokraterne,379,name,answer
2004,DK,,v114,2,Radical Liberals,Det Radikale Venstre,1507,name,answer
2004,DK,,v114,3,Conservative Peoples Party,Konservative Folkeparti,536,hand,answer
2004,DK,,v114,4,Socialist Peoples Party,Socialistisk Folkeparti,329,name,answer
2004,DK,,v114,5,Danish Peoples Party,Dansk Folkeparti,1022,name,answer
2004,DK,,v114,6,Liberal Party,Venstre,1204,name,answer
2004,DK,,v114,9,Christian Peoples Party / The Christian Democrats,Kristeligt Folkeparti / Kristendemokraterne,53,hand,answer
2004,DK,,v114,10,Leftwing Alliance,Enhedslisten / De Rød-Grønne,1527,hand,answer
2004,DK,,v114,90,,other,,special,answer
2004,DK,,v114,96,,blank-invalid,,special,answer
2004,DK,,v114,97,,will-not-vote,,special,answer
2004,DK,,v114,99,,,,special,answer
2004,DK,,v115,1,Social Democratic Party,Socialdemokraterne,379,name,battery
2004,DK,,v116,2,Radical Liberals,Det Radikale Venstre,1507,name,battery
2004,DK,,v117,3,Conservative Peoples Party,Konservative Folkeparti,536,hand,battery
2004,DK,,v118,4,Socialist Peoples Party,Socialistisk Folkeparti,329,name,battery
2004,DK,,v119,5,Danish Peoples Party,Dansk Folkeparti,1022,name,battery
2004,DK,,v120,6,Liberal Party,Venstre,1204,name,battery
2004,DK,,v121,7,The Movement of June,JuniBevægelsen,1421,hand,battery
2004,DK,,v122,8,The pople’s movement against EU,Folkebevægelsen mod EU,333,hand,battery
2004,DK,,v123,9,Christian Peoples Party / The Christian Democrats,Kristeligt Folkeparti / Kristendemokraterne,53,hand,battery
2004,DK,,v124,10,Leftwing Alliance,Enhedslisten / De Rød-Grønne,1527,hand,battery
2004,DK,,v125,11,Centre Democratic Party,Centrumdemokraterne,800,hand,battery
2004,DK,,v126,12,Progressive Party,Fremskridtspartiet,1601,hand,battery
2004,DK,,v127,13,The Minority Party,The Minority Party [og],,hand,battery
2004,DK,,v128,14,Democratic Renewal,Democratic Renewal [og],,hand,battery
2004,DK,,v135,1,Social Democratic Party,Socialdemokraterne,379,name,battery
2004,DK,,v136,2,Radical Liberals,Det Radikale Venstre,1507,name,battery
2004,DK,,v137,3,Conservative Peoples Party,Konservative Folkeparti,536,hand,battery
2004,DK,,v138,4,Socialist Peoples Party,Socialistisk Folkeparti,329,name,battery
2004,DK,,v139,5,Danish Peoples Party,Dansk Folkeparti,1022,name,battery
2004,DK,,v140,6,Liberal Party,Venstre,1204,name,battery
2004,DK,,v141,7,The Movement of June,JuniBevægelsen,1421,hand,battery
2004,DK,,v142,8,The pople’s movement against EU,Folkebevægelsen mod EU,333,hand,battery
2004,DK,,v143,9,Christian Peoples Party / The Christian Democrats,Kristeligt Folkeparti / Kristendemokraterne,53,hand,battery
2004,DK,,v144,10,Leftwing Alliance,Enhedslisten / De Rød-Grønne,1527,hand,battery
2004,DK,,v145,11,Centre Democratic Party,Centrumdemokraterne,800,hand,battery
2004,DK,,v146,12,Progressive Party,Fremskridtspartiet,1601,hand,battery
2004,DK,,v147,13,The Minority Party,The Minority Party [og],,hand,battery
2004,DK,,v148,14,Democratic Renewal,Democratic Renewal [og],,hand,battery
2004,DK,,v157,1,Social Democratic Party,Socialdemokraterne,379,name,battery
2004,DK,,v158,2,Radical Liberals,Det Radikale Venstre,1507,name,battery
2004,DK,,v159,3,Conservative Peoples Party,Konservative Folkeparti,536,hand,battery
2004,DK,,v160,4,Socialist Peoples Party,Socialistisk Folkeparti,329,name,battery
2004,DK,,v161,5,Danish Peoples Party,Dansk Folkeparti,1022,name,battery
2004,DK,,v162,6,Liberal Party,Venstre,1204,name,battery
2004,DK,,v163,7,The Movement of June,JuniBevægelsen,1421,hand,battery
2004,DK,,v164,8,The pople’s movement against EU,Folkebevægelsen mod EU,333,hand,battery
2004,DK,,v165,9,Christian Peoples Party / The Christian Democrats,Kristeligt Folkeparti / Kristendemokraterne,53,hand,battery
2004,DK,,v166,10,Leftwing Alliance,Enhedslisten / De Rød-Grønne,1527,hand,battery
2004,DK,,v167,11,Centre Democratic Party,Centrumdemokraterne,800,hand,battery
2004,DK,,v168,12,Progressive Party,Fremskridtspartiet,1601,hand,battery
2004,DK,,v169,13,The Minority Party,The Minority Party [og],,hand,battery
2004,DK,,v170,14,Democratic Renewal,Democratic Renewal [og],,hand,battery
2004,DK,,v211,1,Social Democratic Party,Socialdemokraterne,379,name,answer
2004,DK,,v211,2,Radical Liberals,Det Radikale Venstre,1507,name,answer
2004,DK,,v211,3,Conservative Peoples Party,Konservative Folkeparti,536,hand,answer
2004,DK,,v211,4,Socialist Peoples Party,Socialistisk Folkeparti,329,name,answer
2004,DK,,v211,5,Danish Peoples Party,Dansk Folkeparti,1022,name,answer
2004,DK,,v211,6,Liberal Party,Venstre,1204,name,answer
2004,DK,,v211,9,Christian Peoples Party / The Christian Democrats,Kristeligt Folkeparti / Kristendemokraterne,53,hand,answer
2004,DK,,v211,10,Leftwing Alliance,Enhedslisten / De Rød-Grønne,1527,hand,answer
2004,DK,,v211,14,Democratic Renewal,Democratic Renewal [og],,hand,answer
2004,DK,,v211,90,,other,,special,answer
2004,DK,,v211,94,,none,,special,answer
2004,DK,,v211,95,,refused,,special,answer
2004,DK,,v211,99,,,,special,answer
2004,EE,,v029,1,Eesti Keskerakond,Eesti Keskerakond,533,name,answer
2004,EE,,v029,2,Ühendus Vabariigi Eest – Res Publica,Ühendus vabariigi eest / Res Publica,491,name,answer
2004,EE,,v029,3,Eesti Reformierakond,Eesti Reformierakond,821,name,answer
2004,EE,,v029,4,Eestimaa Rahvaliit,Eestimaa Rahvalliit,110,hand,answer
2004,EE,,v029,5,Erakond Isamaaliit,Isamaaliit,779,name,answer
2004,EE,,v029,6,Sotsiaaldemokraatlik Erakond,Sotsiaaldemokraatlik Erakond — Mõõdukad,1150,name,answer
2004,EE,,v029,7,Eestimaa Ühendatud Rahvapartei,Konstitutsioonierakond — Eestimaa Ühendatud Rahvapartei,18,name,answer
2004,EE,,v029,8,Eesti Kristlik Rahvapartei,Eesti Kristlikud Demokraadid,790,name,answer
2004,EE,,v029,90,,other,,special,answer
2004,EE,,v029,91,,none,,special,answer
2004,EE,,v029,98,,dont-know,,special,answer
2004,EE,,v029,99,,,,special,answer
2004,EE,,v112,1,Eesti Keskerakond,Eesti Keskerakond,533,name,answer
2004,EE,,v112,2,Ühendus Vabariigi Eest – Res Publica,Ühendus vabariigi eest / Res Publica,491,name,answer
2004,EE,,v112,3,Eesti Reformierakond,Eesti Reformierakond,821,name,answer
2004,EE,,v112,4,Eestimaa Rahvaliit,Eestimaa Rahvalliit,110,hand,answer
2004,EE,,v112,5,Erakond Isamaaliit,Isamaaliit,779,name,answer
2004,EE,,v112,6,Sotsiaaldemokraatlik Erakond,Sotsiaaldemokraatlik Erakond — Mõõdukad,1150,name,answer
2004,EE,,v112,9,Eesti Sotsiaaldemokraatlik Tööpartei,Eesti Sotsiaaldemokraatlik Tööpartei,869,name,answer
2004,EE,,v112,11,Vene Erakond Eestis,Vene Erakond Eestis,1975,name,answer
2004,EE,,v112,12,Eesti Demokraatlik Partei,Eesti Demokraatlik Partei [og],,hand,answer
2004,EE,,v112,13,Eesti Pensionäride Erakond,Eesti Pensionäride Erakond,7034,name,answer
2004,EE,,v112,91,,none,,special,answer
2004,EE,,v112,96,,blank-invalid,,special,answer
2004,EE,,v112,97,,did-not-vote,,special,answer
2004,EE,,v112,99,,,,special,answer
2004,EE,,v113,1,Eesti Keskerakond,Eesti Keskerakond,533,name,answer
2004,EE,,v113,2,Ühendus Vabariigi Eest – Res Publica,Ühendus vabariigi eest / Res Publica,491,name,answer
2004,EE,,v113,3,Eesti Reformierakond,Eesti Reformierakond,821,name,answer
2004,EE,,v113,4,Eestimaa Rahvaliit,Eestimaa Rahvalliit,110,hand,answer
2004,EE,,v113,5,Erakond Isamaaliit,Isamaaliit,779,name,answer
2004,EE,,v113,6,Sotsiaaldemokraatlik Erakond,Sotsiaaldemokraatlik Erakond — Mõõdukad,1150,name,answer
2004,EE,,v113,7,Eestimaa Ühendatud Rahvapartei,Konstitutsioonierakond — Eestimaa Ühendatud Rahvapartei,18,name,answer
2004,EE,,v113,8,Eesti Kristlik Rahvapartei,Eesti Kristlikud Demokraadid,790,name,answer
2004,EE,,v113,10,Mõni muu erakond,other,,hand,answer
2004,EE,,v113,90,,other,,special,answer
2004,EE,,v113,96,,blank-invalid,,special,answer
2004,EE,,v113,97,,did-not-vote,,special,answer
2004,EE,,v113,99,,,,special,answer
2004,EE,,v114,1,Eesti Keskerakond,Eesti Keskerakond,533,name,answer
2004,EE,,v114,2,Ühendus Vabariigi Eest – Res Publica,Ühendus vabariigi eest / Res Publica,491,name,answer
2004,EE,,v114,3,Eesti Reformierakond,Eesti Reformierakond,821,name,answer
2004,EE,,v114,4,Eestimaa Rahvaliit,Eestimaa Rahvalliit,110,hand,answer
2004,EE,,v114,5,Erakond Isamaaliit,Isamaaliit,779,name,answer
2004,EE,,v114,6,Sotsiaaldemokraatlik Erakond,Sotsiaaldemokraatlik Erakond — Mõõdukad,1150,name,answer
2004,EE,,v114,7,Eestimaa Ühendatud Rahvapartei,Konstitutsioonierakond — Eestimaa Ühendatud Rahvapartei,18,name,answer
2004,EE,,v114,8,Eesti Kristlik Rahvapartei,Eesti Kristlikud Demokraadid,790,name,answer
2004,EE,,v114,10,Mõni muu erakond,other,,hand,answer
2004,EE,,v114,90,,other,,special,answer
2004,EE,,v114,96,,blank-invalid,,special,answer
2004,EE,,v114,97,,will-not-vote,,special,answer
2004,EE,,v114,99,,,,special,answer
2004,EE,,v115,1,Eesti Keskerakond,Eesti Keskerakond,533,name,battery
2004,EE,,v116,2,Ühendus Vabariigi Eest – Res Publica,Ühendus vabariigi eest / Res Publica,491,name,battery
2004,EE,,v117,3,Eesti Reformierakond,Eesti Reformierakond,821,name,battery
2004,EE,,v118,4,Eestimaa Rahvaliit,Eestimaa Rahvalliit,110,hand,battery
2004,EE,,v119,5,Erakond Isamaaliit,Isamaaliit,779,name,battery
2004,EE,,v120,6,Sotsiaaldemokraatlik Erakond,Sotsiaaldemokraatlik Erakond — Mõõdukad,1150,name,battery
2004,EE,,v121,7,Eestimaa Ühendatud Rahvapartei,Konstitutsioonierakond — Eestimaa Ühendatud Rahvapartei,18,name,battery
2004,EE,,v122,8,Eesti Kristlik Rahvapartei,Eesti Kristlikud Demokraadid,790,name,battery
2004,EE,,v123,9,Eesti Sotsiaaldemokraatlik Tööpartei,Eesti Sotsiaaldemokraatlik Tööpartei,869,name,battery
2004,EE,,v124,10,Mõni muu erakond,other,,hand,battery
2004,EE,,v125,11,Vene Erakond Eestis,Vene Erakond Eestis,1975,name,battery
2004,EE,,v126,12,Eesti Demokraatlik Partei,Eesti Demokraatlik Partei [og],,hand,battery
2004,EE,,v127,13,Eesti Pensionäride Erakond,Eesti Pensionäride Erakond,7034,name,battery
2004,EE,,v135,1,Eesti Keskerakond,Eesti Keskerakond,533,name,battery
2004,EE,,v136,2,Ühendus Vabariigi Eest – Res Publica,Ühendus vabariigi eest / Res Publica,491,name,battery
2004,EE,,v137,3,Eesti Reformierakond,Eesti Reformierakond,821,name,battery
2004,EE,,v138,4,Eestimaa Rahvaliit,Eestimaa Rahvalliit,110,hand,battery
2004,EE,,v139,5,Erakond Isamaaliit,Isamaaliit,779,name,battery
2004,EE,,v140,6,Sotsiaaldemokraatlik Erakond,Sotsiaaldemokraatlik Erakond — Mõõdukad,1150,name,battery
2004,EE,,v141,7,Eestimaa Ühendatud Rahvapartei,Konstitutsioonierakond — Eestimaa Ühendatud Rahvapartei,18,name,battery
2004,EE,,v142,8,Eesti Kristlik Rahvapartei,Eesti Kristlikud Demokraadid,790,name,battery
2004,EE,,v143,9,Eesti Sotsiaaldemokraatlik Tööpartei,Eesti Sotsiaaldemokraatlik Tööpartei,869,name,battery
2004,EE,,v144,10,Mõni muu erakond,other,,hand,battery
2004,EE,,v145,11,Vene Erakond Eestis,Vene Erakond Eestis,1975,name,battery
2004,EE,,v146,12,Eesti Demokraatlik Partei,Eesti Demokraatlik Partei [og],,hand,battery
2004,EE,,v147,13,Eesti Pensionäride Erakond,Eesti Pensionäride Erakond,7034,name,battery
2004,EE,,v157,1,Eesti Keskerakond,Eesti Keskerakond,533,name,battery
2004,EE,,v158,2,Ühendus Vabariigi Eest – Res Publica,Ühendus vabariigi eest / Res Publica,491,name,battery
2004,EE,,v159,3,Eesti Reformierakond,Eesti Reformierakond,821,name,battery
2004,EE,,v160,4,Eestimaa Rahvaliit,Eestimaa Rahvalliit,110,hand,battery
2004,EE,,v161,5,Erakond Isamaaliit,Isamaaliit,779,name,battery
2004,EE,,v162,6,Sotsiaaldemokraatlik Erakond,Sotsiaaldemokraatlik Erakond — Mõõdukad,1150,name,battery
2004,EE,,v163,7,Eestimaa Ühendatud Rahvapartei,Konstitutsioonierakond — Eestimaa Ühendatud Rahvapartei,18,name,battery
2004,EE,,v164,8,Eesti Kristlik Rahvapartei,Eesti Kristlikud Demokraadid,790,name,battery
2004,EE,,v165,9,Eesti Sotsiaaldemokraatlik Tööpartei,Eesti Sotsiaaldemokraatlik Tööpartei,869,name,battery
2004,EE,,v166,10,Mõni muu erakond,other,,hand,battery
2004,EE,,v167,11,Vene Erakond Eestis,Vene Erakond Eestis,1975,name,battery
2004,EE,,v168,12,Eesti Demokraatlik Partei,Eesti Demokraatlik Partei [og],,hand,battery
2004,EE,,v169,13,Eesti Pensionäride Erakond,Eesti Pensionäride Erakond,7034,name,battery
2004,EE,,v211,1,Eesti Keskerakond,Eesti Keskerakond,533,name,answer
2004,EE,,v211,2,Ühendus Vabariigi Eest – Res Publica,Ühendus vabariigi eest / Res Publica,491,name,answer
2004,EE,,v211,3,Eesti Reformierakond,Eesti Reformierakond,821,name,answer
2004,EE,,v211,4,Eestimaa Rahvaliit,Eestimaa Rahvalliit,110,hand,answer
2004,EE,,v211,5,Erakond Isamaaliit,Isamaaliit,779,name,answer
2004,EE,,v211,6,Sotsiaaldemokraatlik Erakond,Sotsiaaldemokraatlik Erakond — Mõõdukad,1150,name,answer
2004,EE,,v211,7,Eestimaa Ühendatud Rahvapartei,Konstitutsioonierakond — Eestimaa Ühendatud Rahvapartei,18,name,answer
2004,EE,,v211,8,Eesti Kristlik Rahvapartei,Eesti Kristlikud Demokraadid,790,name,answer
2004,EE,,v211,94,,none,,special,answer
2004,EE,,v211,95,,refused,,special,answer
2004,EE,,v211,99,,,,special,answer
2004,ES,,v029,1,PP (Partido Popular) / UPN (Unión del Pueblo Navarro),PP (Partido Popular) / UPN (Unión del Pueblo Navarro) [og],,hand,answer
2004,ES,,v029,2,PSOE (Partido Socialista Obrero Español),Partido Socialista Obrero Español,1338,name,answer
2004,ES,,v029,3,IU (Izquierda Unida) / IC-V (Iniciativa per Catalunya – Verds),IU (Izquierda Unida) / IC-V (Iniciativa per Catalunya – Verds) [og],,hand,answer
2004,ES,,v029,4,Regional Party of Center,other,,hand,answer
2004,ES,,v029,5,Regional Party of Left,other,,hand,answer
2004,ES,,v029,6,Ecologist Party,Ecologist Party [og],,hand,answer
2004,ES,,v029,90,,other,,special,answer
2004,ES,,v029,91,,none,,special,answer
2004,ES,,v029,99,,,,special,answer
2004,ES,,v112,1,PP (Partido Popular) / UPN (Unión del Pueblo Navarro),PP (Partido Popular) / UPN (Unión del Pueblo Navarro) [og],,hand,answer
2004,ES,,v112,2,PSOE (Partido Socialista Obrero Español),Partido Socialista Obrero Español,1338,name,answer
2004,ES,,v112,3,IU (Izquierda Unida) / IC-V (Iniciativa per Catalunya – Verds),IU (Izquierda Unida) / IC-V (Iniciativa per Catalunya – Verds) [og],,hand,answer
2004,ES,,v112,4,Regional Party of Center,other,,hand,answer
2004,ES,,v112,5,Regional Party of Left,other,,hand,answer
2004,ES,,v112,6,Ecologist Party,Ecologist Party [og],,hand,answer
2004,ES,,v112,90,,other,,special,answer
2004,ES,,v112,96,,blank-invalid,,special,answer
2004,ES,,v112,97,,did-not-vote,,special,answer
2004,ES,,v112,99,,,,special,answer
2004,ES,,v113,1,PP (Partido Popular) / UPN (Unión del Pueblo Navarro),PP (Partido Popular) / UPN (Unión del Pueblo Navarro) [og],,hand,answer
2004,ES,,v113,2,PSOE (Partido Socialista Obrero Español),Partido Socialista Obrero Español,1338,name,answer
2004,ES,,v113,3,IU (Izquierda Unida) / IC-V (Iniciativa per Catalunya – Verds),IU (Izquierda Unida) / IC-V (Iniciativa per Catalunya – Verds) [og],,hand,answer
2004,ES,,v113,4,Regional Party of Center,other,,hand,answer
2004,ES,,v113,5,Regional Party of Left,other,,hand,answer
2004,ES,,v113,6,Ecologist Party,Ecologist Party [og],,hand,answer
2004,ES,,v113,90,,other,,special,answer
2004,ES,,v113,96,,blank-invalid,,special,answer
2004,ES,,v113,97,,did-not-vote,,special,answer
2004,ES,,v113,99,,,,special,answer
2004,ES,,v114,1,PP (Partido Popular) / UPN (Unión del Pueblo Navarro),PP (Partido Popular) / UPN (Unión del Pueblo Navarro) [og],,hand,answer
2004,ES,,v114,2,PSOE (Partido Socialista Obrero Español),Partido Socialista Obrero Español,1338,name,answer
2004,ES,,v114,3,IU (Izquierda Unida) / IC-V (Iniciativa per Catalunya – Verds),IU (Izquierda Unida) / IC-V (Iniciativa per Catalunya – Verds) [og],,hand,answer
2004,ES,,v114,4,Regional Party of Center,other,,hand,answer
2004,ES,,v114,5,Regional Party of Left,other,,hand,answer
2004,ES,,v114,6,Ecologist Party,Ecologist Party [og],,hand,answer
2004,ES,,v114,90,,other,,special,answer
2004,ES,,v114,96,,blank-invalid,,special,answer
2004,ES,,v114,97,,will-not-vote,,special,answer
2004,ES,,v114,99,,,,special,answer
2004,ES,,v115,1,PP (Partido Popular),Alianza-Partido Popular / Partido Popular,441,hand,battery
2004,ES,,v116,2,PSOE (Partido Socialista Obrero Español),Partido Socialista Obrero Español,1338,name,battery
2004,ES,,v117,3,IU (Izquierda Unida),Izquierda Unida,247,name,battery
2004,ES,,v118,4,Galeusca – Pueblos de Europa (Leer partidos),Galeusca – Pueblos de Europa (Leer partidos) [og],,hand,battery
2004,ES,,v119,5,EdP (Europa de los Pueblos) (Leer partidos),Europa de los Pueblos — Verdes,1643,hand,battery
2004,ES,,v120,6,CC (Coalición Europea) (Leer partidos),CC (Coalición Europea) (Leer partidos) [og],,hand,battery
2004,ES,,v135,1,PP (Partido Popular),Alianza-Partido Popular / Partido Popular,441,hand,battery
2004,ES,,v136,2,PSOE (Partido Socialista Obrero Español),Partido Socialista Obrero Español,1338,name,battery
2004,ES,,v137,3,IU (Izquierda Unida),Izquierda Unida,247,name,battery
2004,ES,,v138,4,Galeusca – Pueblos de Europa (Leer partidos),Galeusca – Pueblos de Europa (Leer partidos) [og],,hand,battery
2004,ES,,v139,5,EdP (Europa de los Pueblos) (Leer partidos),Europa de los Pueblos — Verdes,1643,hand,battery
2004,ES,,v140,6,CC (Coalición Europea) (Leer partidos),CC (Coalición Europea) (Leer partidos) [og],,hand,battery
2004,ES,,v157,1,PP (Partido Popular),Alianza-Partido Popular / Partido Popular,441,hand,battery
2004,ES,,v158,2,PSOE (Partido Socialista Obrero Español),Partido Socialista Obrero Español,1338,name,battery
2004,ES,,v159,3,IU (Izquierda Unida),Izquierda Unida,247,name,battery
2004,ES,,v160,4,Galeusca – Pueblos de Europa (Leer partidos),Galeusca – Pueblos de Europa (Leer partidos) [og],,hand,battery
2004,ES,,v161,5,EdP (Europa de los Pueblos) (Leer partidos),Europa de los Pueblos — Verdes,1643,hand,battery
2004,ES,,v162,6,CC (Coalición Europea) (Leer partidos),CC (Coalición Europea) (Leer partidos) [og],,hand,battery
2004,ES,,v211,1,PP (Partido Popular) / UPN (Unión del Pueblo Navarro),PP (Partido Popular) / UPN (Unión del Pueblo Navarro) [og],,hand,answer
2004,ES,,v211,2,PSOE (Partido Socialista Obrero Español),Partido Socialista Obrero Español,1338,name,answer
2004,ES,,v211,3,IU (Izquierda Unida) / IC-V (Iniciativa per Catalunya – Verds),IU (Izquierda Unida) / IC-V (Iniciativa per Catalunya – Verds) [og],,hand,answer
2004,ES,,v211,4,Regional Party of Center,other,,hand,answer
2004,ES,,v211,5,Regional Party of Left,other,,hand,answer
2004,ES,,v211,6,Ecologist Party,Ecologist Party [og],,hand,answer
2004,ES,,v211,90,,other,,special,answer
2004,ES,,v211,94,,none,,special,answer
2004,ES,,v211,95,,refused,,special,answer
2004,ES,,v211,99,,,,special,answer
2004,FI,,v029,1,SDP: Suomen Sosialidemokraattinen Puolue (Finnish Social Democratic Party),Suomen Sosialidemokraattinen Puolue,1303,hand,answer
2004,FI,,v029,2,KESK: Suomen Keskusta (Center Party of Finland),Maalaisliitto / Keskusta,901,hand,answer
2004,FI,,v029,3,KOK: Kansallinen Kokoomus (National Coalition Party),Kansallinen Kokoomus,495,hand,answer
2004,FI,,v029,4,VAS: Vasemmistoliitto (Left Alliance),Vasemmistoliitto,1044,hand,answer
2004,FI,,v029,5,VIHR: Vihreä liitto (Green League),Vihreä Liitto,479,hand,answer
2004,FI,,v029,6,RKP: Ruotsalainen kansanpuolue (Swedish People’s Party),Ruotsalainen Kansanpuolue / Svenska Folkepartiet i Finland,1229,hand,answer
2004,FI,,v029,7,KD: Suomen Kristillisdemokraatit (Christian Democrats in Finland),Kristillisdemokraatit,703,hand,answer
2004,FI,,v029,8,PS: Perussuomalaiset (True Finns),Suomen Puolue / Perussuomalaiset,1689,hand,answer
2004,FI,,v029,9,SKP: Suomen Kommunistinen Puolue (Communist Party of Finland),Suomen Kommunistinen Puolue,7030,hand,answer
2004,FI,,v029,10,Liberaalit (Liberals),Liberaalinen kansanpuolue,249,hand,answer
2004,FI,,v029,90,,other,,special,answer
2004,FI,,v029,91,,none,,special,answer
2004,FI,,v029,98,,dont-know,,special,answer
2004,FI,,v029,99,,,,special,answer
2004,FI,,v112,1,SDP: Suomen Sosialidemokraattinen Puolue (Finnish Social Democratic Party),Suomen Sosialidemokraattinen Puolue,1303,hand,answer
2004,FI,,v112,2,KESK: Suomen Keskusta (Center Party of Finland),Maalaisliitto / Keskusta,901,hand,answer
2004,FI,,v112,3,KOK: Kansallinen Kokoomus (National Coalition Party),Kansallinen Kokoomus,495,hand,answer
2004,FI,,v112,4,VAS: Vasemmistoliitto (Left Alliance),Vasemmistoliitto,1044,hand,answer
2004,FI,,v112,5,VIHR: Vihreä liitto (Green League),Vihreä Liitto,479,hand,answer
2004,FI,,v112,6,RKP: Ruotsalainen kansanpuolue (Swedish People’s Party),Ruotsalainen Kansanpuolue / Svenska Folkepartiet i Finland,1229,hand,answer
2004,FI,,v112,7,KD: Suomen Kristillisdemokraatit (Christian Democrats in Finland),Kristillisdemokraatit,703,hand,answer
2004,FI,,v112,8,PS: Perussuomalaiset (True Finns),Suomen Puolue / Perussuomalaiset,1689,hand,answer
2004,FI,,v112,9,SKP: Suomen Kommunistinen Puolue (Communist Party of Finland),Suomen Kommunistinen Puolue,7030,hand,answer
2004,FI,,v112,10,Liberaalit (Liberals),Liberaalinen kansanpuolue,249,hand,answer
2004,FI,,v112,90,,other,,special,answer
2004,FI,,v112,97,,did-not-vote,,special,answer
2004,FI,,v112,99,,,,special,answer
2004,FI,,v113,1,SDP: Suomen Sosialidemokraattinen Puolue (Finnish Social Democratic Party),Suomen Sosialidemokraattinen Puolue,1303,hand,answer
2004,FI,,v113,2,KESK: Suomen Keskusta (Center Party of Finland),Maalaisliitto / Keskusta,901,hand,answer
2004,FI,,v113,3,KOK: Kansallinen Kokoomus (National Coalition Party),Kansallinen Kokoomus,495,hand,answer
2004,FI,,v113,4,VAS: Vasemmistoliitto (Left Alliance),Vasemmistoliitto,1044,hand,answer
2004,FI,,v113,5,VIHR: Vihreä liitto (Green League),Vihreä Liitto,479,hand,answer
2004,FI,,v113,6,RKP: Ruotsalainen kansanpuolue (Swedish People’s Party),Ruotsalainen Kansanpuolue / Svenska Folkepartiet i Finland,1229,hand,answer
2004,FI,,v113,7,KD: Suomen Kristillisdemokraatit (Christian Democrats in Finland),Kristillisdemokraatit,703,hand,answer
2004,FI,,v113,8,PS: Perussuomalaiset (True Finns),Suomen Puolue / Perussuomalaiset,1689,hand,answer
2004,FI,,v113,9,SKP: Suomen Kommunistinen Puolue (Communist Party of Finland),Suomen Kommunistinen Puolue,7030,hand,answer
2004,FI,,v113,90,,other,,special,answer
2004,FI,,v113,97,,did-not-vote,,special,answer
2004,FI,,v113,99,,,,special,answer
2004,FI,,v114,1,SDP: Suomen Sosialidemokraattinen Puolue (Finnish Social Democratic Party),Suomen Sosialidemokraattinen Puolue,1303,hand,answer
2004,FI,,v114,2,KESK: Suomen Keskusta (Center Party of Finland),Maalaisliitto / Keskusta,901,hand,answer
2004,FI,,v114,3,KOK: Kansallinen Kokoomus (National Coalition Party),Kansallinen Kokoomus,495,hand,answer
2004,FI,,v114,4,VAS: Vasemmistoliitto (Left Alliance),Vasemmistoliitto,1044,hand,answer
2004,FI,,v114,5,VIHR: Vihreä liitto (Green League),Vihreä Liitto,479,hand,answer
2004,FI,,v114,6,RKP: Ruotsalainen kansanpuolue (Swedish People’s Party),Ruotsalainen Kansanpuolue / Svenska Folkepartiet i Finland,1229,hand,answer
2004,FI,,v114,7,KD: Suomen Kristillisdemokraatit (Christian Democrats in Finland),Kristillisdemokraatit,703,hand,answer
2004,FI,,v114,8,PS: Perussuomalaiset (True Finns),Suomen Puolue / Perussuomalaiset,1689,hand,answer
2004,FI,,v114,9,SKP: Suomen Kommunistinen Puolue (Communist Party of Finland),Suomen Kommunistinen Puolue,7030,hand,answer
2004,FI,,v114,90,,other,,special,answer
2004,FI,,v114,96,,blank-invalid,,special,answer
2004,FI,,v114,97,,will-not-vote,,special,answer
2004,FI,,v114,99,,,,special,answer
2004,FI,,v115,1,SDP: Suomen Sosialidemokraattinen Puolue (Finnish Social Democratic Party),Suomen Sosialidemokraattinen Puolue,1303,hand,battery
2004,FI,,v116,2,KESK: Suomen Keskusta (Center Party of Finland),Maalaisliitto / Keskusta,901,hand,battery
2004,FI,,v117,3,KOK: Kansallinen Kokoomus (National Coalition Party),Kansallinen Kokoomus,495,hand,battery
2004,FI,,v118,4,VAS: Vasemmistoliitto (Left Alliance),Vasemmistoliitto,1044,hand,battery
2004,FI,,v119,5,VIHR: Vihreä liitto (Green League),Vihreä Liitto,479,hand,battery
2004,FI,,v120,6,RKP: Ruotsalainen kansanpuolue (Swedish People’s Party),Ruotsalainen Kansanpuolue / Svenska Folkepartiet i Finland,1229,hand,battery
2004,FI,,v121,7,KD: Suomen Kristillisdemokraatit (Christian Democrats in Finland),Kristillisdemokraatit,703,hand,battery
2004,FI,,v122,8,PS: Perussuomalaiset (True Finns),Suomen Puolue / Perussuomalaiset,1689,hand,battery
2004,FI,,v123,9,SKP: Suomen Kommunistinen Puolue (Communist Party of Finland),Suomen Kommunistinen Puolue,7030,hand,battery
2004,FI,,v124,10,Liberaalit (Liberals),Liberaalinen kansanpuolue,249,hand,battery
2004,FI,,v135,1,SDP: Suomen Sosialidemokraattinen Puolue (Finnish Social Democratic Party),Suomen Sosialidemokraattinen Puolue,1303,hand,battery
2004,FI,,v136,2,KESK: Suomen Keskusta (Center Party of Finland),Maalaisliitto / Keskusta,901,hand,battery
2004,FI,,v137,3,KOK: Kansallinen Kokoomus (National Coalition Party),Kansallinen Kokoomus,495,hand,battery
2004,FI,,v138,4,VAS: Vasemmistoliitto (Left Alliance),Vasemmistoliitto,1044,hand,battery
2004,FI,,v139,5,VIHR: Vihreä liitto (Green League),Vihreä Liitto,479,hand,battery
2004,FI,,v140,6,RKP: Ruotsalainen kansanpuolue (Swedish People’s Party),Ruotsalainen Kansanpuolue / Svenska Folkepartiet i Finland,1229,hand,battery
2004,FI,,v141,7,KD: Suomen Kristillisdemokraatit (Christian Democrats in Finland),Kristillisdemokraatit,703,hand,battery
2004,FI,,v142,8,PS: Perussuomalaiset (True Finns),Suomen Puolue / Perussuomalaiset,1689,hand,battery
2004,FI,,v143,9,SKP: Suomen Kommunistinen Puolue (Communist Party of Finland),Suomen Kommunistinen Puolue,7030,hand,battery
2004,FI,,v144,10,Liberaalit (Liberals),Liberaalinen kansanpuolue,249,hand,battery
2004,FI,,v157,1,SDP: Suomen Sosialidemokraattinen Puolue (Finnish Social Democratic Party),Suomen Sosialidemokraattinen Puolue,1303,hand,battery
2004,FI,,v158,2,KESK: Suomen Keskusta (Center Party of Finland),Maalaisliitto / Keskusta,901,hand,battery
2004,FI,,v159,3,KOK: Kansallinen Kokoomus (National Coalition Party),Kansallinen Kokoomus,495,hand,battery
2004,FI,,v160,4,VAS: Vasemmistoliitto (Left Alliance),Vasemmistoliitto,1044,hand,battery
2004,FI,,v161,5,VIHR: Vihreä liitto (Green League),Vihreä Liitto,479,hand,battery
2004,FI,,v162,6,RKP: Ruotsalainen kansanpuolue (Swedish People’s Party),Ruotsalainen Kansanpuolue / Svenska Folkepartiet i Finland,1229,hand,battery
2004,FI,,v163,7,KD: Suomen Kristillisdemokraatit (Christian Democrats in Finland),Kristillisdemokraatit,703,hand,battery
2004,FI,,v164,8,PS: Perussuomalaiset (True Finns),Suomen Puolue / Perussuomalaiset,1689,hand,battery
2004,FI,,v165,9,SKP: Suomen Kommunistinen Puolue (Communist Party of Finland),Suomen Kommunistinen Puolue,7030,hand,battery
2004,FI,,v166,10,Liberaalit (Liberals),Liberaalinen kansanpuolue,249,hand,battery
2004,FI,,v211,1,SDP: Suomen Sosialidemokraattinen Puolue (Finnish Social Democratic Party),Suomen Sosialidemokraattinen Puolue,1303,hand,answer
2004,FI,,v211,2,KESK: Suomen Keskusta (Center Party of Finland),Maalaisliitto / Keskusta,901,hand,answer
2004,FI,,v211,3,KOK: Kansallinen Kokoomus (National Coalition Party),Kansallinen Kokoomus,495,hand,answer
2004,FI,,v211,4,VAS: Vasemmistoliitto (Left Alliance),Vasemmistoliitto,1044,hand,answer
2004,FI,,v211,5,VIHR: Vihreä liitto (Green League),Vihreä Liitto,479,hand,answer
2004,FI,,v211,6,RKP: Ruotsalainen kansanpuolue (Swedish People’s Party),Ruotsalainen Kansanpuolue / Svenska Folkepartiet i Finland,1229,hand,answer
2004,FI,,v211,7,KD: Suomen Kristillisdemokraatit (Christian Democrats in Finland),Kristillisdemokraatit,703,hand,answer
2004,FI,,v211,8,PS: Perussuomalaiset (True Finns),Suomen Puolue / Perussuomalaiset,1689,hand,answer
2004,FI,,v211,9,SKP: Suomen Kommunistinen Puolue (Communist Party of Finland),Suomen Kommunistinen Puolue,7030,hand,answer
2004,FI,,v211,90,,other,,special,answer
2004,FI,,v211,94,,none,,special,answer
2004,FI,,v211,95,,refused,,special,answer
2004,FI,,v211,99,,,,special,answer
2004,FR,,v029,1,Extrême gauche – EXTG (LO/ LCR) (Lutte Ouvrière / Ligue Communiste Révolutionnaire),extrême gauche,1594,hand,answer
2004,FR,,v029,2,PCF (Parti Communiste français),Parti communiste française,1251,name,answer
2004,FR,,v029,3,PS,Parti socialiste,1478,name,answer
2004,FR,,v029,4,Les Verts,Les Verts,1108,name,answer
2004,FR,,v029,5,UDF,Union pour la démocratie française,213,hand,answer
2004,FR,,v029,6,UMP + DVD,UMP + DVD [og],,hand,answer
2004,FR,,v029,7,"FN, MNR (Front national, Mouvement National Républicain)","FN, MNR (Front national, Mouvement National Républicain) [og]",,hand,answer
2004,FR,,v029,8,"MPF, RPF (Mouvement Pour la France / Rassemblement Pour la France","MPF, RPF (Mouvement Pour la France / Rassemblement Pour la France [og]",,hand,answer
2004,FR,,v029,9,"CPNT (Chasse, Pêche, Nature et Traditions)","Chasse, pêche, nature, traditions",1313,name,answer
2004,FR,,v029,90,,other,,special,answer
2004,FR,,v029,91,,none,,special,answer
2004,FR,,v029,98,,dont-know,,special,answer
2004,FR,,v029,99,,,,special,answer
2004,FR,,v112,1,Extrême gauche – EXTG (LO/ LCR) (Lutte Ouvrière / Ligue Communiste Révolutionnaire),extrême gauche,1594,hand,answer
2004,FR,,v112,2,PCF (Parti Communiste français),Parti communiste française,1251,name,answer
2004,FR,,v112,3,PS,Parti socialiste,1478,name,answer
2004,FR,,v112,4,Les Verts,Les Verts,1108,name,answer
2004,FR,,v112,5,UDF,Union pour la démocratie française,213,hand,answer
2004,FR,,v112,6,UMP + DVD,UMP + DVD [og],,hand,answer
2004,FR,,v112,7,"FN, MNR (Front national, Mouvement National Républicain)","FN, MNR (Front national, Mouvement National Républicain) [og]",,hand,answer
2004,FR,,v112,8,"MPF, RPF (Mouvement Pour la France / Rassemblement Pour la France","MPF, RPF (Mouvement Pour la France / Rassemblement Pour la France [og]",,hand,answer
2004,FR,,v112,90,,other,,special,answer
2004,FR,,v112,96,,blank-invalid,,special,answer
2004,FR,,v112,97,,did-not-vote,,special,answer
2004,FR,,v113,1,Extrême gauche – EXTG (LO/ LCR) (Lutte Ouvrière / Ligue Communiste Révolutionnaire),extrême gauche,1594,hand,answer
2004,FR,,v113,2,PCF (Parti Communiste français),Parti communiste française,1251,name,answer
2004,FR,,v113,3,PS,Parti socialiste,1478,name,answer
2004,FR,,v113,4,Les Verts,Les Verts,1108,name,answer
2004,FR,,v113,5,UDF,Union pour la démocratie française,213,hand,answer
2004,FR,,v113,6,UMP + DVD,UMP + DVD [og],,hand,answer
2004,FR,,v113,7,"FN, MNR (Front national, Mouvement National Républicain)","FN, MNR (Front national, Mouvement National Républicain) [og]",,hand,answer
2004,FR,,v113,8,"MPF, RPF (Mouvement Pour la France / Rassemblement Pour la France","MPF, RPF (Mouvement Pour la France / Rassemblement Pour la France [og]",,hand,answer
2004,FR,,v113,9,"CPNT (Chasse, Pêche, Nature et Traditions)","Chasse, pêche, nature, traditions",1313,name,answer
2004,FR,,v113,10,Pôle républicain de Jean-Pierre Chevènement,Mouvement des citoyens / Pôle républicain,3156,hand,answer
2004,FR,,v113,90,,other,,special,answer
2004,FR,,v113,96,,blank-invalid,,special,answer
2004,FR,,v113,97,,did-not-vote,,special,answer
2004,FR,,v113,99,,,,special,answer
2004,FR,,v114,1,Extrême gauche – EXTG (LO/ LCR) (Lutte Ouvrière / Ligue Communiste Révolutionnaire),extrême gauche,1594,hand,answer
2004,FR,,v114,2,PCF (Parti Communiste français),Parti communiste française,1251,name,answer
2004,FR,,v114,3,PS,Parti socialiste,1478,name,answer
2004,FR,,v114,4,Les Verts,Les Verts,1108,name,answer
2004,FR,,v114,5,UDF,Union pour la démocratie française,213,hand,answer
2004,FR,,v114,6,UMP + DVD,UMP + DVD [og],,hand,answer
2004,FR,,v114,7,"FN, MNR (Front national, Mouvement National Républicain)","FN, MNR (Front national, Mouvement National Républicain) [og]",,hand,answer
2004,FR,,v114,8,"MPF, RPF (Mouvement Pour la France / Rassemblement Pour la France","MPF, RPF (Mouvement Pour la France / Rassemblement Pour la France [og]",,hand,answer
2004,FR,,v114,9,"CPNT (Chasse, Pêche, Nature et Traditions)","Chasse, pêche, nature, traditions",1313,name,answer
2004,FR,,v114,90,,other,,special,answer
2004,FR,,v114,96,,blank-invalid,,special,answer
2004,FR,,v114,97,,will-not-vote,,special,answer
2004,FR,,v114,99,,,,special,answer
2004,FR,,v115,1,Extrême gauche – EXTG (LO/ LCR) (Lutte Ouvrière / Ligue Communiste Révolutionnaire),extrême gauche,1594,hand,battery
2004,FR,,v116,2,PCF (Parti Communiste français),Parti communiste française,1251,name,battery
2004,FR,,v117,3,PS,Parti socialiste,1478,name,battery
2004,FR,,v118,4,Les Verts,Les Verts,1108,name,battery
2004,FR,,v119,5,UDF,Union pour la démocratie française,213,hand,battery
2004,FR,,v120,6,UMP + DVD,UMP + DVD [og],,hand,battery
2004,FR,,v121,7,"FN, MNR (Front national, Mouvement National Républicain)","FN, MNR (Front national, Mouvement National Républicain) [og]",,hand,battery
2004,FR,,v122,8,"MPF, RPF (Mouvement Pour la France / Rassemblement Pour la France","MPF, RPF (Mouvement Pour la France / Rassemblement Pour la France [og]",,hand,battery
2004,FR,,v123,9,"CPNT (Chasse, Pêche, Nature et Traditions)","Chasse, pêche, nature, traditions",1313,name,battery
2004,FR,,v124,10,Pôle républicain de Jean-Pierre Chevènement,Mouvement des citoyens / Pôle républicain,3156,hand,battery
2004,FR,,v135,1,LO (Lutte Ouvrière),Lutte ouvrière,617,name,battery
2004,FR,,v136,2,LCR (Ligue Communiste Révolutionnaire),Ligue communiste révolutionnaire,1506,name,battery
2004,FR,,v137,3,PC (Parti Communiste français),Parti communiste française,1251,name,battery
2004,FR,,v138,4,PS,Parti socialiste,1478,name,battery
2004,FR,,v139,5,Les Verts,Les Verts,1108,name,battery
2004,FR,,v140,6,UDF,Union pour la démocratie française,213,hand,battery
2004,FR,,v141,7,UMP,Union pour un mouvement populaire,1595,hand,battery
2004,FR,,v142,8,MPF (Mouvement Pour la France),Mouvement pour la France,364,name,battery
2004,FR,,v143,9,FN (Front national),Front National / Rassemblement national,433,name,battery
2004,FR,,v144,10,MNR (Mouvement National Républicain),Mouvement national républicain,1634,name,battery
2004,FR,,v145,11,"CPNT (Chasse, Pêche, Nature et Traditions)","Chasse, pêche, nature, traditions",1313,name,battery
2004,FR,,v157,1,LO (Lutte Ouvrière),Lutte ouvrière,617,name,battery
2004,FR,,v158,2,LCR (Ligue Communiste Révolutionnaire),Ligue communiste révolutionnaire,1506,name,battery
2004,FR,,v159,3,PC (Parti Communiste français),Parti communiste française,1251,name,battery
2004,FR,,v160,4,PS,Parti socialiste,1478,name,battery
2004,FR,,v161,5,Les Verts,Les Verts,1108,name,battery
2004,FR,,v162,6,UDF,Union pour la démocratie française,213,hand,battery
2004,FR,,v163,7,UMP,Union pour un mouvement populaire,1595,hand,battery
2004,FR,,v164,8,MPF (Mouvement Pour la France),Mouvement pour la France,364,name,battery
2004,FR,,v165,9,FN (Front national),Front National / Rassemblement national,433,name,battery
2004,FR,,v166,10,MNR (Mouvement National Républicain),Mouvement national républicain,1634,name,battery
2004,FR,,v167,11,"CPNT (Chasse, Pêche, Nature et Traditions)","Chasse, pêche, nature, traditions",1313,name,battery
2004,FR,,v211,1,Extrême gauche – EXTG (LO/ LCR) (Lutte Ouvrière / Ligue Communiste Révolutionnaire),extrême gauche,1594,hand,answer
2004,FR,,v211,2,PCF (Parti Communiste français),Parti communiste française,1251,name,answer
2004,FR,,v211,3,PS,Parti socialiste,1478,name,answer
2004,FR,,v211,4,Les Verts,Les Verts,1108,name,answer
2004,FR,,v211,5,UDF,Union pour la démocratie française,213,hand,answer
2004,FR,,v211,6,UMP + DVD,UMP + DVD [og],,hand,answer
2004,FR,,v211,7,"FN, MNR (Front national, Mouvement National Républicain)","FN, MNR (Front national, Mouvement National Républicain) [og]",,hand,answer
2004,FR,,v211,8,"MPF, RPF (Mouvement Pour la France / Rassemblement Pour la France","MPF, RPF (Mouvement Pour la France / Rassemblement Pour la France [og]",,hand,answer
2004,FR,,v211,90,,other,,special,answer
2004,FR,,v211,94,,none,,special,answer
2004,FR,,v211,95,,refused,,special,answer
2004,FR,,v211,99,,,,special,answer
2004,GB,Northern Ireland,v029,1,Alliance Party,Alliance Party of Northern Ireland,1477,name,answer
2004,GB,Northern Ireland,v029,2,Democratic Unionist Party – DUP,Democratic Unionist Party,335,name,answer
2004,GB,Northern Ireland,v029,3,Sinn Fein,Sinn Féin,963,name,answer
2004,GB,Northern Ireland,v029,4,Social Democratic Labour Party – SDLP,Social Democratic and Labour Party,762,name,answer
2004,GB,Northern Ireland,v029,5,Ulster Unionist Party – UUP,Ulster Unionist Party,1366,hand,answer
2004,GB,Northern Ireland,v029,90,,other,,special,answer
2004,GB,Northern Ireland,v029,91,,none,,special,answer
2004,GB,Northern Ireland,v029,98,,dont-know,,special,answer
2004,GB,Northern Ireland,v029,99,,,,special,answer
2004,GB,Northern Ireland,v112,1,Alliance Party,Alliance Party of Northern Ireland,1477,name,answer
2004,GB,Northern Ireland,v112,2,Democratic Unionist Party – DUP,Democratic Unionist Party,335,name,answer
2004,GB,Northern Ireland,v112,3,Sinn Fein,Sinn Féin,963,name,answer
2004,GB,Northern Ireland,v112,4,Social Democratic Labour Party – SDLP,Social Democratic and Labour Party,762,name,answer
2004,GB,Northern Ireland,v112,5,Ulster Unionist Party – UUP,Ulster Unionist Party,1366,hand,answer
2004,GB,Northern Ireland,v112,6,Independent Candidate,independent,,hand,answer
2004,GB,Northern Ireland,v112,90,,other,,special,answer
2004,GB,Northern Ireland,v112,97,,did-not-vote,,special,answer
2004,GB,Northern Ireland,v112,99,,,,special,answer
2004,GB,Northern Ireland,v113,1,Alliance Party,Alliance Party of Northern Ireland,1477,name,answer
2004,GB,Northern Ireland,v113,2,Democratic Unionist Party – DUP,Democratic Unionist Party,335,name,answer
2004,GB,Northern Ireland,v113,3,Sinn Fein,Sinn Féin,963,name,answer
2004,GB,Northern Ireland,v113,4,Social Democratic Labour Party – SDLP,Social Democratic and Labour Party,762,name,answer
2004,GB,Northern Ireland,v113,5,Ulster Unionist Party – UUP,Ulster Unionist Party,1366,hand,answer
2004,GB,Northern Ireland,v113,6,Independent Candidate,independent,,hand,answer
2004,GB,Northern Ireland,v113,90,,other,,special,answer
2004,GB,Northern Ireland,v113,99,,,,special,answer
2004,GB,Northern Ireland,v114,1,Alliance Party,Alliance Party of Northern Ireland,1477,name,answer
2004,GB,Northern Ireland,v114,2,Democratic Unionist Party – DUP,Democratic Unionist Party,335,name,answer
2004,GB,Northern Ireland,v114,3,Sinn Fein,Sinn Féin,963,name,answer
2004,GB,Northern Ireland,v114,4,Social Democratic Labour Party – SDLP,Social Democratic and Labour Party,762,name,answer
2004,GB,Northern Ireland,v114,5,Ulster Unionist Party – UUP,Ulster Unionist Party,1366,hand,answer
2004,GB,Northern Ireland,v114,6,Independent Candidate,independent,,hand,answer
2004,GB,Northern Ireland,v114,90,,other,,special,answer
2004,GB,Northern Ireland,v114,97,,will-not-vote,,special,answer
2004,GB,Northern Ireland,v114,99,,,,special,answer
2004,GB,Northern Ireland,v115,1,Alliance Party,Alliance Party of Northern Ireland,1477,name,battery
2004,GB,Northern Ireland,v116,2,Democratic Unionist Party – DUP,Democratic Unionist Party,335,name,battery
2004,GB,Northern Ireland,v117,3,Sinn Fein,Sinn Féin,963,name,battery
2004,GB,Northern Ireland,v118,4,Social Democratic Labour Party – SDLP,Social Democratic and Labour Party,762,name,battery
2004,GB,Northern Ireland,v119,5,Ulster Unionist Party – UUP,Ulster Unionist Party,1366,hand,battery
2004,GB,Northern Ireland,v120,6,Independent Candidate,independent,,hand,battery
2004,GB,Northern Ireland,v135,1,Alliance Party,Alliance Party of Northern Ireland,1477,name,battery
2004,GB,Northern Ireland,v136,2,Democratic Unionist Party – DUP,Democratic Unionist Party,335,name,battery
2004,GB,Northern Ireland,v137,3,Sinn Fein,Sinn Féin,963,name,battery
2004,GB,Northern Ireland,v138,4,Social Democratic Labour Party – SDLP,Social Democratic and Labour Party,762,name,battery
2004,GB,Northern Ireland,v139,5,Ulster Unionist Party – UUP,Ulster Unionist Party,1366,hand,battery
2004,GB,Northern Ireland,v140,6,Independent Candidate,independent,,hand,battery
2004,GB,Northern Ireland,v157,1,Alliance Party,Alliance Party of Northern Ireland,1477,name,battery
2004,GB,Northern Ireland,v158,2,Democratic Unionist Party – DUP,Democratic Unionist Party,335,name,battery
2004,GB,Northern Ireland,v159,3,Sinn Fein,Sinn Féin,963,name,battery
2004,GB,Northern Ireland,v160,4,Social Democratic Labour Party – SDLP,Social Democratic and Labour Party,762,name,battery
2004,GB,Northern Ireland,v161,5,Ulster Unionist Party – UUP,Ulster Unionist Party,1366,hand,battery
2004,GB,Northern Ireland,v162,6,Independent Candidate,independent,,hand,battery
2004,GB,Northern Ireland,v211,1,Alliance Party,Alliance Party of Northern Ireland,1477,name,answer
2004,GB,Northern Ireland,v211,2,Democratic Unionist Party – DUP,Democratic Unionist Party,335,name,answer
2004,GB,Northern Ireland,v211,3,Sinn Fein,Sinn Féin,963,name,answer
2004,GB,Northern Ireland,v211,4,Social Democratic Labour Party – SDLP,Social Democratic and Labour Party,762,name,answer
2004,GB,Northern Ireland,v211,5,Ulster Unionist Party – UUP,Ulster Unionist Party,1366,hand,answer
2004,GB,Northern Ireland,v211,90,,other,,special,answer
2004,GB,Northern Ireland,v211,94,,none,,special,answer
2004,GB,Northern Ireland,v211,99,,,,special,answer
2004,GB,,v029,1,Labour,Labour Party,1516,name,answer
2004,GB,,v029,2,Conservatives,Conservatives,1567,name,answer
2004,GB,,v029,3,Liberal Democrats,Liberal Democrats,1388,hand,answer
2004,GB,,v029,4,UK Independence Party,United Kingdom Independence Party,601,name,answer
2004,GB,,v029,5,Scottish National Party,Scottish National Party,986,name,answer
2004,GB,,v029,6,Plaid Cymru,Plaid Cymru,1002,name,answer
2004,GB,,v029,7,Green Party,Green Party of England and Wales,1794,name,answer
2004,GB,,v029,8,British National Party,British National Party,855,name,answer
2004,GB,,v029,9,Scottish Socialist Party,Scottish Socialist Party [og],,hand,answer
2004,GB,,v029,13,National Front,National Front,1140,name,answer
2004,GB,,v029,90,,other,,special,answer
2004,GB,,v029,91,,none,,special,answer
2004,GB,,v029,98,,dont-know,,special,answer
2004,GB,,v112,1,Labour,Labour Party,1516,name,answer
2004,GB,,v112,2,Conservatives,Conservatives,1567,name,answer
2004,GB,,v112,3,Liberal Democrats,Liberal Democrats,1388,hand,answer
2004,GB,,v112,4,UK Independence Party,United Kingdom Independence Party,601,name,answer
2004,GB,,v112,5,Scottish National Party,Scottish National Party,986,name,answer
2004,GB,,v112,6,Plaid Cymru,Plaid Cymru,1002,name,answer
2004,GB,,v112,7,Green Party,Green Party of England and Wales,1794,name,answer
2004,GB,,v112,8,British National Party,British National Party,855,name,answer
2004,GB,,v112,9,Scottish Socialist Party,Scottish Socialist Party [og],,hand,answer
2004,GB,,v112,10,Respect,Respect — The Unity Coalition,1082,name,answer
2004,GB,,v112,11,George Galloway,Respect — The Unity Coalition,1082,hand,answer
2004,GB,,v112,12,Christian Alliance,Christian Alliance [og],,hand,answer
2004,GB,,v112,90,,other,,special,answer
2004,GB,,v112,95,,refused,,special,answer
2004,GB,,v112,97,,did-not-vote,,special,answer
2004,GB,,v112,99,,,,special,answer
2004,GB,,v113,1,Labour,Labour Party,1516,name,answer
2004,GB,,v113,2,Conservatives,Conservatives,1567,name,answer
2004,GB,,v113,3,Liberal Democrats,Liberal Democrats,1388,hand,answer
2004,GB,,v113,4,UK Independence Party,United Kingdom Independence Party,601,name,answer
2004,GB,,v113,5,Scottish National Party,Scottish National Party,986,name,answer
2004,GB,,v113,6,Plaid Cymru,Plaid Cymru,1002,name,answer
2004,GB,,v113,7,Green Party,Green Party of England and Wales,1794,name,answer
2004,GB,,v113,8,British National Party,British National Party,855,name,answer
2004,GB,,v113,9,Scottish Socialist Party,Scottish Socialist Party [og],,hand,answer
2004,GB,,v113,90,,other,,special,answer
2004,GB,,v113,95,,refused,,special,answer
2004,GB,,v113,97,,did-not-vote,,special,answer
2004,GB,,v113,99,,,,special,answer
2004,GB,,v114,1,Labour,Labour Party,1516,name,answer
2004,GB,,v114,2,Conservatives,Conservatives,1567,name,answer
2004,GB,,v114,3,Liberal Democrats,Liberal Democrats,1388,hand,answer
2004,GB,,v114,4,UK Independence Party,United Kingdom Independence Party,601,name,answer
2004,GB,,v114,5,Scottish National Party,Scottish National Party,986,name,answer
2004,GB,,v114,6,Plaid Cymru,Plaid Cymru,1002,name,answer
2004,GB,,v114,7,Green Party,Green Party of England and Wales,1794,name,answer
2004,GB,,v114,8,British National Party,British National Party,855,name,answer
2004,GB,,v114,9,Scottish Socialist Party,Scottish Socialist Party [og],,hand,answer
2004,GB,,v114,90,,other,,special,answer
2004,GB,,v114,95,,refused,,special,answer
2004,GB,,v114,97,,will-not-vote,,special,answer
2004,GB,,v114,99,,,,special,answer
2004,GB,,v115,1,Labour,Labour Party,1516,name,battery
2004,GB,,v116,2,Conservatives,Conservatives,1567,name,battery
2004,GB,,v117,3,Liberal Democrats,Liberal Democrats,1388,hand,battery
2004,GB,,v118,4,UK Independence Party,United Kingdom Independence Party,601,name,battery
2004,GB,,v119,5,Scottish National Party,Scottish National Party,986,name,battery
2004,GB,,v120,6,Plaid Cymru,Plaid Cymru,1002,name,battery
2004,GB,,v121,7,Green Party,Green Party of England and Wales,1794,name,battery
2004,GB,,v122,8,British National Party,British National Party,855,name,battery
2004,GB,,v123,9,Scottish Socialist Party,Scottish Socialist Party [og],,hand,battery
2004,GB,,v124,10,Respect,Respect — The Unity Coalition,1082,name,battery
2004,GB,,v125,11,George Galloway,Respect — The Unity Coalition,1082,hand,battery
2004,GB,,v126,12,Christian Alliance,Christian Alliance [og],,hand,battery
2004,GB,,v127,13,National Front,National Front,1140,name,battery
2004,GB,,v135,1,Labour,Labour Party,1516,name,battery
2004,GB,,v136,2,Conservatives,Conservatives,1567,name,battery
2004,GB,,v137,3,Liberal Democrats,Liberal Democrats,1388,hand,battery
2004,GB,,v138,4,UK Independence Party,United Kingdom Independence Party,601,name,battery
2004,GB,,v139,5,Scottish National Party,Scottish National Party,986,name,battery
2004,GB,,v140,6,Plaid Cymru,Plaid Cymru,1002,name,battery
2004,GB,,v141,7,Green Party,Green Party of England and Wales,1794,name,battery
2004,GB,,v142,8,British National Party,British National Party,855,name,battery
2004,GB,,v143,9,Scottish Socialist Party,Scottish Socialist Party [og],,hand,battery
2004,GB,,v144,10,Respect,Respect — The Unity Coalition,1082,name,battery
2004,GB,,v145,11,George Galloway,Respect — The Unity Coalition,1082,hand,battery
2004,GB,,v146,12,Christian Alliance,Christian Alliance [og],,hand,battery
2004,GB,,v147,13,National Front,National Front,1140,name,battery
2004,GB,,v157,1,Labour,Labour Party,1516,name,battery
2004,GB,,v158,2,Conservatives,Conservatives,1567,name,battery
2004,GB,,v159,3,Liberal Democrats,Liberal Democrats,1388,hand,battery
2004,GB,,v160,4,UK Independence Party,United Kingdom Independence Party,601,name,battery
2004,GB,,v161,5,Scottish National Party,Scottish National Party,986,name,battery
2004,GB,,v162,6,Plaid Cymru,Plaid Cymru,1002,name,battery
2004,GB,,v163,7,Green Party,Green Party of England and Wales,1794,name,battery
2004,GB,,v164,8,British National Party,British National Party,855,name,battery
2004,GB,,v165,9,Scottish Socialist Party,Scottish Socialist Party [og],,hand,battery
2004,GB,,v166,10,Respect,Respect — The Unity Coalition,1082,name,battery
2004,GB,,v167,11,George Galloway,Respect — The Unity Coalition,1082,hand,battery
2004,GB,,v168,12,Christian Alliance,Christian Alliance [og],,hand,battery
2004,GB,,v169,13,National Front,National Front,1140,name,battery
2004,GB,,v211,1,Labour,Labour Party,1516,name,answer
2004,GB,,v211,2,Conservatives,Conservatives,1567,name,answer
2004,GB,,v211,3,Liberal Democrats,Liberal Democrats,1388,hand,answer
2004,GB,,v211,4,UK Independence Party,United Kingdom Independence Party,601,name,answer
2004,GB,,v211,5,Scottish National Party,Scottish National Party,986,name,answer
2004,GB,,v211,6,Plaid Cymru,Plaid Cymru,1002,name,answer
2004,GB,,v211,7,Green Party,Green Party of England and Wales,1794,name,answer
2004,GB,,v211,8,British National Party,British National Party,855,name,answer
2004,GB,,v211,9,Scottish Socialist Party,Scottish Socialist Party [og],,hand,answer
2004,GB,,v211,90,,other,,special,answer
2004,GB,,v211,94,,none,,special,answer
2004,GB,,v211,95,,refused,,special,answer
2004,GB,,v211,99,,,,special,answer
2004,GR,,v029,1,New Democracy (ΝΔ: Nea Dimokratia),Néa Đimokratía,794,hand,answer
2004,GR,,v029,2,PASOK (ΠΑΣΟΚ: Panellino Socialistiko Kinima),Panellinio Sosialistikó Kínima,1468,name,answer
2004,GR,,v029,3,ΚΚΕ (Kommunistiko Komma Ellados),Kommounistikó Kómma Elládas,48,hand,answer
2004,GR,,v029,4,ΣΥΝ (ΣΥΝΑΣΠΙΣΜΟΣ: Sinaspismos tis Aristeras ke ti Proodu),Synaspismós tīs Aristerás,516,hand,answer
2004,GR,,v029,5,ΛΑ.Ο.Σ (LAOS),Laïkós Orthódoxos Synagermós,965,name,answer
2004,GR,,v029,6,DIKKI,Dimokratiko Koinoniko Kinima,1682,name,answer
2004,GR,,v029,9,CHRYSSI AVGI,Laïkós Sýndesmos / Chrysí Avgí,1660,hand,answer
2004,GR,,v029,31,,,,undocumented,answer
2004,GR,,v029,90,,other,,special,answer
2004,GR,,v029,98,,dont-know,,special,answer
2004,GR,,v029,99,,,,special,answer
2004,GR,,v112,1,New Democracy (ΝΔ: Nea Dimokratia),Néa Đimokratía,794,hand,answer
2004,GR,,v112,2,PASOK (ΠΑΣΟΚ: Panellino Socialistiko Kinima),Panellinio Sosialistikó Kínima,1468,name,answer
2004,GR,,v112,3,ΚΚΕ (Kommunistiko Komma Ellados),Kommounistikó Kómma Elládas,48,hand,answer
2004,GR,,v112,4,ΣΥΝ (ΣΥΝΑΣΠΙΣΜΟΣ: Sinaspismos tis Aristeras ke ti Proodu),Synaspismós tīs Aristerás,516,hand,answer
2004,GR,,v112,5,ΛΑ.Ο.Σ (LAOS),Laïkós Orthódoxos Synagermós,965,name,answer
2004,GR,,v112,8,Ìera,Ìera [og],,hand,answer
2004,GR,,v112,9,CHRYSSI AVGI,Laïkós Sýndesmos / Chrysí Avgí,1660,hand,answer
2004,GR,,v112,10,Patriot coalition,Patriot coalition [og],,hand,answer
2004,GR,,v112,13,Democratic Periphery Union,Democratic Periphery Union [og],,hand,answer
2004,GR,,v112,14,Ecologists-Greens,Oikologoi Prasinoi,378,name,answer
2004,GR,,v112,15,Green party,Oikologoi Prasinoi,378,hand,answer
2004,GR,,v112,96,,blank-invalid,,special,answer
2004,GR,,v112,97,,did-not-vote,,special,answer
2004,GR,,v112,99,,,,special,answer
2004,GR,,v113,1,New Democracy (ΝΔ: Nea Dimokratia),Néa Đimokratía,794,hand,answer
2004,GR,,v113,2,PASOK (ΠΑΣΟΚ: Panellino Socialistiko Kinima),Panellinio Sosialistikó Kínima,1468,name,answer
2004,GR,,v113,3,ΚΚΕ (Kommunistiko Komma Ellados),Kommounistikó Kómma Elládas,48,hand,answer
2004,GR,,v113,4,ΣΥΝ (ΣΥΝΑΣΠΙΣΜΟΣ: Sinaspismos tis Aristeras ke ti Proodu),Synaspismós tīs Aristerás,516,hand,answer
2004,GR,,v113,5,ΛΑ.Ο.Σ (LAOS),Laïkós Orthódoxos Synagermós,965,name,answer
2004,GR,,v113,6,DIKKI,Dimokratiko Koinoniko Kinima,1682,name,answer
2004,GR,,v113,90,,other,,special,answer
2004,GR,,v113,96,,blank-invalid,,special,answer
2004,GR,,v113,97,,did-not-vote,,special,answer
2004,GR,,v113,99,,,,special,answer
2004,GR,,v114,1,New Democracy (ΝΔ: Nea Dimokratia),Néa Đimokratía,794,hand,answer
2004,GR,,v114,2,PASOK (ΠΑΣΟΚ: Panellino Socialistiko Kinima),Panellinio Sosialistikó Kínima,1468,name,answer
2004,GR,,v114,3,ΚΚΕ (Kommunistiko Komma Ellados),Kommounistikó Kómma Elládas,48,hand,answer
2004,GR,,v114,4,ΣΥΝ (ΣΥΝΑΣΠΙΣΜΟΣ: Sinaspismos tis Aristeras ke ti Proodu),Synaspismós tīs Aristerás,516,hand,answer
2004,GR,,v114,5,ΛΑ.Ο.Σ (LAOS),Laïkós Orthódoxos Synagermós,965,name,answer
2004,GR,,v114,6,DIKKI,Dimokratiko Koinoniko Kinima,1682,name,answer
2004,GR,,v114,7,ENOSSI KENTROON,Enosi Kentroon,2510,hand,answer
2004,GR,,v114,8,Ìera,Ìera [og],,hand,answer
2004,GR,,v114,90,,other,,special,answer
2004,GR,,v114,96,,blank-invalid,,special,answer
2004,GR,,v114,97,,will-not-vote,,special,answer
2004,GR,,v114,99,,,,special,answer
2004,GR,,v115,1,New Democracy (ΝΔ: Nea Dimokratia),Néa Đimokratía,794,hand,battery
2004,GR,,v116,2,PASOK (ΠΑΣΟΚ: Panellino Socialistiko Kinima),Panellinio Sosialistikó Kínima,1468,name,battery
2004,GR,,v117,3,ΚΚΕ (Kommunistiko Komma Ellados),Kommounistikó Kómma Elládas,48,hand,battery
2004,GR,,v118,4,ΣΥΝ (ΣΥΝΑΣΠΙΣΜΟΣ: Sinaspismos tis Aristeras ke ti Proodu),Synaspismós tīs Aristerás,516,hand,battery
2004,GR,,v119,5,ΛΑ.Ο.Σ (LAOS),Laïkós Orthódoxos Synagermós,965,name,battery
2004,GR,,v120,6,DIKKI,Dimokratiko Koinoniko Kinima,1682,name,battery
2004,GR,,v121,7,ENOSSI KENTROON,Enosi Kentroon,2510,hand,battery
2004,GR,,v122,8,Ìera,Ìera [og],,hand,battery
2004,GR,,v123,9,CHRYSSI AVGI,Laïkós Sýndesmos / Chrysí Avgí,1660,hand,battery
2004,GR,,v124,10,Patriot coalition,Patriot coalition [og],,hand,battery
2004,GR,,v125,11,MERA,MERA [og],,hand,battery
2004,GR,,v126,12,Women for other Europe,Women for other Europe [og],,hand,battery
2004,GR,,v127,13,Democratic Periphery Union,Democratic Periphery Union [og],,hand,battery
2004,GR,,v128,14,Ecologists-Greens,Oikologoi Prasinoi,378,name,battery
2004,GR,,v135,1,New Democracy (ΝΔ: Nea Dimokratia),Néa Đimokratía,794,hand,battery
2004,GR,,v136,2,PASOK (ΠΑΣΟΚ: Panellino Socialistiko Kinima),Panellinio Sosialistikó Kínima,1468,name,battery
2004,GR,,v137,3,ΚΚΕ (Kommunistiko Komma Ellados),Kommounistikó Kómma Elládas,48,hand,battery
2004,GR,,v138,4,ΣΥΝ (ΣΥΝΑΣΠΙΣΜΟΣ: Sinaspismos tis Aristeras ke ti Proodu),Synaspismós tīs Aristerás,516,hand,battery
2004,GR,,v139,5,ΛΑ.Ο.Σ (LAOS),Laïkós Orthódoxos Synagermós,965,name,battery
2004,GR,,v140,6,DIKKI,Dimokratiko Koinoniko Kinima,1682,name,battery
2004,GR,,v141,7,ENOSSI KENTROON,Enosi Kentroon,2510,hand,battery
2004,GR,,v142,8,Ìera,Ìera [og],,hand,battery
2004,GR,,v143,9,CHRYSSI AVGI,Laïkós Sýndesmos / Chrysí Avgí,1660,hand,battery
2004,GR,,v144,10,Patriot coalition,Patriot coalition [og],,hand,battery
2004,GR,,v145,11,MERA,MERA [og],,hand,battery
2004,GR,,v146,12,Women for other Europe,Women for other Europe [og],,hand,battery
2004,GR,,v147,13,Democratic Periphery Union,Democratic Periphery Union [og],,hand,battery
2004,GR,,v148,14,Ecologists-Greens,Oikologoi Prasinoi,378,name,battery
2004,GR,,v157,1,New Democracy (ΝΔ: Nea Dimokratia),Néa Đimokratía,794,hand,battery
2004,GR,,v158,2,PASOK (ΠΑΣΟΚ: Panellino Socialistiko Kinima),Panellinio Sosialistikó Kínima,1468,name,battery
2004,GR,,v159,3,ΚΚΕ (Kommunistiko Komma Ellados),Kommounistikó Kómma Elládas,48,hand,battery
2004,GR,,v160,4,ΣΥΝ (ΣΥΝΑΣΠΙΣΜΟΣ: Sinaspismos tis Aristeras ke ti Proodu),Synaspismós tīs Aristerás,516,hand,battery
2004,GR,,v161,5,ΛΑ.Ο.Σ (LAOS),Laïkós Orthódoxos Synagermós,965,name,battery
2004,GR,,v162,6,DIKKI,Dimokratiko Koinoniko Kinima,1682,name,battery
2004,GR,,v163,7,ENOSSI KENTROON,Enosi Kentroon,2510,hand,battery
2004,GR,,v164,8,Ìera,Ìera [og],,hand,battery
2004,GR,,v165,9,CHRYSSI AVGI,Laïkós Sýndesmos / Chrysí Avgí,1660,hand,battery
2004,GR,,v166,10,Patriot coalition,Patriot coalition [og],,hand,battery
2004,GR,,v167,11,MERA,MERA [og],,hand,battery
2004,GR,,v168,12,Women for other Europe,Women for other Europe [og],,hand,battery
2004,GR,,v169,13,Democratic Periphery Union,Democratic Periphery Union [og],,hand,battery
2004,GR,,v170,14,Ecologists-Greens,Oikologoi Prasinoi,378,name,battery
2004,GR,,v211,1,New Democracy (ΝΔ: Nea Dimokratia),Néa Đimokratía,794,hand,answer
2004,GR,,v211,2,PASOK (ΠΑΣΟΚ: Panellino Socialistiko Kinima),Panellinio Sosialistikó Kínima,1468,name,answer
2004,GR,,v211,3,ΚΚΕ (Kommunistiko Komma Ellados),Kommounistikó Kómma Elládas,48,hand,answer
2004,GR,,v211,4,ΣΥΝ (ΣΥΝΑΣΠΙΣΜΟΣ: Sinaspismos tis Aristeras ke ti Proodu),Synaspismós tīs Aristerás,516,hand,answer
2004,GR,,v211,5,ΛΑ.Ο.Σ (LAOS),Laïkós Orthódoxos Synagermós,965,name,answer
2004,GR,,v211,94,,none,,special,answer
2004,GR,,v211,95,,refused,,special,answer
2004,GR,,v211,99,,,,special,answer
2004,HU,,v029,1,"Fidesz-MPP, Fidesz-Hungarian Civic Alliance",Fidesz — Magyar Polgári Szövetség,1691,hand,answer
2004,HU,,v029,2,"MDF, Hungarian Democratic Forum",Magyar Demokrata Fórum,1697,hand,answer
2004,HU,,v029,3,"MIÉP, Party of Hungarian Justice and Life",Magyar Igazság és Élet Pártja,1597,hand,answer
2004,HU,,v029,4,"MSZP, Hungarian Socialist Party",Magyar Szocialista Párt,1408,hand,answer
2004,HU,,v029,5,"MP, Workers Party",Magyar Kommunista Munkáspárt,859,hand,answer
2004,HU,,v029,6,"SZDSZ, Alliance of Free Democrats",Szabad Demokraták Szövetsége,910,hand,answer
2004,HU,,v029,90,,other,,special,answer
2004,HU,,v029,98,,dont-know,,special,answer
2004,HU,,v029,99,,,,special,answer
2004,HU,,v112,1,"Fidesz-MPP, Fidesz-Hungarian Civic Alliance",Fidesz — Magyar Polgári Szövetség,1691,hand,answer
2004,HU,,v112,2,"MDF, Hungarian Democratic Forum",Magyar Demokrata Fórum,1697,hand,answer
2004,HU,,v112,3,"MIÉP, Party of Hungarian Justice and Life",Magyar Igazság és Élet Pártja,1597,hand,answer
2004,HU,,v112,4,"MSZP, Hungarian Socialist Party",Magyar Szocialista Párt,1408,hand,answer
2004,HU,,v112,5,"MP, Workers Party",Magyar Kommunista Munkáspárt,859,hand,answer
2004,HU,,v112,6,"SZDSZ, Alliance of Free Democrats",Szabad Demokraták Szövetsége,910,hand,answer
2004,HU,,v112,8,"MNSZ, Hungarian National Alliance","MNSZ, Hungarian National Alliance [og]",,hand,answer
2004,HU,,v112,97,,did-not-vote,,special,answer
2004,HU,,v112,99,,,,special,answer
2004,HU,,v113,3,"MIÉP, Party of Hungarian Justice and Life",Magyar Igazság és Élet Pártja,1597,hand,answer
2004,HU,,v113,4,"MSZP, Hungarian Socialist Party",Magyar Szocialista Párt,1408,hand,answer
2004,HU,,v113,5,"MP, Workers Party",Magyar Kommunista Munkáspárt,859,hand,answer
2004,HU,,v113,6,"SZDSZ, Alliance of Free Democrats",Szabad Demokraták Szövetsége,910,hand,answer
2004,HU,,v113,9,"FKgP, Independent Small Holders Party",Független Kisgazdapárt,1294,hand,answer
2004,HU,,v113,10,"ÖMCP, Center Party",Centrumpárt,1779,hand,answer
2004,HU,,v113,11,Joint list of Fidesz-MPP (1) and MDF (2) [only in v113],Fidesz — Magyar Demokrata Fórum,8266,hand,answer
2004,HU,,v113,90,,other,,special,answer
2004,HU,,v113,97,,did-not-vote,,special,answer
2004,HU,,v113,99,,,,special,answer
2004,HU,,v114,1,"Fidesz-MPP, Fidesz-Hungarian Civic Alliance",Fidesz — Magyar Polgári Szövetség,1691,hand,answer
2004,HU,,v114,2,"MDF, Hungarian Democratic Forum",Magyar Demokrata Fórum,1697,hand,answer
2004,HU,,v114,3,"MIÉP, Party of Hungarian Justice and Life",Magyar Igazság és Élet Pártja,1597,hand,answer
2004,HU,,v114,4,"MSZP, Hungarian Socialist Party",Magyar Szocialista Párt,1408,hand,answer
2004,HU,,v114,5,"MP, Workers Party",Magyar Kommunista Munkáspárt,859,hand,answer
2004,HU,,v114,6,"SZDSZ, Alliance of Free Democrats",Szabad Demokraták Szövetsége,910,hand,answer
2004,HU,,v114,90,,other,,special,answer
2004,HU,,v114,99,,,,special,answer
2004,HU,,v115,1,"Fidesz-MPP, Fidesz-Hungarian Civic Alliance",Fidesz — Magyar Polgári Szövetség,1691,hand,battery
2004,HU,,v116,2,"MDF, Hungarian Democratic Forum",Magyar Demokrata Fórum,1697,hand,battery
2004,HU,,v117,3,"MIÉP, Party of Hungarian Justice and Life",Magyar Igazság és Élet Pártja,1597,hand,battery
2004,HU,,v118,4,"MSZP, Hungarian Socialist Party",Magyar Szocialista Párt,1408,hand,battery
2004,HU,,v119,5,"MP, Workers Party",Magyar Kommunista Munkáspárt,859,hand,battery
2004,HU,,v120,6,"SZDSZ, Alliance of Free Democrats",Szabad Demokraták Szövetsége,910,hand,battery
2004,HU,,v121,7,"SZDP, Social Democratic Party",Magyarországi Szociáldemokrata Párt,1726,hand,battery
2004,HU,,v122,8,"MNSZ, Hungarian National Alliance","MNSZ, Hungarian National Alliance [og]",,hand,battery
2004,HU,,v123,9,"FKgP, Independent Small Holders Party",Független Kisgazdapárt,1294,hand,battery
2004,HU,,v124,10,"ÖMCP, Center Party",Centrumpárt,1779,hand,battery
2004,HU,,v125,11,Joint list of Fidesz-MPP (1) and MDF (2) [only in v113],Fidesz — Magyar Demokrata Fórum,8266,hand,battery
2004,HU,,v135,1,"Fidesz-MPP, Fidesz-Hungarian Civic Alliance",Fidesz — Magyar Polgári Szövetség,1691,hand,battery
2004,HU,,v136,2,"MDF, Hungarian Democratic Forum",Magyar Demokrata Fórum,1697,hand,battery
2004,HU,,v137,3,"MIÉP, Party of Hungarian Justice and Life",Magyar Igazság és Élet Pártja,1597,hand,battery
2004,HU,,v138,4,"MSZP, Hungarian Socialist Party",Magyar Szocialista Párt,1408,hand,battery
2004,HU,,v139,5,"MP, Workers Party",Magyar Kommunista Munkáspárt,859,hand,battery
2004,HU,,v140,6,"SZDSZ, Alliance of Free Democrats",Szabad Demokraták Szövetsége,910,hand,battery
2004,HU,,v141,7,"SZDP, Social Democratic Party",Magyarországi Szociáldemokrata Párt,1726,hand,battery
2004,HU,,v142,8,"MNSZ, Hungarian National Alliance","MNSZ, Hungarian National Alliance [og]",,hand,battery
2004,HU,,v143,9,"FKgP, Independent Small Holders Party",Független Kisgazdapárt,1294,hand,battery
2004,HU,,v144,10,"ÖMCP, Center Party",Centrumpárt,1779,hand,battery
2004,HU,,v145,11,Joint list of Fidesz-MPP (1) and MDF (2) [only in v113],Fidesz — Magyar Demokrata Fórum,8266,hand,battery
2004,HU,,v157,1,"Fidesz-MPP, Fidesz-Hungarian Civic Alliance",Fidesz — Magyar Polgári Szövetség,1691,hand,battery
2004,HU,,v158,2,"MDF, Hungarian Democratic Forum",Magyar Demokrata Fórum,1697,hand,battery
2004,HU,,v159,3,"MIÉP, Party of Hungarian Justice and Life",Magyar Igazság és Élet Pártja,1597,hand,battery
2004,HU,,v160,4,"MSZP, Hungarian Socialist Party",Magyar Szocialista Párt,1408,hand,battery
2004,HU,,v161,5,"MP, Workers Party",Magyar Kommunista Munkáspárt,859,hand,battery
2004,HU,,v162,6,"SZDSZ, Alliance of Free Democrats",Szabad Demokraták Szövetsége,910,hand,battery
2004,HU,,v163,7,"SZDP, Social Democratic Party",Magyarországi Szociáldemokrata Párt,1726,hand,battery
2004,HU,,v164,8,"MNSZ, Hungarian National Alliance","MNSZ, Hungarian National Alliance [og]",,hand,battery
2004,HU,,v165,9,"FKgP, Independent Small Holders Party",Független Kisgazdapárt,1294,hand,battery
2004,HU,,v166,10,"ÖMCP, Center Party",Centrumpárt,1779,hand,battery
2004,HU,,v167,11,Joint list of Fidesz-MPP (1) and MDF (2) [only in v113],Fidesz — Magyar Demokrata Fórum,8266,hand,battery
2004,HU,,v211,1,"Fidesz-MPP, Fidesz-Hungarian Civic Alliance",Fidesz — Magyar Polgári Szövetség,1691,hand,answer
2004,HU,,v211,2,"MDF, Hungarian Democratic Forum",Magyar Demokrata Fórum,1697,hand,answer
2004,HU,,v211,3,"MIÉP, Party of Hungarian Justice and Life",Magyar Igazság és Élet Pártja,1597,hand,answer
2004,HU,,v211,4,"MSZP, Hungarian Socialist Party",Magyar Szocialista Párt,1408,hand,answer
2004,HU,,v211,5,"MP, Workers Party",Magyar Kommunista Munkáspárt,859,hand,answer
2004,HU,,v211,6,"SZDSZ, Alliance of Free Democrats",Szabad Demokraták Szövetsége,910,hand,answer
2004,HU,,v211,90,,other,,special,answer
2004,HU,,v211,94,,none,,special,answer
2004,HU,,v211,99,,,,special,answer
2004,IE,,v029,1,FF: Fianna Fail,Fianna Fáil,1055,hand,answer
2004,IE,,v029,2,FG: Fine Gael,Fine Gael,1288,hand,answer
2004,IE,,v029,3,GP: Green Party,Green Party-Comhaontas Glas,1775,hand,answer
2004,IE,,v029,4,Lab: Labour Party,Páirti Lucht Oibre,562,hand,answer
2004,IE,,v029,5,PDS,An Pairti Daonlathach,924,name,answer
2004,IE,,v029,6,SF: Sinn Fein,Sinn Féin (Provisional),4,hand,answer
2004,IE,,v029,90,,other,,special,answer
2004,IE,,v029,91,,none,,special,answer
2004,IE,,v029,98,,dont-know,,special,answer
2004,IE,,v029,99,,,,special,answer
2004,IE,,v112,1,FF: Fianna Fail,Fianna Fáil,1055,hand,answer
2004,IE,,v112,2,FG: Fine Gael,Fine Gael,1288,hand,answer
2004,IE,,v112,3,GP: Green Party,Green Party-Comhaontas Glas,1775,hand,answer
2004,IE,,v112,4,Lab: Labour Party,Páirti Lucht Oibre,562,hand,answer
2004,IE,,v112,5,PDS,An Pairti Daonlathach,924,name,answer
2004,IE,,v112,6,SF: Sinn Fein,Sinn Féin (Provisional),4,hand,answer
2004,IE,,v112,7,Independent Candidate,independent,,hand,answer
2004,IE,,v112,90,,other,,special,answer
2004,IE,,v112,97,,did-not-vote,,special,answer
2004,IE,,v112,99,,,,special,answer
2004,IE,,v113,1,FF: Fianna Fail,Fianna Fáil,1055,hand,answer
2004,IE,,v113,2,FG: Fine Gael,Fine Gael,1288,hand,answer
2004,IE,,v113,3,GP: Green Party,Green Party-Comhaontas Glas,1775,hand,answer
2004,IE,,v113,4,Lab: Labour Party,Páirti Lucht Oibre,562,hand,answer
2004,IE,,v113,5,PDS,An Pairti Daonlathach,924,name,answer
2004,IE,,v113,6,SF: Sinn Fein,Sinn Féin (Provisional),4,hand,answer
2004,IE,,v113,7,Independent Candidate,independent,,hand,answer
2004,IE,,v113,90,,other,,special,answer
2004,IE,,v113,97,,did-not-vote,,special,answer
2004,IE,,v113,99,,,,special,answer
2004,IE,,v114,1,FF: Fianna Fail,Fianna Fáil,1055,hand,answer
2004,IE,,v114,2,FG: Fine Gael,Fine Gael,1288,hand,answer
2004,IE,,v114,3,GP: Green Party,Green Party-Comhaontas Glas,1775,hand,answer
2004,IE,,v114,4,Lab: Labour Party,Páirti Lucht Oibre,562,hand,answer
2004,IE,,v114,5,PDS,An Pairti Daonlathach,924,name,answer
2004,IE,,v114,6,SF: Sinn Fein,Sinn Féin (Provisional),4,hand,answer
2004,IE,,v114,7,Independent Candidate,independent,,hand,answer
2004,IE,,v114,90,,other,,special,answer
2004,IE,,v114,97,,will-not-vote,,special,answer
2004,IE,,v114,99,,,,special,answer
2004,IE,,v115,1,FF: Fianna Fail,Fianna Fáil,1055,hand,battery
2004,IE,,v116,2,FG: Fine Gael,Fine Gael,1288,hand,battery
2004,IE,,v117,3,GP: Green Party,Green Party-Comhaontas Glas,1775,hand,battery
2004,IE,,v118,4,Lab: Labour Party,Páirti Lucht Oibre,562,hand,battery
2004,IE,,v119,5,PDS,An Pairti Daonlathach,924,name,battery
2004,IE,,v120,6,SF: Sinn Fein,Sinn Féin (Provisional),4,hand,battery
2004,IE,,v121,7,Independent Candidate,independent,,hand,battery
2004,IE,,v135,1,FF: Fianna Fail,Fianna Fáil,1055,hand,battery
2004,IE,,v136,2,FG: Fine Gael,Fine Gael,1288,hand,battery
2004,IE,,v137,3,GP: Green Party,Green Party-Comhaontas Glas,1775,hand,battery
2004,IE,,v138,4,Lab: Labour Party,Páirti Lucht Oibre,562,hand,battery
2004,IE,,v139,5,PDS,An Pairti Daonlathach,924,name,battery
2004,IE,,v140,6,SF: Sinn Fein,Sinn Féin (Provisional),4,hand,battery
2004,IE,,v141,7,Independent Candidate,independent,,hand,battery
2004,IE,,v157,1,FF: Fianna Fail,Fianna Fáil,1055,hand,battery
2004,IE,,v158,2,FG: Fine Gael,Fine Gael,1288,hand,battery
2004,IE,,v159,3,GP: Green Party,Green Party-Comhaontas Glas,1775,hand,battery
2004,IE,,v160,4,Lab: Labour Party,Páirti Lucht Oibre,562,hand,battery
2004,IE,,v161,5,PDS,An Pairti Daonlathach,924,name,battery
2004,IE,,v162,6,SF: Sinn Fein,Sinn Féin (Provisional),4,hand,battery
2004,IE,,v163,7,Independent Candidate,independent,,hand,battery
2004,IE,,v211,1,FF: Fianna Fail,Fianna Fáil,1055,hand,answer
2004,IE,,v211,2,FG: Fine Gael,Fine Gael,1288,hand,answer
2004,IE,,v211,3,GP: Green Party,Green Party-Comhaontas Glas,1775,hand,answer
2004,IE,,v211,4,Lab: Labour Party,Páirti Lucht Oibre,562,hand,answer
2004,IE,,v211,5,PDS,An Pairti Daonlathach,924,name,answer
2004,IE,,v211,6,SF: Sinn Fein,Sinn Féin (Provisional),4,hand,answer
2004,IE,,v211,90,,other,,special,answer
2004,IE,,v211,94,,none,,special,answer
2004,IE,,v211,99,,,,special,answer
2004,IT,,v029,1,DS-Democratici di sinistra (Fassino),Democratici di Sinistra,878,hand,answer
2004,IT,,v029,2,La Margherita (Rutelli),Democrazia è Libertà — La Margherita,279,name,answer
2004,IT,,v029,3,Comunisti Italiani (Diliberto),Partito dei Comunisti Italiani,1635,name,answer
2004,IT,,v029,4,Verdi (Pecoraro Scanio),Federazione dei Verdi,851,name,answer
2004,IT,,v029,5,SDI (Boselli),Socialisti Democratici Italiani,750,hand,answer
2004,IT,,v029,6,Alleanza Popolare - UDEUR (Mastella),Unione Democratici per l'Europa,115,hand,answer
2004,IT,,v029,7,Italia dei valori (Di Pietro),Lista di Pietro — Italia del Valori,768,name,answer
2004,IT,,v029,8,Forza Italia (Berlusconi),Forza Italia,1626,hand,answer
2004,IT,,v029,9,AN-Alleanza nazionale (Fini),Alleanza Nazionale,813,hand,answer
2004,IT,,v029,10,Udc (Follini e Buttiglione),Unione dei Democratici Cristiani e Democratici di Centro,1758,hand,answer
2004,IT,,v029,11,Lega Nord (Bossi),Lega Nord,1221,name,answer
2004,IT,,v029,12,Nuovo PSI (De Michelis),Nuovo Partito Socialisti Italiani,888,name,answer
2004,IT,,v029,13,Radicali /Lista Bonino (Capezzone),Lista Bonino,2134,hand,answer
2004,IT,,v029,14,Alternativa Sociale con Alessandra Mussolini,Alternativa Sociale Mussolini,327,hand,answer
2004,IT,,v029,16,"Lista Uniti nell’ULIVO [ DS(2), MARGHERITA(3), SDI(6) only in v112]",L'Ulivo,1737,hand,answer
2004,IT,,v029,90,,other,,special,answer
2004,IT,,v029,98,,dont-know,,special,answer
2004,IT,,v029,99,,,,special,answer
2004,IT,,v112,1,DS-Democratici di sinistra (Fassino),Democratici di Sinistra,878,hand,answer
2004,IT,,v112,4,Verdi (Pecoraro Scanio),Federazione dei Verdi,851,name,answer
2004,IT,,v112,5,SDI (Boselli),Socialisti Democratici Italiani,750,hand,answer
2004,IT,,v112,7,Italia dei valori (Di Pietro),Lista di Pietro — Italia del Valori,768,name,answer
2004,IT,,v112,8,Forza Italia (Berlusconi),Forza Italia,1626,hand,answer
2004,IT,,v112,9,AN-Alleanza nazionale (Fini),Alleanza Nazionale,813,hand,answer
2004,IT,,v112,10,Udc (Follini e Buttiglione),Unione dei Democratici Cristiani e Democratici di Centro,1758,hand,answer
2004,IT,,v112,11,Lega Nord (Bossi),Lega Nord,1221,name,answer
2004,IT,,v112,12,Nuovo PSI (De Michelis),Nuovo Partito Socialisti Italiani,888,name,answer
2004,IT,,v112,13,Radicali /Lista Bonino (Capezzone),Lista Bonino,2134,hand,answer
2004,IT,,v112,14,Alternativa Sociale con Alessandra Mussolini,Alternativa Sociale Mussolini,327,hand,answer
2004,IT,,v112,15,Fiamma Tricolore (Rauti),Fiamma Tricolore,1101,name,answer
2004,IT,,v112,16,"Lista Uniti nell’ULIVO [ DS(2), MARGHERITA(3), SDI(6) only in v112]",L'Ulivo,1737,hand,answer
2004,IT,,v112,17,"Girasole [Verdi (5), SDI(6) only in v113]",Il Girasole,1782,hand,answer
2004,IT,,v112,90,,other,,special,answer
2004,IT,,v112,96,,blank-invalid,,special,answer
2004,IT,,v112,97,,did-not-vote,,special,answer
2004,IT,,v112,99,,,,special,answer
2004,IT,,v113,1,DS-Democratici di sinistra (Fassino),Democratici di Sinistra,878,hand,answer
2004,IT,,v113,2,La Margherita (Rutelli),Democrazia è Libertà — La Margherita,279,name,answer
2004,IT,,v113,3,Comunisti Italiani (Diliberto),Partito dei Comunisti Italiani,1635,name,answer
2004,IT,,v113,4,Verdi (Pecoraro Scanio),Federazione dei Verdi,851,name,answer
2004,IT,,v113,8,Forza Italia (Berlusconi),Forza Italia,1626,hand,answer
2004,IT,,v113,9,AN-Alleanza nazionale (Fini),Alleanza Nazionale,813,hand,answer
2004,IT,,v113,10,Udc (Follini e Buttiglione),Unione dei Democratici Cristiani e Democratici di Centro,1758,hand,answer
2004,IT,,v113,11,Lega Nord (Bossi),Lega Nord,1221,name,answer
2004,IT,,v113,12,Nuovo PSI (De Michelis),Nuovo Partito Socialisti Italiani,888,name,answer
2004,IT,,v113,13,Radicali /Lista Bonino (Capezzone),Lista Bonino,2134,hand,answer
2004,IT,,v113,14,Alternativa Sociale con Alessandra Mussolini,Alternativa Sociale Mussolini,327,hand,answer
2004,IT,,v113,16,"Lista Uniti nell’ULIVO [ DS(2), MARGHERITA(3), SDI(6) only in v112]",L'Ulivo,1737,hand,answer
2004,IT,,v113,18,Rifondazione comunista (Bertinotti),Partito della Rifondazione Comunista,1404,name,answer
2004,IT,,v113,90,,other,,special,answer
2004,IT,,v113,96,,blank-invalid,,special,answer
2004,IT,,v113,97,,did-not-vote,,special,answer
2004,IT,,v113,99,,,,special,answer
2004,IT,,v114,1,DS-Democratici di sinistra (Fassino),Democratici di Sinistra,878,hand,answer
2004,IT,,v114,2,La Margherita (Rutelli),Democrazia è Libertà — La Margherita,279,name,answer
2004,IT,,v114,3,Comunisti Italiani (Diliberto),Partito dei Comunisti Italiani,1635,name,answer
2004,IT,,v114,4,Verdi (Pecoraro Scanio),Federazione dei Verdi,851,name,answer
2004,IT,,v114,5,SDI (Boselli),Socialisti Democratici Italiani,750,hand,answer
2004,IT,,v114,6,Alleanza Popolare - UDEUR (Mastella),Unione Democratici per l'Europa,115,hand,answer
2004,IT,,v114,8,Forza Italia (Berlusconi),Forza Italia,1626,hand,answer
2004,IT,,v114,9,AN-Alleanza nazionale (Fini),Alleanza Nazionale,813,hand,answer
2004,IT,,v114,10,Udc (Follini e Buttiglione),Unione dei Democratici Cristiani e Democratici di Centro,1758,hand,answer
2004,IT,,v114,11,Lega Nord (Bossi),Lega Nord,1221,name,answer
2004,IT,,v114,12,Nuovo PSI (De Michelis),Nuovo Partito Socialisti Italiani,888,name,answer
2004,IT,,v114,13,Radicali /Lista Bonino (Capezzone),Lista Bonino,2134,hand,answer
2004,IT,,v114,14,Alternativa Sociale con Alessandra Mussolini,Alternativa Sociale Mussolini,327,hand,answer
2004,IT,,v114,15,Fiamma Tricolore (Rauti),Fiamma Tricolore,1101,name,answer
2004,IT,,v114,16,"Lista Uniti nell’ULIVO [ DS(2), MARGHERITA(3), SDI(6) only in v112]",L'Ulivo,1737,hand,answer
2004,IT,,v114,90,,other,,special,answer
2004,IT,,v114,96,,blank-invalid,,special,answer
2004,IT,,v114,97,,will-not-vote,,special,answer
2004,IT,,v114,99,,,,special,answer
2004,IT,,v115,1,DS-Democratici di sinistra (Fassino),Democratici di Sinistra,878,hand,battery
2004,IT,,v116,2,La Margherita (Rutelli),Democrazia è Libertà — La Margherita,279,name,battery
2004,IT,,v117,3,Comunisti Italiani (Diliberto),Partito dei Comunisti Italiani,1635,name,battery
2004,IT,,v118,4,Verdi (Pecoraro Scanio),Federazione dei Verdi,851,name,battery
2004,IT,,v119,5,SDI (Boselli),Socialisti Democratici Italiani,750,hand,battery
2004,IT,,v120,6,Alleanza Popolare - UDEUR (Mastella),Unione Democratici per l'Europa,115,hand,battery
2004,IT,,v121,7,Italia dei valori (Di Pietro),Lista di Pietro — Italia del Valori,768,name,battery
2004,IT,,v122,8,Forza Italia (Berlusconi),Forza Italia,1626,hand,battery
2004,IT,,v123,9,AN-Alleanza nazionale (Fini),Alleanza Nazionale,813,hand,battery
2004,IT,,v124,10,Udc (Follini e Buttiglione),Unione dei Democratici Cristiani e Democratici di Centro,1758,hand,battery
2004,IT,,v125,11,Lega Nord (Bossi),Lega Nord,1221,name,battery
2004,IT,,v126,12,Nuovo PSI (De Michelis),Nuovo Partito Socialisti Italiani,888,name,battery
2004,IT,,v127,13,Radicali /Lista Bonino (Capezzone),Lista Bonino,2134,hand,battery
2004,IT,,v128,14,Alternativa Sociale con Alessandra Mussolini,Alternativa Sociale Mussolini,327,hand,battery
2004,IT,,v135,1,DS-Democratici di sinistra (Fassino),Democratici di Sinistra,878,hand,battery
2004,IT,,v136,2,La Margherita (Rutelli),Democrazia è Libertà — La Margherita,279,name,battery
2004,IT,,v137,3,Comunisti Italiani (Diliberto),Partito dei Comunisti Italiani,1635,name,battery
2004,IT,,v138,4,Verdi (Pecoraro Scanio),Federazione dei Verdi,851,name,battery
2004,IT,,v139,5,SDI (Boselli),Socialisti Democratici Italiani,750,hand,battery
2004,IT,,v140,6,Alleanza Popolare - UDEUR (Mastella),Unione Democratici per l'Europa,115,hand,battery
2004,IT,,v141,7,Italia dei valori (Di Pietro),Lista di Pietro — Italia del Valori,768,name,battery
2004,IT,,v142,8,Forza Italia (Berlusconi),Forza Italia,1626,hand,battery
2004,IT,,v143,9,AN-Alleanza nazionale (Fini),Alleanza Nazionale,813,hand,battery
2004,IT,,v144,10,Udc (Follini e Buttiglione),Unione dei Democratici Cristiani e Democratici di Centro,1758,hand,battery
2004,IT,,v145,11,Lega Nord (Bossi),Lega Nord,1221,name,battery
2004,IT,,v146,12,Nuovo PSI (De Michelis),Nuovo Partito Socialisti Italiani,888,name,battery
2004,IT,,v147,13,Radicali /Lista Bonino (Capezzone),Lista Bonino,2134,hand,battery
2004,IT,,v148,14,Alternativa Sociale con Alessandra Mussolini,Alternativa Sociale Mussolini,327,hand,battery
2004,IT,,v157,1,DS-Democratici di sinistra (Fassino),Democratici di Sinistra,878,hand,battery
2004,IT,,v158,2,La Margherita (Rutelli),Democrazia è Libertà — La Margherita,279,name,battery
2004,IT,,v159,3,Comunisti Italiani (Diliberto),Partito dei Comunisti Italiani,1635,name,battery
2004,IT,,v160,4,Verdi (Pecoraro Scanio),Federazione dei Verdi,851,name,battery
2004,IT,,v161,5,SDI (Boselli),Socialisti Democratici Italiani,750,hand,battery
2004,IT,,v162,6,Alleanza Popolare - UDEUR (Mastella),Unione Democratici per l'Europa,115,hand,battery
2004,IT,,v163,7,Italia dei valori (Di Pietro),Lista di Pietro — Italia del Valori,768,name,battery
2004,IT,,v164,8,Forza Italia (Berlusconi),Forza Italia,1626,hand,battery
2004,IT,,v165,9,AN-Alleanza nazionale (Fini),Alleanza Nazionale,813,hand,battery
2004,IT,,v166,10,Udc (Follini e Buttiglione),Unione dei Democratici Cristiani e Democratici di Centro,1758,hand,battery
2004,IT,,v167,11,Lega Nord (Bossi),Lega Nord,1221,name,battery
2004,IT,,v168,12,Nuovo PSI (De Michelis),Nuovo Partito Socialisti Italiani,888,name,battery
2004,IT,,v169,13,Radicali /Lista Bonino (Capezzone),Lista Bonino,2134,hand,battery
2004,IT,,v170,14,Alternativa Sociale con Alessandra Mussolini,Alternativa Sociale Mussolini,327,hand,battery
2004,IT,,v211,1,DS-Democratici di sinistra (Fassino),Democratici di Sinistra,878,hand,answer
2004,IT,,v211,2,La Margherita (Rutelli),Democrazia è Libertà — La Margherita,279,name,answer
2004,IT,,v211,3,Comunisti Italiani (Diliberto),Partito dei Comunisti Italiani,1635,name,answer
2004,IT,,v211,4,Verdi (Pecoraro Scanio),Federazione dei Verdi,851,name,answer
2004,IT,,v211,5,SDI (Boselli),Socialisti Democratici Italiani,750,hand,answer
2004,IT,,v211,6,Alleanza Popolare - UDEUR (Mastella),Unione Democratici per l'Europa,115,hand,answer
2004,IT,,v211,7,Italia dei valori (Di Pietro),Lista di Pietro — Italia del Valori,768,name,answer
2004,IT,,v211,8,Forza Italia (Berlusconi),Forza Italia,1626,hand,answer
2004,IT,,v211,9,AN-Alleanza nazionale (Fini),Alleanza Nazionale,813,hand,answer
2004,IT,,v211,10,Udc (Follini e Buttiglione),Unione dei Democratici Cristiani e Democratici di Centro,1758,hand,answer
2004,IT,,v211,11,Lega Nord (Bossi),Lega Nord,1221,name,answer
2004,IT,,v211,12,Nuovo PSI (De Michelis),Nuovo Partito Socialisti Italiani,888,name,answer
2004,IT,,v211,13,Radicali /Lista Bonino (Capezzone),Lista Bonino,2134,hand,answer
2004,IT,,v211,14,Alternativa Sociale con Alessandra Mussolini,Alternativa Sociale Mussolini,327,hand,answer
2004,IT,,v211,16,"Lista Uniti nell’ULIVO [ DS(2), MARGHERITA(3), SDI(6) only in v112]",L'Ulivo,1737,hand,answer
2004,IT,,v211,90,,other,,special,answer
2004,IT,,v211,94,,none,,special,answer
2004,IT,,v211,99,,,,special,answer
2004,LT,,v112,1,VNDS,Tvarka ir teisingumas — Liberalų Demokratų Partija,237,name,answer
2004,LT,,v112,2,LSDP,Lietuvos socialdemokratų partija,64,name,answer
2004,LT,,v112,3,LCS,Liberalų ir centro sąjunga,1193,hand,answer
2004,LT,,v112,4,LKD,Lietuvos Krikščionys Demokratai,1063,name,answer
2004,LT,,v112,5,NS/SL,Naujoji sąjunga (socialliberalai),1800,name,answer
2004,LT,,v112,6,Coalition of LLRA and LRS,Coalition of LLRA and LRS [og],,hand,answer
2004,LT,,v112,7,TPP,Tautos pažangos partija,51,hand,answer
2004,LT,,v112,8,NCP,NCP [og],,hand,answer
2004,LT,,v112,9,TS,Tėvynės sąjunga — Lietuvos krikščionys demokratai,193,name,answer
2004,LT,,v112,10,KKSS,Krikščionių konservatorių socialinė sąjunga,52,name,answer
2004,LT,,v112,11,DP,Darbo Partija,102,name,answer
2004,LT,,v112,12,LDP,Tvarka ir teisingumas — Liberalų Demokratų Partija,237,hand,answer
2004,LT,,v112,91,,none,,special,answer
2004,LT,,v112,97,,did-not-vote,,special,answer
2004,LT,,v112,99,,,,special,answer
2004,LT,,v114,2,LSDP,Lietuvos socialdemokratų partija,64,name,answer
2004,LT,,v114,3,LCS,Liberalų ir centro sąjunga,1193,hand,answer
2004,LT,,v114,5,NS/SL,Naujoji sąjunga (socialliberalai),1800,name,answer
2004,LT,,v114,9,TS,Tėvynės sąjunga — Lietuvos krikščionys demokratai,193,name,answer
2004,LT,,v114,11,DP,Darbo Partija,102,name,answer
2004,LT,,v114,12,LDP,Tvarka ir teisingumas — Liberalų Demokratų Partija,237,hand,answer
2004,LT,,v114,90,,other,,special,answer
2004,LT,,v114,99,,,,special,answer
2004,LT,,v115,1,VNDS,Tvarka ir teisingumas — Liberalų Demokratų Partija,237,name,battery
2004,LT,,v116,2,LSDP,Lietuvos socialdemokratų partija,64,name,battery
2004,LT,,v117,3,LCS,Liberalų ir centro sąjunga,1193,hand,battery
2004,LT,,v118,4,LKD,Lietuvos Krikščionys Demokratai,1063,name,battery
2004,LT,,v119,5,NS/SL,Naujoji sąjunga (socialliberalai),1800,name,battery
2004,LT,,v120,6,Coalition of LLRA and LRS,Coalition of LLRA and LRS [og],,hand,battery
2004,LT,,v121,7,TPP,Tautos pažangos partija,51,hand,battery
2004,LT,,v122,8,NCP,NCP [og],,hand,battery
2004,LT,,v123,9,TS,Tėvynės sąjunga — Lietuvos krikščionys demokratai,193,name,battery
2004,LT,,v124,10,KKSS,Krikščionių konservatorių socialinė sąjunga,52,name,battery
2004,LT,,v125,11,DP,Darbo Partija,102,name,battery
2004,LT,,v126,12,LDP,Tvarka ir teisingumas — Liberalų Demokratų Partija,237,hand,battery
2004,LT,,v135,1,VNDS,Tvarka ir teisingumas — Liberalų Demokratų Partija,237,name,battery
2004,LT,,v136,2,LSDP,Lietuvos socialdemokratų partija,64,name,battery
2004,LT,,v137,3,LCS,Liberalų ir centro sąjunga,1193,hand,battery
2004,LT,,v138,4,LKD,Lietuvos Krikščionys Demokratai,1063,name,battery
2004,LT,,v139,5,NS/SL,Naujoji sąjunga (socialliberalai),1800,name,battery
2004,LT,,v140,6,Coalition of LLRA and LRS,Coalition of LLRA and LRS [og],,hand,battery
2004,LT,,v141,7,TPP,Tautos pažangos partija,51,hand,battery
2004,LT,,v142,8,NCP,NCP [og],,hand,battery
2004,LT,,v143,9,TS,Tėvynės sąjunga — Lietuvos krikščionys demokratai,193,name,battery
2004,LT,,v144,10,KKSS,Krikščionių konservatorių socialinė sąjunga,52,name,battery
2004,LT,,v145,11,DP,Darbo Partija,102,name,battery
2004,LT,,v146,12,LDP,Tvarka ir teisingumas — Liberalų Demokratų Partija,237,hand,battery
2004,LT,,v157,1,VNDS,Tvarka ir teisingumas — Liberalų Demokratų Partija,237,name,battery
2004,LT,,v158,2,LSDP,Lietuvos socialdemokratų partija,64,name,battery
2004,LT,,v159,3,LCS,Liberalų ir centro sąjunga,1193,hand,battery
2004,LT,,v160,4,LKD,Lietuvos Krikščionys Demokratai,1063,name,battery
2004,LT,,v161,5,NS/SL,Naujoji sąjunga (socialliberalai),1800,name,battery
2004,LT,,v162,6,Coalition of LLRA and LRS,Coalition of LLRA and LRS [og],,hand,battery
2004,LT,,v163,7,TPP,Tautos pažangos partija,51,hand,battery
2004,LT,,v164,8,NCP,NCP [og],,hand,battery
2004,LT,,v165,9,TS,Tėvynės sąjunga — Lietuvos krikščionys demokratai,193,name,battery
2004,LT,,v166,10,KKSS,Krikščionių konservatorių socialinė sąjunga,52,name,battery
2004,LT,,v167,11,DP,Darbo Partija,102,name,battery
2004,LT,,v168,12,LDP,Tvarka ir teisingumas — Liberalų Demokratų Partija,237,hand,battery
2004,LV,,v029,1,PCTVL (For Human Rights in a United Latvia),Par cilvēka tiesībām vienotā Latvijā,176,hand,answer
2004,LV,,v029,2,Tautas Partija (People’s Party),Tautas Partija,1755,name,answer
2004,LV,,v029,3,Zalo un Zemnieku Savieniba (Union of the Green and Farmers),Zaļo un Zemnieku savienība,701,name,answer
2004,LV,,v029,4,Latvijas Pirma Partija (Latvia’s First Party),Latvijas Pirmā partija,1778,name,answer
2004,LV,,v029,5,Tevzemei un Brovobai/ LNNK (For Fatherland and Freedom),Tēvzemei un Brīvībai / LNNK,1704,hand,answer
2004,LV,,v029,6,Latvijas Cels (Latvia’s Way),Latvijas Ceļš,1043,name,answer
2004,LV,,v029,7,KDS (Christian Democratic Union),Kristīgi demokrātiskā savienība,304,name,answer
2004,LV,,v029,8,Russian National Bolshevik Party,Russian National Bolshevik Party [og],,hand,answer
2004,LV,,v029,10,Conservative Party,Konservatīvā partija,944,name,answer
2004,LV,,v029,11,Future Party,Future Party [og],,hand,answer
2004,LV,,v029,12,Tautas Saskanas Partija (People's Harmony Party),Tautas Saskaņas Partija,1719,name,answer
2004,LV,,v029,13,United Social Democratic Welfare Party,Sociāldemokrātiskā Labklājības partija,680,hand,answer
2004,LV,,v029,14,"""Latgales Gaisma"" (Latgales' Light)",Latgales Gaisma,404,name,answer
2004,LV,,v029,15,Latvian Socialist Party,Latvijas Sociālistiskā partija,588,name,answer
2004,LV,,v029,16,Latviesu Partija (Latvian Party),Latviesu Partija (Latvian Party) [og],,hand,answer
2004,LV,,v029,19,"Political organization ""Eurosceptics""","Political organization ""Eurosceptics"" [og]",,hand,answer
2004,LV,,v029,21,Jaunais Laiks (New Era),Jaunais Laiks,1531,name,answer
2004,LV,,v029,91,,none,,special,answer
2004,LV,,v029,98,,dont-know,,special,answer
2004,LV,,v112,1,PCTVL (For Human Rights in a United Latvia),Par cilvēka tiesībām vienotā Latvijā,176,hand,answer
2004,LV,,v112,2,Tautas Partija (People’s Party),Tautas Partija,1755,name,answer
2004,LV,,v112,3,Zalo un Zemnieku Savieniba (Union of the Green and Farmers),Zaļo un Zemnieku savienība,701,name,answer
2004,LV,,v112,4,Latvijas Pirma Partija (Latvia’s First Party),Latvijas Pirmā partija,1778,name,answer
2004,LV,,v112,5,Tevzemei un Brovobai/ LNNK (For Fatherland and Freedom),Tēvzemei un Brīvībai / LNNK,1704,hand,answer
2004,LV,,v112,6,Latvijas Cels (Latvia’s Way),Latvijas Ceļš,1043,name,answer
2004,LV,,v112,7,KDS (Christian Democratic Union),Kristīgi demokrātiskā savienība,304,name,answer
2004,LV,,v112,8,Russian National Bolshevik Party,Russian National Bolshevik Party [og],,hand,answer
2004,LV,,v112,10,Conservative Party,Konservatīvā partija,944,name,answer
2004,LV,,v112,11,Future Party,Future Party [og],,hand,answer
2004,LV,,v112,13,United Social Democratic Welfare Party,Sociāldemokrātiskā Labklājības partija,680,hand,answer
2004,LV,,v112,14,"""Latgales Gaisma"" (Latgales' Light)",Latgales Gaisma,404,name,answer
2004,LV,,v112,15,Latvian Socialist Party,Latvijas Sociālistiskā partija,588,name,answer
2004,LV,,v112,16,Latviesu Partija (Latvian Party),Latviesu Partija (Latvian Party) [og],,hand,answer
2004,LV,,v112,18,Communists,Communists [og],,hand,answer
2004,LV,,v112,20,All together [only in v029],All together [only in v029] [og],,hand,answer
2004,LV,,v112,96,,blank-invalid,,special,answer
2004,LV,,v112,97,,did-not-vote,,special,answer
2004,LV,,v112,99,,,,special,answer
2004,LV,,v113,1,PCTVL (For Human Rights in a United Latvia),Par cilvēka tiesībām vienotā Latvijā,176,hand,answer
2004,LV,,v113,2,Tautas Partija (People’s Party),Tautas Partija,1755,name,answer
2004,LV,,v113,3,Zalo un Zemnieku Savieniba (Union of the Green and Farmers),Zaļo un Zemnieku savienība,701,name,answer
2004,LV,,v113,4,Latvijas Pirma Partija (Latvia’s First Party),Latvijas Pirmā partija,1778,name,answer
2004,LV,,v113,5,Tevzemei un Brovobai/ LNNK (For Fatherland and Freedom),Tēvzemei un Brīvībai / LNNK,1704,hand,answer
2004,LV,,v113,6,Latvijas Cels (Latvia’s Way),Latvijas Ceļš,1043,name,answer
2004,LV,,v113,7,KDS (Christian Democratic Union),Kristīgi demokrātiskā savienība,304,name,answer
2004,LV,,v113,10,Conservative Party,Konservatīvā partija,944,name,answer
2004,LV,,v113,15,Latvian Socialist Party,Latvijas Sociālistiskā partija,588,name,answer
2004,LV,,v113,18,Communists,Communists [og],,hand,answer
2004,LV,,v113,96,,blank-invalid,,special,answer
2004,LV,,v113,97,,did-not-vote,,special,answer
2004,LV,,v113,99,,,,special,answer
2004,LV,,v114,1,PCTVL (For Human Rights in a United Latvia),Par cilvēka tiesībām vienotā Latvijā,176,hand,answer
2004,LV,,v114,2,Tautas Partija (People’s Party),Tautas Partija,1755,name,answer
2004,LV,,v114,3,Zalo un Zemnieku Savieniba (Union of the Green and Farmers),Zaļo un Zemnieku savienība,701,name,answer
2004,LV,,v114,4,Latvijas Pirma Partija (Latvia’s First Party),Latvijas Pirmā partija,1778,name,answer
2004,LV,,v114,5,Tevzemei un Brovobai/ LNNK (For Fatherland and Freedom),Tēvzemei un Brīvībai / LNNK,1704,hand,answer
2004,LV,,v114,6,Latvijas Cels (Latvia’s Way),Latvijas Ceļš,1043,name,answer
2004,LV,,v114,7,KDS (Christian Democratic Union),Kristīgi demokrātiskā savienība,304,name,answer
2004,LV,,v114,8,Russian National Bolshevik Party,Russian National Bolshevik Party [og],,hand,answer
2004,LV,,v114,10,Conservative Party,Konservatīvā partija,944,name,answer
2004,LV,,v114,13,United Social Democratic Welfare Party,Sociāldemokrātiskā Labklājības partija,680,hand,answer
2004,LV,,v114,15,Latvian Socialist Party,Latvijas Sociālistiskā partija,588,name,answer
2004,LV,,v114,16,Latviesu Partija (Latvian Party),Latviesu Partija (Latvian Party) [og],,hand,answer
2004,LV,,v114,90,,other,,special,answer
2004,LV,,v114,96,,blank-invalid,,special,answer
2004,LV,,v114,97,,will-not-vote,,special,answer
2004,LV,,v114,99,,,,special,answer
2004,LV,,v115,1,PCTVL (For Human Rights in a United Latvia),Par cilvēka tiesībām vienotā Latvijā,176,hand,battery
2004,LV,,v116,2,Tautas Partija (People’s Party),Tautas Partija,1755,name,battery
2004,LV,,v117,3,Zalo un Zemnieku Savieniba (Union of the Green and Farmers),Zaļo un Zemnieku savienība,701,name,battery
2004,LV,,v118,4,Latvijas Pirma Partija (Latvia’s First Party),Latvijas Pirmā partija,1778,name,battery
2004,LV,,v119,5,Tevzemei un Brovobai/ LNNK (For Fatherland and Freedom),Tēvzemei un Brīvībai / LNNK,1704,hand,battery
2004,LV,,v120,6,Latvijas Cels (Latvia’s Way),Latvijas Ceļš,1043,name,battery
2004,LV,,v121,7,KDS (Christian Democratic Union),Kristīgi demokrātiskā savienība,304,name,battery
2004,LV,,v122,8,Russian National Bolshevik Party,Russian National Bolshevik Party [og],,hand,battery
2004,LV,,v123,9,LSDSP (Latvian Social Democratic Workers' Party),Latvijas Sociāldemokrātiskā Strādnieku Partija,741,name,battery
2004,LV,,v124,10,Conservative Party,Konservatīvā partija,944,name,battery
2004,LV,,v125,11,Future Party,Future Party [og],,hand,battery
2004,LV,,v126,12,Tautas Saskanas Partija (People's Harmony Party),Tautas Saskaņas Partija,1719,name,battery
2004,LV,,v127,13,United Social Democratic Welfare Party,Sociāldemokrātiskā Labklājības partija,680,hand,battery
2004,LV,,v128,14,"""Latgales Gaisma"" (Latgales' Light)",Latgales Gaisma,404,name,battery
2004,LV,,v135,1,PCTVL (For Human Rights in a United Latvia),Par cilvēka tiesībām vienotā Latvijā,176,hand,battery
2004,LV,,v136,2,Tautas Partija (People’s Party),Tautas Partija,1755,name,battery
2004,LV,,v137,3,Zalo un Zemnieku Savieniba (Union of the Green and Farmers),Zaļo un Zemnieku savienība,701,name,battery
2004,LV,,v138,4,Latvijas Pirma Partija (Latvia’s First Party),Latvijas Pirmā partija,1778,name,battery
2004,LV,,v139,5,Tevzemei un Brovobai/ LNNK (For Fatherland and Freedom),Tēvzemei un Brīvībai / LNNK,1704,hand,battery
2004,LV,,v140,6,Latvijas Cels (Latvia’s Way),Latvijas Ceļš,1043,name,battery
2004,LV,,v141,7,KDS (Christian Democratic Union),Kristīgi demokrātiskā savienība,304,name,battery
2004,LV,,v142,8,Russian National Bolshevik Party,Russian National Bolshevik Party [og],,hand,battery
2004,LV,,v143,9,LSDSP (Latvian Social Democratic Workers' Party),Latvijas Sociāldemokrātiskā Strādnieku Partija,741,name,battery
2004,LV,,v144,10,Conservative Party,Konservatīvā partija,944,name,battery
2004,LV,,v145,11,Future Party,Future Party [og],,hand,battery
2004,LV,,v146,12,Tautas Saskanas Partija (People's Harmony Party),Tautas Saskaņas Partija,1719,name,battery
2004,LV,,v147,13,United Social Democratic Welfare Party,Sociāldemokrātiskā Labklājības partija,680,hand,battery
2004,LV,,v148,14,"""Latgales Gaisma"" (Latgales' Light)",Latgales Gaisma,404,name,battery
2004,LV,,v157,1,PCTVL (For Human Rights in a United Latvia),Par cilvēka tiesībām vienotā Latvijā,176,hand,battery
2004,LV,,v158,2,Tautas Partija (People’s Party),Tautas Partija,1755,name,battery
2004,LV,,v159,3,Zalo un Zemnieku Savieniba (Union of the Green and Farmers),Zaļo un Zemnieku savienība,701,name,battery
2004,LV,,v160,4,Latvijas Pirma Partija (Latvia’s First Party),Latvijas Pirmā partija,1778,name,battery
2004,LV,,v161,5,Tevzemei un Brovobai/ LNNK (For Fatherland and Freedom),Tēvzemei un Brīvībai / LNNK,1704,hand,battery
2004,LV,,v162,6,Latvijas Cels (Latvia’s Way),Latvijas Ceļš,1043,name,battery
2004,LV,,v163,7,KDS (Christian Democratic Union),Kristīgi demokrātiskā savienība,304,name,battery
2004,LV,,v164,8,Russian National Bolshevik Party,Russian National Bolshevik Party [og],,hand,battery
2004,LV,,v165,9,LSDSP (Latvian Social Democratic Workers' Party),Latvijas Sociāldemokrātiskā Strādnieku Partija,741,name,battery
2004,LV,,v166,10,Conservative Party,Konservatīvā partija,944,name,battery
2004,LV,,v167,11,Future Party,Future Party [og],,hand,battery
2004,LV,,v168,12,Tautas Saskanas Partija (People's Harmony Party),Tautas Saskaņas Partija,1719,name,battery
2004,LV,,v169,13,United Social Democratic Welfare Party,Sociāldemokrātiskā Labklājības partija,680,hand,battery
2004,LV,,v170,14,"""Latgales Gaisma"" (Latgales' Light)",Latgales Gaisma,404,name,battery
2004,LV,,v211,1,PCTVL (For Human Rights in a United Latvia),Par cilvēka tiesībām vienotā Latvijā,176,hand,answer
2004,LV,,v211,2,Tautas Partija (People’s Party),Tautas Partija,1755,name,answer
2004,LV,,v211,3,Zalo un Zemnieku Savieniba (Union of the Green and Farmers),Zaļo un Zemnieku savienība,701,name,answer
2004,LV,,v211,4,Latvijas Pirma Partija (Latvia’s First Party),Latvijas Pirmā partija,1778,name,answer
2004,LV,,v211,5,Tevzemei un Brovobai/ LNNK (For Fatherland and Freedom),Tēvzemei un Brīvībai / LNNK,1704,hand,answer
2004,LV,,v211,6,Latvijas Cels (Latvia’s Way),Latvijas Ceļš,1043,name,answer
2004,LV,,v211,7,KDS (Christian Democratic Union),Kristīgi demokrātiskā savienība,304,name,answer
2004,LV,,v211,9,LSDSP (Latvian Social Democratic Workers' Party),Latvijas Sociāldemokrātiskā Strādnieku Partija,741,name,answer
2004,LV,,v211,10,Conservative Party,Konservatīvā partija,944,name,answer
2004,LV,,v211,11,Future Party,Future Party [og],,hand,answer
2004,LV,,v211,13,United Social Democratic Welfare Party,Sociāldemokrātiskā Labklājības partija,680,hand,answer
2004,LV,,v211,16,Latviesu Partija (Latvian Party),Latviesu Partija (Latvian Party) [og],,hand,answer
2004,LV,,v211,17,SDS (Social Democratic Union),Sociāldemokrātiskā partija,87,name,answer
2004,LV,,v211,94,,none,,special,answer
2004,LV,,v211,95,,refused,,special,answer
2004,LV,,v211,99,,,,special,answer
2004,NL,,v029,1,PvdA,Partij van de Arbeid,1234,name,answer
2004,NL,,v029,2,CDA,Christen Democratisch Appèl,1157,name,answer
2004,NL,,v029,3,VVD,Volkspartij voor Vrijheid en Democratie,828,name,answer
2004,NL,,v029,4,D'66,Democraten 66,45,name,answer
2004,NL,,v029,5,Groen Links,GroenLinks,1537,name,answer
2004,NL,,v029,6,LPF,Lijst Pim Fortuyn,1528,name,answer
2004,NL,,v029,7,ChristenUnie,ChristenUnie,1459,name,answer
2004,NL,,v029,8,SGP,Staatkundig Gereformeerde Partij,1178,name,answer
2004,NL,,v029,9,SP,Socialistiese Partij,1363,name,answer
2004,NL,,v029,90,,other,,special,answer
2004,NL,,v029,91,,none,,special,answer
2004,NL,,v029,99,,,,special,answer
2004,NL,,v112,1,PvdA,Partij van de Arbeid,1234,name,answer
2004,NL,,v112,2,CDA,Christen Democratisch Appèl,1157,name,answer
2004,NL,,v112,3,VVD,Volkspartij voor Vrijheid en Democratie,828,name,answer
2004,NL,,v112,4,D'66,Democraten 66,45,name,answer
2004,NL,,v112,5,Groen Links,GroenLinks,1537,name,answer
2004,NL,,v112,6,LPF,Lijst Pim Fortuyn,1528,name,answer
2004,NL,,v112,9,SP,Socialistiese Partij,1363,name,answer
2004,NL,,v112,10,Leefbaar Nederland / Leefbar Europa,Leefbaar Nederland,1420,hand,answer
2004,NL,,v112,11,Partij voor het Noorden,Partij voor het Noorden [og],,hand,answer
2004,NL,,v112,12,Nieuw Rechts,Nieuw Rechts [og],,hand,answer
2004,NL,,v112,13,Europa Transparent,Europa Transparant,523,hand,answer
2004,NL,,v112,14,Partij voor de Dieren,Partij voor de Dieren,1467,name,answer
2004,NL,,v112,15,Respect Nu,Respect Nu [og],,hand,answer
2004,NL,,v112,16,Democratisch Europa,Democratisch Europa [og],,hand,answer
2004,NL,,v112,18,Joint List of ChristenUnie (7) and SGP (8) [only in v112 ],ChristenUnie — Staatkundig Gereformeerde Partij,6758,hand,answer
2004,NL,,v112,90,,other,,special,answer
2004,NL,,v112,96,,blank-invalid,,special,answer
2004,NL,,v112,97,,did-not-vote,,special,answer
2004,NL,,v112,99,,,,special,answer
2004,NL,,v113,1,PvdA,Partij van de Arbeid,1234,name,answer
2004,NL,,v113,2,CDA,Christen Democratisch Appèl,1157,name,answer
2004,NL,,v113,3,VVD,Volkspartij voor Vrijheid en Democratie,828,name,answer
2004,NL,,v113,4,D'66,Democraten 66,45,name,answer
2004,NL,,v113,5,Groen Links,GroenLinks,1537,name,answer
2004,NL,,v113,6,LPF,Lijst Pim Fortuyn,1528,name,answer
2004,NL,,v113,7,ChristenUnie,ChristenUnie,1459,name,answer
2004,NL,,v113,8,SGP,Staatkundig Gereformeerde Partij,1178,name,answer
2004,NL,,v113,9,SP,Socialistiese Partij,1363,name,answer
2004,NL,,v113,10,Leefbaar Nederland / Leefbar Europa,Leefbaar Nederland,1420,hand,answer
2004,NL,,v113,90,,other,,special,answer
2004,NL,,v113,96,,blank-invalid,,special,answer
2004,NL,,v113,97,,did-not-vote,,special,answer
2004,NL,,v113,99,,,,special,answer
2004,NL,,v114,1,PvdA,Partij van de Arbeid,1234,name,answer
2004,NL,,v114,2,CDA,Christen Democratisch Appèl,1157,name,answer
2004,NL,,v114,3,VVD,Volkspartij voor Vrijheid en Democratie,828,name,answer
2004,NL,,v114,4,D'66,Democraten 66,45,name,answer
2004,NL,,v114,5,Groen Links,GroenLinks,1537,name,answer
2004,NL,,v114,6,LPF,Lijst Pim Fortuyn,1528,name,answer
2004,NL,,v114,7,ChristenUnie,ChristenUnie,1459,name,answer
2004,NL,,v114,8,SGP,Staatkundig Gereformeerde Partij,1178,name,answer
2004,NL,,v114,9,SP,Socialistiese Partij,1363,name,answer
2004,NL,,v114,90,,other,,special,answer
2004,NL,,v114,96,,blank-invalid,,special,answer
2004,NL,,v114,97,,will-not-vote,,special,answer
2004,NL,,v114,99,,,,special,answer
2004,NL,,v115,1,PvdA,Partij van de Arbeid,1234,name,battery
2004,NL,,v116,2,CDA,Christen Democratisch Appèl,1157,name,battery
2004,NL,,v117,3,VVD,Volkspartij voor Vrijheid en Democratie,828,name,battery
2004,NL,,v118,4,D'66,Democraten 66,45,name,battery
2004,NL,,v119,5,Groen Links,GroenLinks,1537,name,battery
2004,NL,,v120,6,LPF,Lijst Pim Fortuyn,1528,name,battery
2004,NL,,v121,7,ChristenUnie,ChristenUnie,1459,name,battery
2004,NL,,v122,8,SGP,Staatkundig Gereformeerde Partij,1178,name,battery
2004,NL,,v123,9,SP,Socialistiese Partij,1363,name,battery
2004,NL,,v124,10,Leefbaar Nederland / Leefbar Europa,Leefbaar Nederland,1420,hand,battery
2004,NL,,v125,11,Partij voor het Noorden,Partij voor het Noorden [og],,hand,battery
2004,NL,,v126,12,Nieuw Rechts,Nieuw Rechts [og],,hand,battery
2004,NL,,v127,13,Europa Transparent,Europa Transparant,523,hand,battery
2004,NL,,v128,14,Partij voor de Dieren,Partij voor de Dieren,1467,name,battery
2004,NL,,v135,1,PvdA,Partij van de Arbeid,1234,name,battery
2004,NL,,v136,2,CDA,Christen Democratisch Appèl,1157,name,battery
2004,NL,,v137,3,VVD,Volkspartij voor Vrijheid en Democratie,828,name,battery
2004,NL,,v138,4,D'66,Democraten 66,45,name,battery
2004,NL,,v139,5,Groen Links,GroenLinks,1537,name,battery
2004,NL,,v140,6,LPF,Lijst Pim Fortuyn,1528,name,battery
2004,NL,,v141,7,ChristenUnie,ChristenUnie,1459,name,battery
2004,NL,,v142,8,SGP,Staatkundig Gereformeerde Partij,1178,name,battery
2004,NL,,v143,9,SP,Socialistiese Partij,1363,name,battery
2004,NL,,v144,10,Leefbaar Nederland / Leefbar Europa,Leefbaar Nederland,1420,hand,battery
2004,NL,,v145,11,Partij voor het Noorden,Partij voor het Noorden [og],,hand,battery
2004,NL,,v146,12,Nieuw Rechts,Nieuw Rechts [og],,hand,battery
2004,NL,,v147,13,Europa Transparent,Europa Transparant,523,hand,battery
2004,NL,,v148,14,Partij voor de Dieren,Partij voor de Dieren,1467,name,battery
2004,NL,,v157,1,PvdA,Partij van de Arbeid,1234,name,battery
2004,NL,,v158,2,CDA,Christen Democratisch Appèl,1157,name,battery
2004,NL,,v159,3,VVD,Volkspartij voor Vrijheid en Democratie,828,name,battery
2004,NL,,v160,4,D'66,Democraten 66,45,name,battery
2004,NL,,v161,5,Groen Links,GroenLinks,1537,name,battery
2004,NL,,v162,6,LPF,Lijst Pim Fortuyn,1528,name,battery
2004,NL,,v163,7,ChristenUnie,ChristenUnie,1459,name,battery
2004,NL,,v164,8,SGP,Staatkundig Gereformeerde Partij,1178,name,battery
2004,NL,,v165,9,SP,Socialistiese Partij,1363,name,battery
2004,NL,,v166,10,Leefbaar Nederland / Leefbar Europa,Leefbaar Nederland,1420,hand,battery
2004,NL,,v167,11,Partij voor het Noorden,Partij voor het Noorden [og],,hand,battery
2004,NL,,v168,12,Nieuw Rechts,Nieuw Rechts [og],,hand,battery
2004,NL,,v169,13,Europa Transparent,Europa Transparant,523,hand,battery
2004,NL,,v170,14,Partij voor de Dieren,Partij voor de Dieren,1467,name,battery
2004,NL,,v211,1,PvdA,Partij van de Arbeid,1234,name,answer
2004,NL,,v211,2,CDA,Christen Democratisch Appèl,1157,name,answer
2004,NL,,v211,3,VVD,Volkspartij voor Vrijheid en Democratie,828,name,answer
2004,NL,,v211,4,D'66,Democraten 66,45,name,answer
2004,NL,,v211,5,Groen Links,GroenLinks,1537,name,answer
2004,NL,,v211,6,LPF,Lijst Pim Fortuyn,1528,name,answer
2004,NL,,v211,7,ChristenUnie,ChristenUnie,1459,name,answer
2004,NL,,v211,8,SGP,Staatkundig Gereformeerde Partij,1178,name,answer
2004,NL,,v211,9,SP,Socialistiese Partij,1363,name,answer
2004,NL,,v211,90,,other,,special,answer
2004,NL,,v211,94,,none,,special,answer
2004,NL,,v211,99,,,,special,answer
2004,PL,,v029,1,LPR - League of Polish Families,Liga Polskich Rodzin,1768,hand,answer
2004,PL,,v029,2,PSL - Polish People’s Party,Polskie Stronnictwo Ludowe,602,hand,answer
2004,PL,,v029,3,PiS - Law and Justice,Prawo i Sprawiedliwość,1565,hand,answer
2004,PL,,v029,4,PO - Civic Platform,Platforma Obywatelska,1117,hand,answer
2004,PL,,v029,5,SRP - Self-Defense of the Republic of Poland (Sambroona),Samoobrona Rzeczypospolitej Polskiej,727,hand,answer
2004,PL,,v029,6,SDPL - Social-Democracy of Poland,Socjaldemokracja Polska,1328,hand,answer
2004,PL,,v029,7,SLD - Democratic Left Alliance,Sojusz Lewicy Demokratycznej,57,hand,answer
2004,PL,,v029,8,UP - Labor Union,Unia Pracy,1104,hand,answer
2004,PL,,v029,9,UW - Freedom Union,Unia Wolności,8268,hand,answer
2004,PL,,v029,90,,other,,special,answer
2004,PL,,v029,91,,none,,special,answer
2004,PL,,v029,99,,,,special,answer
2004,PL,,v112,1,LPR - League of Polish Families,Liga Polskich Rodzin,1768,hand,answer
2004,PL,,v112,2,PSL - Polish People’s Party,Polskie Stronnictwo Ludowe,602,hand,answer
2004,PL,,v112,3,PiS - Law and Justice,Prawo i Sprawiedliwość,1565,hand,answer
2004,PL,,v112,4,PO - Civic Platform,Platforma Obywatelska,1117,hand,answer
2004,PL,,v112,5,SRP - Self-Defense of the Republic of Poland (Sambroona),Samoobrona Rzeczypospolitej Polskiej,727,hand,answer
2004,PL,,v112,6,SDPL - Social-Democracy of Poland,Socjaldemokracja Polska,1328,hand,answer
2004,PL,,v112,9,UW - Freedom Union,Unia Wolności,8268,hand,answer
2004,PL,,v112,10,UPR - Union of Real Politics,Unia Polityki Realnej,283,hand,answer
2004,PL,,v112,11,National Electoral Committee of Voters,Narodowy Komitet Wyborczy Wyborców,1549,hand,answer
2004,PL,,v112,14,KPEiR-PLD Coalition - National Party of Retirees and Pensioners,KPEiR-PLD Coalition - National Party of Retirees and Pensioners [og],,hand,answer
2004,PL,,v112,17,Confederation Defense Movement of the Unemployed,Confederation Defense Movement of the Unemployed [og],,hand,answer
2004,PL,,v112,20,"""Together for the Future""","""Together for the Future"" [og]",,hand,answer
2004,PL,,v112,23,PPP - Polish Labor Party,Polska Partia Pracy,3699,hand,answer
2004,PL,,v112,24,Democratic Left Alliance (7) and Labor Union (8) [only in v112 and v113],Sojusz Lewicy Demokratycznej — Unia Pracy,6183,hand,answer
2004,PL,,v112,95,,refused,,special,answer
2004,PL,,v112,96,,blank-invalid,,special,answer
2004,PL,,v112,97,,did-not-vote,,special,answer
2004,PL,,v112,99,,,,special,answer
2004,PL,,v113,1,LPR - League of Polish Families,Liga Polskich Rodzin,1768,hand,answer
2004,PL,,v113,2,PSL - Polish People’s Party,Polskie Stronnictwo Ludowe,602,hand,answer
2004,PL,,v113,3,PiS - Law and Justice,Prawo i Sprawiedliwość,1565,hand,answer
2004,PL,,v113,4,PO - Civic Platform,Platforma Obywatelska,1117,hand,answer
2004,PL,,v113,5,SRP - Self-Defense of the Republic of Poland (Sambroona),Samoobrona Rzeczypospolitej Polskiej,727,hand,answer
2004,PL,,v113,9,UW - Freedom Union,Unia Wolności,8268,hand,answer
2004,PL,,v113,22,AWS-P – Solidarity: Electoral Action of the Right,Akcja Wyborcza Solidarność Prawicy,863,hand,answer
2004,PL,,v113,24,Democratic Left Alliance (7) and Labor Union (8) [only in v112 and v113],Sojusz Lewicy Demokratycznej — Unia Pracy,6183,hand,answer
2004,PL,,v113,90,,other,,special,answer
2004,PL,,v113,95,,refused,,special,answer
2004,PL,,v113,96,,blank-invalid,,special,answer
2004,PL,,v113,97,,did-not-vote,,special,answer
2004,PL,,v113,99,,,,special,answer
2004,PL,,v114,1,LPR - League of Polish Families,Liga Polskich Rodzin,1768,hand,answer
2004,PL,,v114,2,PSL - Polish People’s Party,Polskie Stronnictwo Ludowe,602,hand,answer
2004,PL,,v114,3,PiS - Law and Justice,Prawo i Sprawiedliwość,1565,hand,answer
2004,PL,,v114,4,PO - Civic Platform,Platforma Obywatelska,1117,hand,answer
2004,PL,,v114,5,SRP - Self-Defense of the Republic of Poland (Sambroona),Samoobrona Rzeczypospolitej Polskiej,727,hand,answer
2004,PL,,v114,6,SDPL - Social-Democracy of Poland,Socjaldemokracja Polska,1328,hand,answer
2004,PL,,v114,7,SLD - Democratic Left Alliance,Sojusz Lewicy Demokratycznej,57,hand,answer
2004,PL,,v114,8,UP - Labor Union,Unia Pracy,1104,hand,answer
2004,PL,,v114,9,UW - Freedom Union,Unia Wolności,8268,hand,answer
2004,PL,,v114,95,,refused,,special,answer
2004,PL,,v114,96,,blank-invalid,,special,answer
2004,PL,,v114,97,,will-not-vote,,special,answer
2004,PL,,v114,99,,,,special,answer
2004,PL,,v115,1,LPR - League of Polish Families,Liga Polskich Rodzin,1768,hand,battery
2004,PL,,v116,2,PSL - Polish People’s Party,Polskie Stronnictwo Ludowe,602,hand,battery
2004,PL,,v117,3,PiS - Law and Justice,Prawo i Sprawiedliwość,1565,hand,battery
2004,PL,,v118,4,PO - Civic Platform,Platforma Obywatelska,1117,hand,battery
2004,PL,,v119,5,SRP - Self-Defense of the Republic of Poland (Sambroona),Samoobrona Rzeczypospolitej Polskiej,727,hand,battery
2004,PL,,v120,6,SDPL - Social-Democracy of Poland,Socjaldemokracja Polska,1328,hand,battery
2004,PL,,v121,7,SLD - Democratic Left Alliance,Sojusz Lewicy Demokratycznej,57,hand,battery
2004,PL,,v122,8,UP - Labor Union,Unia Pracy,1104,hand,battery
2004,PL,,v123,9,UW - Freedom Union,Unia Wolności,8268,hand,battery
2004,PL,,v124,10,UPR - Union of Real Politics,Unia Polityki Realnej,283,hand,battery
2004,PL,,v125,11,National Electoral Committee of Voters,Narodowy Komitet Wyborczy Wyborców,1549,hand,battery
2004,PL,,v126,12,Initiative for Poland,Inicjatywa dla Polski,1608,name,battery
2004,PL,,v127,13,"All-Polish Citizens Caucus ""OKO""","All-Polish Citizens Caucus ""OKO"" [og]",,hand,battery
2004,PL,,v128,14,KPEiR-PLD Coalition - National Party of Retirees and Pensioners,KPEiR-PLD Coalition - National Party of Retirees and Pensioners [og],,hand,battery
2004,PL,,v135,1,LPR - League of Polish Families,Liga Polskich Rodzin,1768,hand,battery
2004,PL,,v136,2,PSL - Polish People’s Party,Polskie Stronnictwo Ludowe,602,hand,battery
2004,PL,,v137,3,PiS - Law and Justice,Prawo i Sprawiedliwość,1565,hand,battery
2004,PL,,v138,4,PO - Civic Platform,Platforma Obywatelska,1117,hand,battery
2004,PL,,v139,5,SRP - Self-Defense of the Republic of Poland (Sambroona),Samoobrona Rzeczypospolitej Polskiej,727,hand,battery
2004,PL,,v140,6,SDPL - Social-Democracy of Poland,Socjaldemokracja Polska,1328,hand,battery
2004,PL,,v141,7,SLD - Democratic Left Alliance,Sojusz Lewicy Demokratycznej,57,hand,battery
2004,PL,,v142,8,UP - Labor Union,Unia Pracy,1104,hand,battery
2004,PL,,v143,9,UW - Freedom Union,Unia Wolności,8268,hand,battery
2004,PL,,v144,10,UPR - Union of Real Politics,Unia Polityki Realnej,283,hand,battery
2004,PL,,v145,11,National Electoral Committee of Voters,Narodowy Komitet Wyborczy Wyborców,1549,hand,battery
2004,PL,,v146,12,Initiative for Poland,Inicjatywa dla Polski,1608,name,battery
2004,PL,,v147,13,"All-Polish Citizens Caucus ""OKO""","All-Polish Citizens Caucus ""OKO"" [og]",,hand,battery
2004,PL,,v148,14,KPEiR-PLD Coalition - National Party of Retirees and Pensioners,KPEiR-PLD Coalition - National Party of Retirees and Pensioners [og],,hand,battery
2004,PL,,v157,1,LPR - League of Polish Families,Liga Polskich Rodzin,1768,hand,battery
2004,PL,,v158,2,PSL - Polish People’s Party,Polskie Stronnictwo Ludowe,602,hand,battery
2004,PL,,v159,3,PiS - Law and Justice,Prawo i Sprawiedliwość,1565,hand,battery
2004,PL,,v160,4,PO - Civic Platform,Platforma Obywatelska,1117,hand,battery
2004,PL,,v161,5,SRP - Self-Defense of the Republic of Poland (Sambroona),Samoobrona Rzeczypospolitej Polskiej,727,hand,battery
2004,PL,,v162,6,SDPL - Social-Democracy of Poland,Socjaldemokracja Polska,1328,hand,battery
2004,PL,,v163,7,SLD - Democratic Left Alliance,Sojusz Lewicy Demokratycznej,57,hand,battery
2004,PL,,v164,8,UP - Labor Union,Unia Pracy,1104,hand,battery
2004,PL,,v165,9,UW - Freedom Union,Unia Wolności,8268,hand,battery
2004,PL,,v166,10,UPR - Union of Real Politics,Unia Polityki Realnej,283,hand,battery
2004,PL,,v167,11,National Electoral Committee of Voters,Narodowy Komitet Wyborczy Wyborców,1549,hand,battery
2004,PL,,v168,12,Initiative for Poland,Inicjatywa dla Polski,1608,name,battery
2004,PL,,v169,13,"All-Polish Citizens Caucus ""OKO""","All-Polish Citizens Caucus ""OKO"" [og]",,hand,battery
2004,PL,,v170,14,KPEiR-PLD Coalition - National Party of Retirees and Pensioners,KPEiR-PLD Coalition - National Party of Retirees and Pensioners [og],,hand,battery
2004,PL,,v211,1,LPR - League of Polish Families,Liga Polskich Rodzin,1768,hand,answer
2004,PL,,v211,2,PSL - Polish People’s Party,Polskie Stronnictwo Ludowe,602,hand,answer
2004,PL,,v211,3,PiS - Law and Justice,Prawo i Sprawiedliwość,1565,hand,answer
2004,PL,,v211,4,PO - Civic Platform,Platforma Obywatelska,1117,hand,answer
2004,PL,,v211,5,SRP - Self-Defense of the Republic of Poland (Sambroona),Samoobrona Rzeczypospolitej Polskiej,727,hand,answer
2004,PL,,v211,6,SDPL - Social-Democracy of Poland,Socjaldemokracja Polska,1328,hand,answer
2004,PL,,v211,7,SLD - Democratic Left Alliance,Sojusz Lewicy Demokratycznej,57,hand,answer
2004,PL,,v211,8,UP - Labor Union,Unia Pracy,1104,hand,answer
2004,PL,,v211,9,UW - Freedom Union,Unia Wolności,8268,hand,answer
2004,PL,,v211,10,UPR - Union of Real Politics,Unia Polityki Realnej,283,hand,answer
2004,PL,,v211,14,KPEiR-PLD Coalition - National Party of Retirees and Pensioners,KPEiR-PLD Coalition - National Party of Retirees and Pensioners [og],,hand,answer
2004,PL,,v211,94,,none,,special,answer
2004,PL,,v211,99,,,,special,answer
2004,PT,,v029,1,Bloco de Esquerda,Bloco de Esquerda,1310,name,answer
2004,PT,,v029,2,CDS-PP,Centro Democrático e Social / Partido Popular,1308,name,answer
2004,PT,,v029,3,CDU (PCP-PEV),Coligação Democrática Unitária,284,name,answer
2004,PT,,v029,5,PS,Partido Socialista,655,name,answer
2004,PT,,v029,6,PSD,Partido Popular Democrático / Partido Social Democrata,1359,hand,answer
2004,PT,,v029,90,,other,,special,answer
2004,PT,,v029,91,,none,,special,answer
2004,PT,,v029,98,,dont-know,,special,answer
2004,PT,,v029,99,,,,special,answer
2004,PT,,v112,1,Bloco de Esquerda,Bloco de Esquerda,1310,name,answer
2004,PT,,v112,3,CDU (PCP-PEV),Coligação Democrática Unitária,284,name,answer
2004,PT,,v112,4,Partido da Nova Democracia,Partido da Nova Democracia,1095,name,answer
2004,PT,,v112,5,PS,Partido Socialista,655,name,answer
2004,PT,,v112,8,"Coligação: PSD (6), CDS - PP (2), Força Portugal [only in v112]","Coligação: PSD (6), CDS - PP (2), Força Portugal [only in v112] [og]",,hand,answer
2004,PT,,v112,90,,other,,special,answer
2004,PT,,v112,96,,blank-invalid,,special,answer
2004,PT,,v112,97,,did-not-vote,,special,answer
2004,PT,,v112,99,,,,special,answer
2004,PT,,v113,1,Bloco de Esquerda,Bloco de Esquerda,1310,name,answer
2004,PT,,v113,2,CDS-PP,Centro Democrático e Social / Partido Popular,1308,name,answer
2004,PT,,v113,3,CDU (PCP-PEV),Coligação Democrática Unitária,284,name,answer
2004,PT,,v113,5,PS,Partido Socialista,655,name,answer
2004,PT,,v113,6,PSD,Partido Popular Democrático / Partido Social Democrata,1359,hand,answer
2004,PT,,v113,90,,other,,special,answer
2004,PT,,v113,96,,blank-invalid,,special,answer
2004,PT,,v113,97,,did-not-vote,,special,answer
2004,PT,,v113,99,,,,special,answer
2004,PT,,v114,1,Bloco de Esquerda,Bloco de Esquerda,1310,name,answer
2004,PT,,v114,2,CDS-PP,Centro Democrático e Social / Partido Popular,1308,name,answer
2004,PT,,v114,3,CDU (PCP-PEV),Coligação Democrática Unitária,284,name,answer
2004,PT,,v114,5,PS,Partido Socialista,655,name,answer
2004,PT,,v114,6,PSD,Partido Popular Democrático / Partido Social Democrata,1359,hand,answer
2004,PT,,v114,9,Numa coligação PSD/CDS [only in v114],Numa coligação PSD/CDS [only in v114] [og],,hand,answer
2004,PT,,v114,90,,other,,special,answer
2004,PT,,v114,96,,blank-invalid,,special,answer
2004,PT,,v114,97,,will-not-vote,,special,answer
2004,PT,,v114,99,,,,special,answer
2004,PT,,v115,1,Bloco de Esquerda,Bloco de Esquerda,1310,name,battery
2004,PT,,v116,2,CDS-PP,Centro Democrático e Social / Partido Popular,1308,name,battery
2004,PT,,v117,3,CDU (PCP-PEV),Coligação Democrática Unitária,284,name,battery
2004,PT,,v118,4,Partido da Nova Democracia,Partido da Nova Democracia,1095,name,battery
2004,PT,,v119,5,PS,Partido Socialista,655,name,battery
2004,PT,,v120,6,PSD,Partido Popular Democrático / Partido Social Democrata,1359,hand,battery
2004,PT,,v121,7,PCTP / MRPP,Comunista dos Trabalhadores Portugueses / Movimento Reorganizativo do Partido do Proletariado,857,name,battery
2004,PT,,v122,8,"Coligação: PSD (6), CDS - PP (2), Força Portugal [only in v112]","Coligação: PSD (6), CDS - PP (2), Força Portugal [only in v112] [og]",,hand,battery
2004,PT,,v123,9,Numa coligação PSD/CDS [only in v114],Numa coligação PSD/CDS [only in v114] [og],,hand,battery
2004,PT,,v135,1,Bloco de Esquerda,Bloco de Esquerda,1310,name,battery
2004,PT,,v136,2,CDS-PP,Centro Democrático e Social / Partido Popular,1308,name,battery
2004,PT,,v137,3,CDU (PCP-PEV),Coligação Democrática Unitária,284,name,battery
2004,PT,,v138,4,Partido da Nova Democracia,Partido da Nova Democracia,1095,name,battery
2004,PT,,v139,5,PS,Partido Socialista,655,name,battery
2004,PT,,v140,6,PSD,Partido Popular Democrático / Partido Social Democrata,1359,hand,battery
2004,PT,,v141,7,PCTP / MRPP,Comunista dos Trabalhadores Portugueses / Movimento Reorganizativo do Partido do Proletariado,857,name,battery
2004,PT,,v142,8,"Coligação: PSD (6), CDS - PP (2), Força Portugal [only in v112]","Coligação: PSD (6), CDS - PP (2), Força Portugal [only in v112] [og]",,hand,battery
2004,PT,,v143,9,Numa coligação PSD/CDS [only in v114],Numa coligação PSD/CDS [only in v114] [og],,hand,battery
2004,PT,,v157,1,Bloco de Esquerda,Bloco de Esquerda,1310,name,battery
2004,PT,,v158,2,CDS-PP,Centro Democrático e Social / Partido Popular,1308,name,battery
2004,PT,,v159,3,CDU (PCP-PEV),Coligação Democrática Unitária,284,name,battery
2004,PT,,v160,4,Partido da Nova Democracia,Partido da Nova Democracia,1095,name,battery
2004,PT,,v161,5,PS,Partido Socialista,655,name,battery
2004,PT,,v162,6,PSD,Partido Popular Democrático / Partido Social Democrata,1359,hand,battery
2004,PT,,v163,7,PCTP / MRPP,Comunista dos Trabalhadores Portugueses / Movimento Reorganizativo do Partido do Proletariado,857,name,battery
2004,PT,,v164,8,"Coligação: PSD (6), CDS - PP (2), Força Portugal [only in v112]","Coligação: PSD (6), CDS - PP (2), Força Portugal [only in v112] [og]",,hand,battery
2004,PT,,v165,9,Numa coligação PSD/CDS [only in v114],Numa coligação PSD/CDS [only in v114] [og],,hand,battery
2004,PT,,v211,1,Bloco de Esquerda,Bloco de Esquerda,1310,name,answer
2004,PT,,v211,2,CDS-PP,Centro Democrático e Social / Partido Popular,1308,name,answer
2004,PT,,v211,3,CDU (PCP-PEV),Coligação Democrática Unitária,284,name,answer
2004,PT,,v211,5,PS,Partido Socialista,655,name,answer
2004,PT,,v211,6,PSD,Partido Popular Democrático / Partido Social Democrata,1359,hand,answer
2004,PT,,v211,90,,other,,special,answer
2004,PT,,v211,94,,none,,special,answer
2004,PT,,v211,95,,refused,,special,answer
2004,PT,,v211,99,,,,special,answer
2004,SE,,v029,1,Left party,Vänsterpartiet / Sveriges Komunistiska Parti,830,name,answer
2004,SE,,v029,2,Social Democrats,Socialdemokraterna / Sveriges socialdemokratiska arbetareparti,487,name,answer
2004,SE,,v029,3,Centre Party,Bondeförbundet / Centerpartiet,199,hand,answer
2004,SE,,v029,4,"Peoples Party, liberals",Folkpartiet liberalerna / Liberalerna,1274,hand,answer
2004,SE,,v029,5,Moderate Party (conservatives),Allmänna valmansförbundet / Högern / Högerpartiet / Moderata samlingspartiet,690,name,answer
2004,SE,,v029,6,Christian Democrats,Kristdemokraterna,651,name,answer
2004,SE,,v029,7,Green Party,Miljöpartiet de gröna,456,name,answer
2004,SE,,v029,9,more than one party mentioned [only in v029],other,,hand,answer
2004,SE,,v029,90,,other,,special,answer
2004,SE,,v029,91,,none,,special,answer
2004,SE,,v029,98,,dont-know,,special,answer
2004,SE,,v029,99,,,,special,answer
2004,SE,,v112,1,Left party,Vänsterpartiet / Sveriges Komunistiska Parti,830,name,answer
2004,SE,,v112,2,Social Democrats,Socialdemokraterna / Sveriges socialdemokratiska arbetareparti,487,name,answer
2004,SE,,v112,3,Centre Party,Bondeförbundet / Centerpartiet,199,hand,answer
2004,SE,,v112,4,"Peoples Party, liberals",Folkpartiet liberalerna / Liberalerna,1274,hand,answer
2004,SE,,v112,5,Moderate Party (conservatives),Allmänna valmansförbundet / Högern / Högerpartiet / Moderata samlingspartiet,690,name,answer
2004,SE,,v112,6,Christian Democrats,Kristdemokraterna,651,name,answer
2004,SE,,v112,7,Green Party,Miljöpartiet de gröna,456,name,answer
2004,SE,,v112,8,June-list,Junilistan,1093,name,answer
2004,SE,,v112,90,,other,,special,answer
2004,SE,,v112,96,,blank-invalid,,special,answer
2004,SE,,v112,97,,did-not-vote,,special,answer
2004,SE,,v112,99,,,,special,answer
2004,SE,,v113,1,Left party,Vänsterpartiet / Sveriges Komunistiska Parti,830,name,answer
2004,SE,,v113,2,Social Democrats,Socialdemokraterna / Sveriges socialdemokratiska arbetareparti,487,name,answer
2004,SE,,v113,3,Centre Party,Bondeförbundet / Centerpartiet,199,hand,answer
2004,SE,,v113,4,"Peoples Party, liberals",Folkpartiet liberalerna / Liberalerna,1274,hand,answer
2004,SE,,v113,5,Moderate Party (conservatives),Allmänna valmansförbundet / Högern / Högerpartiet / Moderata samlingspartiet,690,name,answer
2004,SE,,v113,6,Christian Democrats,Kristdemokraterna,651,name,answer
2004,SE,,v113,7,Green Party,Miljöpartiet de gröna,456,name,answer
2004,SE,,v113,90,,other,,special,answer
2004,SE,,v113,96,,blank-invalid,,special,answer
2004,SE,,v113,97,,did-not-vote,,special,answer
2004,SE,,v113,99,,,,special,answer
2004,SE,,v114,1,Left party,Vänsterpartiet / Sveriges Komunistiska Parti,830,name,answer
2004,SE,,v114,2,Social Democrats,Socialdemokraterna / Sveriges socialdemokratiska arbetareparti,487,name,answer
2004,SE,,v114,3,Centre Party,Bondeförbundet / Centerpartiet,199,hand,answer
2004,SE,,v114,4,"Peoples Party, liberals",Folkpartiet liberalerna / Liberalerna,1274,hand,answer
2004,SE,,v114,5,Moderate Party (conservatives),Allmänna valmansförbundet / Högern / Högerpartiet / Moderata samlingspartiet,690,name,answer
2004,SE,,v114,6,Christian Democrats,Kristdemokraterna,651,name,answer
2004,SE,,v114,7,Green Party,Miljöpartiet de gröna,456,name,answer
2004,SE,,v114,8,June-list,Junilistan,1093,name,answer
2004,SE,,v114,90,,other,,special,answer
2004,SE,,v114,97,,will-not-vote,,special,answer
2004,SE,,v114,99,,,,special,answer
2004,SE,,v115,1,Left party,Vänsterpartiet / Sveriges Komunistiska Parti,830,name,battery
2004,SE,,v116,2,Social Democrats,Socialdemokraterna / Sveriges socialdemokratiska arbetareparti,487,name,battery
2004,SE,,v117,3,Centre Party,Bondeförbundet / Centerpartiet,199,hand,battery
2004,SE,,v118,4,"Peoples Party, liberals",Folkpartiet liberalerna / Liberalerna,1274,hand,battery
2004,SE,,v119,5,Moderate Party (conservatives),Allmänna valmansförbundet / Högern / Högerpartiet / Moderata samlingspartiet,690,name,battery
2004,SE,,v120,6,Christian Democrats,Kristdemokraterna,651,name,battery
2004,SE,,v121,7,Green Party,Miljöpartiet de gröna,456,name,battery
2004,SE,,v122,8,June-list,Junilistan,1093,name,battery
2004,SE,,v123,9,more than one party mentioned [only in v029],other,,hand,battery
2004,SE,,v135,1,Left party,Vänsterpartiet / Sveriges Komunistiska Parti,830,name,battery
2004,SE,,v136,2,Social Democrats,Socialdemokraterna / Sveriges socialdemokratiska arbetareparti,487,name,battery
2004,SE,,v137,3,Centre Party,Bondeförbundet / Centerpartiet,199,hand,battery
2004,SE,,v138,4,"Peoples Party, liberals",Folkpartiet liberalerna / Liberalerna,1274,hand,battery
2004,SE,,v139,5,Moderate Party (conservatives),Allmänna valmansförbundet / Högern / Högerpartiet / Moderata samlingspartiet,690,name,battery
2004,SE,,v140,6,Christian Democrats,Kristdemokraterna,651,name,battery
2004,SE,,v141,7,Green Party,Miljöpartiet de gröna,456,name,battery
2004,SE,,v142,8,June-list,Junilistan,1093,name,battery
2004,SE,,v143,9,more than one party mentioned [only in v029],other,,hand,battery
2004,SE,,v157,1,Left party,Vänsterpartiet / Sveriges Komunistiska Parti,830,name,battery
2004,SE,,v158,2,Social Democrats,Socialdemokraterna / Sveriges socialdemokratiska arbetareparti,487,name,battery
2004,SE,,v159,3,Centre Party,Bondeförbundet / Centerpartiet,199,hand,battery
2004,SE,,v160,4,"Peoples Party, liberals",Folkpartiet liberalerna / Liberalerna,1274,hand,battery
2004,SE,,v161,5,Moderate Party (conservatives),Allmänna valmansförbundet / Högern / Högerpartiet / Moderata samlingspartiet,690,name,battery
2004,SE,,v162,6,Christian Democrats,Kristdemokraterna,651,name,battery
2004,SE,,v163,7,Green Party,Miljöpartiet de gröna,456,name,battery
2004,SE,,v164,8,June-list,Junilistan,1093,name,battery
2004,SE,,v165,9,more than one party mentioned [only in v029],other,,hand,battery
2004,SE,,v211,1,Left party,Vänsterpartiet / Sveriges Komunistiska Parti,830,name,answer
2004,SE,,v211,2,Social Democrats,Socialdemokraterna / Sveriges socialdemokratiska arbetareparti,487,name,answer
2004,SE,,v211,3,Centre Party,Bondeförbundet / Centerpartiet,199,hand,answer
2004,SE,,v211,4,"Peoples Party, liberals",Folkpartiet liberalerna / Liberalerna,1274,hand,answer
2004,SE,,v211,5,Moderate Party (conservatives),Allmänna valmansförbundet / Högern / Högerpartiet / Moderata samlingspartiet,690,name,answer
2004,SE,,v211,6,Christian Democrats,Kristdemokraterna,651,name,answer
2004,SE,,v211,7,Green Party,Miljöpartiet de gröna,456,name,answer
2004,SE,,v211,90,,other,,special,answer
2004,SE,,v211,94,,none,,special,answer
2004,SE,,v211,99,,,,special,answer
2004,SI,,v029,1,DESUS - demokratska stranka upokojencev Slovenije,Demokratična stranka upokojencev Slovenije,467,hand,answer
2004,SI,,v029,2,LDS - liberalna demokracija Slovenije,Liberalna demokracija Slovenije,975,name,answer
2004,SI,,v029,3,NSI - krscanska ljudska stranka,Nova Slovenija — Krščanska ljudska stranka,1618,hand,answer
2004,SI,,v029,4,SLS - slovenska ljudska stranka,Slovenska ljudska stranka,764,name,answer
2004,SI,,v029,5,SMS - stranka mladih Slovenije,Stranka mladih Slovenije,1401,name,answer
2004,SI,,v029,6,SNS - slovenska nacionalna stranka,Slovenska nacionalna stranka,96,name,answer
2004,SI,,v029,7,SDS - slovenska demokratska stranka,Slovenska demokratska stranka,472,hand,answer
2004,SI,,v029,8,ZLSD - združeno listo socialnih demokratov,Socialni demokrati / Združena lista socialnih demokratov,1403,hand,answer
2004,SI,,v029,9,SJN - Slovenija je naša,Slovenija je naša,740,hand,answer
2004,SI,,v029,90,,other,,special,answer
2004,SI,,v029,91,,none,,special,answer
2004,SI,,v029,98,,dont-know,,special,answer
2004,SI,,v029,99,,,,special,answer
2004,SI,,v112,3,NSI - krscanska ljudska stranka,Nova Slovenija — Krščanska ljudska stranka,1618,hand,answer
2004,SI,,v112,4,SLS - slovenska ljudska stranka,Slovenska ljudska stranka,764,name,answer
2004,SI,,v112,5,SMS - stranka mladih Slovenije,Stranka mladih Slovenije,1401,name,answer
2004,SI,,v112,6,SNS - slovenska nacionalna stranka,Slovenska nacionalna stranka,96,name,answer
2004,SI,,v112,7,SDS - slovenska demokratska stranka,Slovenska demokratska stranka,472,hand,answer
2004,SI,,v112,8,ZLSD - združeno listo socialnih demokratov,Socialni demokrati / Združena lista socialnih demokratov,1403,hand,answer
2004,SI,,v112,9,SJN - Slovenija je naša,Slovenija je naša,740,hand,answer
2004,SI,,v112,10,LDS (2) + DESUS (1) [only in v112],LDS (2) + DESUS (1) [only in v112] [og],,hand,answer
2004,SI,,v112,90,,other,,special,answer
2004,SI,,v112,97,,did-not-vote,,special,answer
2004,SI,,v112,99,,,,special,answer
2004,SI,,v113,1,DESUS - demokratska stranka upokojencev Slovenije,Demokratična stranka upokojencev Slovenije,467,hand,answer
2004,SI,,v113,2,LDS - liberalna demokracija Slovenije,Liberalna demokracija Slovenije,975,name,answer
2004,SI,,v113,3,NSI - krscanska ljudska stranka,Nova Slovenija — Krščanska ljudska stranka,1618,hand,answer
2004,SI,,v113,4,SLS - slovenska ljudska stranka,Slovenska ljudska stranka,764,name,answer
2004,SI,,v113,5,SMS - stranka mladih Slovenije,Stranka mladih Slovenije,1401,name,answer
2004,SI,,v113,6,SNS - slovenska nacionalna stranka,Slovenska nacionalna stranka,96,name,answer
2004,SI,,v113,7,SDS - slovenska demokratska stranka,Slovenska demokratska stranka,472,hand,answer
2004,SI,,v113,8,ZLSD - združeno listo socialnih demokratov,Socialni demokrati / Združena lista socialnih demokratov,1403,hand,answer
2004,SI,,v113,90,,other,,special,answer
2004,SI,,v113,96,,blank-invalid,,special,answer
2004,SI,,v113,97,,did-not-vote,,special,answer
2004,SI,,v113,99,,,,special,answer
2004,SI,,v114,1,DESUS - demokratska stranka upokojencev Slovenije,Demokratična stranka upokojencev Slovenije,467,hand,answer
2004,SI,,v114,2,LDS - liberalna demokracija Slovenije,Liberalna demokracija Slovenije,975,name,answer
2004,SI,,v114,3,NSI - krscanska ljudska stranka,Nova Slovenija — Krščanska ljudska stranka,1618,hand,answer
2004,SI,,v114,4,SLS - slovenska ljudska stranka,Slovenska ljudska stranka,764,name,answer
2004,SI,,v114,5,SMS - stranka mladih Slovenije,Stranka mladih Slovenije,1401,name,answer
2004,SI,,v114,6,SNS - slovenska nacionalna stranka,Slovenska nacionalna stranka,96,name,answer
2004,SI,,v114,7,SDS - slovenska demokratska stranka,Slovenska demokratska stranka,472,hand,answer
2004,SI,,v114,8,ZLSD - združeno listo socialnih demokratov,Socialni demokrati / Združena lista socialnih demokratov,1403,hand,answer
2004,SI,,v114,9,SJN - Slovenija je naša,Slovenija je naša,740,hand,answer
2004,SI,,v114,90,,other,,special,answer
2004,SI,,v114,99,,,,special,answer
2004,SI,,v115,1,DESUS - demokratska stranka upokojencev Slovenije,Demokratična stranka upokojencev Slovenije,467,hand,battery
2004,SI,,v116,2,LDS - liberalna demokracija Slovenije,Liberalna demokracija Slovenije,975,name,battery
2004,SI,,v117,3,NSI - krscanska ljudska stranka,Nova Slovenija — Krščanska ljudska stranka,1618,hand,battery
2004,SI,,v118,4,SLS - slovenska ljudska stranka,Slovenska ljudska stranka,764,name,battery
2004,SI,,v119,5,SMS - stranka mladih Slovenije,Stranka mladih Slovenije,1401,name,battery
2004,SI,,v120,6,SNS - slovenska nacionalna stranka,Slovenska nacionalna stranka,96,name,battery
2004,SI,,v121,7,SDS - slovenska demokratska stranka,Slovenska demokratska stranka,472,hand,battery
2004,SI,,v122,8,ZLSD - združeno listo socialnih demokratov,Socialni demokrati / Združena lista socialnih demokratov,1403,hand,battery
2004,SI,,v123,9,SJN - Slovenija je naša,Slovenija je naša,740,hand,battery
2004,SI,,v124,10,LDS (2) + DESUS (1) [only in v112],LDS (2) + DESUS (1) [only in v112] [og],,hand,battery
2004,SI,,v135,1,DESUS - demokratska stranka upokojencev Slovenije,Demokratična stranka upokojencev Slovenije,467,hand,battery
2004,SI,,v136,2,LDS - liberalna demokracija Slovenije,Liberalna demokracija Slovenije,975,name,battery
2004,SI,,v137,3,NSI - krscanska ljudska stranka,Nova Slovenija — Krščanska ljudska stranka,1618,hand,battery
2004,SI,,v138,4,SLS - slovenska ljudska stranka,Slovenska ljudska stranka,764,name,battery
2004,SI,,v139,5,SMS - stranka mladih Slovenije,Stranka mladih Slovenije,1401,name,battery
2004,SI,,v140,6,SNS - slovenska nacionalna stranka,Slovenska nacionalna stranka,96,name,battery
2004,SI,,v141,7,SDS - slovenska demokratska stranka,Slovenska demokratska stranka,472,hand,battery
2004,SI,,v142,8,ZLSD - združeno listo socialnih demokratov,Socialni demokrati / Združena lista socialnih demokratov,1403,hand,battery
2004,SI,,v143,9,SJN - Slovenija je naša,Slovenija je naša,740,hand,battery
2004,SI,,v144,10,LDS (2) + DESUS (1) [only in v112],LDS (2) + DESUS (1) [only in v112] [og],,hand,battery
2004,SI,,v157,1,DESUS - demokratska stranka upokojencev Slovenije,Demokratična stranka upokojencev Slovenije,467,hand,battery
2004,SI,,v158,2,LDS - liberalna demokracija Slovenije,Liberalna demokracija Slovenije,975,name,battery
2004,SI,,v159,3,NSI - krscanska ljudska stranka,Nova Slovenija — Krščanska ljudska stranka,1618,hand,battery
2004,SI,,v160,4,SLS - slovenska ljudska stranka,Slovenska ljudska stranka,764,name,battery
2004,SI,,v161,5,SMS - stranka mladih Slovenije,Stranka mladih Slovenije,1401,name,battery
2004,SI,,v162,6,SNS - slovenska nacionalna stranka,Slovenska nacionalna stranka,96,name,battery
2004,SI,,v163,7,SDS - slovenska demokratska stranka,Slovenska demokratska stranka,472,hand,battery
2004,SI,,v164,8,ZLSD - združeno listo socialnih demokratov,Socialni demokrati / Združena lista socialnih demokratov,1403,hand,battery
2004,SI,,v165,9,SJN - Slovenija je naša,Slovenija je naša,740,hand,battery
2004,SI,,v166,10,LDS (2) + DESUS (1) [only in v112],LDS (2) + DESUS (1) [only in v112] [og],,hand,battery
2004,SI,,v211,1,DESUS - demokratska stranka upokojencev Slovenije,Demokratična stranka upokojencev Slovenije,467,hand,answer
2004,SI,,v211,2,LDS - liberalna demokracija Slovenije,Liberalna demokracija Slovenije,975,name,answer
2004,SI,,v211,3,NSI - krscanska ljudska stranka,Nova Slovenija — Krščanska ljudska stranka,1618,hand,answer
2004,SI,,v211,4,SLS - slovenska ljudska stranka,Slovenska ljudska stranka,764,name,answer
2004,SI,,v211,5,SMS - stranka mladih Slovenije,Stranka mladih Slovenije,1401,name,answer
2004,SI,,v211,6,SNS - slovenska nacionalna stranka,Slovenska nacionalna stranka,96,name,answer
2004,SI,,v211,7,SDS - slovenska demokratska stranka,Slovenska demokratska stranka,472,hand,answer
2004,SI,,v211,8,ZLSD - združeno listo socialnih demokratov,Socialni demokrati / Združena lista socialnih demokratov,1403,hand,answer
2004,SI,,v211,9,SJN - Slovenija je naša,Slovenija je naša,740,hand,answer
2004,SI,,v211,90,,other,,special,answer
2004,SI,,v211,94,,none,,special,answer
2004,SI,,v211,95,,refused,,special,answer
2004,SI,,v211,99,,,,special,answer
2004,SK,,v029,1,ĽS-HZDS (Ľudová strana–HZDS),Ľudová strana — Hnutie za demokratické Slovensko,560,name,answer
2004,SK,,v029,2,SMER,Smer — sociálna demokracia,311,name,answer
2004,SK,,v029,3,KSS (Komunistická strana Slovenska),Komunistická strana Slovenska,340,hand,answer
2004,SK,,v029,4,SDKÚ (Slovenská demokratická a kresťanská únia),Slovenská demokratická a kresťanská únia — Demokratická strana,1617,name,answer
2004,SK,,v029,5,SMK (Strana maďarskej koalície) / MKP ( Magyar Koalíció Pártja),Strana maďarskej koalície / Strana maďarskej komunity,349,name,answer
2004,SK,,v029,6,KDH (Kresťansko-demokratické hnutie),Kresťanskodemokratické hnutie,63,name,answer
2004,SK,,v029,7,ANO (Aliancia nového občana),Aliancia Nového Občana,217,name,answer
2004,SK,,v029,8,SNS (Slovenská národná strana) / Pravá SNS,SNS (Slovenská národná strana) / Pravá SNS [og],,hand,answer
2004,SK,,v029,10,HZD (Hnutie za demokraciu) / ĽÚ (Ľudová únia),Hnutie za demokraciu,2133,name,answer
2004,SK,,v029,11,SDA (Sociálnodemokratická alternatíva),Sociálnodemokratická alternatíva,618,name,answer
2004,SK,,v029,12,SDĽ (Strana demokratick ej ľavice),Strana demokratickej ľavice,1242,hand,answer
2004,SK,,v029,13,Slobodné fórum,Slobodné fórum,137,name,answer
2004,SK,,v029,90,,other,,special,answer
2004,SK,,v029,91,,none,,special,answer
2004,SK,,v029,98,,dont-know,,special,answer
2004,SK,,v029,99,,,,special,answer
2004,SK,,v112,1,ĽS-HZDS (Ľudová strana–HZDS),Ľudová strana — Hnutie za demokratické Slovensko,560,name,answer
2004,SK,,v112,2,SMER,Smer — sociálna demokracia,311,name,answer
2004,SK,,v112,3,KSS (Komunistická strana Slovenska),Komunistická strana Slovenska,340,hand,answer
2004,SK,,v112,4,SDKÚ (Slovenská demokratická a kresťanská únia),Slovenská demokratická a kresťanská únia — Demokratická strana,1617,name,answer
2004,SK,,v112,5,SMK (Strana maďarskej koalície) / MKP ( Magyar Koalíció Pártja),Strana maďarskej koalície / Strana maďarskej komunity,349,name,answer
2004,SK,,v112,6,KDH (Kresťansko-demokratické hnutie),Kresťanskodemokratické hnutie,63,name,answer
2004,SK,,v112,7,ANO (Aliancia nového občana),Aliancia Nového Občana,217,name,answer
2004,SK,,v112,8,SNS (Slovenská národná strana) / Pravá SNS,SNS (Slovenská národná strana) / Pravá SNS [og],,hand,answer
2004,SK,,v112,10,HZD (Hnutie za demokraciu) / ĽÚ (Ľudová únia),Hnutie za demokraciu,2133,name,answer
2004,SK,,v112,13,Slobodné fórum,Slobodné fórum,137,name,answer
2004,SK,,v112,15,OKS (Obèianska konzervatívna strana),Obcianska konzervatívna strana,665,name,answer
2004,SK,,v112,16,Maïarská federalistická strana,Maïarská federalistická strana [og],,hand,answer
2004,SK,,v112,18,Demokratická únia Slovenska,Demokratická únia Slovenska,6629,name,answer
2004,SK,,v112,19,Slovenská udová strana,Slovenská udová strana [og],,hand,answer
2004,SK,,v112,20,Aktívne ženy - OS Slovenska,Aktívne ženy - OS Slovenska [og],,hand,answer
2004,SK,,v112,97,,did-not-vote,,special,answer
2004,SK,,v112,99,,,,special,answer
2004,SK,,v113,1,ĽS-HZDS (Ľudová strana–HZDS),Ľudová strana — Hnutie za demokratické Slovensko,560,name,answer
2004,SK,,v113,2,SMER,Smer — sociálna demokracia,311,name,answer
2004,SK,,v113,3,KSS (Komunistická strana Slovenska),Komunistická strana Slovenska,340,hand,answer
2004,SK,,v113,4,SDKÚ (Slovenská demokratická a kresťanská únia),Slovenská demokratická a kresťanská únia — Demokratická strana,1617,name,answer
2004,SK,,v113,5,SMK (Strana maďarskej koalície) / MKP ( Magyar Koalíció Pártja),Strana maďarskej koalície / Strana maďarskej komunity,349,name,answer
2004,SK,,v113,6,KDH (Kresťansko-demokratické hnutie),Kresťanskodemokratické hnutie,63,name,answer
2004,SK,,v113,7,ANO (Aliancia nového občana),Aliancia Nového Občana,217,name,answer
2004,SK,,v113,8,SNS (Slovenská národná strana) / Pravá SNS,SNS (Slovenská národná strana) / Pravá SNS [og],,hand,answer
2004,SK,,v113,9,DS (Demokratická strana),Demokratická strana,983,name,answer
2004,SK,,v113,10,HZD (Hnutie za demokraciu) / ĽÚ (Ľudová únia),Hnutie za demokraciu,2133,name,answer
2004,SK,,v113,11,SDA (Sociálnodemokratická alternatíva),Sociálnodemokratická alternatíva,618,name,answer
2004,SK,,v113,12,SDĽ (Strana demokratick ej ľavice),Strana demokratickej ľavice,1242,hand,answer
2004,SK,,v113,13,Slobodné fórum,Slobodné fórum,137,name,answer
2004,SK,,v113,14,SZS (Green Party in Slovakia),Strana zelených [na Slovensku],1569,name,answer
2004,SK,,v113,15,OKS (Obèianska konzervatívna strana),Obcianska konzervatívna strana,665,name,answer
2004,SK,,v113,90,,other,,special,answer
2004,SK,,v113,97,,did-not-vote,,special,answer
2004,SK,,v113,99,,,,special,answer
2004,SK,,v114,1,ĽS-HZDS (Ľudová strana–HZDS),Ľudová strana — Hnutie za demokratické Slovensko,560,name,answer
2004,SK,,v114,2,SMER,Smer — sociálna demokracia,311,name,answer
2004,SK,,v114,3,KSS (Komunistická strana Slovenska),Komunistická strana Slovenska,340,hand,answer
2004,SK,,v114,4,SDKÚ (Slovenská demokratická a kresťanská únia),Slovenská demokratická a kresťanská únia — Demokratická strana,1617,name,answer
2004,SK,,v114,5,SMK (Strana maďarskej koalície) / MKP ( Magyar Koalíció Pártja),Strana maďarskej koalície / Strana maďarskej komunity,349,name,answer
2004,SK,,v114,6,KDH (Kresťansko-demokratické hnutie),Kresťanskodemokratické hnutie,63,name,answer
2004,SK,,v114,7,ANO (Aliancia nového občana),Aliancia Nového Občana,217,name,answer
2004,SK,,v114,8,SNS (Slovenská národná strana) / Pravá SNS,SNS (Slovenská národná strana) / Pravá SNS [og],,hand,answer
2004,SK,,v114,10,HZD (Hnutie za demokraciu) / ĽÚ (Ľudová únia),Hnutie za demokraciu,2133,name,answer
2004,SK,,v114,11,SDA (Sociálnodemokratická alternatíva),Sociálnodemokratická alternatíva,618,name,answer
2004,SK,,v114,12,SDĽ (Strana demokratick ej ľavice),Strana demokratickej ľavice,1242,hand,answer
2004,SK,,v114,14,SZS (Green Party in Slovakia),Strana zelených [na Slovensku],1569,name,answer
2004,SK,,v114,90,,other,,special,answer
2004,SK,,v114,96,,blank-invalid,,special,answer
2004,SK,,v114,97,,will-not-vote,,special,answer
2004,SK,,v114,99,,,,special,answer
2004,SK,,v115,1,ĽS-HZDS (Ľudová strana–HZDS),Ľudová strana — Hnutie za demokratické Slovensko,560,name,battery
2004,SK,,v116,2,SMER,Smer — sociálna demokracia,311,name,battery
2004,SK,,v117,3,KSS (Komunistická strana Slovenska),Komunistická strana Slovenska,340,hand,battery
2004,SK,,v118,4,SDKÚ (Slovenská demokratická a kresťanská únia),Slovenská demokratická a kresťanská únia — Demokratická strana,1617,name,battery
2004,SK,,v119,5,SMK (Strana maďarskej koalície) / MKP ( Magyar Koalíció Pártja),Strana maďarskej koalície / Strana maďarskej komunity,349,name,battery
2004,SK,,v120,6,KDH (Kresťansko-demokratické hnutie),Kresťanskodemokratické hnutie,63,name,battery
2004,SK,,v121,7,ANO (Aliancia nového občana),Aliancia Nového Občana,217,name,battery
2004,SK,,v122,8,SNS (Slovenská národná strana) / Pravá SNS,SNS (Slovenská národná strana) / Pravá SNS [og],,hand,battery
2004,SK,,v123,9,DS (Demokratická strana),Demokratická strana,983,name,battery
2004,SK,,v124,10,HZD (Hnutie za demokraciu) / ĽÚ (Ľudová únia),Hnutie za demokraciu,2133,name,battery
2004,SK,,v125,11,SDA (Sociálnodemokratická alternatíva),Sociálnodemokratická alternatíva,618,name,battery
2004,SK,,v126,12,SDĽ (Strana demokratick ej ľavice),Strana demokratickej ľavice,1242,hand,battery
2004,SK,,v127,13,Slobodné fórum,Slobodné fórum,137,name,battery
2004,SK,,v128,14,SZS (Green Party in Slovakia),Strana zelených [na Slovensku],1569,name,battery
2004,SK,,v135,1,ĽS-HZDS (Ľudová strana–HZDS),Ľudová strana — Hnutie za demokratické Slovensko,560,name,battery
2004,SK,,v136,2,SMER,Smer — sociálna demokracia,311,name,battery
2004,SK,,v137,3,KSS (Komunistická strana Slovenska),Komunistická strana Slovenska,340,hand,battery
2004,SK,,v138,4,SDKÚ (Slovenská demokratická a kresťanská únia),Slovenská demokratická a kresťanská únia — Demokratická strana,1617,name,battery
2004,SK,,v139,5,SMK (Strana maďarskej koalície) / MKP ( Magyar Koalíció Pártja),Strana maďarskej koalície / Strana maďarskej komunity,349,name,battery
2004,SK,,v140,6,KDH (Kresťansko-demokratické hnutie),Kresťanskodemokratické hnutie,63,name,battery
2004,SK,,v141,7,ANO (Aliancia nového občana),Aliancia Nového Občana,217,name,battery
2004,SK,,v142,8,SNS (Slovenská národná strana) / Pravá SNS,SNS (Slovenská národná strana) / Pravá SNS [og],,hand,battery
2004,SK,,v143,9,DS (Demokratická strana),Demokratická strana,983,name,battery
2004,SK,,v144,10,HZD (Hnutie za demokraciu) / ĽÚ (Ľudová únia),Hnutie za demokraciu,2133,name,battery
2004,SK,,v145,11,SDA (Sociálnodemokratická alternatíva),Sociálnodemokratická alternatíva,618,name,battery
2004,SK,,v146,12,SDĽ (Strana demokratick ej ľavice),Strana demokratickej ľavice,1242,hand,battery
2004,SK,,v147,13,Slobodné fórum,Slobodné fórum,137,name,battery
2004,SK,,v148,14,SZS (Green Party in Slovakia),Strana zelených [na Slovensku],1569,name,battery
2004,SK,,v157,1,ĽS-HZDS (Ľudová strana–HZDS),Ľudová strana — Hnutie za demokratické Slovensko,560,name,battery
2004,SK,,v158,2,SMER,Smer — sociálna demokracia,311,name,battery
2004,SK,,v159,3,KSS (Komunistická strana Slovenska),Komunistická strana Slovenska,340,hand,battery
2004,SK,,v160,4,SDKÚ (Slovenská demokratická a kresťanská únia),Slovenská demokratická a kresťanská únia — Demokratická strana,1617,name,battery
2004,SK,,v161,5,SMK (Strana maďarskej koalície) / MKP ( Magyar Koalíció Pártja),Strana maďarskej koalície / Strana maďarskej komunity,349,name,battery
2004,SK,,v162,6,KDH (Kresťansko-demokratické hnutie),Kresťanskodemokratické hnutie,63,name,battery
2004,SK,,v163,7,ANO (Aliancia nového občana),Aliancia Nového Občana,217,name,battery
2004,SK,,v164,8,SNS (Slovenská národná strana) / Pravá SNS,SNS (Slovenská národná strana) / Pravá SNS [og],,hand,battery
2004,SK,,v165,9,DS (Demokratická strana),Demokratická strana,983,name,battery
2004,SK,,v166,10,HZD (Hnutie za demokraciu) / ĽÚ (Ľudová únia),Hnutie za demokraciu,2133,name,battery
2004,SK,,v167,11,SDA (Sociálnodemokratická alternatíva),Sociálnodemokratická alternatíva,618,name,battery
2004,SK,,v168,12,SDĽ (Strana demokratick ej ľavice),Strana demokratickej ľavice,1242,hand,battery
2004,SK,,v169,13,Slobodné fórum,Slobodné fórum,137,name,battery
2004,SK,,v170,14,SZS (Green Party in Slovakia),Strana zelených [na Slovensku],1569,name,battery
2004,SK,,v211,1,ĽS-HZDS (Ľudová strana–HZDS),Ľudová strana — Hnutie za demokratické Slovensko,560,name,answer
2004,SK,,v211,2,SMER,Smer — sociálna demokracia,311,name,answer
2004,SK,,v211,3,KSS (Komunistická strana Slovenska),Komunistická strana Slovenska,340,hand,answer
2004,SK,,v211,4,SDKÚ (Slovenská demokratická a kresťanská únia),Slovenská demokratická a kresťanská únia — Demokratická strana,1617,name,answer
2004,SK,,v211,5,SMK (Strana maďarskej koalície) / MKP ( Magyar Koalíció Pártja),Strana maďarskej koalície / Strana maďarskej komunity,349,name,answer
2004,SK,,v211,6,KDH (Kresťansko-demokratické hnutie),Kresťanskodemokratické hnutie,63,name,answer
2004,SK,,v211,7,ANO (Aliancia nového občana),Aliancia Nového Občana,217,name,answer
2004,SK,,v211,8,SNS (Slovenská národná strana) / Pravá SNS,SNS (Slovenská národná strana) / Pravá SNS [og],,hand,answer
2004,SK,,v211,10,HZD (Hnutie za demokraciu) / ĽÚ (Ľudová únia),Hnutie za demokraciu,2133,name,answer
2004,SK,,v211,11,SDA (Sociálnodemokratická alternatíva),Sociálnodemokratická alternatíva,618,name,answer
2004,SK,,v211,12,SDĽ (Strana demokratick ej ľavice),Strana demokratickej ľavice,1242,hand,answer
2004,SK,,v211,13,Slobodné fórum,Slobodné fórum,137,name,answer
2004,SK,,v211,14,SZS (Green Party in Slovakia),Strana zelených [na Slovensku],1569,name,answer
2004,SK,,v211,90,,other,,special,answer
2004,SK,,v211,94,,none,,special,answer
2004,SK,,v211,99,,,,special,answer
2009,AT,,q25,20,[OTHER (open answer recorded)],other,,special,answer
2009,AT,,q25,77,[REFUSED],refused,,special,answer
2009,AT,,q25,88,[DK],dont-know,,special,answer
2009,AT,,q25,95,[spoiled vote],blank-invalid,,special,answer
2009,AT,,q25,96,[did not vote],did-not-vote,,special,answer
2009,AT,,q25,99,[NAP],,,special,answer
2009,AT,,q25,1040110,GRÜNE,Die Grünen — Die grüne Alternative,1659,link,answer
2009,AT,,q25,1040220,KPÖ,Kommunistische Partei Österreichs,996,name,answer
2009,AT,,q25,1040320,SPÖ,Sozialdemokratische Partei Österreichs,1384,link,answer
2009,AT,,q25,1040422,Junge Liberale,Junge Liberale [og],,hand,answer
2009,AT,,q25,1040520,ÖVP,Österreichische Volkspartei,1329,link,answer
2009,AT,,q25,1040700,BZÖ,Bündnis Zukunft Österreich,599,name,answer
2009,AT,,q25,1040720,FPÖ,Freiheitliche Partei Österreichs,463,name,answer
2009,AT,,q25,1040951,Liste Hans Peter Martin,Liste Dr. Hans-Peter Martin,1708,name,answer
2009,AT,,q26,20,[OTHER (open answer recorded)],other,,special,answer
2009,AT,,q26,77,[REFUSED],refused,,special,answer
2009,AT,,q26,88,[DK],dont-know,,special,answer
2009,AT,,q26,94,[would have voted blank ],blank-invalid,,special,answer
2009,AT,,q26,95,[would have spoiled vote],blank-invalid,,special,answer
2009,AT,,q26,96,[would have not vote],did-not-vote,,special,answer
2009,AT,,q26,99,[NAP],,,special,answer
2009,AT,,q26,1040110,GRÜNE,Die Grünen — Die grüne Alternative,1659,link,answer
2009,AT,,q26,1040320,SPÖ,Sozialdemokratische Partei Österreichs,1384,link,answer
2009,AT,,q26,1040520,ÖVP,Österreichische Volkspartei,1329,link,answer
2009,AT,,q26,1040700,BZÖ,Bündnis Zukunft Österreich,599,name,answer
2009,AT,,q26,1040720,FPÖ,Freiheitliche Partei Österreichs,463,name,answer
2009,AT,,q26,1040951,Liste Hans Peter Martin,Liste Dr. Hans-Peter Martin,1708,name,answer
2009,AT,,q26b,99,[NAP],,,special,answer
2009,AT,,q27,20,[OTHER (open answer recorded)],other,,special,answer
2009,AT,,q27,77,[REFUSED],refused,,special,answer
2009,AT,,q27,88,[DK],dont-know,,special,answer
2009,AT,,q27,93,[Was not eligible/old enough],not-eligible,,special,answer
2009,AT,,q27,94,[voted blank ],blank-invalid,,special,answer
2009,AT,,q27,95,[spoiled vote],blank-invalid,,special,answer
2009,AT,,q27,96,[did not vote],did-not-vote,,special,answer
2009,AT,,q27,1040110,GRÜNE,Die Grünen — Die grüne Alternative,1659,link,answer
2009,AT,,q27,1040220,KPÖ,Kommunistische Partei Österreichs,996,name,answer
2009,AT,,q27,1040320,SPÖ,Sozialdemokratische Partei Österreichs,1384,link,answer
2009,AT,,q27,1040422,Junge Liberale,Junge Liberale [og],,hand,answer
2009,AT,,q27,1040490,Liberales Forum (LIF),Liberales Forum,605,name,answer
2009,AT,,q27,1040520,ÖVP,Österreichische Volkspartei,1329,link,answer
2009,AT,,q27,1040700,BZÖ,Bündnis Zukunft Österreich,599,name,answer
2009,AT,,q27,1040720,FPÖ,Freiheitliche Partei Österreichs,463,name,answer
2009,AT,,q27,1040951,Liste Hans Peter Martin,Liste Dr. Hans-Peter Martin,1708,name,answer
2009,AT,,q28,20,[OTHER (open answer recorded)],other,,special,answer
2009,AT,,q28,77,[REFUSED],refused,,special,answer
2009,AT,,q28,88,[DK],dont-know,,special,answer
2009,AT,,q28,94,[would vote blank],blank-invalid,,special,answer
2009,AT,,q28,95,[would spoil vote],blank-invalid,,special,answer
2009,AT,,q28,96,[would not vote],did-not-vote,,special,answer
2009,AT,,q28,1040110,GRÜNE,Die Grünen — Die grüne Alternative,1659,link,answer
2009,AT,,q28,1040220,KPÖ,Kommunistische Partei Österreichs,996,name,answer
2009,AT,,q28,1040320,SPÖ,Sozialdemokratische Partei Österreichs,1384,link,answer
2009,AT,,q28,1040422,Junge Liberale,Junge Liberale [og],,hand,answer
2009,AT,,q28,1040520,ÖVP,Österreichische Volkspartei,1329,link,answer
2009,AT,,q28,1040700,BZÖ,Bündnis Zukunft Österreich,599,name,answer
2009,AT,,q28,1040720,FPÖ,Freiheitliche Partei Österreichs,463,name,answer
2009,AT,,q28,1040951,Liste Hans Peter Martin,Liste Dr. Hans-Peter Martin,1708,name,answer
2009,AT,,q39_p1,1040320,SPÖ,Sozialdemokratische Partei Österreichs,1384,link,battery
2009,AT,,q39_p2,1040520,ÖVP,Österreichische Volkspartei,1329,link,battery
2009,AT,,q39_p3,1040720,FPÖ,Freiheitliche Partei Österreichs,463,name,battery
2009,AT,,q39_p4,1040700,BZÖ,Bündnis Zukunft Österreich,599,name,battery
2009,AT,,q39_p5,1040110,GRÜNE,Die Grünen — Die grüne Alternative,1659,link,battery
2009,AT,,q39_p6,1040951,Liste Hans Peter Martin,Liste Dr. Hans-Peter Martin,1708,name,battery
2009,AT,,q39_p7,1040422,Junge Liberale,Junge Liberale [og],,hand,battery
2009,AT,,q39_p8,1040220,KPÖ,Kommunistische Partei Österreichs,996,name,battery
2009,AT,,q4,20,[OTHER (open answer recorded)],other,,special,answer
2009,AT,,q4,66,[NONE],none,,special,answer
2009,AT,,q4,77,[REFUSED],refused,,special,answer
2009,AT,,q4,88,[DK],dont-know,,special,answer
2009,AT,,q4,99,[NAP],,,special,answer
2009,AT,,q4,1040110,GRÜNE,Die Grünen — Die grüne Alternative,1659,link,answer
2009,AT,,q4,1040220,KPÖ,Kommunistische Partei Österreichs,996,name,answer
2009,AT,,q4,1040320,SPÖ,Sozialdemokratische Partei Österreichs,1384,link,answer
2009,AT,,q4,1040520,ÖVP,Österreichische Volkspartei,1329,link,answer
2009,AT,,q4,1040700,BZÖ,Bündnis Zukunft Österreich,599,name,answer
2009,AT,,q4,1040720,FPÖ,Freiheitliche Partei Österreichs,463,name,answer
2009,AT,,q4,1040951,Liste Hans Peter Martin,Liste Dr. Hans-Peter Martin,1708,name,answer
2009,AT,,q47_p1,1040320,SPÖ,Sozialdemokratische Partei Österreichs,1384,link,battery
2009,AT,,q47_p2,1040520,ÖVP,Österreichische Volkspartei,1329,link,battery
2009,AT,,q47_p3,1040720,FPÖ,Freiheitliche Partei Österreichs,463,name,battery
2009,AT,,q47_p4,1040700,BZÖ,Bündnis Zukunft Österreich,599,name,battery
2009,AT,,q47_p5,1040110,GRÜNE,Die Grünen — Die grüne Alternative,1659,link,battery
2009,AT,,q47_p6,1040951,Liste Hans Peter Martin,Liste Dr. Hans-Peter Martin,1708,name,battery
2009,AT,,q47_p7,1040422,Junge Liberale,Junge Liberale [og],,hand,battery
2009,AT,,q47_p8,1040220,KPÖ,Kommunistische Partei Österreichs,996,name,battery
2009,AT,,q81_p1,1040320,SPÖ,Sozialdemokratische Partei Österreichs,1384,link,battery
2009,AT,,q81_p2,1040520,ÖVP,Österreichische Volkspartei,1329,link,battery
2009,AT,,q81_p3,1040720,FPÖ,Freiheitliche Partei Österreichs,463,name,battery
2009,AT,,q81_p4,1040700,BZÖ,Bündnis Zukunft Österreich,599,name,battery
2009,AT,,q81_p5,1040110,GRÜNE,Die Grünen — Die grüne Alternative,1659,link,battery
2009,AT,,q81_p6,1040951,Liste Hans Peter Martin,Liste Dr. Hans-Peter Martin,1708,name,battery
2009,AT,,q81_p7,1040422,Junge Liberale,Junge Liberale [og],,hand,battery
2009,AT,,q81_p8,1040220,KPÖ,Kommunistische Partei Österreichs,996,name,battery
2009,AT,,q87,0,"no, does not feel close to any party",none,,special,answer
2009,AT,,q87,20,[OTHER (open answer recorded)],other,,special,answer
2009,AT,,q87,77,[REFUSED],refused,,special,answer
2009,AT,,q87,88,[DK],dont-know,,special,answer
2009,AT,,q87,1040110,GRÜNE,Die Grünen — Die grüne Alternative,1659,link,answer
2009,AT,,q87,1040220,KPÖ,Kommunistische Partei Österreichs,996,name,answer
2009,AT,,q87,1040320,SPÖ,Sozialdemokratische Partei Österreichs,1384,link,answer
2009,AT,,q87,1040422,Junge Liberale,Junge Liberale [og],,hand,answer
2009,AT,,q87,1040520,ÖVP,Österreichische Volkspartei,1329,link,answer
2009,AT,,q87,1040700,BZÖ,Bündnis Zukunft Österreich,599,name,answer
2009,AT,,q87,1040720,FPÖ,Freiheitliche Partei Österreichs,463,name,answer
2009,AT,,q87,1040951,Liste Hans Peter Martin,Liste Dr. Hans-Peter Martin,1708,name,answer
2009,AT,,q90,20,[OTHER (open answer recorded)],other,,special,answer
2009,AT,,q90,77,[REFUSED],refused,,special,answer
2009,AT,,q90,88,[DK],dont-know,,special,answer
2009,AT,,q90,99,[NAP],,,special,answer
2009,AT,,q90,1040110,GRÜNE,Die Grünen — Die grüne Alternative,1659,link,answer
2009,AT,,q90,1040320,SPÖ,Sozialdemokratische Partei Österreichs,1384,link,answer
2009,AT,,q90,1040490,Liberales Forum (LIF),Liberales Forum,605,name,answer
2009,AT,,q90,1040520,ÖVP,Österreichische Volkspartei,1329,link,answer
2009,AT,,q90,1040700,BZÖ,Bündnis Zukunft Österreich,599,name,answer
2009,AT,,q90,1040720,FPÖ,Freiheitliche Partei Österreichs,463,name,answer
2009,AT,,q90,1040951,Liste Hans Peter Martin,Liste Dr. Hans-Peter Martin,1708,name,answer
2009,BE,Flanders,q25,20,[OTHER (open answer recorded)],other,,special,answer
2009,BE,Flanders,q25,77,[REFUSED],refused,,special,answer
2009,BE,Flanders,q25,88,[DK],dont-know,,special,answer
2009,BE,Flanders,q25,94,[voted blank ],blank-invalid,,special,answer
2009,BE,Flanders,q25,95,[spoiled vote],blank-invalid,,special,answer
2009,BE,Flanders,q25,1056111,Écologistes (ECOLO),Écologistes Confédérés pour l'organisation de luttes originales,1563,link,answer
2009,BE,Flanders,q25,1056112,Groen!,Agalev — Groen,528,link,answer
2009,BE,Flanders,q25,1056325,PVDA+ (Partij van de Arbeid plus),Partij van de Arbeid van België — Parti du Travail de Belgique,1753,link,answer
2009,BE,Flanders,q25,1056327,Socialistische Partij – Anders SP.a,Socialistische Partij Anders — Vooruit,1680,link,answer
2009,BE,Flanders,q25,1056328,SLP (was Spirit),Sociaal-Liberale Partij,7015,hand,answer
2009,BE,Flanders,q25,1056421,Open VLD,Partij voor Vrijheid en Vooruitgang — Open Vlaamse Liberalen en Democraten,49,link,answer
2009,BE,Flanders,q25,1056427,Mouvement Réformateur (MR),Mouvement Réformateur,789,link,answer
2009,BE,Flanders,q25,1056521,CD&V,Christen-Democratisch en Vlaams,604,link,answer
2009,BE,Flanders,q25,1056522,Centre Démocrate Humaniste (CDH),Parti Social Chrétien — Centre démocrate humaniste,633,link,answer
2009,BE,Flanders,q25,1056600,Lijst Dedecker (LDD),"Lijst Dedecker / Libertair, Direct, Democratisch",43,name,answer
2009,BE,Flanders,q25,1056711,Vlaams Belang,Vlaams Belang,1968,hand,answer
2009,BE,Flanders,q25,1056913,N-VA,Nieuw-Vlaamse Alliantie,36,link,answer
2009,BE,Flanders,q26,20,[OTHER (open answer recorded)],other,,special,answer
2009,BE,Flanders,q26,77,[REFUSED],refused,,special,answer
2009,BE,Flanders,q26,94,[would have voted blank ],blank-invalid,,special,answer
2009,BE,Flanders,q26,95,[would have spoiled vote],blank-invalid,,special,answer
2009,BE,Flanders,q26,1056112,Groen!,Agalev — Groen,528,link,answer
2009,BE,Flanders,q26,1056327,Socialistische Partij – Anders SP.a,Socialistische Partij Anders — Vooruit,1680,link,answer
2009,BE,Flanders,q26,1056328,SLP (was Spirit),Sociaal-Liberale Partij,7015,hand,answer
2009,BE,Flanders,q26,1056421,Open VLD,Partij voor Vrijheid en Vooruitgang — Open Vlaamse Liberalen en Democraten,49,link,answer
2009,BE,Flanders,q26,1056521,CD&V,Christen-Democratisch en Vlaams,604,link,answer
2009,BE,Flanders,q26,1056600,Lijst Dedecker (LDD),"Lijst Dedecker / Libertair, Direct, Democratisch",43,name,answer
2009,BE,Flanders,q26,1056711,Vlaams Belang,Vlaams Belang,1968,hand,answer
2009,BE,Flanders,q26,1056913,N-VA,Nieuw-Vlaamse Alliantie,36,link,answer
2009,BE,Flanders,q26b,20,[OTHER (open answer recorded)],other,,special,answer
2009,BE,Flanders,q26b,77,[REFUSED],refused,,special,answer
2009,BE,Flanders,q26b,88,[DK],dont-know,,special,answer
2009,BE,Flanders,q26b,94,[voted blank ],blank-invalid,,special,answer
2009,BE,Flanders,q26b,95,[spoiled vote],blank-invalid,,special,answer
2009,BE,Flanders,q26b,96,[did not vote],did-not-vote,,special,answer
2009,BE,Flanders,q26b,1056111,Écologistes (ECOLO),Écologistes Confédérés pour l'organisation de luttes originales,1563,link,answer
2009,BE,Flanders,q26b,1056112,Groen!,Agalev — Groen,528,link,answer
2009,BE,Flanders,q26b,1056325,PVDA+ (Partij van de Arbeid plus),Partij van de Arbeid van België — Parti du Travail de Belgique,1753,link,answer
2009,BE,Flanders,q26b,1056327,Socialistische Partij – Anders SP.a,Socialistische Partij Anders — Vooruit,1680,link,answer
2009,BE,Flanders,q26b,1056328,SLP (was Spirit),Sociaal-Liberale Partij,7015,hand,answer
2009,BE,Flanders,q26b,1056421,Open VLD,Partij voor Vrijheid en Vooruitgang — Open Vlaamse Liberalen en Democraten,49,link,answer
2009,BE,Flanders,q26b,1056427,Mouvement Réformateur (MR),Mouvement Réformateur,789,link,answer
2009,BE,Flanders,q26b,1056521,CD&V,Christen-Democratisch en Vlaams,604,link,answer
2009,BE,Flanders,q26b,1056522,Centre Démocrate Humaniste (CDH),Parti Social Chrétien — Centre démocrate humaniste,633,link,answer
2009,BE,Flanders,q26b,1056600,Lijst Dedecker (LDD),"Lijst Dedecker / Libertair, Direct, Democratisch",43,name,answer
2009,BE,Flanders,q26b,1056711,Vlaams Belang,Vlaams Belang,1968,hand,answer
2009,BE,Flanders,q26b,1056913,N-VA,Nieuw-Vlaamse Alliantie,36,link,answer
2009,BE,Flanders,q27,77,[REFUSED],refused,,special,answer
2009,BE,Flanders,q27,88,[DK],dont-know,,special,answer
2009,BE,Flanders,q27,93,[Was not eligible/old enough],not-eligible,,special,answer
2009,BE,Flanders,q27,94,[voted blank ],blank-invalid,,special,answer
2009,BE,Flanders,q27,95,[spoiled vote],blank-invalid,,special,answer
2009,BE,Flanders,q27,96,[did not vote],did-not-vote,,special,answer
2009,BE,Flanders,q27,1056111,Écologistes (ECOLO),Écologistes Confédérés pour l'organisation de luttes originales,1563,link,answer
2009,BE,Flanders,q27,1056112,Groen!,Agalev — Groen,528,link,answer
2009,BE,Flanders,q27,1056325,PVDA+ (Partij van de Arbeid plus),Partij van de Arbeid van België — Parti du Travail de Belgique,1753,link,answer
2009,BE,Flanders,q27,1056327,Socialistische Partij – Anders SP.a,Socialistische Partij Anders — Vooruit,1680,link,answer
2009,BE,Flanders,q27,1056328,SLP (was Spirit),Sociaal-Liberale Partij,7015,hand,answer
2009,BE,Flanders,q27,1056421,Open VLD,Partij voor Vrijheid en Vooruitgang — Open Vlaamse Liberalen en Democraten,49,link,answer
2009,BE,Flanders,q27,1056521,CD&V,Christen-Democratisch en Vlaams,604,link,answer
2009,BE,Flanders,q27,1056522,Centre Démocrate Humaniste (CDH),Parti Social Chrétien — Centre démocrate humaniste,633,link,answer
2009,BE,Flanders,q27,1056600,Lijst Dedecker (LDD),"Lijst Dedecker / Libertair, Direct, Democratisch",43,name,answer
2009,BE,Flanders,q27,1056711,Vlaams Belang,Vlaams Belang,1968,hand,answer
2009,BE,Flanders,q27,1056913,N-VA,Nieuw-Vlaamse Alliantie,36,link,answer
2009,BE,Flanders,q28,20,[OTHER (open answer recorded)],other,,special,answer
2009,BE,Flanders,q28,77,[REFUSED],refused,,special,answer
2009,BE,Flanders,q28,88,[DK],dont-know,,special,answer
2009,BE,Flanders,q28,94,[would vote blank],blank-invalid,,special,answer
2009,BE,Flanders,q28,95,[would spoil vote],blank-invalid,,special,answer
2009,BE,Flanders,q28,96,[would not vote],did-not-vote,,special,answer
2009,BE,Flanders,q28,1056112,Groen!,Agalev — Groen,528,link,answer
2009,BE,Flanders,q28,1056325,PVDA+ (Partij van de Arbeid plus),Partij van de Arbeid van België — Parti du Travail de Belgique,1753,link,answer
2009,BE,Flanders,q28,1056327,Socialistische Partij – Anders SP.a,Socialistische Partij Anders — Vooruit,1680,link,answer
2009,BE,Flanders,q28,1056328,SLP (was Spirit),Sociaal-Liberale Partij,7015,hand,answer
2009,BE,Flanders,q28,1056421,Open VLD,Partij voor Vrijheid en Vooruitgang — Open Vlaamse Liberalen en Democraten,49,link,answer
2009,BE,Flanders,q28,1056521,CD&V,Christen-Democratisch en Vlaams,604,link,answer
2009,BE,Flanders,q28,1056600,Lijst Dedecker (LDD),"Lijst Dedecker / Libertair, Direct, Democratisch",43,name,answer
2009,BE,Flanders,q28,1056711,Vlaams Belang,Vlaams Belang,1968,hand,answer
2009,BE,Flanders,q28,1056913,N-VA,Nieuw-Vlaamse Alliantie,36,link,answer
2009,BE,Flanders,q39_p1,1056521,CD&V,Christen-Democratisch en Vlaams,604,link,battery
2009,BE,Flanders,q39_p2,1056421,Open VLD,Partij voor Vrijheid en Vooruitgang — Open Vlaamse Liberalen en Democraten,49,link,battery
2009,BE,Flanders,q39_p3,1056327,Socialistische Partij – Anders SP.a,Socialistische Partij Anders — Vooruit,1680,link,battery
2009,BE,Flanders,q39_p4,1056711,Vlaams Belang,Vlaams Belang,1968,hand,battery
2009,BE,Flanders,q39_p5,1056112,Groen!,Agalev — Groen,528,link,battery
2009,BE,Flanders,q39_p6,1056913,N-VA,Nieuw-Vlaamse Alliantie,36,link,battery
2009,BE,Flanders,q39_p7,1056600,Lijst Dedecker (LDD),"Lijst Dedecker / Libertair, Direct, Democratisch",43,name,battery
2009,BE,Flanders,q39_p8,1056328,SLP (was Spirit),Sociaal-Liberale Partij,7015,hand,battery
2009,BE,Flanders,q39_p9,1056325,PVDA+ (Partij van de Arbeid plus),Partij van de Arbeid van België — Parti du Travail de Belgique,1753,link,battery
2009,BE,Flanders,q4,20,[OTHER (open answer recorded)],other,,special,answer
2009,BE,Flanders,q4,66,[NONE],none,,special,answer
2009,BE,Flanders,q4,77,[REFUSED],refused,,special,answer
2009,BE,Flanders,q4,88,[DK],dont-know,,special,answer
2009,BE,Flanders,q4,99,[NAP],,,special,answer
2009,BE,Flanders,q4,1056112,Groen!,Agalev — Groen,528,link,answer
2009,BE,Flanders,q4,1056325,PVDA+ (Partij van de Arbeid plus),Partij van de Arbeid van België — Parti du Travail de Belgique,1753,link,answer
2009,BE,Flanders,q4,1056327,Socialistische Partij – Anders SP.a,Socialistische Partij Anders — Vooruit,1680,link,answer
2009,BE,Flanders,q4,1056328,SLP (was Spirit),Sociaal-Liberale Partij,7015,hand,answer
2009,BE,Flanders,q4,1056421,Open VLD,Partij voor Vrijheid en Vooruitgang — Open Vlaamse Liberalen en Democraten,49,link,answer
2009,BE,Flanders,q4,1056521,CD&V,Christen-Democratisch en Vlaams,604,link,answer
2009,BE,Flanders,q4,1056522,Centre Démocrate Humaniste (CDH),Parti Social Chrétien — Centre démocrate humaniste,633,link,answer
2009,BE,Flanders,q4,1056600,Lijst Dedecker (LDD),"Lijst Dedecker / Libertair, Direct, Democratisch",43,name,answer
2009,BE,Flanders,q4,1056711,Vlaams Belang,Vlaams Belang,1968,hand,answer
2009,BE,Flanders,q4,1056913,N-VA,Nieuw-Vlaamse Alliantie,36,link,answer
2009,BE,Flanders,q47_p1,1056521,CD&V,Christen-Democratisch en Vlaams,604,link,battery
2009,BE,Flanders,q47_p2,1056421,Open VLD,Partij voor Vrijheid en Vooruitgang — Open Vlaamse Liberalen en Democraten,49,link,battery
2009,BE,Flanders,q47_p3,1056327,Socialistische Partij – Anders SP.a,Socialistische Partij Anders — Vooruit,1680,link,battery
2009,BE,Flanders,q47_p4,1056711,Vlaams Belang,Vlaams Belang,1968,hand,battery
2009,BE,Flanders,q47_p5,1056112,Groen!,Agalev — Groen,528,link,battery
2009,BE,Flanders,q47_p6,1056913,N-VA,Nieuw-Vlaamse Alliantie,36,link,battery
2009,BE,Flanders,q47_p7,1056600,Lijst Dedecker (LDD),"Lijst Dedecker / Libertair, Direct, Democratisch",43,name,battery
2009,BE,Flanders,q47_p8,1056328,SLP (was Spirit),Sociaal-Liberale Partij,7015,hand,battery
2009,BE,Flanders,q47_p9,1056325,PVDA+ (Partij van de Arbeid plus),Partij van de Arbeid van België — Parti du Travail de Belgique,1753,link,battery
2009,BE,Flanders,q81_p1,1056521,CD&V,Christen-Democratisch en Vlaams,604,link,battery
2009,BE,Flanders,q81_p2,1056421,Open VLD,Partij voor Vrijheid en Vooruitgang — Open Vlaamse Liberalen en Democraten,49,link,battery
2009,BE,Flanders,q81_p3,1056327,Socialistische Partij – Anders SP.a,Socialistische Partij Anders — Vooruit,1680,link,battery
2009,BE,Flanders,q81_p4,1056711,Vlaams Belang,Vlaams Belang,1968,hand,battery
2009,BE,Flanders,q81_p5,1056112,Groen!,Agalev — Groen,528,link,battery
2009,BE,Flanders,q81_p6,1056913,N-VA,Nieuw-Vlaamse Alliantie,36,link,battery
2009,BE,Flanders,q81_p7,1056600,Lijst Dedecker (LDD),"Lijst Dedecker / Libertair, Direct, Democratisch",43,name,battery
2009,BE,Flanders,q81_p8,1056328,SLP (was Spirit),Sociaal-Liberale Partij,7015,hand,battery
2009,BE,Flanders,q81_p9,1056325,PVDA+ (Partij van de Arbeid plus),Partij van de Arbeid van België — Parti du Travail de Belgique,1753,link,battery
2009,BE,Flanders,q87,0,"no, does not feel close to any party",none,,special,answer
2009,BE,Flanders,q87,20,[OTHER (open answer recorded)],other,,special,answer
2009,BE,Flanders,q87,77,[REFUSED],refused,,special,answer
2009,BE,Flanders,q87,88,[DK],dont-know,,special,answer
2009,BE,Flanders,q87,1056112,Groen!,Agalev — Groen,528,link,answer
2009,BE,Flanders,q87,1056325,PVDA+ (Partij van de Arbeid plus),Partij van de Arbeid van België — Parti du Travail de Belgique,1753,link,answer
2009,BE,Flanders,q87,1056327,Socialistische Partij – Anders SP.a,Socialistische Partij Anders — Vooruit,1680,link,answer
2009,BE,Flanders,q87,1056328,SLP (was Spirit),Sociaal-Liberale Partij,7015,hand,answer
2009,BE,Flanders,q87,1056421,Open VLD,Partij voor Vrijheid en Vooruitgang — Open Vlaamse Liberalen en Democraten,49,link,answer
2009,BE,Flanders,q87,1056521,CD&V,Christen-Democratisch en Vlaams,604,link,answer
2009,BE,Flanders,q87,1056522,Centre Démocrate Humaniste (CDH),Parti Social Chrétien — Centre démocrate humaniste,633,link,answer
2009,BE,Flanders,q87,1056600,Lijst Dedecker (LDD),"Lijst Dedecker / Libertair, Direct, Democratisch",43,name,answer
2009,BE,Flanders,q87,1056711,Vlaams Belang,Vlaams Belang,1968,hand,answer
2009,BE,Flanders,q87,1056913,N-VA,Nieuw-Vlaamse Alliantie,36,link,answer
2009,BE,Flanders,q90,77,[REFUSED],refused,,special,answer
2009,BE,Flanders,q90,88,[DK],dont-know,,special,answer
2009,BE,Flanders,q90,98,[UNAVAILABLE],,,special,answer
2009,BE,Flanders,q90,1056112,Groen!,Agalev — Groen,528,link,answer
2009,BE,Flanders,q90,1056328,SLP (was Spirit),Sociaal-Liberale Partij,7015,hand,answer
2009,BE,Flanders,q90,1056521,CD&V,Christen-Democratisch en Vlaams,604,link,answer
2009,BE,Flanders,q90,1056600,Lijst Dedecker (LDD),"Lijst Dedecker / Libertair, Direct, Democratisch",43,name,answer
2009,BE,Flanders,q90,1056711,Vlaams Belang,Vlaams Belang,1968,hand,answer
2009,BE,Wallonia,q25,20,[OTHER (open answer recorded)],other,,special,answer
2009,BE,Wallonia,q25,77,[REFUSED],refused,,special,answer
2009,BE,Wallonia,q25,88,[DK],dont-know,,special,answer
2009,BE,Wallonia,q25,94,[voted blank ],blank-invalid,,special,answer
2009,BE,Wallonia,q25,95,[spoiled vote],blank-invalid,,special,answer
2009,BE,Wallonia,q25,96,[did not vote],did-not-vote,,special,answer
2009,BE,Wallonia,q25,1056111,Écologistes (ECOLO),Écologistes Confédérés pour l'organisation de luttes originales,1563,link,answer
2009,BE,Wallonia,q25,1056112,Groen!,Agalev — Groen,528,link,answer
2009,BE,Wallonia,q25,1056222,Parti du Travail de Belgique,Partij van de Arbeid van België — Parti du Travail de Belgique,1753,name,answer
2009,BE,Wallonia,q25,1056322,Parti Socialiste (PS),Parti Socialiste,500,link,answer
2009,BE,Wallonia,q25,1056421,Open VLD,Partij voor Vrijheid en Vooruitgang — Open Vlaamse Liberalen en Democraten,49,link,answer
2009,BE,Wallonia,q25,1056427,Mouvement Réformateur (MR),Mouvement Réformateur,789,link,answer
2009,BE,Wallonia,q25,1056521,CD&V,Christen-Democratisch en Vlaams,604,link,answer
2009,BE,Wallonia,q25,1056522,Centre Démocrate Humaniste (CDH),Parti Social Chrétien — Centre démocrate humaniste,633,link,answer
2009,BE,Wallonia,q25,1056600,Lijst Dedecker (LDD),"Lijst Dedecker / Libertair, Direct, Democratisch",43,name,answer
2009,BE,Wallonia,q25,1056710,Front National (FN),Front National,191,name,answer
2009,BE,Wallonia,q25,1056711,Vlaams Belang,Vlaams Belang,1968,hand,answer
2009,BE,Wallonia,q25,1056913,N-VA,Nieuw-Vlaamse Alliantie,36,link,answer
2009,BE,Wallonia,q25,1056925,Rassemblement Wallonie France (RWF),Rassemblement Wallonie France,7008,name,answer
2009,BE,Wallonia,q26,20,[OTHER (open answer recorded)],other,,special,answer
2009,BE,Wallonia,q26,77,[REFUSED],refused,,special,answer
2009,BE,Wallonia,q26,88,[DK],dont-know,,special,answer
2009,BE,Wallonia,q26,94,[would have voted blank ],blank-invalid,,special,answer
2009,BE,Wallonia,q26,95,[would have spoiled vote],blank-invalid,,special,answer
2009,BE,Wallonia,q26,96,[would have not vote],did-not-vote,,special,answer
2009,BE,Wallonia,q26,1056111,Écologistes (ECOLO),Écologistes Confédérés pour l'organisation de luttes originales,1563,link,answer
2009,BE,Wallonia,q26,1056222,Parti du Travail de Belgique,Partij van de Arbeid van België — Parti du Travail de Belgique,1753,name,answer
2009,BE,Wallonia,q26,1056322,Parti Socialiste (PS),Parti Socialiste,500,link,answer
2009,BE,Wallonia,q26,1056427,Mouvement Réformateur (MR),Mouvement Réformateur,789,link,answer
2009,BE,Wallonia,q26,1056522,Centre Démocrate Humaniste (CDH),Parti Social Chrétien — Centre démocrate humaniste,633,link,answer
2009,BE,Wallonia,q26,1056710,Front National (FN),Front National,191,name,answer
2009,BE,Wallonia,q26b,20,[OTHER (open answer recorded)],other,,special,answer
2009,BE,Wallonia,q26b,77,[REFUSED],refused,,special,answer
2009,BE,Wallonia,q26b,88,[DK],dont-know,,special,answer
2009,BE,Wallonia,q26b,94,[voted blank ],blank-invalid,,special,answer
2009,BE,Wallonia,q26b,95,[spoiled vote],blank-invalid,,special,answer
2009,BE,Wallonia,q26b,96,[did not vote],did-not-vote,,special,answer
2009,BE,Wallonia,q26b,1056111,Écologistes (ECOLO),Écologistes Confédérés pour l'organisation de luttes originales,1563,link,answer
2009,BE,Wallonia,q26b,1056322,Parti Socialiste (PS),Parti Socialiste,500,link,answer
2009,BE,Wallonia,q26b,1056427,Mouvement Réformateur (MR),Mouvement Réformateur,789,link,answer
2009,BE,Wallonia,q26b,1056522,Centre Démocrate Humaniste (CDH),Parti Social Chrétien — Centre démocrate humaniste,633,link,answer
2009,BE,Wallonia,q26b,1056600,Lijst Dedecker (LDD),"Lijst Dedecker / Libertair, Direct, Democratisch",43,name,answer
2009,BE,Wallonia,q26b,1056710,Front National (FN),Front National,191,name,answer
2009,BE,Wallonia,q26b,1056711,Vlaams Belang,Vlaams Belang,1968,hand,answer
2009,BE,Wallonia,q26b,1056913,N-VA,Nieuw-Vlaamse Alliantie,36,link,answer
2009,BE,Wallonia,q27,20,[OTHER (open answer recorded)],other,,special,answer
2009,BE,Wallonia,q27,77,[REFUSED],refused,,special,answer
2009,BE,Wallonia,q27,88,[DK],dont-know,,special,answer
2009,BE,Wallonia,q27,93,[Was not eligible/old enough],not-eligible,,special,answer
2009,BE,Wallonia,q27,94,[voted blank ],blank-invalid,,special,answer
2009,BE,Wallonia,q27,95,[spoiled vote],blank-invalid,,special,answer
2009,BE,Wallonia,q27,96,[did not vote],did-not-vote,,special,answer
2009,BE,Wallonia,q27,1056111,Écologistes (ECOLO),Écologistes Confédérés pour l'organisation de luttes originales,1563,link,answer
2009,BE,Wallonia,q27,1056322,Parti Socialiste (PS),Parti Socialiste,500,link,answer
2009,BE,Wallonia,q27,1056421,Open VLD,Partij voor Vrijheid en Vooruitgang — Open Vlaamse Liberalen en Democraten,49,link,answer
2009,BE,Wallonia,q27,1056427,Mouvement Réformateur (MR),Mouvement Réformateur,789,link,answer
2009,BE,Wallonia,q27,1056522,Centre Démocrate Humaniste (CDH),Parti Social Chrétien — Centre démocrate humaniste,633,link,answer
2009,BE,Wallonia,q27,1056710,Front National (FN),Front National,191,name,answer
2009,BE,Wallonia,q27,1056913,N-VA,Nieuw-Vlaamse Alliantie,36,link,answer
2009,BE,Wallonia,q28,20,[OTHER (open answer recorded)],other,,special,answer
2009,BE,Wallonia,q28,77,[REFUSED],refused,,special,answer
2009,BE,Wallonia,q28,88,[DK],dont-know,,special,answer
2009,BE,Wallonia,q28,94,[would vote blank],blank-invalid,,special,answer
2009,BE,Wallonia,q28,95,[would spoil vote],blank-invalid,,special,answer
2009,BE,Wallonia,q28,96,[would not vote],did-not-vote,,special,answer
2009,BE,Wallonia,q28,1056111,Écologistes (ECOLO),Écologistes Confédérés pour l'organisation de luttes originales,1563,link,answer
2009,BE,Wallonia,q28,1056222,Parti du Travail de Belgique,Partij van de Arbeid van België — Parti du Travail de Belgique,1753,name,answer
2009,BE,Wallonia,q28,1056322,Parti Socialiste (PS),Parti Socialiste,500,link,answer
2009,BE,Wallonia,q28,1056427,Mouvement Réformateur (MR),Mouvement Réformateur,789,link,answer
2009,BE,Wallonia,q28,1056522,Centre Démocrate Humaniste (CDH),Parti Social Chrétien — Centre démocrate humaniste,633,link,answer
2009,BE,Wallonia,q28,1056710,Front National (FN),Front National,191,name,answer
2009,BE,Wallonia,q39_p1,1056522,Centre Démocrate Humaniste (CDH),Parti Social Chrétien — Centre démocrate humaniste,633,link,battery
2009,BE,Wallonia,q39_p2,1056427,Mouvement Réformateur (MR),Mouvement Réformateur,789,link,battery
2009,BE,Wallonia,q39_p3,1056322,Parti Socialiste (PS),Parti Socialiste,500,link,battery
2009,BE,Wallonia,q39_p4,1056710,Front National (FN),Front National,191,name,battery
2009,BE,Wallonia,q39_p5,1056111,Écologistes (ECOLO),Écologistes Confédérés pour l'organisation de luttes originales,1563,link,battery
2009,BE,Wallonia,q4,20,[OTHER (open answer recorded)],other,,special,answer
2009,BE,Wallonia,q4,66,[NONE],none,,special,answer
2009,BE,Wallonia,q4,77,[REFUSED],refused,,special,answer
2009,BE,Wallonia,q4,88,[DK],dont-know,,special,answer
2009,BE,Wallonia,q4,99,[NAP],,,special,answer
2009,BE,Wallonia,q4,1056111,Écologistes (ECOLO),Écologistes Confédérés pour l'organisation de luttes originales,1563,link,answer
2009,BE,Wallonia,q4,1056222,Parti du Travail de Belgique,Partij van de Arbeid van België — Parti du Travail de Belgique,1753,name,answer
2009,BE,Wallonia,q4,1056322,Parti Socialiste (PS),Parti Socialiste,500,link,answer
2009,BE,Wallonia,q4,1056427,Mouvement Réformateur (MR),Mouvement Réformateur,789,link,answer
2009,BE,Wallonia,q4,1056522,Centre Démocrate Humaniste (CDH),Parti Social Chrétien — Centre démocrate humaniste,633,link,answer
2009,BE,Wallonia,q4,1056710,Front National (FN),Front National,191,name,answer
2009,BE,Wallonia,q47_p1,1056522,Centre Démocrate Humaniste (CDH),Parti Social Chrétien — Centre démocrate humaniste,633,link,battery
2009,BE,Wallonia,q47_p2,1056427,Mouvement Réformateur (MR),Mouvement Réformateur,789,link,battery
2009,BE,Wallonia,q47_p3,1056322,Parti Socialiste (PS),Parti Socialiste,500,link,battery
2009,BE,Wallonia,q47_p4,1056710,Front National (FN),Front National,191,name,battery
2009,BE,Wallonia,q47_p5,1056111,Écologistes (ECOLO),Écologistes Confédérés pour l'organisation de luttes originales,1563,link,battery
2009,BE,Wallonia,q81_p1,1056522,Centre Démocrate Humaniste (CDH),Parti Social Chrétien — Centre démocrate humaniste,633,link,battery
2009,BE,Wallonia,q81_p2,1056427,Mouvement Réformateur (MR),Mouvement Réformateur,789,link,battery
2009,BE,Wallonia,q81_p3,1056322,Parti Socialiste (PS),Parti Socialiste,500,link,battery
2009,BE,Wallonia,q81_p4,1056710,Front National (FN),Front National,191,name,battery
2009,BE,Wallonia,q81_p5,1056111,Écologistes (ECOLO),Écologistes Confédérés pour l'organisation de luttes originales,1563,link,battery
2009,BE,Wallonia,q87,0,"no, does not feel close to any party",none,,special,answer
2009,BE,Wallonia,q87,20,[OTHER (open answer recorded)],other,,special,answer
2009,BE,Wallonia,q87,77,[REFUSED],refused,,special,answer
2009,BE,Wallonia,q87,88,[DK],dont-know,,special,answer
2009,BE,Wallonia,q87,1056111,Écologistes (ECOLO),Écologistes Confédérés pour l'organisation de luttes originales,1563,link,answer
2009,BE,Wallonia,q87,1056322,Parti Socialiste (PS),Parti Socialiste,500,link,answer
2009,BE,Wallonia,q87,1056421,Open VLD,Partij voor Vrijheid en Vooruitgang — Open Vlaamse Liberalen en Democraten,49,link,answer
2009,BE,Wallonia,q87,1056427,Mouvement Réformateur (MR),Mouvement Réformateur,789,link,answer
2009,BE,Wallonia,q87,1056522,Centre Démocrate Humaniste (CDH),Parti Social Chrétien — Centre démocrate humaniste,633,link,answer
2009,BE,Wallonia,q87,1056710,Front National (FN),Front National,191,name,answer
2009,BE,Wallonia,q90,77,[REFUSED],refused,,special,answer
2009,BE,Wallonia,q90,98,[UNAVAILABLE],,,special,answer
2009,BE,Wallonia,q90,1056111,Écologistes (ECOLO),Écologistes Confédérés pour l'organisation de luttes originales,1563,link,answer
2009,BE,Wallonia,q90,1056322,Parti Socialiste (PS),Parti Socialiste,500,link,answer
2009,BE,Wallonia,q90,1056427,Mouvement Réformateur (MR),Mouvement Réformateur,789,link,answer
2009,BE,Wallonia,q90,1056522,Centre Démocrate Humaniste (CDH),Parti Social Chrétien — Centre démocrate humaniste,633,link,answer
2009,BG,,q25,20,[OTHER (open answer recorded)],other,,special,answer
2009,BG,,q25,77,[REFUSED],refused,,special,answer
2009,BG,,q25,88,[DK],dont-know,,special,answer
2009,BG,,q25,94,[voted blank ],blank-invalid,,special,answer
2009,BG,,q25,96,[did not vote],did-not-vote,,special,answer
2009,BG,,q25,99,[NAP],,,special,answer
2009,BG,,q25,1100001,Синята Коалиция (SDS-DSB),Obedineni Demokratichni Sili,1183,link,answer
2009,BG,,q25,1100002,Движение Напред,Движение Напред [og],,hand,answer
2009,BG,,q25,1100003,ЛИДЕР,Lider,265,hand,answer
2009,BG,,q25,1100090,Novoto Vreme,Hoboto Bpeme,2022,name,answer
2009,BG,,q25,1100190,Зелените,Зелените [og],,hand,answer
2009,BG,,q25,1100300,Коалиция за България (BSP),Koalicija za Balgarija — BSP za Bŭlgariya,1665,link,answer
2009,BG,,q25,1100400,НДСВ - Национално движение за стабилност и възход,Nacionalno dviženie (Simeon Vtori) za stabilnost i văzhod,374,hand,answer
2009,BG,,q25,1100600,ГЕРБ - Граждани за европейско развитие на България,Grazhdani za evropeysko razvitie na Balgariya,760,hand,answer
2009,BG,,q25,1100601,Ред  законност и справедливост,"Red, zakonnost i spravedlivost",272,hand,answer
2009,BG,,q25,1100700,Национален съюз Атака,Natsionalen Sǎyuz Ataka,1793,hand,answer
2009,BG,,q25,1100900,ДПС - Движение за права и свободи,Dvizhenie za prava i svobodi,982,hand,answer
2009,BG,,q26,20,[OTHER (open answer recorded)],other,,special,answer
2009,BG,,q26,77,[REFUSED],refused,,special,answer
2009,BG,,q26,88,[DK],dont-know,,special,answer
2009,BG,,q26,94,[would have voted blank ],blank-invalid,,special,answer
2009,BG,,q26,95,[would have spoiled vote],blank-invalid,,special,answer
2009,BG,,q26,96,[would have not vote],did-not-vote,,special,answer
2009,BG,,q26,99,[NAP],,,special,answer
2009,BG,,q26,1100001,Синята Коалиция (SDS-DSB),Obedineni Demokratichni Sili,1183,link,answer
2009,BG,,q26,1100002,Движение Напред,Движение Напред [og],,hand,answer
2009,BG,,q26,1100003,ЛИДЕР,Lider,265,hand,answer
2009,BG,,q26,1100300,Коалиция за България (BSP),Koalicija za Balgarija — BSP za Bŭlgariya,1665,link,answer
2009,BG,,q26,1100400,НДСВ - Национално движение за стабилност и възход,Nacionalno dviženie (Simeon Vtori) za stabilnost i văzhod,374,hand,answer
2009,BG,,q26,1100600,ГЕРБ - Граждани за европейско развитие на България,Grazhdani za evropeysko razvitie na Balgariya,760,hand,answer
2009,BG,,q26,1100601,Ред  законност и справедливост,"Red, zakonnost i spravedlivost",272,hand,answer
2009,BG,,q26,1100700,Национален съюз Атака,Natsionalen Sǎyuz Ataka,1793,hand,answer
2009,BG,,q26,1100900,ДПС - Движение за права и свободи,Dvizhenie za prava i svobodi,982,hand,answer
2009,BG,,q26b,99,[NAP],,,special,answer
2009,BG,,q27,20,[OTHER (open answer recorded)],other,,special,answer
2009,BG,,q27,77,[REFUSED],refused,,special,answer
2009,BG,,q27,88,[DK],dont-know,,special,answer
2009,BG,,q27,93,[Was not eligible/old enough],not-eligible,,special,answer
2009,BG,,q27,94,[voted blank ],blank-invalid,,special,answer
2009,BG,,q27,96,[did not vote],did-not-vote,,special,answer
2009,BG,,q27,1100001,Синята Коалиция (SDS-DSB),Obedineni Demokratichni Sili,1183,link,answer
2009,BG,,q27,1100005,Обединени Демократични Сили,Obedineni Demokratichni Sili,1183,hand,answer
2009,BG,,q27,1100190,Зелените,Зелените [og],,hand,answer
2009,BG,,q27,1100300,Коалиция за България (BSP),Koalicija za Balgarija — BSP za Bŭlgariya,1665,link,answer
2009,BG,,q27,1100400,НДСВ - Национално движение за стабилност и възход,Nacionalno dviženie (Simeon Vtori) za stabilnost i văzhod,374,hand,answer
2009,BG,,q27,1100600,ГЕРБ - Граждани за европейско развитие на България,Grazhdani za evropeysko razvitie na Balgariya,760,hand,answer
2009,BG,,q27,1100601,Ред  законност и справедливост,"Red, zakonnost i spravedlivost",272,hand,answer
2009,BG,,q27,1100602,ОБП - Обединение на българските патриоти,ОБП - Обединение на българските патриоти [og],,hand,answer
2009,BG,,q27,1100700,Национален съюз Атака,Natsionalen Sǎyuz Ataka,1793,hand,answer
2009,BG,,q27,1100790,Българско национално движение ВМРО,VMRO — Bulgarsko Natsionalno Dvizhenie,2056,hand,answer
2009,BG,,q27,1100800,Български Народен Съюз,Balgarski Naroden Sajuz,263,hand,answer
2009,BG,,q27,1100900,ДПС - Движение за права и свободи,Dvizhenie za prava i svobodi,982,hand,answer
2009,BG,,q28,20,[OTHER (open answer recorded)],other,,special,answer
2009,BG,,q28,77,[REFUSED],refused,,special,answer
2009,BG,,q28,88,[DK],dont-know,,special,answer
2009,BG,,q28,94,[would vote blank],blank-invalid,,special,answer
2009,BG,,q28,95,[would spoil vote],blank-invalid,,special,answer
2009,BG,,q28,96,[would not vote],did-not-vote,,special,answer
2009,BG,,q28,1100001,Синята Коалиция (SDS-DSB),Obedineni Demokratichni Sili,1183,link,answer
2009,BG,,q28,1100002,Движение Напред,Движение Напред [og],,hand,answer
2009,BG,,q28,1100300,Коалиция за България (BSP),Koalicija za Balgarija — BSP za Bŭlgariya,1665,link,answer
2009,BG,,q28,1100400,НДСВ - Национално движение за стабилност и възход,Nacionalno dviženie (Simeon Vtori) za stabilnost i văzhod,374,hand,answer
2009,BG,,q28,1100600,ГЕРБ - Граждани за европейско развитие на България,Grazhdani za evropeysko razvitie na Balgariya,760,hand,answer
2009,BG,,q28,1100601,Ред  законност и справедливост,"Red, zakonnost i spravedlivost",272,hand,answer
2009,BG,,q28,1100700,Национален съюз Атака,Natsionalen Sǎyuz Ataka,1793,hand,answer
2009,BG,,q28,1100900,ДПС - Движение за права и свободи,Dvizhenie za prava i svobodi,982,hand,answer
2009,BG,,q39_p1,1100300,Коалиция за България (BSP),Koalicija za Balgarija — BSP za Bŭlgariya,1665,link,battery
2009,BG,,q39_p2,1100400,НДСВ - Национално движение за стабилност и възход,Nacionalno dviženie (Simeon Vtori) za stabilnost i văzhod,374,hand,battery
2009,BG,,q39_p3,1100900,ДПС - Движение за права и свободи,Dvizhenie za prava i svobodi,982,hand,battery
2009,BG,,q39_p4,1100700,Национален съюз Атака,Natsionalen Sǎyuz Ataka,1793,hand,battery
2009,BG,,q39_p5,1100600,ГЕРБ - Граждани за европейско развитие на България,Grazhdani za evropeysko razvitie na Balgariya,760,hand,battery
2009,BG,,q39_p6,1100001,Синята Коалиция (SDS-DSB),Obedineni Demokratichni Sili,1183,link,battery
2009,BG,,q39_p7,1100002,Движение Напред,Движение Напред [og],,hand,battery
2009,BG,,q39_p8,1100601,Ред  законност и справедливост,"Red, zakonnost i spravedlivost",272,hand,battery
2009,BG,,q4,20,[OTHER (open answer recorded)],other,,special,answer
2009,BG,,q4,66,[NONE],none,,special,answer
2009,BG,,q4,77,[REFUSED],refused,,special,answer
2009,BG,,q4,88,[DK],dont-know,,special,answer
2009,BG,,q4,99,[NAP],,,special,answer
2009,BG,,q4,1100001,Синята Коалиция (SDS-DSB),Obedineni Demokratichni Sili,1183,link,answer
2009,BG,,q4,1100002,Движение Напред,Движение Напред [og],,hand,answer
2009,BG,,q4,1100003,ЛИДЕР,Lider,265,hand,answer
2009,BG,,q4,1100005,Обединени Демократични Сили,Obedineni Demokratichni Sili,1183,hand,answer
2009,BG,,q4,1100190,Зелените,Зелените [og],,hand,answer
2009,BG,,q4,1100300,Коалиция за България (BSP),Koalicija za Balgarija — BSP za Bŭlgariya,1665,link,answer
2009,BG,,q4,1100400,НДСВ - Национално движение за стабилност и възход,Nacionalno dviženie (Simeon Vtori) za stabilnost i văzhod,374,hand,answer
2009,BG,,q4,1100600,ГЕРБ - Граждани за европейско развитие на България,Grazhdani za evropeysko razvitie na Balgariya,760,hand,answer
2009,BG,,q4,1100601,Ред  законност и справедливост,"Red, zakonnost i spravedlivost",272,hand,answer
2009,BG,,q4,1100602,ОБП - Обединение на българските патриоти,ОБП - Обединение на българските патриоти [og],,hand,answer
2009,BG,,q4,1100700,Национален съюз Атака,Natsionalen Sǎyuz Ataka,1793,hand,answer
2009,BG,,q4,1100800,Български Народен Съюз,Balgarski Naroden Sajuz,263,hand,answer
2009,BG,,q4,1100900,ДПС - Движение за права и свободи,Dvizhenie za prava i svobodi,982,hand,answer
2009,BG,,q47_p1,1100300,Коалиция за България (BSP),Koalicija za Balgarija — BSP za Bŭlgariya,1665,link,battery
2009,BG,,q47_p2,1100400,НДСВ - Национално движение за стабилност и възход,Nacionalno dviženie (Simeon Vtori) za stabilnost i văzhod,374,hand,battery
2009,BG,,q47_p3,1100900,ДПС - Движение за права и свободи,Dvizhenie za prava i svobodi,982,hand,battery
2009,BG,,q47_p4,1100700,Национален съюз Атака,Natsionalen Sǎyuz Ataka,1793,hand,battery
2009,BG,,q47_p5,1100600,ГЕРБ - Граждани за европейско развитие на България,Grazhdani za evropeysko razvitie na Balgariya,760,hand,battery
2009,BG,,q47_p6,1100001,Синята Коалиция (SDS-DSB),Obedineni Demokratichni Sili,1183,link,battery
2009,BG,,q47_p7,1100002,Движение Напред,Движение Напред [og],,hand,battery
2009,BG,,q47_p8,1100601,Ред  законност и справедливост,"Red, zakonnost i spravedlivost",272,hand,battery
2009,BG,,q81_p1,1100300,Коалиция за България (BSP),Koalicija za Balgarija — BSP za Bŭlgariya,1665,link,battery
2009,BG,,q81_p2,1100400,НДСВ - Национално движение за стабилност и възход,Nacionalno dviženie (Simeon Vtori) za stabilnost i văzhod,374,hand,battery
2009,BG,,q81_p3,1100900,ДПС - Движение за права и свободи,Dvizhenie za prava i svobodi,982,hand,battery
2009,BG,,q81_p4,1100700,Национален съюз Атака,Natsionalen Sǎyuz Ataka,1793,hand,battery
2009,BG,,q81_p5,1100600,ГЕРБ - Граждани за европейско развитие на България,Grazhdani za evropeysko razvitie na Balgariya,760,hand,battery
2009,BG,,q81_p6,1100001,Синята Коалиция (SDS-DSB),Obedineni Demokratichni Sili,1183,link,battery
2009,BG,,q81_p7,1100002,Движение Напред,Движение Напред [og],,hand,battery
2009,BG,,q81_p8,1100601,Ред  законност и справедливост,"Red, zakonnost i spravedlivost",272,hand,battery
2009,BG,,q87,0,"no, does not feel close to any party",none,,special,answer
2009,BG,,q87,20,[OTHER (open answer recorded)],other,,special,answer
2009,BG,,q87,77,[REFUSED],refused,,special,answer
2009,BG,,q87,88,[DK],dont-know,,special,answer
2009,BG,,q87,1100001,Синята Коалиция (SDS-DSB),Obedineni Demokratichni Sili,1183,link,answer
2009,BG,,q87,1100002,Движение Напред,Движение Напред [og],,hand,answer
2009,BG,,q87,1100003,ЛИДЕР,Lider,265,hand,answer
2009,BG,,q87,1100005,Обединени Демократични Сили,Obedineni Demokratichni Sili,1183,hand,answer
2009,BG,,q87,1100090,Novoto Vreme,Hoboto Bpeme,2022,name,answer
2009,BG,,q87,1100190,Зелените,Зелените [og],,hand,answer
2009,BG,,q87,1100300,Коалиция за България (BSP),Koalicija za Balgarija — BSP za Bŭlgariya,1665,link,answer
2009,BG,,q87,1100400,НДСВ - Национално движение за стабилност и възход,Nacionalno dviženie (Simeon Vtori) za stabilnost i văzhod,374,hand,answer
2009,BG,,q87,1100600,ГЕРБ - Граждани за европейско развитие на България,Grazhdani za evropeysko razvitie na Balgariya,760,hand,answer
2009,BG,,q87,1100601,Ред  законност и справедливост,"Red, zakonnost i spravedlivost",272,hand,answer
2009,BG,,q87,1100602,ОБП - Обединение на българските патриоти,ОБП - Обединение на българските патриоти [og],,hand,answer
2009,BG,,q87,1100700,Национален съюз Атака,Natsionalen Sǎyuz Ataka,1793,hand,answer
2009,BG,,q87,1100900,ДПС - Движение за права и свободи,Dvizhenie za prava i svobodi,982,hand,answer
2009,BG,,q90,20,[OTHER (open answer recorded)],other,,special,answer
2009,BG,,q90,77,[REFUSED],refused,,special,answer
2009,BG,,q90,99,[NAP],,,special,answer
2009,BG,,q90,1100001,Синята Коалиция (SDS-DSB),Obedineni Demokratichni Sili,1183,link,answer
2009,BG,,q90,1100300,Коалиция за България (BSP),Koalicija za Balgarija — BSP za Bŭlgariya,1665,link,answer
2009,BG,,q90,1100400,НДСВ - Национално движение за стабилност и възход,Nacionalno dviženie (Simeon Vtori) za stabilnost i văzhod,374,hand,answer
2009,BG,,q90,1100600,ГЕРБ - Граждани за европейско развитие на България,Grazhdani za evropeysko razvitie na Balgariya,760,hand,answer
2009,BG,,q90,1100601,Ред  законност и справедливост,"Red, zakonnost i spravedlivost",272,hand,answer
2009,BG,,q90,1100700,Национален съюз Атака,Natsionalen Sǎyuz Ataka,1793,hand,answer
2009,BG,,q90,1100900,ДПС - Движение за права и свободи,Dvizhenie za prava i svobodi,982,hand,answer
2009,CZ,,q25,20,[OTHER (open answer recorded)],other,,special,answer
2009,CZ,,q25,77,[REFUSED],refused,,special,answer
2009,CZ,,q25,88,[DK],dont-know,,special,answer
2009,CZ,,q25,99,[NAP],,,special,answer
2009,CZ,,q25,1203037,Strana svobodnych obcanu,Strana svobodných občanů,254,name,answer
2009,CZ,,q25,1203038,Libertas.cz,Libertas.cz [og],,hand,answer
2009,CZ,,q25,1203110,SZ (Strana zelených),Strana zelených,1554,link,answer
2009,CZ,,q25,1203220,KSCM,Komunistická strana Cech a Moravy,1728,link,answer
2009,CZ,,q25,1203320,CSSD,Česká strana sociálně demokratická,177,link,answer
2009,CZ,,q25,1203323,EDS,Evropská demokratická strana,165,name,answer
2009,CZ,,q25,1203413,ODS,Občanská demokratická strana,466,link,answer
2009,CZ,,q25,1203523,KDU-CSL,Křesťanská a demokratická unie / Československá strana lidová,676,link,answer
2009,CZ,,q25,1203790,Národní strana,Národní strana [og],,hand,answer
2009,CZ,,q26,20,[OTHER (open answer recorded)],other,,special,answer
2009,CZ,,q26,77,[REFUSED],refused,,special,answer
2009,CZ,,q26,88,[DK],dont-know,,special,answer
2009,CZ,,q26,94,[would have voted blank ],blank-invalid,,special,answer
2009,CZ,,q26,95,[would have spoiled vote],blank-invalid,,special,answer
2009,CZ,,q26,96,[would have not vote],did-not-vote,,special,answer
2009,CZ,,q26,99,[NAP],,,special,answer
2009,CZ,,q26,1203110,SZ (Strana zelených),Strana zelených,1554,link,answer
2009,CZ,,q26,1203220,KSCM,Komunistická strana Cech a Moravy,1728,link,answer
2009,CZ,,q26,1203320,CSSD,Česká strana sociálně demokratická,177,link,answer
2009,CZ,,q26,1203413,ODS,Občanská demokratická strana,466,link,answer
2009,CZ,,q26,1203523,KDU-CSL,Křesťanská a demokratická unie / Československá strana lidová,676,link,answer
2009,CZ,,q26,1203790,Národní strana,Národní strana [og],,hand,answer
2009,CZ,,q26b,99,[NAP],,,special,answer
2009,CZ,,q27,20,[OTHER (open answer recorded)],other,,special,answer
2009,CZ,,q27,77,[REFUSED],refused,,special,answer
2009,CZ,,q27,88,[DK],dont-know,,special,answer
2009,CZ,,q27,93,[Was not eligible/old enough],not-eligible,,special,answer
2009,CZ,,q27,94,[voted blank ],blank-invalid,,special,answer
2009,CZ,,q27,96,[did not vote],did-not-vote,,special,answer
2009,CZ,,q27,1203110,SZ (Strana zelených),Strana zelených,1554,link,answer
2009,CZ,,q27,1203220,KSCM,Komunistická strana Cech a Moravy,1728,link,answer
2009,CZ,,q27,1203320,CSSD,Česká strana sociálně demokratická,177,link,answer
2009,CZ,,q27,1203413,ODS,Občanská demokratická strana,466,link,answer
2009,CZ,,q27,1203523,KDU-CSL,Křesťanská a demokratická unie / Československá strana lidová,676,link,answer
2009,CZ,,q28,20,[OTHER (open answer recorded)],other,,special,answer
2009,CZ,,q28,77,[REFUSED],refused,,special,answer
2009,CZ,,q28,88,[DK],dont-know,,special,answer
2009,CZ,,q28,94,[would vote blank],blank-invalid,,special,answer
2009,CZ,,q28,95,[would spoil vote],blank-invalid,,special,answer
2009,CZ,,q28,96,[would not vote],did-not-vote,,special,answer
2009,CZ,,q28,1203110,SZ (Strana zelených),Strana zelených,1554,link,answer
2009,CZ,,q28,1203220,KSCM,Komunistická strana Cech a Moravy,1728,link,answer
2009,CZ,,q28,1203320,CSSD,Česká strana sociálně demokratická,177,link,answer
2009,CZ,,q28,1203413,ODS,Občanská demokratická strana,466,link,answer
2009,CZ,,q28,1203523,KDU-CSL,Křesťanská a demokratická unie / Československá strana lidová,676,link,answer
2009,CZ,,q39_p1,1203320,CSSD,Česká strana sociálně demokratická,177,link,battery
2009,CZ,,q39_p2,1203523,KDU-CSL,Křesťanská a demokratická unie / Československá strana lidová,676,link,battery
2009,CZ,,q39_p3,1203220,KSCM,Komunistická strana Cech a Moravy,1728,link,battery
2009,CZ,,q39_p4,1203413,ODS,Občanská demokratická strana,466,link,battery
2009,CZ,,q39_p5,1203110,SZ (Strana zelených),Strana zelených,1554,link,battery
2009,CZ,,q4,20,[OTHER (open answer recorded)],other,,special,answer
2009,CZ,,q4,66,[NONE],none,,special,answer
2009,CZ,,q4,77,[REFUSED],refused,,special,answer
2009,CZ,,q4,88,[DK],dont-know,,special,answer
2009,CZ,,q4,99,[NAP],,,special,answer
2009,CZ,,q4,1203037,Strana svobodnych obcanu,Strana svobodných občanů,254,name,answer
2009,CZ,,q4,1203038,Libertas.cz,Libertas.cz [og],,hand,answer
2009,CZ,,q4,1203110,SZ (Strana zelených),Strana zelených,1554,link,answer
2009,CZ,,q4,1203220,KSCM,Komunistická strana Cech a Moravy,1728,link,answer
2009,CZ,,q4,1203320,CSSD,Česká strana sociálně demokratická,177,link,answer
2009,CZ,,q4,1203323,EDS,Evropská demokratická strana,165,name,answer
2009,CZ,,q4,1203413,ODS,Občanská demokratická strana,466,link,answer
2009,CZ,,q4,1203523,KDU-CSL,Křesťanská a demokratická unie / Československá strana lidová,676,link,answer
2009,CZ,,q4,1203790,Národní strana,Národní strana [og],,hand,answer
2009,CZ,,q47_p1,1203320,CSSD,Česká strana sociálně demokratická,177,link,battery
2009,CZ,,q47_p2,1203523,KDU-CSL,Křesťanská a demokratická unie / Československá strana lidová,676,link,battery
2009,CZ,,q47_p3,1203220,KSCM,Komunistická strana Cech a Moravy,1728,link,battery
2009,CZ,,q47_p4,1203413,ODS,Občanská demokratická strana,466,link,battery
2009,CZ,,q47_p5,1203110,SZ (Strana zelených),Strana zelených,1554,link,battery
2009,CZ,,q81_p1,1203320,CSSD,Česká strana sociálně demokratická,177,link,battery
2009,CZ,,q81_p2,1203523,KDU-CSL,Křesťanská a demokratická unie / Československá strana lidová,676,link,battery
2009,CZ,,q81_p3,1203220,KSCM,Komunistická strana Cech a Moravy,1728,link,battery
2009,CZ,,q81_p4,1203413,ODS,Občanská demokratická strana,466,link,battery
2009,CZ,,q81_p5,1203110,SZ (Strana zelených),Strana zelených,1554,link,battery
2009,CZ,,q87,0,"no, does not feel close to any party",none,,special,answer
2009,CZ,,q87,20,[OTHER (open answer recorded)],other,,special,answer
2009,CZ,,q87,77,[REFUSED],refused,,special,answer
2009,CZ,,q87,88,[DK],dont-know,,special,answer
2009,CZ,,q87,1203038,Libertas.cz,Libertas.cz [og],,hand,answer
2009,CZ,,q87,1203110,SZ (Strana zelených),Strana zelených,1554,link,answer
2009,CZ,,q87,1203220,KSCM,Komunistická strana Cech a Moravy,1728,link,answer
2009,CZ,,q87,1203320,CSSD,Česká strana sociálně demokratická,177,link,answer
2009,CZ,,q87,1203413,ODS,Občanská demokratická strana,466,link,answer
2009,CZ,,q87,1203523,KDU-CSL,Křesťanská a demokratická unie / Československá strana lidová,676,link,answer
2009,CZ,,q87,1203790,Národní strana,Národní strana [og],,hand,answer
2009,CZ,,q90,20,[OTHER (open answer recorded)],other,,special,answer
2009,CZ,,q90,77,[REFUSED],refused,,special,answer
2009,CZ,,q90,99,[NAP],,,special,answer
2009,CZ,,q90,1203110,SZ (Strana zelených),Strana zelených,1554,link,answer
2009,CZ,,q90,1203220,KSCM,Komunistická strana Cech a Moravy,1728,link,answer
2009,CZ,,q90,1203320,CSSD,Česká strana sociálně demokratická,177,link,answer
2009,CZ,,q90,1203413,ODS,Občanská demokratická strana,466,link,answer
2009,CZ,,q90,1203523,KDU-CSL,Křesťanská a demokratická unie / Československá strana lidová,676,link,answer
2009,DE,,q25,20,[OTHER (open answer recorded)],other,,special,answer
2009,DE,,q25,77,[REFUSED],refused,,special,answer
2009,DE,,q25,88,[DK],dont-know,,special,answer
2009,DE,,q25,94,[voted blank ],blank-invalid,,special,answer
2009,DE,,q25,95,[spoiled vote],blank-invalid,,special,answer
2009,DE,,q25,99,[NAP],,,special,answer
2009,DE,,q25,1276090,Piratenpartei Deutschland,Piratenpartei Deutschland,1287,name,answer
2009,DE,,q25,1276091,Die Grauen,Die Grauen — Graue Panther,1652,hand,answer
2009,DE,,q25,1276113,B90/Die Grünen,Bündnis 90 / Die Grünen,1816,link,answer
2009,DE,,q25,1276190,"Ökologisch-Demokratische Partei, ÖDP",Ökologisch-Demokratische Partei,7345,hand,answer
2009,DE,,q25,1276290,"Deutsche Kommunistische Partei, DKP",Kommunistische Partei Deutschlands,1135,name,answer
2009,DE,,q25,1276320,SPD,Sozialdemokratische Partei Deutschlands,383,link,answer
2009,DE,,q25,1276321,Linke,Die Linke,1545,link,answer
2009,DE,,q25,1276420,FDP,Freie Demokratische Partei,573,link,answer
2009,DE,,q25,1276521,CDU/CSU,Christlich Demokratische Union / Christlich Soziale Union,211,link,answer
2009,DE,,q25,1276635,Familie,Familie [og],,hand,answer
2009,DE,,q25,1276701,Die Republikaner (REP),Die Republikaner,720,name,answer
2009,DE,,q25,1276960,Die Tierschutzpartei (Tierschutz),Tierschutzpartei,749,hand,answer
2009,DE,,q26,20,[OTHER (open answer recorded)],other,,special,answer
2009,DE,,q26,77,[REFUSED],refused,,special,answer
2009,DE,,q26,88,[DK],dont-know,,special,answer
2009,DE,,q26,94,[would have voted blank ],blank-invalid,,special,answer
2009,DE,,q26,95,[would have spoiled vote],blank-invalid,,special,answer
2009,DE,,q26,96,[would have not vote],did-not-vote,,special,answer
2009,DE,,q26,99,[NAP],,,special,answer
2009,DE,,q26,1276090,Piratenpartei Deutschland,Piratenpartei Deutschland,1287,name,answer
2009,DE,,q26,1276091,Die Grauen,Die Grauen — Graue Panther,1652,hand,answer
2009,DE,,q26,1276092,Die Violetten - für spirituelle Politik,Die Violetten - für spirituelle Politik [og],,hand,answer
2009,DE,,q26,1276113,B90/Die Grünen,Bündnis 90 / Die Grünen,1816,link,answer
2009,DE,,q26,1276320,SPD,Sozialdemokratische Partei Deutschlands,383,link,answer
2009,DE,,q26,1276321,Linke,Die Linke,1545,link,answer
2009,DE,,q26,1276420,FDP,Freie Demokratische Partei,573,link,answer
2009,DE,,q26,1276521,CDU/CSU,Christlich Demokratische Union / Christlich Soziale Union,211,link,answer
2009,DE,,q26,1276960,Die Tierschutzpartei (Tierschutz),Tierschutzpartei,749,hand,answer
2009,DE,,q26b,99,[NAP],,,special,answer
2009,DE,,q27,20,[OTHER (open answer recorded)],other,,special,answer
2009,DE,,q27,77,[REFUSED],refused,,special,answer
2009,DE,,q27,88,[DK],dont-know,,special,answer
2009,DE,,q27,93,[Was not eligible/old enough],not-eligible,,special,answer
2009,DE,,q27,95,[spoiled vote],blank-invalid,,special,answer
2009,DE,,q27,96,[did not vote],did-not-vote,,special,answer
2009,DE,,q27,1276091,Die Grauen,Die Grauen — Graue Panther,1652,hand,answer
2009,DE,,q27,1276113,B90/Die Grünen,Bündnis 90 / Die Grünen,1816,link,answer
2009,DE,,q27,1276190,"Ökologisch-Demokratische Partei, ÖDP",Ökologisch-Demokratische Partei,7345,hand,answer
2009,DE,,q27,1276320,SPD,Sozialdemokratische Partei Deutschlands,383,link,answer
2009,DE,,q27,1276321,Linke,Die Linke,1545,link,answer
2009,DE,,q27,1276420,FDP,Freie Demokratische Partei,573,link,answer
2009,DE,,q27,1276521,CDU/CSU,Christlich Demokratische Union / Christlich Soziale Union,211,link,answer
2009,DE,,q27,1276590,"Bayernpartei, BP",Bayernpartei,61,name,answer
2009,DE,,q27,1276701,Die Republikaner (REP),Die Republikaner,720,name,answer
2009,DE,,q27,1276790,"Nationaldemokratische Partei Deutschlands, NPD",Nationaldemokratische Partei Deutschlands,1723,name,answer
2009,DE,,q28,20,[OTHER (open answer recorded)],other,,special,answer
2009,DE,,q28,77,[REFUSED],refused,,special,answer
2009,DE,,q28,88,[DK],dont-know,,special,answer
2009,DE,,q28,94,[would vote blank],blank-invalid,,special,answer
2009,DE,,q28,95,[would spoil vote],blank-invalid,,special,answer
2009,DE,,q28,96,[would not vote],did-not-vote,,special,answer
2009,DE,,q28,1276091,Die Grauen,Die Grauen — Graue Panther,1652,hand,answer
2009,DE,,q28,1276113,B90/Die Grünen,Bündnis 90 / Die Grünen,1816,link,answer
2009,DE,,q28,1276190,"Ökologisch-Demokratische Partei, ÖDP",Ökologisch-Demokratische Partei,7345,hand,answer
2009,DE,,q28,1276320,SPD,Sozialdemokratische Partei Deutschlands,383,link,answer
2009,DE,,q28,1276321,Linke,Die Linke,1545,link,answer
2009,DE,,q28,1276420,FDP,Freie Demokratische Partei,573,link,answer
2009,DE,,q28,1276521,CDU/CSU,Christlich Demokratische Union / Christlich Soziale Union,211,link,answer
2009,DE,,q28,1276590,"Bayernpartei, BP",Bayernpartei,61,name,answer
2009,DE,,q39_p1,1276521,CDU/CSU,Christlich Demokratische Union / Christlich Soziale Union,211,link,battery
2009,DE,,q39_p2,1276320,SPD,Sozialdemokratische Partei Deutschlands,383,link,battery
2009,DE,,q39_p3,1276113,B90/Die Grünen,Bündnis 90 / Die Grünen,1816,link,battery
2009,DE,,q39_p4,1276321,Linke,Die Linke,1545,link,battery
2009,DE,,q39_p5,1276420,FDP,Freie Demokratische Partei,573,link,battery
2009,DE,,q4,20,[OTHER (open answer recorded)],other,,special,answer
2009,DE,,q4,66,[NONE],none,,special,answer
2009,DE,,q4,77,[REFUSED],refused,,special,answer
2009,DE,,q4,88,[DK],dont-know,,special,answer
2009,DE,,q4,99,[NAP],,,special,answer
2009,DE,,q4,1276090,Piratenpartei Deutschland,Piratenpartei Deutschland,1287,name,answer
2009,DE,,q4,1276091,Die Grauen,Die Grauen — Graue Panther,1652,hand,answer
2009,DE,,q4,1276113,B90/Die Grünen,Bündnis 90 / Die Grünen,1816,link,answer
2009,DE,,q4,1276190,"Ökologisch-Demokratische Partei, ÖDP",Ökologisch-Demokratische Partei,7345,hand,answer
2009,DE,,q4,1276290,"Deutsche Kommunistische Partei, DKP",Kommunistische Partei Deutschlands,1135,name,answer
2009,DE,,q4,1276320,SPD,Sozialdemokratische Partei Deutschlands,383,link,answer
2009,DE,,q4,1276321,Linke,Die Linke,1545,link,answer
2009,DE,,q4,1276420,FDP,Freie Demokratische Partei,573,link,answer
2009,DE,,q4,1276521,CDU/CSU,Christlich Demokratische Union / Christlich Soziale Union,211,link,answer
2009,DE,,q4,1276590,"Bayernpartei, BP",Bayernpartei,61,name,answer
2009,DE,,q4,1276790,"Nationaldemokratische Partei Deutschlands, NPD",Nationaldemokratische Partei Deutschlands,1723,name,answer
2009,DE,,q47_p1,1276521,CDU/CSU,Christlich Demokratische Union / Christlich Soziale Union,211,link,battery
2009,DE,,q47_p2,1276320,SPD,Sozialdemokratische Partei Deutschlands,383,link,battery
2009,DE,,q47_p3,1276113,B90/Die Grünen,Bündnis 90 / Die Grünen,1816,link,battery
2009,DE,,q47_p4,1276321,Linke,Die Linke,1545,link,battery
2009,DE,,q47_p5,1276420,FDP,Freie Demokratische Partei,573,link,battery
2009,DE,,q81_p1,1276521,CDU/CSU,Christlich Demokratische Union / Christlich Soziale Union,211,link,battery
2009,DE,,q81_p2,1276320,SPD,Sozialdemokratische Partei Deutschlands,383,link,battery
2009,DE,,q81_p3,1276113,B90/Die Grünen,Bündnis 90 / Die Grünen,1816,link,battery
2009,DE,,q81_p4,1276321,Linke,Die Linke,1545,link,battery
2009,DE,,q81_p5,1276420,FDP,Freie Demokratische Partei,573,link,battery
2009,DE,,q87,0,"no, does not feel close to any party",none,,special,answer
2009,DE,,q87,20,[OTHER (open answer recorded)],other,,special,answer
2009,DE,,q87,77,[REFUSED],refused,,special,answer
2009,DE,,q87,88,[DK],dont-know,,special,answer
2009,DE,,q87,1276113,B90/Die Grünen,Bündnis 90 / Die Grünen,1816,link,answer
2009,DE,,q87,1276190,"Ökologisch-Demokratische Partei, ÖDP",Ökologisch-Demokratische Partei,7345,hand,answer
2009,DE,,q87,1276320,SPD,Sozialdemokratische Partei Deutschlands,383,link,answer
2009,DE,,q87,1276321,Linke,Die Linke,1545,link,answer
2009,DE,,q87,1276420,FDP,Freie Demokratische Partei,573,link,answer
2009,DE,,q87,1276521,CDU/CSU,Christlich Demokratische Union / Christlich Soziale Union,211,link,answer
2009,DE,,q87,1276790,"Nationaldemokratische Partei Deutschlands, NPD",Nationaldemokratische Partei Deutschlands,1723,name,answer
2009,DE,,q90,20,[OTHER (open answer recorded)],other,,special,answer
2009,DE,,q90,77,[REFUSED],refused,,special,answer
2009,DE,,q90,88,[DK],dont-know,,special,answer
2009,DE,,q90,99,[NAP],,,special,answer
2009,DE,,q90,1276090,Piratenpartei Deutschland,Piratenpartei Deutschland,1287,name,answer
2009,DE,,q90,1276113,B90/Die Grünen,Bündnis 90 / Die Grünen,1816,link,answer
2009,DE,,q90,1276290,"Deutsche Kommunistische Partei, DKP",Kommunistische Partei Deutschlands,1135,name,answer
2009,DE,,q90,1276320,SPD,Sozialdemokratische Partei Deutschlands,383,link,answer
2009,DE,,q90,1276321,Linke,Die Linke,1545,link,answer
2009,DE,,q90,1276420,FDP,Freie Demokratische Partei,573,link,answer
2009,DE,,q90,1276521,CDU/CSU,Christlich Demokratische Union / Christlich Soziale Union,211,link,answer
2009,DE,,q90,1276590,"Bayernpartei, BP",Bayernpartei,61,name,answer
2009,DK,,q25,20,[OTHER (open answer recorded)],other,,special,answer
2009,DK,,q25,77,[REFUSED],refused,,special,answer
2009,DK,,q25,88,[DK],dont-know,,special,answer
2009,DK,,q25,94,[voted blank ],blank-invalid,,special,answer
2009,DK,,q25,96,[did not vote],did-not-vote,,special,answer
2009,DK,,q25,99,[NAP],,,special,answer
2009,DK,,q25,1208230,"Socialistisk Folkeparti, SF",Socialistisk Folkeparti,329,name,answer
2009,DK,,q25,1208320,Socialdemokraterne,Socialdemokraterne,379,link,answer
2009,DK,,q25,1208410,Det Radikale Venstre,Det Radikale Venstre,1507,name,answer
2009,DK,,q25,1208420,Venstre,Venstre,1204,link,answer
2009,DK,,q25,1208421,Liberal Alliance,[Ny] Liberal Alliance,212,link,answer
2009,DK,,q25,1208490,Fremskridtspartiet,Fremskridtspartiet,1601,name,answer
2009,DK,,q25,1208620,De Konservative Folkepartiet,Konservative Folkeparti,536,link,answer
2009,DK,,q25,1208720,Dansk Folkeparti,Dansk Folkeparti,1022,link,answer
2009,DK,,q25,1208954,Folkebevægelsen mod EU,Folkebevægelsen mod EU,333,link,answer
2009,DK,,q25,1208955,JuniBevægelsen,JuniBevægelsen,1421,name,answer
2009,DK,,q26,88,[DK],dont-know,,special,answer
2009,DK,,q26,94,[would have voted blank ],blank-invalid,,special,answer
2009,DK,,q26,96,[would have not vote],did-not-vote,,special,answer
2009,DK,,q26,99,[NAP],,,special,answer
2009,DK,,q26,1208230,"Socialistisk Folkeparti, SF",Socialistisk Folkeparti,329,name,answer
2009,DK,,q26,1208320,Socialdemokraterne,Socialdemokraterne,379,link,answer
2009,DK,,q26,1208410,Det Radikale Venstre,Det Radikale Venstre,1507,name,answer
2009,DK,,q26,1208420,Venstre,Venstre,1204,link,answer
2009,DK,,q26,1208620,De Konservative Folkepartiet,Konservative Folkeparti,536,link,answer
2009,DK,,q26,1208720,Dansk Folkeparti,Dansk Folkeparti,1022,link,answer
2009,DK,,q26,1208954,Folkebevægelsen mod EU,Folkebevægelsen mod EU,333,link,answer
2009,DK,,q26,1208955,JuniBevægelsen,JuniBevægelsen,1421,name,answer
2009,DK,,q26b,99,[NAP],,,special,answer
2009,DK,,q27,20,[OTHER (open answer recorded)],other,,special,answer
2009,DK,,q27,77,[REFUSED],refused,,special,answer
2009,DK,,q27,88,[DK],dont-know,,special,answer
2009,DK,,q27,93,[Was not eligible/old enough],not-eligible,,special,answer
2009,DK,,q27,94,[voted blank ],blank-invalid,,special,answer
2009,DK,,q27,95,[spoiled vote],blank-invalid,,special,answer
2009,DK,,q27,96,[did not vote],did-not-vote,,special,answer
2009,DK,,q27,1208230,"Socialistisk Folkeparti, SF",Socialistisk Folkeparti,329,name,answer
2009,DK,,q27,1208290,Enhedslisten,Enhedslisten / De Rød-Grønne,1527,name,answer
2009,DK,,q27,1208320,Socialdemokraterne,Socialdemokraterne,379,link,answer
2009,DK,,q27,1208410,Det Radikale Venstre,Det Radikale Venstre,1507,name,answer
2009,DK,,q27,1208420,Venstre,Venstre,1204,link,answer
2009,DK,,q27,1208421,Liberal Alliance,[Ny] Liberal Alliance,212,link,answer
2009,DK,,q27,1208620,De Konservative Folkepartiet,Konservative Folkeparti,536,link,answer
2009,DK,,q27,1208720,Dansk Folkeparti,Dansk Folkeparti,1022,link,answer
2009,DK,,q27,1208954,Folkebevægelsen mod EU,Folkebevægelsen mod EU,333,link,answer
2009,DK,,q28,20,[OTHER (open answer recorded)],other,,special,answer
2009,DK,,q28,77,[REFUSED],refused,,special,answer
2009,DK,,q28,88,[DK],dont-know,,special,answer
2009,DK,,q28,94,[would vote blank],blank-invalid,,special,answer
2009,DK,,q28,96,[would not vote],did-not-vote,,special,answer
2009,DK,,q28,1208230,"Socialistisk Folkeparti, SF",Socialistisk Folkeparti,329,name,answer
2009,DK,,q28,1208290,Enhedslisten,Enhedslisten / De Rød-Grønne,1527,name,answer
2009,DK,,q28,1208320,Socialdemokraterne,Socialdemokraterne,379,link,answer
2009,DK,,q28,1208410,Det Radikale Venstre,Det Radikale Venstre,1507,name,answer
2009,DK,,q28,1208420,Venstre,Venstre,1204,link,answer
2009,DK,,q28,1208421,Liberal Alliance,[Ny] Liberal Alliance,212,link,answer
2009,DK,,q28,1208620,De Konservative Folkepartiet,Konservative Folkeparti,536,link,answer
2009,DK,,q28,1208720,Dansk Folkeparti,Dansk Folkeparti,1022,link,answer
2009,DK,,q39_p1,1208320,Socialdemokraterne,Socialdemokraterne,379,link,battery
2009,DK,,q39_p2,1208410,Det Radikale Venstre,Det Radikale Venstre,1507,name,battery
2009,DK,,q39_p3,1208620,De Konservative Folkepartiet,Konservative Folkeparti,536,link,battery
2009,DK,,q39_p4,,Socialist Peoples Party,Socialistisk Folkeparti,329,name,battery
2009,DK,,q39_p5,1208720,Dansk Folkeparti,Dansk Folkeparti,1022,link,battery
2009,DK,,q39_p6,1208420,Venstre,Venstre,1204,link,battery
2009,DK,,q39_p7,1208421,Liberal Alliance,[Ny] Liberal Alliance,212,link,battery
2009,DK,,q39_p8,1208055,Junibevægelsen,JuniBevægelsen,1421,name,battery
2009,DK,,q4,20,[OTHER (open answer recorded)],other,,special,answer
2009,DK,,q4,66,[NONE],none,,special,answer
2009,DK,,q4,88,[DK],dont-know,,special,answer
2009,DK,,q4,99,[NAP],,,special,answer
2009,DK,,q4,1208230,"Socialistisk Folkeparti, SF",Socialistisk Folkeparti,329,name,answer
2009,DK,,q4,1208290,Enhedslisten,Enhedslisten / De Rød-Grønne,1527,name,answer
2009,DK,,q4,1208320,Socialdemokraterne,Socialdemokraterne,379,link,answer
2009,DK,,q4,1208410,Det Radikale Venstre,Det Radikale Venstre,1507,name,answer
2009,DK,,q4,1208420,Venstre,Venstre,1204,link,answer
2009,DK,,q4,1208421,Liberal Alliance,[Ny] Liberal Alliance,212,link,answer
2009,DK,,q4,1208490,Fremskridtspartiet,Fremskridtspartiet,1601,name,answer
2009,DK,,q4,1208620,De Konservative Folkepartiet,Konservative Folkeparti,536,link,answer
2009,DK,,q4,1208720,Dansk Folkeparti,Dansk Folkeparti,1022,link,answer
2009,DK,,q4,1208954,Folkebevægelsen mod EU,Folkebevægelsen mod EU,333,link,answer
2009,DK,,q47_p1,1208320,Socialdemokraterne,Socialdemokraterne,379,link,battery
2009,DK,,q47_p2,1208410,Det Radikale Venstre,Det Radikale Venstre,1507,name,battery
2009,DK,,q47_p3,1208620,De Konservative Folkepartiet,Konservative Folkeparti,536,link,battery
2009,DK,,q47_p4,,Socialist Peoples Party,Socialistisk Folkeparti,329,name,battery
2009,DK,,q47_p5,1208720,Dansk Folkeparti,Dansk Folkeparti,1022,link,battery
2009,DK,,q47_p6,1208420,Venstre,Venstre,1204,link,battery
2009,DK,,q47_p7,1208421,Liberal Alliance,[Ny] Liberal Alliance,212,link,battery
2009,DK,,q47_p8,1208055,Junibevægelsen,JuniBevægelsen,1421,name,battery
2009,DK,,q81_p1,1208320,Socialdemokraterne,Socialdemokraterne,379,link,battery
2009,DK,,q81_p2,1208410,Det Radikale Venstre,Det Radikale Venstre,1507,name,battery
2009,DK,,q81_p3,1208620,De Konservative Folkepartiet,Konservative Folkeparti,536,link,battery
2009,DK,,q81_p4,,Socialist Peoples Party,Socialistisk Folkeparti,329,name,battery
2009,DK,,q81_p5,1208720,Dansk Folkeparti,Dansk Folkeparti,1022,link,battery
2009,DK,,q81_p6,1208420,Venstre,Venstre,1204,link,battery
2009,DK,,q81_p7,1208421,Liberal Alliance,[Ny] Liberal Alliance,212,link,battery
2009,DK,,q81_p8,1208055,Junibevægelsen,JuniBevægelsen,1421,name,battery
2009,DK,,q87,0,"no, does not feel close to any party",none,,special,answer
2009,DK,,q87,77,[REFUSED],refused,,special,answer
2009,DK,,q87,88,[DK],dont-know,,special,answer
2009,DK,,q87,1208230,"Socialistisk Folkeparti, SF",Socialistisk Folkeparti,329,name,answer
2009,DK,,q87,1208290,Enhedslisten,Enhedslisten / De Rød-Grønne,1527,name,answer
2009,DK,,q87,1208320,Socialdemokraterne,Socialdemokraterne,379,link,answer
2009,DK,,q87,1208410,Det Radikale Venstre,Det Radikale Venstre,1507,name,answer
2009,DK,,q87,1208420,Venstre,Venstre,1204,link,answer
2009,DK,,q87,1208421,Liberal Alliance,[Ny] Liberal Alliance,212,link,answer
2009,DK,,q87,1208590,Kristendemokraterne,Kristeligt Folkeparti / Kristendemokraterne,53,name,answer
2009,DK,,q87,1208620,De Konservative Folkepartiet,Konservative Folkeparti,536,link,answer
2009,DK,,q87,1208720,Dansk Folkeparti,Dansk Folkeparti,1022,link,answer
2009,DK,,q90,77,[REFUSED],refused,,special,answer
2009,DK,,q90,88,[DK],dont-know,,special,answer
2009,DK,,q90,99,[NAP],,,special,answer
2009,DK,,q90,1208230,"Socialistisk Folkeparti, SF",Socialistisk Folkeparti,329,name,answer
2009,DK,,q90,1208290,Enhedslisten,Enhedslisten / De Rød-Grønne,1527,name,answer
2009,DK,,q90,1208320,Socialdemokraterne,Socialdemokraterne,379,link,answer
2009,DK,,q90,1208410,Det Radikale Venstre,Det Radikale Venstre,1507,name,answer
2009,DK,,q90,1208420,Venstre,Venstre,1204,link,answer
2009,DK,,q90,1208421,Liberal Alliance,[Ny] Liberal Alliance,212,link,answer
2009,DK,,q90,1208590,Kristendemokraterne,Kristeligt Folkeparti / Kristendemokraterne,53,name,answer
2009,DK,,q90,1208620,De Konservative Folkepartiet,Konservative Folkeparti,536,link,answer
2009,DK,,q90,1208720,Dansk Folkeparti,Dansk Folkeparti,1022,link,answer
2009,EE,,q25,20,[OTHER (open answer recorded)],other,,special,answer
2009,EE,,q25,77,[REFUSED],refused,,special,answer
2009,EE,,q25,88,[DK],dont-know,,special,answer
2009,EE,,q25,94,[voted blank ],blank-invalid,,special,answer
2009,EE,,q25,99,[NAP],,,special,answer
2009,EE,,q25,1233003,Indrek Tarand,independent,,hand,answer
2009,EE,,q25,1233090,Dimitri Klenski,independent,,hand,answer
2009,EE,,q25,1233091,Martin Helme,independent,,hand,answer
2009,EE,,q25,1233100,Erakond Eestimaa Rohelised,Erakonna Eestimaa Rohelised,1040,link,answer
2009,EE,,q25,1233410,Sotsiaaldemokraatlik Erakond,Sotsiaaldemokraatlik Erakond — Mõõdukad,1150,link,answer
2009,EE,,q25,1233411,Eesti Keskerakond,Eesti Keskerakond,533,link,answer
2009,EE,,q25,1233430,Eesti Reformierakond,Eesti Reformierakond,821,link,answer
2009,EE,,q25,1233510,Eesti Kristlikud Demokraadid,Eesti Kristlikud Demokraadid,790,name,answer
2009,EE,,q25,1233612,Eestimaa Rahvaliit,Eestimaa Rahvalliit,110,hand,answer
2009,EE,,q25,1233613,Isamaa ja Res Publica Liit,Erakond Isamaa ja Res Publica Liit,685,link,answer
2009,EE,,q26,20,[OTHER (open answer recorded)],other,,special,answer
2009,EE,,q26,77,[REFUSED],refused,,special,answer
2009,EE,,q26,88,[DK],dont-know,,special,answer
2009,EE,,q26,94,[would have voted blank ],blank-invalid,,special,answer
2009,EE,,q26,96,[would have not vote],did-not-vote,,special,answer
2009,EE,,q26,99,[NAP],,,special,answer
2009,EE,,q26,1233003,Indrek Tarand,independent,,hand,answer
2009,EE,,q26,1233100,Erakond Eestimaa Rohelised,Erakonna Eestimaa Rohelised,1040,link,answer
2009,EE,,q26,1233410,Sotsiaaldemokraatlik Erakond,Sotsiaaldemokraatlik Erakond — Mõõdukad,1150,link,answer
2009,EE,,q26,1233411,Eesti Keskerakond,Eesti Keskerakond,533,link,answer
2009,EE,,q26,1233430,Eesti Reformierakond,Eesti Reformierakond,821,link,answer
2009,EE,,q26,1233510,Eesti Kristlikud Demokraadid,Eesti Kristlikud Demokraadid,790,name,answer
2009,EE,,q26,1233612,Eestimaa Rahvaliit,Eestimaa Rahvalliit,110,hand,answer
2009,EE,,q26,1233613,Isamaa ja Res Publica Liit,Erakond Isamaa ja Res Publica Liit,685,link,answer
2009,EE,,q26b,99,[NAP],,,special,answer
2009,EE,,q27,20,[OTHER (open answer recorded)],other,,special,answer
2009,EE,,q27,77,[REFUSED],refused,,special,answer
2009,EE,,q27,88,[DK],dont-know,,special,answer
2009,EE,,q27,93,[Was not eligible/old enough],not-eligible,,special,answer
2009,EE,,q27,94,[voted blank ],blank-invalid,,special,answer
2009,EE,,q27,95,[spoiled vote],blank-invalid,,special,answer
2009,EE,,q27,96,[did not vote],did-not-vote,,special,answer
2009,EE,,q27,1233100,Erakond Eestimaa Rohelised,Erakonna Eestimaa Rohelised,1040,link,answer
2009,EE,,q27,1233410,Sotsiaaldemokraatlik Erakond,Sotsiaaldemokraatlik Erakond — Mõõdukad,1150,link,answer
2009,EE,,q27,1233411,Eesti Keskerakond,Eesti Keskerakond,533,link,answer
2009,EE,,q27,1233430,Eesti Reformierakond,Eesti Reformierakond,821,link,answer
2009,EE,,q27,1233510,Eesti Kristlikud Demokraadid,Eesti Kristlikud Demokraadid,790,name,answer
2009,EE,,q27,1233612,Eestimaa Rahvaliit,Eestimaa Rahvalliit,110,hand,answer
2009,EE,,q27,1233613,Isamaa ja Res Publica Liit,Erakond Isamaa ja Res Publica Liit,685,link,answer
2009,EE,,q28,20,[OTHER (open answer recorded)],other,,special,answer
2009,EE,,q28,77,[REFUSED],refused,,special,answer
2009,EE,,q28,88,[DK],dont-know,,special,answer
2009,EE,,q28,94,[would vote blank],blank-invalid,,special,answer
2009,EE,,q28,95,[would spoil vote],blank-invalid,,special,answer
2009,EE,,q28,96,[would not vote],did-not-vote,,special,answer
2009,EE,,q28,1233100,Erakond Eestimaa Rohelised,Erakonna Eestimaa Rohelised,1040,link,answer
2009,EE,,q28,1233410,Sotsiaaldemokraatlik Erakond,Sotsiaaldemokraatlik Erakond — Mõõdukad,1150,link,answer
2009,EE,,q28,1233411,Eesti Keskerakond,Eesti Keskerakond,533,link,answer
2009,EE,,q28,1233430,Eesti Reformierakond,Eesti Reformierakond,821,link,answer
2009,EE,,q28,1233612,Eestimaa Rahvaliit,Eestimaa Rahvalliit,110,hand,answer
2009,EE,,q28,1233613,Isamaa ja Res Publica Liit,Erakond Isamaa ja Res Publica Liit,685,link,answer
2009,EE,,q39_p1,1233430,Eesti Reformierakond,Eesti Reformierakond,821,link,battery
2009,EE,,q39_p2,1233411,Eesti Keskerakond,Eesti Keskerakond,533,link,battery
2009,EE,,q39_p3,1233613,Isamaa ja Res Publica Liit,Erakond Isamaa ja Res Publica Liit,685,link,battery
2009,EE,,q39_p4,1233410,Sotsiaaldemokraatlik Erakond,Sotsiaaldemokraatlik Erakond — Mõõdukad,1150,link,battery
2009,EE,,q39_p5,1233100,Erakond Eestimaa Rohelised,Erakonna Eestimaa Rohelised,1040,link,battery
2009,EE,,q39_p6,1233612,Eestimaa Rahvaliit,Eestimaa Rahvalliit,110,hand,battery
2009,EE,,q4,20,[OTHER (open answer recorded)],other,,special,answer
2009,EE,,q4,66,[NONE],none,,special,answer
2009,EE,,q4,77,[REFUSED],refused,,special,answer
2009,EE,,q4,88,[DK],dont-know,,special,answer
2009,EE,,q4,99,[NAP],,,special,answer
2009,EE,,q4,1233003,Indrek Tarand,independent,,hand,answer
2009,EE,,q4,1233100,Erakond Eestimaa Rohelised,Erakonna Eestimaa Rohelised,1040,link,answer
2009,EE,,q4,1233410,Sotsiaaldemokraatlik Erakond,Sotsiaaldemokraatlik Erakond — Mõõdukad,1150,link,answer
2009,EE,,q4,1233411,Eesti Keskerakond,Eesti Keskerakond,533,link,answer
2009,EE,,q4,1233430,Eesti Reformierakond,Eesti Reformierakond,821,link,answer
2009,EE,,q4,1233510,Eesti Kristlikud Demokraadid,Eesti Kristlikud Demokraadid,790,name,answer
2009,EE,,q4,1233612,Eestimaa Rahvaliit,Eestimaa Rahvalliit,110,hand,answer
2009,EE,,q4,1233613,Isamaa ja Res Publica Liit,Erakond Isamaa ja Res Publica Liit,685,link,answer
2009,EE,,q47_p1,1233430,Eesti Reformierakond,Eesti Reformierakond,821,link,battery
2009,EE,,q47_p2,1233411,Eesti Keskerakond,Eesti Keskerakond,533,link,battery
2009,EE,,q47_p3,1233613,Isamaa ja Res Publica Liit,Erakond Isamaa ja Res Publica Liit,685,link,battery
2009,EE,,q47_p4,1233410,Sotsiaaldemokraatlik Erakond,Sotsiaaldemokraatlik Erakond — Mõõdukad,1150,link,battery
2009,EE,,q47_p5,1233100,Erakond Eestimaa Rohelised,Erakonna Eestimaa Rohelised,1040,link,battery
2009,EE,,q47_p6,1233612,Eestimaa Rahvaliit,Eestimaa Rahvalliit,110,hand,battery
2009,EE,,q81_p1,1233430,Eesti Reformierakond,Eesti Reformierakond,821,link,battery
2009,EE,,q81_p2,1233411,Eesti Keskerakond,Eesti Keskerakond,533,link,battery
2009,EE,,q81_p3,1233613,Isamaa ja Res Publica Liit,Erakond Isamaa ja Res Publica Liit,685,link,battery
2009,EE,,q81_p4,1233410,Sotsiaaldemokraatlik Erakond,Sotsiaaldemokraatlik Erakond — Mõõdukad,1150,link,battery
2009,EE,,q81_p5,1233100,Erakond Eestimaa Rohelised,Erakonna Eestimaa Rohelised,1040,link,battery
2009,EE,,q81_p6,1233612,Eestimaa Rahvaliit,Eestimaa Rahvalliit,110,hand,battery
2009,EE,,q87,0,"no, does not feel close to any party",none,,special,answer
2009,EE,,q87,20,[OTHER (open answer recorded)],other,,special,answer
2009,EE,,q87,77,[REFUSED],refused,,special,answer
2009,EE,,q87,88,[DK],dont-know,,special,answer
2009,EE,,q87,1233003,Indrek Tarand,independent,,hand,answer
2009,EE,,q87,1233100,Erakond Eestimaa Rohelised,Erakonna Eestimaa Rohelised,1040,link,answer
2009,EE,,q87,1233410,Sotsiaaldemokraatlik Erakond,Sotsiaaldemokraatlik Erakond — Mõõdukad,1150,link,answer
2009,EE,,q87,1233411,Eesti Keskerakond,Eesti Keskerakond,533,link,answer
2009,EE,,q87,1233430,Eesti Reformierakond,Eesti Reformierakond,821,link,answer
2009,EE,,q87,1233510,Eesti Kristlikud Demokraadid,Eesti Kristlikud Demokraadid,790,name,answer
2009,EE,,q87,1233612,Eestimaa Rahvaliit,Eestimaa Rahvalliit,110,hand,answer
2009,EE,,q87,1233613,Isamaa ja Res Publica Liit,Erakond Isamaa ja Res Publica Liit,685,link,answer
2009,EE,,q90,20,[OTHER (open answer recorded)],other,,special,answer
2009,EE,,q90,77,[REFUSED],refused,,special,answer
2009,EE,,q90,88,[DK],dont-know,,special,answer
2009,EE,,q90,99,[NAP],,,special,answer
2009,EE,,q90,1233100,Erakond Eestimaa Rohelised,Erakonna Eestimaa Rohelised,1040,link,answer
2009,EE,,q90,1233410,Sotsiaaldemokraatlik Erakond,Sotsiaaldemokraatlik Erakond — Mõõdukad,1150,link,answer
2009,EE,,q90,1233411,Eesti Keskerakond,Eesti Keskerakond,533,link,answer
2009,EE,,q90,1233430,Eesti Reformierakond,Eesti Reformierakond,821,link,answer
2009,EE,,q90,1233612,Eestimaa Rahvaliit,Eestimaa Rahvalliit,110,hand,answer
2009,EE,,q90,1233613,Isamaa ja Res Publica Liit,Erakond Isamaa ja Res Publica Liit,685,link,answer
2009,ES,,q25,20,[OTHER (open answer recorded)],other,,special,answer
2009,ES,,q25,77,[REFUSED],refused,,special,answer
2009,ES,,q25,88,[DK],dont-know,,special,answer
2009,ES,,q25,94,[voted blank ],blank-invalid,,special,answer
2009,ES,,q25,95,[spoiled vote],blank-invalid,,special,answer
2009,ES,,q25,96,[did not vote],did-not-vote,,special,answer
2009,ES,,q25,99,[NAP],,,special,answer
2009,ES,,q25,1724008,Libertas-Ciudadanos de Espana,Libertas-Ciudadanos de Espana [og],,hand,answer
2009,ES,,q25,1724010,UPyD (Unión Progreso y Democracia),Unión Progreso y Democracia,55,link,answer
2009,ES,,q25,1724101,Los Verdes,Los Verdes,2457,name,answer
2009,ES,,q25,1724220,IU (Izquierda Unida) - IC-V (Iniciativa per Catalunya - Verds),IU (Izquierda Unida) - IC-V (Iniciativa per Catalunya - Verds) [og],,hand,answer
2009,ES,,q25,1724320,PSOE (Partido Socialista Obrero Español),Partido Socialista Obrero Español,1338,link,answer
2009,ES,,q25,1724610,PP (Partido Popular),Alianza-Partido Popular / Partido Popular,441,link,answer
2009,ES,,q25,1724790,Alternativa española,Alternativa española [og],,hand,answer
2009,ES,,q25,1724905,ERC (Esquerra Republicana de Catalunya),Esquerra Republicana de Catalunya,848,link,answer
2009,ES,,q25,1724950,CEU Coalicion por Europa,CEU Coalicion por Europa [og],,hand,answer
2009,ES,,q25,1724990,Iniciativa Internacionalista – La Solidaridad entre los Pueblos II–SP,Iniciativa Internacionalista — La Solidaridad entre los Pueblos,1141,hand,answer
2009,ES,,q25,1724993,Chunta Aragonesista (CHA),Chunta Aragonesista,1564,name,answer
2009,ES,,q26,20,[OTHER (open answer recorded)],other,,special,answer
2009,ES,,q26,77,[REFUSED],refused,,special,answer
2009,ES,,q26,88,[DK],dont-know,,special,answer
2009,ES,,q26,94,[would have voted blank ],blank-invalid,,special,answer
2009,ES,,q26,95,[would have spoiled vote],blank-invalid,,special,answer
2009,ES,,q26,96,[would have not vote],did-not-vote,,special,answer
2009,ES,,q26,99,[NAP],,,special,answer
2009,ES,,q26,1724007,CiU (Convergencia i Unió),Convergència i Unió,139,link,answer
2009,ES,,q26,1724010,UPyD (Unión Progreso y Democracia),Unión Progreso y Democracia,55,link,answer
2009,ES,,q26,1724320,PSOE (Partido Socialista Obrero Español),Partido Socialista Obrero Español,1338,link,answer
2009,ES,,q26,1724610,PP (Partido Popular),Alianza-Partido Popular / Partido Popular,441,link,answer
2009,ES,,q26,1724791,Falange Española Tradicionalista y de las Juntas de Ofensiva Nacional Sindicalista FET-JONS,Falange Española Tradicionalista y de las Juntas de Ofensiva Nacional Sindicalista FET-JONS [og],,hand,answer
2009,ES,,q26,1724990,Iniciativa Internacionalista – La Solidaridad entre los Pueblos II–SP,Iniciativa Internacionalista — La Solidaridad entre los Pueblos,1141,hand,answer
2009,ES,,q26b,99,[NAP],,,special,answer
2009,ES,,q27,20,[OTHER (open answer recorded)],other,,special,answer
2009,ES,,q27,77,[REFUSED],refused,,special,answer
2009,ES,,q27,88,[DK],dont-know,,special,answer
2009,ES,,q27,93,[Was not eligible/old enough],not-eligible,,special,answer
2009,ES,,q27,94,[voted blank ],blank-invalid,,special,answer
2009,ES,,q27,95,[spoiled vote],blank-invalid,,special,answer
2009,ES,,q27,96,[did not vote],did-not-vote,,special,answer
2009,ES,,q27,99,[NAP],,,special,answer
2009,ES,,q27,1724007,CiU (Convergencia i Unió),Convergència i Unió,139,link,answer
2009,ES,,q27,1724008,Libertas-Ciudadanos de Espana,Libertas-Ciudadanos de Espana [og],,hand,answer
2009,ES,,q27,1724010,UPyD (Unión Progreso y Democracia),Unión Progreso y Democracia,55,link,answer
2009,ES,,q27,1724101,Los Verdes,Los Verdes,2457,name,answer
2009,ES,,q27,1724220,IU (Izquierda Unida) - IC-V (Iniciativa per Catalunya - Verds),IU (Izquierda Unida) - IC-V (Iniciativa per Catalunya - Verds) [og],,hand,answer
2009,ES,,q27,1724320,PSOE (Partido Socialista Obrero Español),Partido Socialista Obrero Español,1338,link,answer
2009,ES,,q27,1724610,PP (Partido Popular),Alianza-Partido Popular / Partido Popular,441,link,answer
2009,ES,,q27,1724902,EAJ-PNV (Euzko Alderdi Jeltzalea-Partido Nacionalista Vasco),Partido Nacionalista Vasco — Euzko Alderdi Jeltzalea,1637,link,answer
2009,ES,,q27,1724905,ERC (Esquerra Republicana de Catalunya),Esquerra Republicana de Catalunya,848,link,answer
2009,ES,,q27,1724908,BNG (Bloque Nacionalista Galego),Bloque Nacionalista Galego,1011,link,answer
2009,ES,,q27,1724923,NA-BAI (Nafarroa Bai),Nafarroa Bai,611,name,answer
2009,ES,,q27,1724991,Aralar,Aralar [og],,hand,answer
2009,ES,,q27,1724992,Partido Aragonés PAR,Partido Aragonés Regionalista,946,hand,answer
2009,ES,,q27,1724993,Chunta Aragonesista (CHA),Chunta Aragonesista,1564,name,answer
2009,ES,,q27,1724994,"Nueva Canarias es un partido político nacionalista , de centro izquierda , en Canarias","Nueva Canarias es un partido político nacionalista , de centro izquierda , en Canarias [og]",,hand,answer
2009,ES,,q27,1724997,Apa Andalusian Party,Partidu Andalucista,1497,hand,answer
2009,ES,,q28,20,[OTHER (open answer recorded)],other,,special,answer
2009,ES,,q28,77,[REFUSED],refused,,special,answer
2009,ES,,q28,88,[DK],dont-know,,special,answer
2009,ES,,q28,94,[would vote blank],blank-invalid,,special,answer
2009,ES,,q28,95,[would spoil vote],blank-invalid,,special,answer
2009,ES,,q28,96,[would not vote],did-not-vote,,special,answer
2009,ES,,q28,99,[NAP],,,special,answer
2009,ES,,q28,1724007,CiU (Convergencia i Unió),Convergència i Unió,139,link,answer
2009,ES,,q28,1724010,UPyD (Unión Progreso y Democracia),Unión Progreso y Democracia,55,link,answer
2009,ES,,q28,1724220,IU (Izquierda Unida) - IC-V (Iniciativa per Catalunya - Verds),IU (Izquierda Unida) - IC-V (Iniciativa per Catalunya - Verds) [og],,hand,answer
2009,ES,,q28,1724320,PSOE (Partido Socialista Obrero Español),Partido Socialista Obrero Español,1338,link,answer
2009,ES,,q28,1724610,PP (Partido Popular),Alianza-Partido Popular / Partido Popular,441,link,answer
2009,ES,,q28,1724905,ERC (Esquerra Republicana de Catalunya),Esquerra Republicana de Catalunya,848,link,answer
2009,ES,,q28,1724908,BNG (Bloque Nacionalista Galego),Bloque Nacionalista Galego,1011,link,answer
2009,ES,,q28,1724923,NA-BAI (Nafarroa Bai),Nafarroa Bai,611,name,answer
2009,ES,,q28,1724990,Iniciativa Internacionalista – La Solidaridad entre los Pueblos II–SP,Iniciativa Internacionalista — La Solidaridad entre los Pueblos,1141,hand,answer
2009,ES,,q28,1724992,Partido Aragonés PAR,Partido Aragonés Regionalista,946,hand,answer
2009,ES,,q39_p1,1724610,PP (Partido Popular),Alianza-Partido Popular / Partido Popular,441,link,battery
2009,ES,,q39_p10,1724908,BNG (Bloque Nacionalista Galego),Bloque Nacionalista Galego,1011,link,battery
2009,ES,,q39_p12,1724907,CC-PNC (Coalición Canaria-Partido Nacionalista Canario),Coalición Canaria,81,link,battery
2009,ES,,q39_p13,1724923,NA-BAI (Nafarroa Bai),Nafarroa Bai,611,name,battery
2009,ES,,q39_p14,1724903,EA  (Eusko Alkartasuna),Eusko Alkartasuna,1324,name,battery
2009,ES,,q39_p15,1724922,UPN (Unión del Pueblo Navarro),Union del Pueblo Navarro,722,name,battery
2009,ES,,q39_p2,1724320,PSOE (Partido Socialista Obrero Español),Partido Socialista Obrero Español,1338,link,battery
2009,ES,,q39_p3,1724220,IU (Izquierda Unida) - IC-V (Iniciativa per Catalunya - Verds),IU (Izquierda Unida) - IC-V (Iniciativa per Catalunya - Verds) [og],,hand,battery
2009,ES,,q39_p5,1724010,UPyD (Unión Progreso y Democracia),Unión Progreso y Democracia,55,link,battery
2009,ES,,q39_p6,1724007,CiU (Convergencia i Unió),Convergència i Unió,139,link,battery
2009,ES,,q39_p7,1724905,ERC (Esquerra Republicana de Catalunya),Esquerra Republicana de Catalunya,848,link,battery
2009,ES,,q39_p8,1724902,EAJ-PNV (Euzko Alderdi Jeltzalea-Partido Nacionalista Vasco),Partido Nacionalista Vasco — Euzko Alderdi Jeltzalea,1637,link,battery
2009,ES,,q4,20,[OTHER (open answer recorded)],other,,special,answer
2009,ES,,q4,66,[NONE],none,,special,answer
2009,ES,,q4,77,[REFUSED],refused,,special,answer
2009,ES,,q4,88,[DK],dont-know,,special,answer
2009,ES,,q4,99,[NAP],,,special,answer
2009,ES,,q4,1724007,CiU (Convergencia i Unió),Convergència i Unió,139,link,answer
2009,ES,,q4,1724009,Izquierda Anticaplitalista-Revolta Global (IZAN-RG),Izquierda Anticaplitalista-Revolta Global (IZAN-RG) [og],,hand,answer
2009,ES,,q4,1724010,UPyD (Unión Progreso y Democracia),Unión Progreso y Democracia,55,link,answer
2009,ES,,q4,1724101,Los Verdes,Los Verdes,2457,name,answer
2009,ES,,q4,1724220,IU (Izquierda Unida) - IC-V (Iniciativa per Catalunya - Verds),IU (Izquierda Unida) - IC-V (Iniciativa per Catalunya - Verds) [og],,hand,answer
2009,ES,,q4,1724320,PSOE (Partido Socialista Obrero Español),Partido Socialista Obrero Español,1338,link,answer
2009,ES,,q4,1724610,PP (Partido Popular),Alianza-Partido Popular / Partido Popular,441,link,answer
2009,ES,,q4,1724790,Alternativa española,Alternativa española [og],,hand,answer
2009,ES,,q4,1724791,Falange Española Tradicionalista y de las Juntas de Ofensiva Nacional Sindicalista FET-JONS,Falange Española Tradicionalista y de las Juntas de Ofensiva Nacional Sindicalista FET-JONS [og],,hand,answer
2009,ES,,q4,1724902,EAJ-PNV (Euzko Alderdi Jeltzalea-Partido Nacionalista Vasco),Partido Nacionalista Vasco — Euzko Alderdi Jeltzalea,1637,link,answer
2009,ES,,q4,1724905,ERC (Esquerra Republicana de Catalunya),Esquerra Republicana de Catalunya,848,link,answer
2009,ES,,q4,1724991,Aralar,Aralar [og],,hand,answer
2009,ES,,q47_p1,1724610,PP (Partido Popular),Alianza-Partido Popular / Partido Popular,441,link,battery
2009,ES,,q47_p10,1724908,BNG (Bloque Nacionalista Galego),Bloque Nacionalista Galego,1011,link,battery
2009,ES,,q47_p12,1724907,CC-PNC (Coalición Canaria-Partido Nacionalista Canario),Coalición Canaria,81,link,battery
2009,ES,,q47_p13,1724923,NA-BAI (Nafarroa Bai),Nafarroa Bai,611,name,battery
2009,ES,,q47_p14,1724903,EA  (Eusko Alkartasuna),Eusko Alkartasuna,1324,name,battery
2009,ES,,q47_p15,1724922,UPN (Unión del Pueblo Navarro),Union del Pueblo Navarro,722,name,battery
2009,ES,,q47_p2,1724320,PSOE (Partido Socialista Obrero Español),Partido Socialista Obrero Español,1338,link,battery
2009,ES,,q47_p3,1724220,IU (Izquierda Unida) - IC-V (Iniciativa per Catalunya - Verds),IU (Izquierda Unida) - IC-V (Iniciativa per Catalunya - Verds) [og],,hand,battery
2009,ES,,q47_p5,1724010,UPyD (Unión Progreso y Democracia),Unión Progreso y Democracia,55,link,battery
2009,ES,,q47_p6,1724007,CiU (Convergencia i Unió),Convergència i Unió,139,link,battery
2009,ES,,q47_p7,1724905,ERC (Esquerra Republicana de Catalunya),Esquerra Republicana de Catalunya,848,link,battery
2009,ES,,q47_p8,1724902,EAJ-PNV (Euzko Alderdi Jeltzalea-Partido Nacionalista Vasco),Partido Nacionalista Vasco — Euzko Alderdi Jeltzalea,1637,link,battery
2009,ES,,q81_p1,1724610,PP (Partido Popular),Alianza-Partido Popular / Partido Popular,441,link,battery
2009,ES,,q81_p10,1724908,BNG (Bloque Nacionalista Galego),Bloque Nacionalista Galego,1011,link,battery
2009,ES,,q81_p12,1724907,CC-PNC (Coalición Canaria-Partido Nacionalista Canario),Coalición Canaria,81,link,battery
2009,ES,,q81_p13,1724923,NA-BAI (Nafarroa Bai),Nafarroa Bai,611,name,battery
2009,ES,,q81_p14,1724903,EA  (Eusko Alkartasuna),Eusko Alkartasuna,1324,name,battery
2009,ES,,q81_p15,1724922,UPN (Unión del Pueblo Navarro),Union del Pueblo Navarro,722,name,battery
2009,ES,,q81_p2,1724320,PSOE (Partido Socialista Obrero Español),Partido Socialista Obrero Español,1338,link,battery
2009,ES,,q81_p3,1724220,IU (Izquierda Unida) - IC-V (Iniciativa per Catalunya - Verds),IU (Izquierda Unida) - IC-V (Iniciativa per Catalunya - Verds) [og],,hand,battery
2009,ES,,q81_p5,1724010,UPyD (Unión Progreso y Democracia),Unión Progreso y Democracia,55,link,battery
2009,ES,,q81_p6,1724007,CiU (Convergencia i Unió),Convergència i Unió,139,link,battery
2009,ES,,q81_p7,1724905,ERC (Esquerra Republicana de Catalunya),Esquerra Republicana de Catalunya,848,link,battery
2009,ES,,q81_p8,1724902,EAJ-PNV (Euzko Alderdi Jeltzalea-Partido Nacionalista Vasco),Partido Nacionalista Vasco — Euzko Alderdi Jeltzalea,1637,link,battery
2009,ES,,q87,0,"no, does not feel close to any party",none,,special,answer
2009,ES,,q87,20,[OTHER (open answer recorded)],other,,special,answer
2009,ES,,q87,77,[REFUSED],refused,,special,answer
2009,ES,,q87,88,[DK],dont-know,,special,answer
2009,ES,,q87,99,[NAP],,,special,answer
2009,ES,,q87,1724007,CiU (Convergencia i Unió),Convergència i Unió,139,link,answer
2009,ES,,q87,1724010,UPyD (Unión Progreso y Democracia),Unión Progreso y Democracia,55,link,answer
2009,ES,,q87,1724220,IU (Izquierda Unida) - IC-V (Iniciativa per Catalunya - Verds),IU (Izquierda Unida) - IC-V (Iniciativa per Catalunya - Verds) [og],,hand,answer
2009,ES,,q87,1724320,PSOE (Partido Socialista Obrero Español),Partido Socialista Obrero Español,1338,link,answer
2009,ES,,q87,1724610,PP (Partido Popular),Alianza-Partido Popular / Partido Popular,441,link,answer
2009,ES,,q87,1724902,EAJ-PNV (Euzko Alderdi Jeltzalea-Partido Nacionalista Vasco),Partido Nacionalista Vasco — Euzko Alderdi Jeltzalea,1637,link,answer
2009,ES,,q87,1724905,ERC (Esquerra Republicana de Catalunya),Esquerra Republicana de Catalunya,848,link,answer
2009,ES,,q87,1724908,BNG (Bloque Nacionalista Galego),Bloque Nacionalista Galego,1011,link,answer
2009,ES,,q87,1724923,NA-BAI (Nafarroa Bai),Nafarroa Bai,611,name,answer
2009,ES,,q87,1724991,Aralar,Aralar [og],,hand,answer
2009,ES,,q87,1724997,Apa Andalusian Party,Partidu Andalucista,1497,hand,answer
2009,ES,,q87,1724998,"Partit dels Socialistes de Catalunya, PSC",Partit dels Socialistes de Catalunya,586,hand,answer
2009,ES,,q90,20,[OTHER (open answer recorded)],other,,special,answer
2009,ES,,q90,77,[REFUSED],refused,,special,answer
2009,ES,,q90,88,[DK],dont-know,,special,answer
2009,ES,,q90,99,[NAP],,,special,answer
2009,ES,,q90,1724007,CiU (Convergencia i Unió),Convergència i Unió,139,link,answer
2009,ES,,q90,1724008,Libertas-Ciudadanos de Espana,Libertas-Ciudadanos de Espana [og],,hand,answer
2009,ES,,q90,1724009,Izquierda Anticaplitalista-Revolta Global (IZAN-RG),Izquierda Anticaplitalista-Revolta Global (IZAN-RG) [og],,hand,answer
2009,ES,,q90,1724010,UPyD (Unión Progreso y Democracia),Unión Progreso y Democracia,55,link,answer
2009,ES,,q90,1724101,Los Verdes,Los Verdes,2457,name,answer
2009,ES,,q90,1724220,IU (Izquierda Unida) - IC-V (Iniciativa per Catalunya - Verds),IU (Izquierda Unida) - IC-V (Iniciativa per Catalunya - Verds) [og],,hand,answer
2009,ES,,q90,1724320,PSOE (Partido Socialista Obrero Español),Partido Socialista Obrero Español,1338,link,answer
2009,ES,,q90,1724610,PP (Partido Popular),Alianza-Partido Popular / Partido Popular,441,link,answer
2009,ES,,q90,1724790,Alternativa española,Alternativa española [og],,hand,answer
2009,ES,,q90,1724905,ERC (Esquerra Republicana de Catalunya),Esquerra Republicana de Catalunya,848,link,answer
2009,ES,,q90,1724908,BNG (Bloque Nacionalista Galego),Bloque Nacionalista Galego,1011,link,answer
2009,ES,,q90,1724990,Iniciativa Internacionalista – La Solidaridad entre los Pueblos II–SP,Iniciativa Internacionalista — La Solidaridad entre los Pueblos,1141,hand,answer
2009,ES,,q90,1724991,Aralar,Aralar [og],,hand,answer
2009,ES,,q90,1724992,Partido Aragonés PAR,Partido Aragonés Regionalista,946,hand,answer
2009,FI,,q25,20,[OTHER (open answer recorded)],other,,special,answer
2009,FI,,q25,77,[REFUSED],refused,,special,answer
2009,FI,,q25,88,[DK],dont-know,,special,answer
2009,FI,,q25,94,[voted blank ],blank-invalid,,special,answer
2009,FI,,q25,95,[spoiled vote],blank-invalid,,special,answer
2009,FI,,q25,99,[NAP],,,special,answer
2009,FI,,q25,1246110,VIHR (Vihreä liitto) (Gröna förbundet),Vihreä Liitto,479,name,answer
2009,FI,,q25,1246223,VAS (Vasemmistoliitto) (Vänsterförbundet),Vasemmistoliitto,1044,link,answer
2009,FI,,q25,1246224,Suomen Kommunistinen Puolue (SKP),Suomen Kommunistinen Puolue,7030,name,answer
2009,FI,,q25,1246320,SDP (Suomen Sosialidemokraattinen Puolue) (Finlands Socialdemokratiska Parti),Suomen Sosialidemokraattinen Puolue,1303,link,answer
2009,FI,,q25,1246520,KD (Suomen Kristillisdemokraatit) (Kristdemokraterna i Finland),Kristillisdemokraatit,703,link,answer
2009,FI,,q25,1246620,KOK (Kansallinen Kokoomus) (Samlingspartiet),Kansallinen Kokoomus,495,link,answer
2009,FI,,q25,1246810,KESK (Suomen Keskusta) (Centern i Finland),Maalaisliitto / Keskusta,901,link,answer
2009,FI,,q25,1246820,PS (Perussuomalaiset) (Sannfinländarna),Suomen Puolue / Perussuomalaiset,1689,link,answer
2009,FI,,q25,1246901,RKP (Ruotsalainen kansanpuolue) ( Svenska folkpartiet i Finland),Ruotsalainen Kansanpuolue / Svenska Folkepartiet i Finland,1229,link,answer
2009,FI,,q26,20,[OTHER (open answer recorded)],other,,special,answer
2009,FI,,q26,77,[REFUSED],refused,,special,answer
2009,FI,,q26,88,[DK],dont-know,,special,answer
2009,FI,,q26,94,[would have voted blank ],blank-invalid,,special,answer
2009,FI,,q26,96,[would have not vote],did-not-vote,,special,answer
2009,FI,,q26,99,[NAP],,,special,answer
2009,FI,,q26,1246110,VIHR (Vihreä liitto) (Gröna förbundet),Vihreä Liitto,479,name,answer
2009,FI,,q26,1246223,VAS (Vasemmistoliitto) (Vänsterförbundet),Vasemmistoliitto,1044,link,answer
2009,FI,,q26,1246320,SDP (Suomen Sosialidemokraattinen Puolue) (Finlands Socialdemokratiska Parti),Suomen Sosialidemokraattinen Puolue,1303,link,answer
2009,FI,,q26,1246520,KD (Suomen Kristillisdemokraatit) (Kristdemokraterna i Finland),Kristillisdemokraatit,703,link,answer
2009,FI,,q26,1246620,KOK (Kansallinen Kokoomus) (Samlingspartiet),Kansallinen Kokoomus,495,link,answer
2009,FI,,q26,1246810,KESK (Suomen Keskusta) (Centern i Finland),Maalaisliitto / Keskusta,901,link,answer
2009,FI,,q26,1246820,PS (Perussuomalaiset) (Sannfinländarna),Suomen Puolue / Perussuomalaiset,1689,link,answer
2009,FI,,q26,1246901,RKP (Ruotsalainen kansanpuolue) ( Svenska folkpartiet i Finland),Ruotsalainen Kansanpuolue / Svenska Folkepartiet i Finland,1229,link,answer
2009,FI,,q26b,99,[NAP],,,special,answer
2009,FI,,q27,20,[OTHER (open answer recorded)],other,,special,answer
2009,FI,,q27,77,[REFUSED],refused,,special,answer
2009,FI,,q27,88,[DK],dont-know,,special,answer
2009,FI,,q27,93,[Was not eligible/old enough],not-eligible,,special,answer
2009,FI,,q27,96,[did not vote],did-not-vote,,special,answer
2009,FI,,q27,1246110,VIHR (Vihreä liitto) (Gröna förbundet),Vihreä Liitto,479,name,answer
2009,FI,,q27,1246223,VAS (Vasemmistoliitto) (Vänsterförbundet),Vasemmistoliitto,1044,link,answer
2009,FI,,q27,1246224,Suomen Kommunistinen Puolue (SKP),Suomen Kommunistinen Puolue,7030,name,answer
2009,FI,,q27,1246320,SDP (Suomen Sosialidemokraattinen Puolue) (Finlands Socialdemokratiska Parti),Suomen Sosialidemokraattinen Puolue,1303,link,answer
2009,FI,,q27,1246490,Liberaalit,Liberaalinen kansanpuolue,249,hand,answer
2009,FI,,q27,1246520,KD (Suomen Kristillisdemokraatit) (Kristdemokraterna i Finland),Kristillisdemokraatit,703,link,answer
2009,FI,,q27,1246620,KOK (Kansallinen Kokoomus) (Samlingspartiet),Kansallinen Kokoomus,495,link,answer
2009,FI,,q27,1246810,KESK (Suomen Keskusta) (Centern i Finland),Maalaisliitto / Keskusta,901,link,answer
2009,FI,,q27,1246820,PS (Perussuomalaiset) (Sannfinländarna),Suomen Puolue / Perussuomalaiset,1689,link,answer
2009,FI,,q27,1246901,RKP (Ruotsalainen kansanpuolue) ( Svenska folkpartiet i Finland),Ruotsalainen Kansanpuolue / Svenska Folkepartiet i Finland,1229,link,answer
2009,FI,,q28,20,[OTHER (open answer recorded)],other,,special,answer
2009,FI,,q28,77,[REFUSED],refused,,special,answer
2009,FI,,q28,88,[DK],dont-know,,special,answer
2009,FI,,q28,94,[would vote blank],blank-invalid,,special,answer
2009,FI,,q28,96,[would not vote],did-not-vote,,special,answer
2009,FI,,q28,1246110,VIHR (Vihreä liitto) (Gröna förbundet),Vihreä Liitto,479,name,answer
2009,FI,,q28,1246223,VAS (Vasemmistoliitto) (Vänsterförbundet),Vasemmistoliitto,1044,link,answer
2009,FI,,q28,1246224,Suomen Kommunistinen Puolue (SKP),Suomen Kommunistinen Puolue,7030,name,answer
2009,FI,,q28,1246320,SDP (Suomen Sosialidemokraattinen Puolue) (Finlands Socialdemokratiska Parti),Suomen Sosialidemokraattinen Puolue,1303,link,answer
2009,FI,,q28,1246490,Liberaalit,Liberaalinen kansanpuolue,249,hand,answer
2009,FI,,q28,1246520,KD (Suomen Kristillisdemokraatit) (Kristdemokraterna i Finland),Kristillisdemokraatit,703,link,answer
2009,FI,,q28,1246620,KOK (Kansallinen Kokoomus) (Samlingspartiet),Kansallinen Kokoomus,495,link,answer
2009,FI,,q28,1246810,KESK (Suomen Keskusta) (Centern i Finland),Maalaisliitto / Keskusta,901,link,answer
2009,FI,,q28,1246820,PS (Perussuomalaiset) (Sannfinländarna),Suomen Puolue / Perussuomalaiset,1689,link,answer
2009,FI,,q28,1246901,RKP (Ruotsalainen kansanpuolue) ( Svenska folkpartiet i Finland),Ruotsalainen Kansanpuolue / Svenska Folkepartiet i Finland,1229,link,answer
2009,FI,,q39_p1,1246320,SDP (Suomen Sosialidemokraattinen Puolue) (Finlands Socialdemokratiska Parti),Suomen Sosialidemokraattinen Puolue,1303,link,battery
2009,FI,,q39_p2,1246810,KESK (Suomen Keskusta) (Centern i Finland),Maalaisliitto / Keskusta,901,link,battery
2009,FI,,q39_p3,1246620,KOK (Kansallinen Kokoomus) (Samlingspartiet),Kansallinen Kokoomus,495,link,battery
2009,FI,,q39_p4,1246223,VAS (Vasemmistoliitto) (Vänsterförbundet),Vasemmistoliitto,1044,link,battery
2009,FI,,q39_p5,1246110,VIHR (Vihreä liitto) (Gröna förbundet),Vihreä Liitto,479,name,battery
2009,FI,,q39_p6,1246901,RKP (Ruotsalainen kansanpuolue) ( Svenska folkpartiet i Finland),Ruotsalainen Kansanpuolue / Svenska Folkepartiet i Finland,1229,link,battery
2009,FI,,q39_p7,1246520,KD (Suomen Kristillisdemokraatit) (Kristdemokraterna i Finland),Kristillisdemokraatit,703,link,battery
2009,FI,,q39_p8,1246820,PS (Perussuomalaiset) (Sannfinländarna),Suomen Puolue / Perussuomalaiset,1689,link,battery
2009,FI,,q4,20,[OTHER (open answer recorded)],other,,special,answer
2009,FI,,q4,66,[NONE],none,,special,answer
2009,FI,,q4,77,[REFUSED],refused,,special,answer
2009,FI,,q4,88,[DK],dont-know,,special,answer
2009,FI,,q4,99,[NAP],,,special,answer
2009,FI,,q4,1246110,VIHR (Vihreä liitto) (Gröna förbundet),Vihreä Liitto,479,name,answer
2009,FI,,q4,1246223,VAS (Vasemmistoliitto) (Vänsterförbundet),Vasemmistoliitto,1044,link,answer
2009,FI,,q4,1246224,Suomen Kommunistinen Puolue (SKP),Suomen Kommunistinen Puolue,7030,name,answer
2009,FI,,q4,1246320,SDP (Suomen Sosialidemokraattinen Puolue) (Finlands Socialdemokratiska Parti),Suomen Sosialidemokraattinen Puolue,1303,link,answer
2009,FI,,q4,1246520,KD (Suomen Kristillisdemokraatit) (Kristdemokraterna i Finland),Kristillisdemokraatit,703,link,answer
2009,FI,,q4,1246620,KOK (Kansallinen Kokoomus) (Samlingspartiet),Kansallinen Kokoomus,495,link,answer
2009,FI,,q4,1246810,KESK (Suomen Keskusta) (Centern i Finland),Maalaisliitto / Keskusta,901,link,answer
2009,FI,,q4,1246820,PS (Perussuomalaiset) (Sannfinländarna),Suomen Puolue / Perussuomalaiset,1689,link,answer
2009,FI,,q4,1246901,RKP (Ruotsalainen kansanpuolue) ( Svenska folkpartiet i Finland),Ruotsalainen Kansanpuolue / Svenska Folkepartiet i Finland,1229,link,answer
2009,FI,,q47_p1,1246320,SDP (Suomen Sosialidemokraattinen Puolue) (Finlands Socialdemokratiska Parti),Suomen Sosialidemokraattinen Puolue,1303,link,battery
2009,FI,,q47_p2,1246810,KESK (Suomen Keskusta) (Centern i Finland),Maalaisliitto / Keskusta,901,link,battery
2009,FI,,q47_p3,1246620,KOK (Kansallinen Kokoomus) (Samlingspartiet),Kansallinen Kokoomus,495,link,battery
2009,FI,,q47_p4,1246223,VAS (Vasemmistoliitto) (Vänsterförbundet),Vasemmistoliitto,1044,link,battery
2009,FI,,q47_p5,1246110,VIHR (Vihreä liitto) (Gröna förbundet),Vihreä Liitto,479,name,battery
2009,FI,,q47_p6,1246901,RKP (Ruotsalainen kansanpuolue) ( Svenska folkpartiet i Finland),Ruotsalainen Kansanpuolue / Svenska Folkepartiet i Finland,1229,link,battery
2009,FI,,q47_p7,1246520,KD (Suomen Kristillisdemokraatit) (Kristdemokraterna i Finland),Kristillisdemokraatit,703,link,battery
2009,FI,,q47_p8,1246820,PS (Perussuomalaiset) (Sannfinländarna),Suomen Puolue / Perussuomalaiset,1689,link,battery
2009,FI,,q81_p1,1246320,SDP (Suomen Sosialidemokraattinen Puolue) (Finlands Socialdemokratiska Parti),Suomen Sosialidemokraattinen Puolue,1303,link,battery
2009,FI,,q81_p2,1246810,KESK (Suomen Keskusta) (Centern i Finland),Maalaisliitto / Keskusta,901,link,battery
2009,FI,,q81_p3,1246620,KOK (Kansallinen Kokoomus) (Samlingspartiet),Kansallinen Kokoomus,495,link,battery
2009,FI,,q81_p4,1246223,VAS (Vasemmistoliitto) (Vänsterförbundet),Vasemmistoliitto,1044,link,battery
2009,FI,,q81_p5,1246110,VIHR (Vihreä liitto) (Gröna förbundet),Vihreä Liitto,479,name,battery
2009,FI,,q81_p6,1246901,RKP (Ruotsalainen kansanpuolue) ( Svenska folkpartiet i Finland),Ruotsalainen Kansanpuolue / Svenska Folkepartiet i Finland,1229,link,battery
2009,FI,,q81_p7,1246520,KD (Suomen Kristillisdemokraatit) (Kristdemokraterna i Finland),Kristillisdemokraatit,703,link,battery
2009,FI,,q81_p8,1246820,PS (Perussuomalaiset) (Sannfinländarna),Suomen Puolue / Perussuomalaiset,1689,link,battery
2009,FI,,q87,0,"no, does not feel close to any party",none,,special,answer
2009,FI,,q87,20,[OTHER (open answer recorded)],other,,special,answer
2009,FI,,q87,77,[REFUSED],refused,,special,answer
2009,FI,,q87,88,[DK],dont-know,,special,answer
2009,FI,,q87,1246110,VIHR (Vihreä liitto) (Gröna förbundet),Vihreä Liitto,479,name,answer
2009,FI,,q87,1246223,VAS (Vasemmistoliitto) (Vänsterförbundet),Vasemmistoliitto,1044,link,answer
2009,FI,,q87,1246224,Suomen Kommunistinen Puolue (SKP),Suomen Kommunistinen Puolue,7030,name,answer
2009,FI,,q87,1246320,SDP (Suomen Sosialidemokraattinen Puolue) (Finlands Socialdemokratiska Parti),Suomen Sosialidemokraattinen Puolue,1303,link,answer
2009,FI,,q87,1246490,Liberaalit,Liberaalinen kansanpuolue,249,hand,answer
2009,FI,,q87,1246520,KD (Suomen Kristillisdemokraatit) (Kristdemokraterna i Finland),Kristillisdemokraatit,703,link,answer
2009,FI,,q87,1246620,KOK (Kansallinen Kokoomus) (Samlingspartiet),Kansallinen Kokoomus,495,link,answer
2009,FI,,q87,1246810,KESK (Suomen Keskusta) (Centern i Finland),Maalaisliitto / Keskusta,901,link,answer
2009,FI,,q87,1246820,PS (Perussuomalaiset) (Sannfinländarna),Suomen Puolue / Perussuomalaiset,1689,link,answer
2009,FI,,q87,1246901,RKP (Ruotsalainen kansanpuolue) ( Svenska folkpartiet i Finland),Ruotsalainen Kansanpuolue / Svenska Folkepartiet i Finland,1229,link,answer
2009,FI,,q90,20,[OTHER (open answer recorded)],other,,special,answer
2009,FI,,q90,77,[REFUSED],refused,,special,answer
2009,FI,,q90,88,[DK],dont-know,,special,answer
2009,FI,,q90,99,[NAP],,,special,answer
2009,FI,,q90,1246110,VIHR (Vihreä liitto) (Gröna förbundet),Vihreä Liitto,479,name,answer
2009,FI,,q90,1246223,VAS (Vasemmistoliitto) (Vänsterförbundet),Vasemmistoliitto,1044,link,answer
2009,FI,,q90,1246320,SDP (Suomen Sosialidemokraattinen Puolue) (Finlands Socialdemokratiska Parti),Suomen Sosialidemokraattinen Puolue,1303,link,answer
2009,FI,,q90,1246520,KD (Suomen Kristillisdemokraatit) (Kristdemokraterna i Finland),Kristillisdemokraatit,703,link,answer
2009,FI,,q90,1246620,KOK (Kansallinen Kokoomus) (Samlingspartiet),Kansallinen Kokoomus,495,link,answer
2009,FI,,q90,1246810,KESK (Suomen Keskusta) (Centern i Finland),Maalaisliitto / Keskusta,901,link,answer
2009,FI,,q90,1246820,PS (Perussuomalaiset) (Sannfinländarna),Suomen Puolue / Perussuomalaiset,1689,link,answer
2009,FI,,q90,1246901,RKP (Ruotsalainen kansanpuolue) ( Svenska folkpartiet i Finland),Ruotsalainen Kansanpuolue / Svenska Folkepartiet i Finland,1229,link,answer
2009,FR,,q25,20,[OTHER (open answer recorded)],other,,special,answer
2009,FR,,q25,77,[REFUSED],refused,,special,answer
2009,FR,,q25,88,[DK],dont-know,,special,answer
2009,FR,,q25,94,[voted blank ],blank-invalid,,special,answer
2009,FR,,q25,95,[spoiled vote],blank-invalid,,special,answer
2009,FR,,q25,99,[NAP],,,special,answer
2009,FR,,q25,1250090,Libertas,Libertas [og],,hand,answer
2009,FR,,q25,1250110,Les Verts,Les Verts,1108,name,answer
2009,FR,,q25,1250190,Europe Écologie,Europe Écologie — Les Verts,5650,name,answer
2009,FR,,q25,1250220,PCF,Parti communiste française,1251,name,answer
2009,FR,,q25,1250226,"Extrême gauche (LO/NPA, le parti d’Olivier Besancenot)",extrême gauche,1594,name,answer
2009,FR,,q25,1250320,PS,Parti socialiste,1478,link,answer
2009,FR,,q25,1250336,MoDem,Mouvement démocrate,496,hand,answer
2009,FR,,q25,1250626,UMP,Union pour un mouvement populaire,1595,hand,answer
2009,FR,,q25,1250720,FN,Front National / Rassemblement national,433,link,answer
2009,FR,,q26,20,[OTHER (open answer recorded)],other,,special,answer
2009,FR,,q26,77,[REFUSED],refused,,special,answer
2009,FR,,q26,88,[DK],dont-know,,special,answer
2009,FR,,q26,94,[would have voted blank ],blank-invalid,,special,answer
2009,FR,,q26,95,[would have spoiled vote],blank-invalid,,special,answer
2009,FR,,q26,96,[would have not vote],did-not-vote,,special,answer
2009,FR,,q26,99,[NAP],,,special,answer
2009,FR,,q26,1250026,Le front de gauche (Le parti de gauche + PCF),Front de Gauche,4363,hand,answer
2009,FR,,q26,1250110,Les Verts,Les Verts,1108,name,answer
2009,FR,,q26,1250190,Europe Écologie,Europe Écologie — Les Verts,5650,name,answer
2009,FR,,q26,1250220,PCF,Parti communiste française,1251,name,answer
2009,FR,,q26,1250226,"Extrême gauche (LO/NPA, le parti d’Olivier Besancenot)",extrême gauche,1594,name,answer
2009,FR,,q26,1250320,PS,Parti socialiste,1478,link,answer
2009,FR,,q26,1250336,MoDem,Mouvement démocrate,496,hand,answer
2009,FR,,q26,1250626,UMP,Union pour un mouvement populaire,1595,hand,answer
2009,FR,,q26,1250720,FN,Front National / Rassemblement national,433,link,answer
2009,FR,,q26b,99,[NAP],,,special,answer
2009,FR,,q27,20,[OTHER (open answer recorded)],other,,special,answer
2009,FR,,q27,77,[REFUSED],refused,,special,answer
2009,FR,,q27,88,[DK],dont-know,,special,answer
2009,FR,,q27,93,[Was not eligible/old enough],not-eligible,,special,answer
2009,FR,,q27,94,[voted blank ],blank-invalid,,special,answer
2009,FR,,q27,95,[spoiled vote],blank-invalid,,special,answer
2009,FR,,q27,96,[did not vote],did-not-vote,,special,answer
2009,FR,,q27,1250026,Le front de gauche (Le parti de gauche + PCF),Front de Gauche,4363,hand,answer
2009,FR,,q27,1250110,Les Verts,Les Verts,1108,name,answer
2009,FR,,q27,1250190,Europe Écologie,Europe Écologie — Les Verts,5650,name,answer
2009,FR,,q27,1250220,PCF,Parti communiste française,1251,name,answer
2009,FR,,q27,1250226,"Extrême gauche (LO/NPA, le parti d’Olivier Besancenot)",extrême gauche,1594,name,answer
2009,FR,,q27,1250320,PS,Parti socialiste,1478,link,answer
2009,FR,,q27,1250336,MoDem,Mouvement démocrate,496,hand,answer
2009,FR,,q27,1250626,UMP,Union pour un mouvement populaire,1595,hand,answer
2009,FR,,q27,1250720,FN,Front National / Rassemblement national,433,link,answer
2009,FR,,q28,20,[OTHER (open answer recorded)],other,,special,answer
2009,FR,,q28,77,[REFUSED],refused,,special,answer
2009,FR,,q28,88,[DK],dont-know,,special,answer
2009,FR,,q28,94,[would vote blank],blank-invalid,,special,answer
2009,FR,,q28,95,[would spoil vote],blank-invalid,,special,answer
2009,FR,,q28,96,[would not vote],did-not-vote,,special,answer
2009,FR,,q28,99,[NAP],,,special,answer
2009,FR,,q28,1250110,Les Verts,Les Verts,1108,name,answer
2009,FR,,q28,1250220,PCF,Parti communiste française,1251,name,answer
2009,FR,,q28,1250226,"Extrême gauche (LO/NPA, le parti d’Olivier Besancenot)",extrême gauche,1594,name,answer
2009,FR,,q28,1250320,PS,Parti socialiste,1478,link,answer
2009,FR,,q28,1250336,MoDem,Mouvement démocrate,496,hand,answer
2009,FR,,q28,1250626,UMP,Union pour un mouvement populaire,1595,hand,answer
2009,FR,,q28,1250720,FN,Front National / Rassemblement national,433,link,answer
2009,FR,,q39_p1,1250226,"Extrême gauche (LO/NPA, le parti d’Olivier Besancenot)",extrême gauche,1594,name,battery
2009,FR,,q39_p2,1250220,PCF,Parti communiste française,1251,name,battery
2009,FR,,q39_p3,1250320,PS,Parti socialiste,1478,link,battery
2009,FR,,q39_p4,1250110,Les Verts,Les Verts,1108,name,battery
2009,FR,,q39_p5,1250336,MoDem,Mouvement démocrate,496,hand,battery
2009,FR,,q39_p6,1250626,UMP,Union pour un mouvement populaire,1595,hand,battery
2009,FR,,q39_p7,1250720,FN,Front National / Rassemblement national,433,link,battery
2009,FR,,q39_p8,1250337,Le parti de gauche,Parti de Gauche,8359,hand,battery
2009,FR,,q4,20,[OTHER (open answer recorded)],other,,special,answer
2009,FR,,q4,66,[NONE],none,,special,answer
2009,FR,,q4,77,[REFUSED],refused,,special,answer
2009,FR,,q4,88,[DK],dont-know,,special,answer
2009,FR,,q4,99,[NAP],,,special,answer
2009,FR,,q4,1250026,Le front de gauche (Le parti de gauche + PCF),Front de Gauche,4363,hand,answer
2009,FR,,q4,1250110,Les Verts,Les Verts,1108,name,answer
2009,FR,,q4,1250190,Europe Écologie,Europe Écologie — Les Verts,5650,name,answer
2009,FR,,q4,1250220,PCF,Parti communiste française,1251,name,answer
2009,FR,,q4,1250226,"Extrême gauche (LO/NPA, le parti d’Olivier Besancenot)",extrême gauche,1594,name,answer
2009,FR,,q4,1250320,PS,Parti socialiste,1478,link,answer
2009,FR,,q4,1250336,MoDem,Mouvement démocrate,496,hand,answer
2009,FR,,q4,1250626,UMP,Union pour un mouvement populaire,1595,hand,answer
2009,FR,,q4,1250720,FN,Front National / Rassemblement national,433,link,answer
2009,FR,,q47_p1,1250226,"Extrême gauche (LO/NPA, le parti d’Olivier Besancenot)",extrême gauche,1594,name,battery
2009,FR,,q47_p2,1250220,PCF,Parti communiste française,1251,name,battery
2009,FR,,q47_p3,1250320,PS,Parti socialiste,1478,link,battery
2009,FR,,q47_p4,1250110,Les Verts,Les Verts,1108,name,battery
2009,FR,,q47_p5,1250336,MoDem,Mouvement démocrate,496,hand,battery
2009,FR,,q47_p6,1250626,UMP,Union pour un mouvement populaire,1595,hand,battery
2009,FR,,q47_p7,1250720,FN,Front National / Rassemblement national,433,link,battery
2009,FR,,q47_p8,1250337,Le parti de gauche,Parti de Gauche,8359,hand,battery
2009,FR,,q81_p1,1250226,"Extrême gauche (LO/NPA, le parti d’Olivier Besancenot)",extrême gauche,1594,name,battery
2009,FR,,q81_p2,1250220,PCF,Parti communiste française,1251,name,battery
2009,FR,,q81_p3,1250320,PS,Parti socialiste,1478,link,battery
2009,FR,,q81_p4,1250110,Les Verts,Les Verts,1108,name,battery
2009,FR,,q81_p5,1250336,MoDem,Mouvement démocrate,496,hand,battery
2009,FR,,q81_p6,1250626,UMP,Union pour un mouvement populaire,1595,hand,battery
2009,FR,,q81_p7,1250720,FN,Front National / Rassemblement national,433,link,battery
2009,FR,,q81_p8,1250337,Le parti de gauche,Parti de Gauche,8359,hand,battery
2009,FR,,q87,0,"no, does not feel close to any party",none,,special,answer
2009,FR,,q87,20,[OTHER (open answer recorded)],other,,special,answer
2009,FR,,q87,77,[REFUSED],refused,,special,answer
2009,FR,,q87,88,[DK],dont-know,,special,answer
2009,FR,,q87,99,[NAP],,,special,answer
2009,FR,,q87,1250026,Le front de gauche (Le parti de gauche + PCF),Front de Gauche,4363,hand,answer
2009,FR,,q87,1250090,Libertas,Libertas [og],,hand,answer
2009,FR,,q87,1250110,Les Verts,Les Verts,1108,name,answer
2009,FR,,q87,1250190,Europe Écologie,Europe Écologie — Les Verts,5650,name,answer
2009,FR,,q87,1250220,PCF,Parti communiste française,1251,name,answer
2009,FR,,q87,1250226,"Extrême gauche (LO/NPA, le parti d’Olivier Besancenot)",extrême gauche,1594,name,answer
2009,FR,,q87,1250320,PS,Parti socialiste,1478,link,answer
2009,FR,,q87,1250336,MoDem,Mouvement démocrate,496,hand,answer
2009,FR,,q87,1250626,UMP,Union pour un mouvement populaire,1595,hand,answer
2009,FR,,q87,1250720,FN,Front National / Rassemblement national,433,link,answer
2009,FR,,q90,20,[OTHER (open answer recorded)],other,,special,answer
2009,FR,,q90,77,[REFUSED],refused,,special,answer
2009,FR,,q90,99,[NAP],,,special,answer
2009,FR,,q90,1250090,Libertas,Libertas [og],,hand,answer
2009,FR,,q90,1250110,Les Verts,Les Verts,1108,name,answer
2009,FR,,q90,1250190,Europe Écologie,Europe Écologie — Les Verts,5650,name,answer
2009,FR,,q90,1250220,PCF,Parti communiste française,1251,name,answer
2009,FR,,q90,1250226,"Extrême gauche (LO/NPA, le parti d’Olivier Besancenot)",extrême gauche,1594,name,answer
2009,FR,,q90,1250320,PS,Parti socialiste,1478,link,answer
2009,FR,,q90,1250336,MoDem,Mouvement démocrate,496,hand,answer
2009,FR,,q90,1250626,UMP,Union pour un mouvement populaire,1595,hand,answer
2009,FR,,q90,1250720,FN,Front National / Rassemblement national,433,link,answer
2009,GB,,q25,20,[OTHER (open answer recorded)],other,,special,answer
2009,GB,,q25,77,[REFUSED],refused,,special,answer
2009,GB,,q25,88,[DK],dont-know,,special,answer
2009,GB,,q25,94,[voted blank ],blank-invalid,,special,answer
2009,GB,,q25,95,[spoiled vote],blank-invalid,,special,answer
2009,GB,,q25,99,[NAP],,,special,answer
2009,GB,,q25,1826090,Animals Count,Animals Count [og],,hand,answer
2009,GB,,q25,1826110,Green Party,Green Party of England and Wales,1794,link,answer
2009,GB,,q25,1826320,Labour,Labour Party,1516,link,answer
2009,GB,,q25,1826390,Scottish Socialist Party SSP,Scottish Socialist Party SSP [og],,hand,answer
2009,GB,,q25,1826421,Liberal Democrats,Liberal Democrats,1388,link,answer
2009,GB,,q25,1826522,Christian Party,Christian Party [og],,hand,answer
2009,GB,,q25,1826620,Conservatives,Conservatives,1567,link,answer
2009,GB,,q25,1826720,British National Party (BNP),British National Party,855,link,answer
2009,GB,,q25,1826723,England Democrats,English Democrats,1675,hand,answer
2009,GB,,q25,1826901,Plaid Cymru,Plaid Cymru,1002,link,answer
2009,GB,,q25,1826902,Scottish National Party,Scottish National Party,986,link,answer
2009,GB,,q25,1826951,UK Independence Party (UKIP),United Kingdom Independence Party,601,link,answer
2009,GB,,q26,20,[OTHER (open answer recorded)],other,,special,answer
2009,GB,,q26,77,[REFUSED],refused,,special,answer
2009,GB,,q26,88,[DK],dont-know,,special,answer
2009,GB,,q26,96,[would have not vote],did-not-vote,,special,answer
2009,GB,,q26,99,[NAP],,,special,answer
2009,GB,,q26,1826110,Green Party,Green Party of England and Wales,1794,link,answer
2009,GB,,q26,1826320,Labour,Labour Party,1516,link,answer
2009,GB,,q26,1826390,Scottish Socialist Party SSP,Scottish Socialist Party SSP [og],,hand,answer
2009,GB,,q26,1826421,Liberal Democrats,Liberal Democrats,1388,link,answer
2009,GB,,q26,1826620,Conservatives,Conservatives,1567,link,answer
2009,GB,,q26,1826720,British National Party (BNP),British National Party,855,link,answer
2009,GB,,q26,1826902,Scottish National Party,Scottish National Party,986,link,answer
2009,GB,,q26,1826951,UK Independence Party (UKIP),United Kingdom Independence Party,601,link,answer
2009,GB,,q26b,99,[NAP],,,special,answer
2009,GB,,q27,77,[REFUSED],refused,,special,answer
2009,GB,,q27,88,[DK],dont-know,,special,answer
2009,GB,,q27,93,[Was not eligible/old enough],not-eligible,,special,answer
2009,GB,,q27,95,[spoiled vote],blank-invalid,,special,answer
2009,GB,,q27,96,[did not vote],did-not-vote,,special,answer
2009,GB,,q27,1826110,Green Party,Green Party of England and Wales,1794,link,answer
2009,GB,,q27,1826320,Labour,Labour Party,1516,link,answer
2009,GB,,q27,1826390,Scottish Socialist Party SSP,Scottish Socialist Party SSP [og],,hand,answer
2009,GB,,q27,1826392,Solidarity – Scotlands Socialist Movement,Solidarity – Scotlands Socialist Movement [og],,hand,answer
2009,GB,,q27,1826421,Liberal Democrats,Liberal Democrats,1388,link,answer
2009,GB,,q27,1826620,Conservatives,Conservatives,1567,link,answer
2009,GB,,q27,1826901,Plaid Cymru,Plaid Cymru,1002,link,answer
2009,GB,,q27,1826902,Scottish National Party,Scottish National Party,986,link,answer
2009,GB,,q27,1826951,UK Independence Party (UKIP),United Kingdom Independence Party,601,link,answer
2009,GB,,q28,20,[OTHER (open answer recorded)],other,,special,answer
2009,GB,,q28,77,[REFUSED],refused,,special,answer
2009,GB,,q28,88,[DK],dont-know,,special,answer
2009,GB,,q28,94,[would vote blank],blank-invalid,,special,answer
2009,GB,,q28,95,[would spoil vote],blank-invalid,,special,answer
2009,GB,,q28,96,[would not vote],did-not-vote,,special,answer
2009,GB,,q28,1826110,Green Party,Green Party of England and Wales,1794,link,answer
2009,GB,,q28,1826320,Labour,Labour Party,1516,link,answer
2009,GB,,q28,1826421,Liberal Democrats,Liberal Democrats,1388,link,answer
2009,GB,,q28,1826522,Christian Party,Christian Party [og],,hand,answer
2009,GB,,q28,1826620,Conservatives,Conservatives,1567,link,answer
2009,GB,,q28,1826720,British National Party (BNP),British National Party,855,link,answer
2009,GB,,q28,1826901,Plaid Cymru,Plaid Cymru,1002,link,answer
2009,GB,,q28,1826902,Scottish National Party,Scottish National Party,986,link,answer
2009,GB,,q28,1826951,UK Independence Party (UKIP),United Kingdom Independence Party,601,link,answer
2009,GB,,q39_p1,1826320,Labour,Labour Party,1516,link,battery
2009,GB,,q39_p2,1826620,Conservatives,Conservatives,1567,link,battery
2009,GB,,q39_p3,1826421,Liberal Democrats,Liberal Democrats,1388,link,battery
2009,GB,,q39_p4,1826902,Scottish National Party,Scottish National Party,986,link,battery
2009,GB,,q39_p5,1826901,Plaid Cymru,Plaid Cymru,1002,link,battery
2009,GB,,q39_p6,1826951,UK Independence Party (UKIP),United Kingdom Independence Party,601,link,battery
2009,GB,,q39_p7,1826720,British National Party (BNP),British National Party,855,link,battery
2009,GB,,q39_p8,1826110,Green Party,Green Party of England and Wales,1794,link,battery
2009,GB,,q4,20,[OTHER (open answer recorded)],other,,special,answer
2009,GB,,q4,66,[NONE],none,,special,answer
2009,GB,,q4,77,[REFUSED],refused,,special,answer
2009,GB,,q4,88,[DK],dont-know,,special,answer
2009,GB,,q4,99,[NAP],,,special,answer
2009,GB,,q4,1826110,Green Party,Green Party of England and Wales,1794,link,answer
2009,GB,,q4,1826320,Labour,Labour Party,1516,link,answer
2009,GB,,q4,1826390,Scottish Socialist Party SSP,Scottish Socialist Party SSP [og],,hand,answer
2009,GB,,q4,1826392,Solidarity – Scotlands Socialist Movement,Solidarity – Scotlands Socialist Movement [og],,hand,answer
2009,GB,,q4,1826421,Liberal Democrats,Liberal Democrats,1388,link,answer
2009,GB,,q4,1826620,Conservatives,Conservatives,1567,link,answer
2009,GB,,q4,1826720,British National Party (BNP),British National Party,855,link,answer
2009,GB,,q4,1826901,Plaid Cymru,Plaid Cymru,1002,link,answer
2009,GB,,q4,1826902,Scottish National Party,Scottish National Party,986,link,answer
2009,GB,,q4,1826951,UK Independence Party (UKIP),United Kingdom Independence Party,601,link,answer
2009,GB,,q47_p1,1826320,Labour,Labour Party,1516,link,battery
2009,GB,,q47_p2,1826620,Conservatives,Conservatives,1567,link,battery
2009,GB,,q47_p3,1826421,Liberal Democrats,Liberal Democrats,1388,link,battery
2009,GB,,q47_p4,1826902,Scottish National Party,Scottish National Party,986,link,battery
2009,GB,,q47_p5,1826901,Plaid Cymru,Plaid Cymru,1002,link,battery
2009,GB,,q47_p6,1826951,UK Independence Party (UKIP),United Kingdom Independence Party,601,link,battery
2009,GB,,q47_p7,1826720,British National Party (BNP),British National Party,855,link,battery
2009,GB,,q47_p8,1826110,Green Party,Green Party of England and Wales,1794,link,battery
2009,GB,,q81_p1,1826320,Labour,Labour Party,1516,link,battery
2009,GB,,q81_p2,1826620,Conservatives,Conservatives,1567,link,battery
2009,GB,,q81_p3,1826421,Liberal Democrats,Liberal Democrats,1388,link,battery
2009,GB,,q81_p4,1826902,Scottish National Party,Scottish National Party,986,link,battery
2009,GB,,q81_p5,1826901,Plaid Cymru,Plaid Cymru,1002,link,battery
2009,GB,,q81_p6,1826951,UK Independence Party (UKIP),United Kingdom Independence Party,601,link,battery
2009,GB,,q81_p7,1826720,British National Party (BNP),British National Party,855,link,battery
2009,GB,,q81_p8,1826110,Green Party,Green Party of England and Wales,1794,link,battery
2009,GB,,q87,0,"no, does not feel close to any party",none,,special,answer
2009,GB,,q87,77,[REFUSED],refused,,special,answer
2009,GB,,q87,88,[DK],dont-know,,special,answer
2009,GB,,q87,1826110,Green Party,Green Party of England and Wales,1794,link,answer
2009,GB,,q87,1826320,Labour,Labour Party,1516,link,answer
2009,GB,,q87,1826390,Scottish Socialist Party SSP,Scottish Socialist Party SSP [og],,hand,answer
2009,GB,,q87,1826392,Solidarity – Scotlands Socialist Movement,Solidarity – Scotlands Socialist Movement [og],,hand,answer
2009,GB,,q87,1826421,Liberal Democrats,Liberal Democrats,1388,link,answer
2009,GB,,q87,1826620,Conservatives,Conservatives,1567,link,answer
2009,GB,,q87,1826720,British National Party (BNP),British National Party,855,link,answer
2009,GB,,q87,1826901,Plaid Cymru,Plaid Cymru,1002,link,answer
2009,GB,,q87,1826902,Scottish National Party,Scottish National Party,986,link,answer
2009,GB,,q87,1826951,UK Independence Party (UKIP),United Kingdom Independence Party,601,link,answer
2009,GB,,q90,20,[OTHER (open answer recorded)],other,,special,answer
2009,GB,,q90,77,[REFUSED],refused,,special,answer
2009,GB,,q90,99,[NAP],,,special,answer
2009,GB,,q90,1826110,Green Party,Green Party of England and Wales,1794,link,answer
2009,GB,,q90,1826320,Labour,Labour Party,1516,link,answer
2009,GB,,q90,1826421,Liberal Democrats,Liberal Democrats,1388,link,answer
2009,GB,,q90,1826620,Conservatives,Conservatives,1567,link,answer
2009,GB,,q90,1826720,British National Party (BNP),British National Party,855,link,answer
2009,GB,,q90,1826902,Scottish National Party,Scottish National Party,986,link,answer
2009,GB,,q90,1826951,UK Independence Party (UKIP),United Kingdom Independence Party,601,link,answer
2009,GR,,q25,20,[OTHER (open answer recorded)],other,,special,answer
2009,GR,,q25,77,[REFUSED],refused,,special,answer
2009,GR,,q25,88,[DK],dont-know,,special,answer
2009,GR,,q25,94,[voted blank ],blank-invalid,,special,answer
2009,GR,,q25,95,[spoiled vote],blank-invalid,,special,answer
2009,GR,,q25,99,[NAP],,,special,answer
2009,GR,,q25,1300116,ΟΙΚΟΛΟΓΟΙ – ΠΡΑΣΙΝΟΙ,Oikologoi Prasinoi,378,hand,answer
2009,GR,,q25,1300210,ΚΚΕ,Kommounistikó Kómma Elládas,48,hand,answer
2009,GR,,q25,1300215,ΣΥΡΙΖΑ,Synaspismós Rizospastikís Aristerás,301,hand,answer
2009,GR,,q25,1300313,ΠΑΣΟΚ,Panellinio Sosialistikó Kínima,1468,hand,answer
2009,GR,,q25,1300511,ΝΔ,Néa Đimokratía,794,hand,answer
2009,GR,,q25,1300703,ΛΑΟΣ,Laïkós Orthódoxos Synagermós,965,hand,answer
2009,GR,,q26,20,[OTHER (open answer recorded)],other,,special,answer
2009,GR,,q26,77,[REFUSED],refused,,special,answer
2009,GR,,q26,88,[DK],dont-know,,special,answer
2009,GR,,q26,94,[would have voted blank ],blank-invalid,,special,answer
2009,GR,,q26,95,[would have spoiled vote],blank-invalid,,special,answer
2009,GR,,q26,96,[would have not vote],did-not-vote,,special,answer
2009,GR,,q26,99,[NAP],,,special,answer
2009,GR,,q26,1300116,ΟΙΚΟΛΟΓΟΙ – ΠΡΑΣΙΝΟΙ,Oikologoi Prasinoi,378,hand,answer
2009,GR,,q26,1300210,ΚΚΕ,Kommounistikó Kómma Elládas,48,hand,answer
2009,GR,,q26,1300215,ΣΥΡΙΖΑ,Synaspismós Rizospastikís Aristerás,301,hand,answer
2009,GR,,q26,1300313,ΠΑΣΟΚ,Panellinio Sosialistikó Kínima,1468,hand,answer
2009,GR,,q26,1300511,ΝΔ,Néa Đimokratía,794,hand,answer
2009,GR,,q26,1300703,ΛΑΟΣ,Laïkós Orthódoxos Synagermós,965,hand,answer
2009,GR,,q26b,99,[NAP],,,special,answer
2009,GR,,q27,20,[OTHER (open answer recorded)],other,,special,answer
2009,GR,,q27,77,[REFUSED],refused,,special,answer
2009,GR,,q27,88,[DK],dont-know,,special,answer
2009,GR,,q27,93,[Was not eligible/old enough],not-eligible,,special,answer
2009,GR,,q27,94,[voted blank ],blank-invalid,,special,answer
2009,GR,,q27,95,[spoiled vote],blank-invalid,,special,answer
2009,GR,,q27,96,[did not vote],did-not-vote,,special,answer
2009,GR,,q27,1300116,ΟΙΚΟΛΟΓΟΙ – ΠΡΑΣΙΝΟΙ,Oikologoi Prasinoi,378,hand,answer
2009,GR,,q27,1300210,ΚΚΕ,Kommounistikó Kómma Elládas,48,hand,answer
2009,GR,,q27,1300215,ΣΥΡΙΖΑ,Synaspismós Rizospastikís Aristerás,301,hand,answer
2009,GR,,q27,1300313,ΠΑΣΟΚ,Panellinio Sosialistikó Kínima,1468,hand,answer
2009,GR,,q27,1300511,ΝΔ,Néa Đimokratía,794,hand,answer
2009,GR,,q27,1300703,ΛΑΟΣ,Laïkós Orthódoxos Synagermós,965,hand,answer
2009,GR,,q28,20,[OTHER (open answer recorded)],other,,special,answer
2009,GR,,q28,77,[REFUSED],refused,,special,answer
2009,GR,,q28,88,[DK],dont-know,,special,answer
2009,GR,,q28,94,[would vote blank],blank-invalid,,special,answer
2009,GR,,q28,95,[would spoil vote],blank-invalid,,special,answer
2009,GR,,q28,96,[would not vote],did-not-vote,,special,answer
2009,GR,,q28,1300116,ΟΙΚΟΛΟΓΟΙ – ΠΡΑΣΙΝΟΙ,Oikologoi Prasinoi,378,hand,answer
2009,GR,,q28,1300210,ΚΚΕ,Kommounistikó Kómma Elládas,48,hand,answer
2009,GR,,q28,1300215,ΣΥΡΙΖΑ,Synaspismós Rizospastikís Aristerás,301,hand,answer
2009,GR,,q28,1300313,ΠΑΣΟΚ,Panellinio Sosialistikó Kínima,1468,hand,answer
2009,GR,,q28,1300511,ΝΔ,Néa Đimokratía,794,hand,answer
2009,GR,,q28,1300703,ΛΑΟΣ,Laïkós Orthódoxos Synagermós,965,hand,answer
2009,GR,,q39_p1,1300511,ΝΔ,Néa Đimokratía,794,hand,battery
2009,GR,,q39_p2,1300313,ΠΑΣΟΚ,Panellinio Sosialistikó Kínima,1468,hand,battery
2009,GR,,q39_p3,1300210,ΚΚΕ,Kommounistikó Kómma Elládas,48,hand,battery
2009,GR,,q39_p4,1300215,ΣΥΡΙΖΑ,Synaspismós Rizospastikís Aristerás,301,hand,battery
2009,GR,,q39_p5,1300703,ΛΑΟΣ,Laïkós Orthódoxos Synagermós,965,hand,battery
2009,GR,,q39_p6,1300116,ΟΙΚΟΛΟΓΟΙ – ΠΡΑΣΙΝΟΙ,Oikologoi Prasinoi,378,hand,battery
2009,GR,,q4,20,[OTHER (open answer recorded)],other,,special,answer
2009,GR,,q4,66,[NONE],none,,special,answer
2009,GR,,q4,77,[REFUSED],refused,,special,answer
2009,GR,,q4,88,[DK],dont-know,,special,answer
2009,GR,,q4,98,[UNAVAILABLE],,,special,answer
2009,GR,,q4,99,[NAP],,,special,answer
2009,GR,,q4,1300116,ΟΙΚΟΛΟΓΟΙ – ΠΡΑΣΙΝΟΙ,Oikologoi Prasinoi,378,hand,answer
2009,GR,,q4,1300210,ΚΚΕ,Kommounistikó Kómma Elládas,48,hand,answer
2009,GR,,q4,1300215,ΣΥΡΙΖΑ,Synaspismós Rizospastikís Aristerás,301,hand,answer
2009,GR,,q4,1300313,ΠΑΣΟΚ,Panellinio Sosialistikó Kínima,1468,hand,answer
2009,GR,,q4,1300511,ΝΔ,Néa Đimokratía,794,hand,answer
2009,GR,,q4,1300703,ΛΑΟΣ,Laïkós Orthódoxos Synagermós,965,hand,answer
2009,GR,,q47_p1,1300511,ΝΔ,Néa Đimokratía,794,hand,battery
2009,GR,,q47_p2,1300313,ΠΑΣΟΚ,Panellinio Sosialistikó Kínima,1468,hand,battery
2009,GR,,q47_p3,1300210,ΚΚΕ,Kommounistikó Kómma Elládas,48,hand,battery
2009,GR,,q47_p4,1300215,ΣΥΡΙΖΑ,Synaspismós Rizospastikís Aristerás,301,hand,battery
2009,GR,,q47_p5,1300703,ΛΑΟΣ,Laïkós Orthódoxos Synagermós,965,hand,battery
2009,GR,,q47_p6,1300116,ΟΙΚΟΛΟΓΟΙ – ΠΡΑΣΙΝΟΙ,Oikologoi Prasinoi,378,hand,battery
2009,GR,,q81_p1,1300511,ΝΔ,Néa Đimokratía,794,hand,battery
2009,GR,,q81_p2,1300313,ΠΑΣΟΚ,Panellinio Sosialistikó Kínima,1468,hand,battery
2009,GR,,q81_p3,1300210,ΚΚΕ,Kommounistikó Kómma Elládas,48,hand,battery
2009,GR,,q81_p4,1300215,ΣΥΡΙΖΑ,Synaspismós Rizospastikís Aristerás,301,hand,battery
2009,GR,,q81_p5,1300703,ΛΑΟΣ,Laïkós Orthódoxos Synagermós,965,hand,battery
2009,GR,,q81_p6,1300116,ΟΙΚΟΛΟΓΟΙ – ΠΡΑΣΙΝΟΙ,Oikologoi Prasinoi,378,hand,battery
2009,GR,,q87,0,"no, does not feel close to any party",none,,special,answer
2009,GR,,q87,20,[OTHER (open answer recorded)],other,,special,answer
2009,GR,,q87,77,[REFUSED],refused,,special,answer
2009,GR,,q87,88,[DK],dont-know,,special,answer
2009,GR,,q87,1300116,ΟΙΚΟΛΟΓΟΙ – ΠΡΑΣΙΝΟΙ,Oikologoi Prasinoi,378,hand,answer
2009,GR,,q87,1300210,ΚΚΕ,Kommounistikó Kómma Elládas,48,hand,answer
2009,GR,,q87,1300215,ΣΥΡΙΖΑ,Synaspismós Rizospastikís Aristerás,301,hand,answer
2009,GR,,q87,1300313,ΠΑΣΟΚ,Panellinio Sosialistikó Kínima,1468,hand,answer
2009,GR,,q87,1300511,ΝΔ,Néa Đimokratía,794,hand,answer
2009,GR,,q87,1300703,ΛΑΟΣ,Laïkós Orthódoxos Synagermós,965,hand,answer
2009,GR,,q90,20,[OTHER (open answer recorded)],other,,special,answer
2009,GR,,q90,77,[REFUSED],refused,,special,answer
2009,GR,,q90,88,[DK],dont-know,,special,answer
2009,GR,,q90,99,[NAP],,,special,answer
2009,GR,,q90,1300116,ΟΙΚΟΛΟΓΟΙ – ΠΡΑΣΙΝΟΙ,Oikologoi Prasinoi,378,hand,answer
2009,GR,,q90,1300210,ΚΚΕ,Kommounistikó Kómma Elládas,48,hand,answer
2009,GR,,q90,1300215,ΣΥΡΙΖΑ,Synaspismós Rizospastikís Aristerás,301,hand,answer
2009,GR,,q90,1300313,ΠΑΣΟΚ,Panellinio Sosialistikó Kínima,1468,hand,answer
2009,GR,,q90,1300511,ΝΔ,Néa Đimokratía,794,hand,answer
2009,GR,,q90,1300703,ΛΑΟΣ,Laïkós Orthódoxos Synagermós,965,hand,answer
2009,HU,,q25,77,[REFUSED],refused,,special,answer
2009,HU,,q25,88,[DK],dont-know,,special,answer
2009,HU,,q25,94,[voted blank ],blank-invalid,,special,answer
2009,HU,,q25,96,[did not vote],did-not-vote,,special,answer
2009,HU,,q25,99,[NAP],,,special,answer
2009,HU,,q25,1348100,Lehet más a politika! (LMP-HP),Lehet Más a Politika — LMP – Magyarország Zöld Pártja,1650,name,answer
2009,HU,,q25,1348210,Magyar Kommunista Munkáspárt,Magyar Kommunista Munkáspárt,859,name,answer
2009,HU,,q25,1348220,"MSZP, Magyar Szocialista Párt",Magyar Szocialista Párt,1408,link,answer
2009,HU,,q25,1348421,Fidesz-Magyar Polgári Párt,Fidesz — Magyar Polgári Szövetség,1691,name,answer
2009,HU,,q25,1348422,"SZDSZ, Szabad Demokraták Szövetsége",Szabad Demokraták Szövetsége,910,hand,answer
2009,HU,,q25,1348521,"MDF, Magyar Demokrata Fórum",Magyar Demokrata Fórum,1697,hand,answer
2009,HU,,q25,1348526,"KDNP, Kereszténydemokrata Néppárt",Kereszténydemokrata Néppárt,1412,hand,answer
2009,HU,,q25,1348700,Jobbik,Jobbik Magyarországért Mozgalom,42,link,answer
2009,HU,,q25,1348701,Magyar Igazság és Élet Pártja MIÉP,Magyar Igazság és Élet Pártja,1597,hand,answer
2009,HU,,q26,77,[REFUSED],refused,,special,answer
2009,HU,,q26,88,[DK],dont-know,,special,answer
2009,HU,,q26,94,[would have voted blank ],blank-invalid,,special,answer
2009,HU,,q26,96,[would have not vote],did-not-vote,,special,answer
2009,HU,,q26,99,[NAP],,,special,answer
2009,HU,,q26,1348100,Lehet más a politika! (LMP-HP),Lehet Más a Politika — LMP – Magyarország Zöld Pártja,1650,name,answer
2009,HU,,q26,1348210,Magyar Kommunista Munkáspárt,Magyar Kommunista Munkáspárt,859,name,answer
2009,HU,,q26,1348220,"MSZP, Magyar Szocialista Párt",Magyar Szocialista Párt,1408,link,answer
2009,HU,,q26,1348421,Fidesz-Magyar Polgári Párt,Fidesz — Magyar Polgári Szövetség,1691,name,answer
2009,HU,,q26,1348422,"SZDSZ, Szabad Demokraták Szövetsége",Szabad Demokraták Szövetsége,910,hand,answer
2009,HU,,q26,1348521,"MDF, Magyar Demokrata Fórum",Magyar Demokrata Fórum,1697,hand,answer
2009,HU,,q26,1348526,"KDNP, Kereszténydemokrata Néppárt",Kereszténydemokrata Néppárt,1412,hand,answer
2009,HU,,q26,1348700,Jobbik,Jobbik Magyarországért Mozgalom,42,link,answer
2009,HU,,q26,1348701,Magyar Igazság és Élet Pártja MIÉP,Magyar Igazság és Élet Pártja,1597,hand,answer
2009,HU,,q26b,99,[NAP],,,special,answer
2009,HU,,q27,77,[REFUSED],refused,,special,answer
2009,HU,,q27,88,[DK],dont-know,,special,answer
2009,HU,,q27,93,[Was not eligible/old enough],not-eligible,,special,answer
2009,HU,,q27,96,[did not vote],did-not-vote,,special,answer
2009,HU,,q27,99,[NAP],,,special,answer
2009,HU,,q27,1348100,Lehet más a politika! (LMP-HP),Lehet Más a Politika — LMP – Magyarország Zöld Pártja,1650,name,answer
2009,HU,,q27,1348210,Magyar Kommunista Munkáspárt,Magyar Kommunista Munkáspárt,859,name,answer
2009,HU,,q27,1348220,"MSZP, Magyar Szocialista Párt",Magyar Szocialista Párt,1408,link,answer
2009,HU,,q27,1348421,Fidesz-Magyar Polgári Párt,Fidesz — Magyar Polgári Szövetség,1691,name,answer
2009,HU,,q27,1348422,"SZDSZ, Szabad Demokraták Szövetsége",Szabad Demokraták Szövetsége,910,hand,answer
2009,HU,,q27,1348521,"MDF, Magyar Demokrata Fórum",Magyar Demokrata Fórum,1697,hand,answer
2009,HU,,q27,1348526,"KDNP, Kereszténydemokrata Néppárt",Kereszténydemokrata Néppárt,1412,hand,answer
2009,HU,,q27,1348700,Jobbik,Jobbik Magyarországért Mozgalom,42,link,answer
2009,HU,,q27,1348701,Magyar Igazság és Élet Pártja MIÉP,Magyar Igazság és Élet Pártja,1597,hand,answer
2009,HU,,q28,20,[OTHER (open answer recorded)],other,,special,answer
2009,HU,,q28,77,[REFUSED],refused,,special,answer
2009,HU,,q28,88,[DK],dont-know,,special,answer
2009,HU,,q28,94,[would vote blank],blank-invalid,,special,answer
2009,HU,,q28,96,[would not vote],did-not-vote,,special,answer
2009,HU,,q28,99,[NAP],,,special,answer
2009,HU,,q28,1348100,Lehet más a politika! (LMP-HP),Lehet Más a Politika — LMP – Magyarország Zöld Pártja,1650,name,answer
2009,HU,,q28,1348210,Magyar Kommunista Munkáspárt,Magyar Kommunista Munkáspárt,859,name,answer
2009,HU,,q28,1348220,"MSZP, Magyar Szocialista Párt",Magyar Szocialista Párt,1408,link,answer
2009,HU,,q28,1348421,Fidesz-Magyar Polgári Párt,Fidesz — Magyar Polgári Szövetség,1691,name,answer
2009,HU,,q28,1348422,"SZDSZ, Szabad Demokraták Szövetsége",Szabad Demokraták Szövetsége,910,hand,answer
2009,HU,,q28,1348521,"MDF, Magyar Demokrata Fórum",Magyar Demokrata Fórum,1697,hand,answer
2009,HU,,q28,1348526,"KDNP, Kereszténydemokrata Néppárt",Kereszténydemokrata Néppárt,1412,hand,answer
2009,HU,,q28,1348700,Jobbik,Jobbik Magyarországért Mozgalom,42,link,answer
2009,HU,,q28,1348701,Magyar Igazság és Élet Pártja MIÉP,Magyar Igazság és Élet Pártja,1597,hand,answer
2009,HU,,q39_p1,1348421,Fidesz-Magyar Polgári Párt,Fidesz — Magyar Polgári Szövetség,1691,name,battery
2009,HU,,q39_p2,1348700,Jobbik,Jobbik Magyarországért Mozgalom,42,link,battery
2009,HU,,q39_p4,1348210,Magyar Kommunista Munkáspárt,Magyar Kommunista Munkáspárt,859,name,battery
2009,HU,,q39_p6,1348521,"MDF, Magyar Demokrata Fórum",Magyar Demokrata Fórum,1697,hand,battery
2009,HU,,q39_p7,1348220,"MSZP, Magyar Szocialista Párt",Magyar Szocialista Párt,1408,link,battery
2009,HU,,q39_p8,1348422,"SZDSZ, Szabad Demokraták Szövetsége",Szabad Demokraták Szövetsége,910,hand,battery
2009,HU,,q39_p9,1348526,"KDNP, Kereszténydemokrata Néppárt",Kereszténydemokrata Néppárt,1412,hand,battery
2009,HU,,q4,20,[OTHER (open answer recorded)],other,,special,answer
2009,HU,,q4,66,[NONE],none,,special,answer
2009,HU,,q4,77,[REFUSED],refused,,special,answer
2009,HU,,q4,88,[DK],dont-know,,special,answer
2009,HU,,q4,99,[NAP],,,special,answer
2009,HU,,q4,1348100,Lehet más a politika! (LMP-HP),Lehet Más a Politika — LMP – Magyarország Zöld Pártja,1650,name,answer
2009,HU,,q4,1348210,Magyar Kommunista Munkáspárt,Magyar Kommunista Munkáspárt,859,name,answer
2009,HU,,q4,1348220,"MSZP, Magyar Szocialista Párt",Magyar Szocialista Párt,1408,link,answer
2009,HU,,q4,1348421,Fidesz-Magyar Polgári Párt,Fidesz — Magyar Polgári Szövetség,1691,name,answer
2009,HU,,q4,1348422,"SZDSZ, Szabad Demokraták Szövetsége",Szabad Demokraták Szövetsége,910,hand,answer
2009,HU,,q4,1348521,"MDF, Magyar Demokrata Fórum",Magyar Demokrata Fórum,1697,hand,answer
2009,HU,,q4,1348526,"KDNP, Kereszténydemokrata Néppárt",Kereszténydemokrata Néppárt,1412,hand,answer
2009,HU,,q4,1348700,Jobbik,Jobbik Magyarországért Mozgalom,42,link,answer
2009,HU,,q4,1348701,Magyar Igazság és Élet Pártja MIÉP,Magyar Igazság és Élet Pártja,1597,hand,answer
2009,HU,,q47_p1,1348421,Fidesz-Magyar Polgári Párt,Fidesz — Magyar Polgári Szövetség,1691,name,battery
2009,HU,,q47_p2,1348700,Jobbik,Jobbik Magyarországért Mozgalom,42,link,battery
2009,HU,,q47_p4,1348210,Magyar Kommunista Munkáspárt,Magyar Kommunista Munkáspárt,859,name,battery
2009,HU,,q47_p6,1348521,"MDF, Magyar Demokrata Fórum",Magyar Demokrata Fórum,1697,hand,battery
2009,HU,,q47_p7,1348220,"MSZP, Magyar Szocialista Párt",Magyar Szocialista Párt,1408,link,battery
2009,HU,,q47_p8,1348422,"SZDSZ, Szabad Demokraták Szövetsége",Szabad Demokraták Szövetsége,910,hand,battery
2009,HU,,q47_p9,1348526,"KDNP, Kereszténydemokrata Néppárt",Kereszténydemokrata Néppárt,1412,hand,battery
2009,HU,,q81_p1,1348421,Fidesz-Magyar Polgári Párt,Fidesz — Magyar Polgári Szövetség,1691,name,battery
2009,HU,,q81_p2,1348700,Jobbik,Jobbik Magyarországért Mozgalom,42,link,battery
2009,HU,,q81_p4,1348210,Magyar Kommunista Munkáspárt,Magyar Kommunista Munkáspárt,859,name,battery
2009,HU,,q81_p6,1348521,"MDF, Magyar Demokrata Fórum",Magyar Demokrata Fórum,1697,hand,battery
2009,HU,,q81_p7,1348220,"MSZP, Magyar Szocialista Párt",Magyar Szocialista Párt,1408,link,battery
2009,HU,,q81_p8,1348422,"SZDSZ, Szabad Demokraták Szövetsége",Szabad Demokraták Szövetsége,910,hand,battery
2009,HU,,q81_p9,1348526,"KDNP, Kereszténydemokrata Néppárt",Kereszténydemokrata Néppárt,1412,hand,battery
2009,HU,,q87,0,"no, does not feel close to any party",none,,special,answer
2009,HU,,q87,20,[OTHER (open answer recorded)],other,,special,answer
2009,HU,,q87,77,[REFUSED],refused,,special,answer
2009,HU,,q87,88,[DK],dont-know,,special,answer
2009,HU,,q87,1348100,Lehet más a politika! (LMP-HP),Lehet Más a Politika — LMP – Magyarország Zöld Pártja,1650,name,answer
2009,HU,,q87,1348210,Magyar Kommunista Munkáspárt,Magyar Kommunista Munkáspárt,859,name,answer
2009,HU,,q87,1348220,"MSZP, Magyar Szocialista Párt",Magyar Szocialista Párt,1408,link,answer
2009,HU,,q87,1348421,Fidesz-Magyar Polgári Párt,Fidesz — Magyar Polgári Szövetség,1691,name,answer
2009,HU,,q87,1348422,"SZDSZ, Szabad Demokraták Szövetsége",Szabad Demokraták Szövetsége,910,hand,answer
2009,HU,,q87,1348521,"MDF, Magyar Demokrata Fórum",Magyar Demokrata Fórum,1697,hand,answer
2009,HU,,q87,1348526,"KDNP, Kereszténydemokrata Néppárt",Kereszténydemokrata Néppárt,1412,hand,answer
2009,HU,,q87,1348700,Jobbik,Jobbik Magyarországért Mozgalom,42,link,answer
2009,HU,,q90,77,[REFUSED],refused,,special,answer
2009,HU,,q90,88,[DK],dont-know,,special,answer
2009,HU,,q90,99,[NAP],,,special,answer
2009,HU,,q90,1348100,Lehet más a politika! (LMP-HP),Lehet Más a Politika — LMP – Magyarország Zöld Pártja,1650,name,answer
2009,HU,,q90,1348210,Magyar Kommunista Munkáspárt,Magyar Kommunista Munkáspárt,859,name,answer
2009,HU,,q90,1348220,"MSZP, Magyar Szocialista Párt",Magyar Szocialista Párt,1408,link,answer
2009,HU,,q90,1348421,Fidesz-Magyar Polgári Párt,Fidesz — Magyar Polgári Szövetség,1691,name,answer
2009,HU,,q90,1348422,"SZDSZ, Szabad Demokraták Szövetsége",Szabad Demokraták Szövetsége,910,hand,answer
2009,HU,,q90,1348521,"MDF, Magyar Demokrata Fórum",Magyar Demokrata Fórum,1697,hand,answer
2009,HU,,q90,1348526,"KDNP, Kereszténydemokrata Néppárt",Kereszténydemokrata Néppárt,1412,hand,answer
2009,HU,,q90,1348700,Jobbik,Jobbik Magyarországért Mozgalom,42,link,answer
2009,IE,,q25,20,[OTHER (open answer recorded)],other,,special,answer
2009,IE,,q25,77,[REFUSED],refused,,special,answer
2009,IE,,q25,88,[DK],dont-know,,special,answer
2009,IE,,q25,96,[did not vote],did-not-vote,,special,answer
2009,IE,,q25,99,[NAP],,,special,answer
2009,IE,,q25,1372000,An independent candidate*,independent,,hand,answer
2009,IE,,q25,1372001,Libertas,Libertas Ireland,880,hand,answer
2009,IE,,q25,1372110,Green Party,Green Party-Comhaontas Glas,1775,link,answer
2009,IE,,q25,1372320,Labour Party,Páirti Lucht Oibre,562,link,answer
2009,IE,,q25,1372321,Socialist Party (SP),Páirtí Sóisialach,1448,name,answer
2009,IE,,q25,1372520,Fine Gael,Fine Gael,1288,link,answer
2009,IE,,q25,1372620,Fianna Fail,Fianna Fáil,1055,link,answer
2009,IE,,q25,1372951,Sinn Fein,Sinn Féin (Provisional),4,hand,answer
2009,IE,,q26,77,[REFUSED],refused,,special,answer
2009,IE,,q26,88,[DK],dont-know,,special,answer
2009,IE,,q26,94,[would have voted blank ],blank-invalid,,special,answer
2009,IE,,q26,95,[would have spoiled vote],blank-invalid,,special,answer
2009,IE,,q26,96,[would have not vote],did-not-vote,,special,answer
2009,IE,,q26,99,[NAP],,,special,answer
2009,IE,,q26,1372000,An independent candidate*,independent,,hand,answer
2009,IE,,q26,1372001,Libertas,Libertas Ireland,880,hand,answer
2009,IE,,q26,1372110,Green Party,Green Party-Comhaontas Glas,1775,link,answer
2009,IE,,q26,1372320,Labour Party,Páirti Lucht Oibre,562,link,answer
2009,IE,,q26,1372520,Fine Gael,Fine Gael,1288,link,answer
2009,IE,,q26,1372620,Fianna Fail,Fianna Fáil,1055,link,answer
2009,IE,,q26,1372951,Sinn Fein,Sinn Féin (Provisional),4,hand,answer
2009,IE,,q26b,20,[OTHER (open answer recorded)],other,,special,answer
2009,IE,,q26b,77,[REFUSED],refused,,special,answer
2009,IE,,q26b,88,[DK],dont-know,,special,answer
2009,IE,,q26b,94,[voted blank ],blank-invalid,,special,answer
2009,IE,,q26b,95,[spoiled vote],blank-invalid,,special,answer
2009,IE,,q26b,96,[did not vote],did-not-vote,,special,answer
2009,IE,,q26b,99,[NAP],,,special,answer
2009,IE,,q26b,1372000,An independent candidate*,independent,,hand,answer
2009,IE,,q26b,1372001,Libertas,Libertas Ireland,880,hand,answer
2009,IE,,q26b,1372110,Green Party,Green Party-Comhaontas Glas,1775,link,answer
2009,IE,,q26b,1372320,Labour Party,Páirti Lucht Oibre,562,link,answer
2009,IE,,q26b,1372321,Socialist Party (SP),Páirtí Sóisialach,1448,name,answer
2009,IE,,q26b,1372520,Fine Gael,Fine Gael,1288,link,answer
2009,IE,,q26b,1372620,Fianna Fail,Fianna Fáil,1055,link,answer
2009,IE,,q26b,1372951,Sinn Fein,Sinn Féin (Provisional),4,hand,answer
2009,IE,,q27,77,[REFUSED],refused,,special,answer
2009,IE,,q27,88,[DK],dont-know,,special,answer
2009,IE,,q27,93,[Was not eligible/old enough],not-eligible,,special,answer
2009,IE,,q27,96,[did not vote],did-not-vote,,special,answer
2009,IE,,q27,99,[NAP],,,special,answer
2009,IE,,q27,1372000,An independent candidate*,independent,,hand,answer
2009,IE,,q27,1372110,Green Party,Green Party-Comhaontas Glas,1775,link,answer
2009,IE,,q27,1372320,Labour Party,Páirti Lucht Oibre,562,link,answer
2009,IE,,q27,1372321,Socialist Party (SP),Páirtí Sóisialach,1448,name,answer
2009,IE,,q27,1372520,Fine Gael,Fine Gael,1288,link,answer
2009,IE,,q27,1372620,Fianna Fail,Fianna Fáil,1055,link,answer
2009,IE,,q27,1372951,Sinn Fein,Sinn Féin (Provisional),4,hand,answer
2009,IE,,q28,20,[OTHER (open answer recorded)],other,,special,answer
2009,IE,,q28,77,[REFUSED],refused,,special,answer
2009,IE,,q28,88,[DK],dont-know,,special,answer
2009,IE,,q28,94,[would vote blank],blank-invalid,,special,answer
2009,IE,,q28,95,[would spoil vote],blank-invalid,,special,answer
2009,IE,,q28,96,[would not vote],did-not-vote,,special,answer
2009,IE,,q28,1372000,An independent candidate*,independent,,hand,answer
2009,IE,,q28,1372001,Libertas,Libertas Ireland,880,hand,answer
2009,IE,,q28,1372110,Green Party,Green Party-Comhaontas Glas,1775,link,answer
2009,IE,,q28,1372320,Labour Party,Páirti Lucht Oibre,562,link,answer
2009,IE,,q28,1372520,Fine Gael,Fine Gael,1288,link,answer
2009,IE,,q28,1372620,Fianna Fail,Fianna Fáil,1055,link,answer
2009,IE,,q28,1372951,Sinn Fein,Sinn Féin (Provisional),4,hand,answer
2009,IE,,q39_p1,1372620,Fianna Fail,Fianna Fáil,1055,link,battery
2009,IE,,q39_p2,1372520,Fine Gael,Fine Gael,1288,link,battery
2009,IE,,q39_p3,1372110,Green Party,Green Party-Comhaontas Glas,1775,link,battery
2009,IE,,q39_p4,1372320,Labour Party,Páirti Lucht Oibre,562,link,battery
2009,IE,,q39_p5,1372951,Sinn Fein,Sinn Féin (Provisional),4,hand,battery
2009,IE,,q39_p6,1372001,Libertas,Libertas Ireland,880,hand,battery
2009,IE,,q39_p9,1372000,An independent candidate*,independent,,hand,battery
2009,IE,,q4,20,[OTHER (open answer recorded)],other,,special,answer
2009,IE,,q4,66,[NONE],none,,special,answer
2009,IE,,q4,77,[REFUSED],refused,,special,answer
2009,IE,,q4,88,[DK],dont-know,,special,answer
2009,IE,,q4,99,[NAP],,,special,answer
2009,IE,,q4,1372000,An independent candidate*,independent,,hand,answer
2009,IE,,q4,1372001,Libertas,Libertas Ireland,880,hand,answer
2009,IE,,q4,1372110,Green Party,Green Party-Comhaontas Glas,1775,link,answer
2009,IE,,q4,1372320,Labour Party,Páirti Lucht Oibre,562,link,answer
2009,IE,,q4,1372321,Socialist Party (SP),Páirtí Sóisialach,1448,name,answer
2009,IE,,q4,1372490,Progressive Democrats,An Pairti Daonlathach,924,name,answer
2009,IE,,q4,1372520,Fine Gael,Fine Gael,1288,link,answer
2009,IE,,q4,1372620,Fianna Fail,Fianna Fáil,1055,link,answer
2009,IE,,q4,1372951,Sinn Fein,Sinn Féin (Provisional),4,hand,answer
2009,IE,,q47_p1,1372620,Fianna Fail,Fianna Fáil,1055,link,battery
2009,IE,,q47_p2,1372520,Fine Gael,Fine Gael,1288,link,battery
2009,IE,,q47_p3,1372110,Green Party,Green Party-Comhaontas Glas,1775,link,battery
2009,IE,,q47_p4,1372320,Labour Party,Páirti Lucht Oibre,562,link,battery
2009,IE,,q47_p5,1372951,Sinn Fein,Sinn Féin (Provisional),4,hand,battery
2009,IE,,q47_p6,1372001,Libertas,Libertas Ireland,880,hand,battery
2009,IE,,q81_p1,1372620,Fianna Fail,Fianna Fáil,1055,link,battery
2009,IE,,q81_p2,1372520,Fine Gael,Fine Gael,1288,link,battery
2009,IE,,q81_p3,1372110,Green Party,Green Party-Comhaontas Glas,1775,link,battery
2009,IE,,q81_p4,1372320,Labour Party,Páirti Lucht Oibre,562,link,battery
2009,IE,,q81_p5,1372951,Sinn Fein,Sinn Féin (Provisional),4,hand,battery
2009,IE,,q81_p6,1372001,Libertas,Libertas Ireland,880,hand,battery
2009,IE,,q87,0,"no, does not feel close to any party",none,,special,answer
2009,IE,,q87,77,[REFUSED],refused,,special,answer
2009,IE,,q87,88,[DK],dont-know,,special,answer
2009,IE,,q87,1372000,An independent candidate*,independent,,hand,answer
2009,IE,,q87,1372001,Libertas,Libertas Ireland,880,hand,answer
2009,IE,,q87,1372110,Green Party,Green Party-Comhaontas Glas,1775,link,answer
2009,IE,,q87,1372320,Labour Party,Páirti Lucht Oibre,562,link,answer
2009,IE,,q87,1372490,Progressive Democrats,An Pairti Daonlathach,924,name,answer
2009,IE,,q87,1372520,Fine Gael,Fine Gael,1288,link,answer
2009,IE,,q87,1372620,Fianna Fail,Fianna Fáil,1055,link,answer
2009,IE,,q87,1372951,Sinn Fein,Sinn Féin (Provisional),4,hand,answer
2009,IE,,q90,20,[OTHER (open answer recorded)],other,,special,answer
2009,IE,,q90,77,[REFUSED],refused,,special,answer
2009,IE,,q90,88,[DK],dont-know,,special,answer
2009,IE,,q90,99,[NAP],,,special,answer
2009,IE,,q90,1372000,An independent candidate*,independent,,hand,answer
2009,IE,,q90,1372001,Libertas,Libertas Ireland,880,hand,answer
2009,IE,,q90,1372110,Green Party,Green Party-Comhaontas Glas,1775,link,answer
2009,IE,,q90,1372320,Labour Party,Páirti Lucht Oibre,562,link,answer
2009,IE,,q90,1372520,Fine Gael,Fine Gael,1288,link,answer
2009,IE,,q90,1372620,Fianna Fail,Fianna Fáil,1055,link,answer
2009,IE,,q90,1372951,Sinn Fein,Sinn Féin (Provisional),4,hand,answer
2009,IT,,q25,20,[OTHER (open answer recorded)],other,,special,answer
2009,IT,,q25,77,[REFUSED],refused,,special,answer
2009,IT,,q25,88,[DK],dont-know,,special,answer
2009,IT,,q25,94,[voted blank ],blank-invalid,,special,answer
2009,IT,,q25,95,[spoiled vote],blank-invalid,,special,answer
2009,IT,,q25,96,[did not vote],did-not-vote,,special,answer
2009,IT,,q25,99,[NAP],,,special,answer
2009,IT,,q25,1380090,Partito Pensionati PP,Partito Pensionati,772,hand,answer
2009,IT,,q25,1380212,Sinistra Arcobaleno,Sinistra Arcobaleno [og],,hand,answer
2009,IT,,q25,1380221,"Partito della Rifondazione Comunista, PdCI-PRC-S2000-CU","Partito della Rifondazione Comunista, PdCI-PRC-S2000-CU [og]",,hand,answer
2009,IT,,q25,1380290,Partito Comunista dei Lavoratori PCL,Partito Comunista dei Lavoratori PCL [og],,hand,answer
2009,IT,,q25,1380331,Partito Democratico,Partito Democratico,802,link,answer
2009,IT,,q25,1380401,Partito Radicale /Bonino-Pannella,Radicali Italiani,8248,hand,answer
2009,IT,,q25,1380523,Unione di Centro,Centro Cristiano Democratico,1767,link,answer
2009,IT,,q25,1380630,Popolo della Liberta,Il Popolo della Libertà,365,link,answer
2009,IT,,q25,1380720,Lega Nord,Lega Nord,1221,link,answer
2009,IT,,q25,1380902,Italia dei Valori,Lista di Pietro — Italia del Valori,768,link,answer
2009,IT,,q26,20,[OTHER (open answer recorded)],other,,special,answer
2009,IT,,q26,77,[REFUSED],refused,,special,answer
2009,IT,,q26,88,[DK],dont-know,,special,answer
2009,IT,,q26,94,[would have voted blank ],blank-invalid,,special,answer
2009,IT,,q26,95,[would have spoiled vote],blank-invalid,,special,answer
2009,IT,,q26,96,[would have not vote],did-not-vote,,special,answer
2009,IT,,q26,99,[NAP],,,special,answer
2009,IT,,q26,1380221,"Partito della Rifondazione Comunista, PdCI-PRC-S2000-CU","Partito della Rifondazione Comunista, PdCI-PRC-S2000-CU [og]",,hand,answer
2009,IT,,q26,1380331,Partito Democratico,Partito Democratico,802,link,answer
2009,IT,,q26,1380523,Unione di Centro,Centro Cristiano Democratico,1767,link,answer
2009,IT,,q26,1380630,Popolo della Liberta,Il Popolo della Libertà,365,link,answer
2009,IT,,q26,1380720,Lega Nord,Lega Nord,1221,link,answer
2009,IT,,q26,1380902,Italia dei Valori,Lista di Pietro — Italia del Valori,768,link,answer
2009,IT,,q26b,99,[NAP],,,special,answer
2009,IT,,q27,20,[OTHER (open answer recorded)],other,,special,answer
2009,IT,,q27,77,[REFUSED],refused,,special,answer
2009,IT,,q27,88,[DK],dont-know,,special,answer
2009,IT,,q27,93,[Was not eligible/old enough],not-eligible,,special,answer
2009,IT,,q27,94,[voted blank ],blank-invalid,,special,answer
2009,IT,,q27,95,[spoiled vote],blank-invalid,,special,answer
2009,IT,,q27,96,[did not vote],did-not-vote,,special,answer
2009,IT,,q27,99,[NAP],,,special,answer
2009,IT,,q27,1380090,Partito Pensionati PP,Partito Pensionati,772,hand,answer
2009,IT,,q27,1380221,"Partito della Rifondazione Comunista, PdCI-PRC-S2000-CU","Partito della Rifondazione Comunista, PdCI-PRC-S2000-CU [og]",,hand,answer
2009,IT,,q27,1380331,Partito Democratico,Partito Democratico,802,link,answer
2009,IT,,q27,1380523,Unione di Centro,Centro Cristiano Democratico,1767,link,answer
2009,IT,,q27,1380630,Popolo della Liberta,Il Popolo della Libertà,365,link,answer
2009,IT,,q27,1380631,La Destra,La Destra,8188,name,answer
2009,IT,,q27,1380690,"Alleanza Nazionale, AN",Alleanza Nazionale,813,hand,answer
2009,IT,,q27,1380720,Lega Nord,Lega Nord,1221,link,answer
2009,IT,,q27,1380902,Italia dei Valori,Lista di Pietro — Italia del Valori,768,link,answer
2009,IT,,q28,20,[OTHER (open answer recorded)],other,,special,answer
2009,IT,,q28,77,[REFUSED],refused,,special,answer
2009,IT,,q28,88,[DK],dont-know,,special,answer
2009,IT,,q28,94,[would vote blank],blank-invalid,,special,answer
2009,IT,,q28,95,[would spoil vote],blank-invalid,,special,answer
2009,IT,,q28,96,[would not vote],did-not-vote,,special,answer
2009,IT,,q28,99,[NAP],,,special,answer
2009,IT,,q28,1380212,Sinistra Arcobaleno,Sinistra Arcobaleno [og],,hand,answer
2009,IT,,q28,1380221,"Partito della Rifondazione Comunista, PdCI-PRC-S2000-CU","Partito della Rifondazione Comunista, PdCI-PRC-S2000-CU [og]",,hand,answer
2009,IT,,q28,1380331,Partito Democratico,Partito Democratico,802,link,answer
2009,IT,,q28,1380523,Unione di Centro,Centro Cristiano Democratico,1767,link,answer
2009,IT,,q28,1380630,Popolo della Liberta,Il Popolo della Libertà,365,link,answer
2009,IT,,q28,1380631,La Destra,La Destra,8188,name,answer
2009,IT,,q28,1380720,Lega Nord,Lega Nord,1221,link,answer
2009,IT,,q28,1380902,Italia dei Valori,Lista di Pietro — Italia del Valori,768,link,answer
2009,IT,,q39_p1,1380630,Popolo della Liberta,Il Popolo della Libertà,365,link,battery
2009,IT,,q39_p2,1380720,Lega Nord,Lega Nord,1221,link,battery
2009,IT,,q39_p3,1380331,Partito Democratico,Partito Democratico,802,link,battery
2009,IT,,q39_p4,1380902,Italia dei Valori,Lista di Pietro — Italia del Valori,768,link,battery
2009,IT,,q39_p5,1380523,Unione di Centro,Centro Cristiano Democratico,1767,link,battery
2009,IT,,q39_p6,1380212,Sinistra Arcobaleno,Sinistra Arcobaleno [og],,hand,battery
2009,IT,,q39_p7,1380007,Sinistra e Libertà,Sinistra Italiana,1212,link,battery
2009,IT,,q39_p8,1380631,La Destra,La Destra,8188,name,battery
2009,IT,,q4,20,[OTHER (open answer recorded)],other,,special,answer
2009,IT,,q4,66,[NONE],none,,special,answer
2009,IT,,q4,77,[REFUSED],refused,,special,answer
2009,IT,,q4,88,[DK],dont-know,,special,answer
2009,IT,,q4,99,[NAP],,,special,answer
2009,IT,,q4,1380212,Sinistra Arcobaleno,Sinistra Arcobaleno [og],,hand,answer
2009,IT,,q4,1380221,"Partito della Rifondazione Comunista, PdCI-PRC-S2000-CU","Partito della Rifondazione Comunista, PdCI-PRC-S2000-CU [og]",,hand,answer
2009,IT,,q4,1380290,Partito Comunista dei Lavoratori PCL,Partito Comunista dei Lavoratori PCL [og],,hand,answer
2009,IT,,q4,1380331,Partito Democratico,Partito Democratico,802,link,answer
2009,IT,,q4,1380401,Partito Radicale /Bonino-Pannella,Radicali Italiani,8248,hand,answer
2009,IT,,q4,1380523,Unione di Centro,Centro Cristiano Democratico,1767,link,answer
2009,IT,,q4,1380630,Popolo della Liberta,Il Popolo della Libertà,365,link,answer
2009,IT,,q4,1380631,La Destra,La Destra,8188,name,answer
2009,IT,,q4,1380690,"Alleanza Nazionale, AN",Alleanza Nazionale,813,hand,answer
2009,IT,,q4,1380720,Lega Nord,Lega Nord,1221,link,answer
2009,IT,,q4,1380790,Forza Nuova FN,Forza Nuova FN [og],,hand,answer
2009,IT,,q4,1380902,Italia dei Valori,Lista di Pietro — Italia del Valori,768,link,answer
2009,IT,,q47_p1,1380630,Popolo della Liberta,Il Popolo della Libertà,365,link,battery
2009,IT,,q47_p2,1380720,Lega Nord,Lega Nord,1221,link,battery
2009,IT,,q47_p3,1380331,Partito Democratico,Partito Democratico,802,link,battery
2009,IT,,q47_p4,1380902,Italia dei Valori,Lista di Pietro — Italia del Valori,768,link,battery
2009,IT,,q47_p5,1380523,Unione di Centro,Centro Cristiano Democratico,1767,link,battery
2009,IT,,q47_p6,1380212,Sinistra Arcobaleno,Sinistra Arcobaleno [og],,hand,battery
2009,IT,,q47_p7,1380007,Sinistra e Libertà,Sinistra Italiana,1212,link,battery
2009,IT,,q47_p8,1380631,La Destra,La Destra,8188,name,battery
2009,IT,,q81_p1,1380630,Popolo della Liberta,Il Popolo della Libertà,365,link,battery
2009,IT,,q81_p2,1380720,Lega Nord,Lega Nord,1221,link,battery
2009,IT,,q81_p3,1380331,Partito Democratico,Partito Democratico,802,link,battery
2009,IT,,q81_p4,1380902,Italia dei Valori,Lista di Pietro — Italia del Valori,768,link,battery
2009,IT,,q81_p5,1380523,Unione di Centro,Centro Cristiano Democratico,1767,link,battery
2009,IT,,q81_p6,1380212,Sinistra Arcobaleno,Sinistra Arcobaleno [og],,hand,battery
2009,IT,,q81_p7,1380007,Sinistra e Libertà,Sinistra Italiana,1212,link,battery
2009,IT,,q81_p8,1380631,La Destra,La Destra,8188,name,battery
2009,IT,,q87,0,"no, does not feel close to any party",none,,special,answer
2009,IT,,q87,20,[OTHER (open answer recorded)],other,,special,answer
2009,IT,,q87,77,[REFUSED],refused,,special,answer
2009,IT,,q87,88,[DK],dont-know,,special,answer
2009,IT,,q87,1380090,Partito Pensionati PP,Partito Pensionati,772,hand,answer
2009,IT,,q87,1380212,Sinistra Arcobaleno,Sinistra Arcobaleno [og],,hand,answer
2009,IT,,q87,1380221,"Partito della Rifondazione Comunista, PdCI-PRC-S2000-CU","Partito della Rifondazione Comunista, PdCI-PRC-S2000-CU [og]",,hand,answer
2009,IT,,q87,1380290,Partito Comunista dei Lavoratori PCL,Partito Comunista dei Lavoratori PCL [og],,hand,answer
2009,IT,,q87,1380331,Partito Democratico,Partito Democratico,802,link,answer
2009,IT,,q87,1380401,Partito Radicale /Bonino-Pannella,Radicali Italiani,8248,hand,answer
2009,IT,,q87,1380523,Unione di Centro,Centro Cristiano Democratico,1767,link,answer
2009,IT,,q87,1380630,Popolo della Liberta,Il Popolo della Libertà,365,link,answer
2009,IT,,q87,1380631,La Destra,La Destra,8188,name,answer
2009,IT,,q87,1380720,Lega Nord,Lega Nord,1221,link,answer
2009,IT,,q87,1380902,Italia dei Valori,Lista di Pietro — Italia del Valori,768,link,answer
2009,IT,,q90,77,[REFUSED],refused,,special,answer
2009,IT,,q90,88,[DK],dont-know,,special,answer
2009,IT,,q90,99,[NAP],,,special,answer
2009,IT,,q90,1380331,Partito Democratico,Partito Democratico,802,link,answer
2009,IT,,q90,1380630,Popolo della Liberta,Il Popolo della Libertà,365,link,answer
2009,IT,,q90,1380631,La Destra,La Destra,8188,name,answer
2009,IT,,q90,1380720,Lega Nord,Lega Nord,1221,link,answer
2009,IT,,q90,1380902,Italia dei Valori,Lista di Pietro — Italia del Valori,768,link,answer
2009,LT,,q25,20,[OTHER (open answer recorded)],other,,special,answer
2009,LT,,q25,77,[REFUSED],refused,,special,answer
2009,LT,,q25,88,[DK],dont-know,,special,answer
2009,LT,,q25,94,[voted blank ],blank-invalid,,special,answer
2009,LT,,q25,95,[spoiled vote],blank-invalid,,special,answer
2009,LT,,q25,99,[NAP],,,special,answer
2009,LT,,q25,1440001,Tautos prisikėlimo partija,Tautos prisikėlimo partija,347,hand,answer
2009,LT,,q25,1440320,Lietuvos socialdemokratų partija,Lietuvos socialdemokratų partija,64,link,answer
2009,LT,,q25,1440323,“Fronto” partija,Fronto partija / Socialistinis liaudies frontas,1250,name,answer
2009,LT,,q25,1440420,Liberalų ir centro sąjunga,Liberalų ir centro sąjunga,1193,link,answer
2009,LT,,q25,1440421,Lietuvos Respublikos liberalų sąjūdis,Lietuvos Respublikos Liberalų sąjūdis,1744,link,answer
2009,LT,,q25,1440422,Darbo partija,Darbo Partija,102,name,answer
2009,LT,,q25,1440490,Lietuvos centro partija,Lietuvos Centro Partija,5455,name,answer
2009,LT,,q25,1440620,Tėvynės sąjunga – Lietuvos krikscionys demokratai,Tėvynės sąjunga — Lietuvos krikščionys demokratai,193,link,answer
2009,LT,,q25,1440621,Partija “Tvarka ir teisingumas”,Tvarka ir teisingumas — Liberalų Demokratų Partija,237,link,answer
2009,LT,,q25,1440824,Lietuvos valstiečių liaudininkų sąjunga,Lietuvos valstiečių ir žaliųjų sąjunga / Lietuvos valstiečių liaudininkų sąjunga,1490,hand,answer
2009,LT,,q25,1440922,Žemai?i? partija,Žemaičių partija,1291,hand,answer
2009,LT,,q25,1440952,Lietuvos lenkų rinkimų akcija,Lietuvos lenkų rinkimų akcija,556,link,answer
2009,LT,,q26,20,[OTHER (open answer recorded)],other,,special,answer
2009,LT,,q26,77,[REFUSED],refused,,special,answer
2009,LT,,q26,88,[DK],dont-know,,special,answer
2009,LT,,q26,94,[would have voted blank ],blank-invalid,,special,answer
2009,LT,,q26,95,[would have spoiled vote],blank-invalid,,special,answer
2009,LT,,q26,96,[would have not vote],did-not-vote,,special,answer
2009,LT,,q26,99,[NAP],,,special,answer
2009,LT,,q26,1440001,Tautos prisikėlimo partija,Tautos prisikėlimo partija,347,hand,answer
2009,LT,,q26,1440320,Lietuvos socialdemokratų partija,Lietuvos socialdemokratų partija,64,link,answer
2009,LT,,q26,1440323,“Fronto” partija,Fronto partija / Socialistinis liaudies frontas,1250,name,answer
2009,LT,,q26,1440420,Liberalų ir centro sąjunga,Liberalų ir centro sąjunga,1193,link,answer
2009,LT,,q26,1440421,Lietuvos Respublikos liberalų sąjūdis,Lietuvos Respublikos Liberalų sąjūdis,1744,link,answer
2009,LT,,q26,1440422,Darbo partija,Darbo Partija,102,name,answer
2009,LT,,q26,1440490,Lietuvos centro partija,Lietuvos Centro Partija,5455,name,answer
2009,LT,,q26,1440620,Tėvynės sąjunga – Lietuvos krikscionys demokratai,Tėvynės sąjunga — Lietuvos krikščionys demokratai,193,link,answer
2009,LT,,q26,1440621,Partija “Tvarka ir teisingumas”,Tvarka ir teisingumas — Liberalų Demokratų Partija,237,link,answer
2009,LT,,q26,1440824,Lietuvos valstiečių liaudininkų sąjunga,Lietuvos valstiečių ir žaliųjų sąjunga / Lietuvos valstiečių liaudininkų sąjunga,1490,hand,answer
2009,LT,,q26,1440922,Žemai?i? partija,Žemaičių partija,1291,hand,answer
2009,LT,,q26,1440952,Lietuvos lenkų rinkimų akcija,Lietuvos lenkų rinkimų akcija,556,link,answer
2009,LT,,q26b,99,[NAP],,,special,answer
2009,LT,,q27,20,[OTHER (open answer recorded)],other,,special,answer
2009,LT,,q27,77,[REFUSED],refused,,special,answer
2009,LT,,q27,88,[DK],dont-know,,special,answer
2009,LT,,q27,93,[Was not eligible/old enough],not-eligible,,special,answer
2009,LT,,q27,94,[voted blank ],blank-invalid,,special,answer
2009,LT,,q27,95,[spoiled vote],blank-invalid,,special,answer
2009,LT,,q27,96,[did not vote],did-not-vote,,special,answer
2009,LT,,q27,1440001,Tautos prisikėlimo partija,Tautos prisikėlimo partija,347,hand,answer
2009,LT,,q27,1440320,Lietuvos socialdemokratų partija,Lietuvos socialdemokratų partija,64,link,answer
2009,LT,,q27,1440323,“Fronto” partija,Fronto partija / Socialistinis liaudies frontas,1250,name,answer
2009,LT,,q27,1440410,Naujoji s?junga (socialliberalai),Naujoji sąjunga (socialliberalai),1800,name,answer
2009,LT,,q27,1440420,Liberalų ir centro sąjunga,Liberalų ir centro sąjunga,1193,link,answer
2009,LT,,q27,1440421,Lietuvos Respublikos liberalų sąjūdis,Lietuvos Respublikos Liberalų sąjūdis,1744,link,answer
2009,LT,,q27,1440422,Darbo partija,Darbo Partija,102,name,answer
2009,LT,,q27,1440490,Lietuvos centro partija,Lietuvos Centro Partija,5455,name,answer
2009,LT,,q27,1440620,Tėvynės sąjunga – Lietuvos krikscionys demokratai,Tėvynės sąjunga — Lietuvos krikščionys demokratai,193,link,answer
2009,LT,,q27,1440621,Partija “Tvarka ir teisingumas”,Tvarka ir teisingumas — Liberalų Demokratų Partija,237,link,answer
2009,LT,,q27,1440824,Lietuvos valstiečių liaudininkų sąjunga,Lietuvos valstiečių ir žaliųjų sąjunga / Lietuvos valstiečių liaudininkų sąjunga,1490,hand,answer
2009,LT,,q27,1440952,Lietuvos lenkų rinkimų akcija,Lietuvos lenkų rinkimų akcija,556,link,answer
2009,LT,,q28,20,[OTHER (open answer recorded)],other,,special,answer
2009,LT,,q28,77,[REFUSED],refused,,special,answer
2009,LT,,q28,88,[DK],dont-know,,special,answer
2009,LT,,q28,94,[would vote blank],blank-invalid,,special,answer
2009,LT,,q28,95,[would spoil vote],blank-invalid,,special,answer
2009,LT,,q28,96,[would not vote],did-not-vote,,special,answer
2009,LT,,q28,1440001,Tautos prisikėlimo partija,Tautos prisikėlimo partija,347,hand,answer
2009,LT,,q28,1440320,Lietuvos socialdemokratų partija,Lietuvos socialdemokratų partija,64,link,answer
2009,LT,,q28,1440323,“Fronto” partija,Fronto partija / Socialistinis liaudies frontas,1250,name,answer
2009,LT,,q28,1440410,Naujoji s?junga (socialliberalai),Naujoji sąjunga (socialliberalai),1800,name,answer
2009,LT,,q28,1440420,Liberalų ir centro sąjunga,Liberalų ir centro sąjunga,1193,link,answer
2009,LT,,q28,1440421,Lietuvos Respublikos liberalų sąjūdis,Lietuvos Respublikos Liberalų sąjūdis,1744,link,answer
2009,LT,,q28,1440422,Darbo partija,Darbo Partija,102,name,answer
2009,LT,,q28,1440620,Tėvynės sąjunga – Lietuvos krikscionys demokratai,Tėvynės sąjunga — Lietuvos krikščionys demokratai,193,link,answer
2009,LT,,q28,1440621,Partija “Tvarka ir teisingumas”,Tvarka ir teisingumas — Liberalų Demokratų Partija,237,link,answer
2009,LT,,q28,1440824,Lietuvos valstiečių liaudininkų sąjunga,Lietuvos valstiečių ir žaliųjų sąjunga / Lietuvos valstiečių liaudininkų sąjunga,1490,hand,answer
2009,LT,,q28,1440952,Lietuvos lenkų rinkimų akcija,Lietuvos lenkų rinkimų akcija,556,link,answer
2009,LT,,q39_p1,1440620,Tėvynės sąjunga – Lietuvos krikscionys demokratai,Tėvynės sąjunga — Lietuvos krikščionys demokratai,193,link,battery
2009,LT,,q39_p10,1440410,Naujoji s?junga (socialliberalai),Naujoji sąjunga (socialliberalai),1800,name,battery
2009,LT,,q39_p2,1440320,Lietuvos socialdemokratų partija,Lietuvos socialdemokratų partija,64,link,battery
2009,LT,,q39_p3,1440001,Tautos prisikėlimo partija,Tautos prisikėlimo partija,347,hand,battery
2009,LT,,q39_p4,,Order and Justice Party,Tvarka ir teisingumas — Liberalų Demokratų Partija,237,name,battery
2009,LT,,q39_p5,1440421,Lietuvos Respublikos liberalų sąjūdis,Lietuvos Respublikos Liberalų sąjūdis,1744,link,battery
2009,LT,,q39_p6,,Labour Party,Darbo Partija,102,name,battery
2009,LT,,q39_p7,1440420,Liberalų ir centro sąjunga,Liberalų ir centro sąjunga,1193,link,battery
2009,LT,,q39_p8,1440952,Lietuvos lenkų rinkimų akcija,Lietuvos lenkų rinkimų akcija,556,link,battery
2009,LT,,q39_p9,1440824,Lietuvos valstiečių liaudininkų sąjunga,Lietuvos valstiečių ir žaliųjų sąjunga / Lietuvos valstiečių liaudininkų sąjunga,1490,hand,battery
2009,LT,,q4,20,[OTHER (open answer recorded)],other,,special,answer
2009,LT,,q4,66,[NONE],none,,special,answer
2009,LT,,q4,77,[REFUSED],refused,,special,answer
2009,LT,,q4,88,[DK],dont-know,,special,answer
2009,LT,,q4,98,[UNAVAILABLE],,,special,answer
2009,LT,,q4,99,[NAP],,,special,answer
2009,LT,,q4,1440001,Tautos prisikėlimo partija,Tautos prisikėlimo partija,347,hand,answer
2009,LT,,q4,1440320,Lietuvos socialdemokratų partija,Lietuvos socialdemokratų partija,64,link,answer
2009,LT,,q4,1440323,“Fronto” partija,Fronto partija / Socialistinis liaudies frontas,1250,name,answer
2009,LT,,q4,1440410,Naujoji s?junga (socialliberalai),Naujoji sąjunga (socialliberalai),1800,name,answer
2009,LT,,q4,1440420,Liberalų ir centro sąjunga,Liberalų ir centro sąjunga,1193,link,answer
2009,LT,,q4,1440421,Lietuvos Respublikos liberalų sąjūdis,Lietuvos Respublikos Liberalų sąjūdis,1744,link,answer
2009,LT,,q4,1440422,Darbo partija,Darbo Partija,102,name,answer
2009,LT,,q4,1440490,Lietuvos centro partija,Lietuvos Centro Partija,5455,name,answer
2009,LT,,q4,1440620,Tėvynės sąjunga – Lietuvos krikscionys demokratai,Tėvynės sąjunga — Lietuvos krikščionys demokratai,193,link,answer
2009,LT,,q4,1440621,Partija “Tvarka ir teisingumas”,Tvarka ir teisingumas — Liberalų Demokratų Partija,237,link,answer
2009,LT,,q4,1440824,Lietuvos valstiečių liaudininkų sąjunga,Lietuvos valstiečių ir žaliųjų sąjunga / Lietuvos valstiečių liaudininkų sąjunga,1490,hand,answer
2009,LT,,q4,1440952,Lietuvos lenkų rinkimų akcija,Lietuvos lenkų rinkimų akcija,556,link,answer
2009,LT,,q47_p1,1440620,Tėvynės sąjunga – Lietuvos krikscionys demokratai,Tėvynės sąjunga — Lietuvos krikščionys demokratai,193,link,battery
2009,LT,,q47_p10,1440410,Naujoji s?junga (socialliberalai),Naujoji sąjunga (socialliberalai),1800,name,battery
2009,LT,,q47_p2,1440320,Lietuvos socialdemokratų partija,Lietuvos socialdemokratų partija,64,link,battery
2009,LT,,q47_p3,1440001,Tautos prisikėlimo partija,Tautos prisikėlimo partija,347,hand,battery
2009,LT,,q47_p4,,Order and Justice Party,Tvarka ir teisingumas — Liberalų Demokratų Partija,237,name,battery
2009,LT,,q47_p5,1440421,Lietuvos Respublikos liberalų sąjūdis,Lietuvos Respublikos Liberalų sąjūdis,1744,link,battery
2009,LT,,q47_p6,,Labour Party,Darbo Partija,102,name,battery
2009,LT,,q47_p7,1440420,Liberalų ir centro sąjunga,Liberalų ir centro sąjunga,1193,link,battery
2009,LT,,q47_p8,1440952,Lietuvos lenkų rinkimų akcija,Lietuvos lenkų rinkimų akcija,556,link,battery
2009,LT,,q47_p9,1440824,Lietuvos valstiečių liaudininkų sąjunga,Lietuvos valstiečių ir žaliųjų sąjunga / Lietuvos valstiečių liaudininkų sąjunga,1490,hand,battery
2009,LT,,q81_p1,1440620,Tėvynės sąjunga – Lietuvos krikscionys demokratai,Tėvynės sąjunga — Lietuvos krikščionys demokratai,193,link,battery
2009,LT,,q81_p10,1440410,Naujoji s?junga (socialliberalai),Naujoji sąjunga (socialliberalai),1800,name,battery
2009,LT,,q81_p2,1440320,Lietuvos socialdemokratų partija,Lietuvos socialdemokratų partija,64,link,battery
2009,LT,,q81_p3,1440001,Tautos prisikėlimo partija,Tautos prisikėlimo partija,347,hand,battery
2009,LT,,q81_p4,,Order and Justice Party,Tvarka ir teisingumas — Liberalų Demokratų Partija,237,name,battery
2009,LT,,q81_p5,1440421,Lietuvos Respublikos liberalų sąjūdis,Lietuvos Respublikos Liberalų sąjūdis,1744,link,battery
2009,LT,,q81_p6,,Labour Party,Darbo Partija,102,name,battery
2009,LT,,q81_p7,1440420,Liberalų ir centro sąjunga,Liberalų ir centro sąjunga,1193,link,battery
2009,LT,,q81_p8,1440952,Lietuvos lenkų rinkimų akcija,Lietuvos lenkų rinkimų akcija,556,link,battery
2009,LT,,q81_p9,1440824,Lietuvos valstiečių liaudininkų sąjunga,Lietuvos valstiečių ir žaliųjų sąjunga / Lietuvos valstiečių liaudininkų sąjunga,1490,hand,battery
2009,LT,,q87,0,"no, does not feel close to any party",none,,special,answer
2009,LT,,q87,20,[OTHER (open answer recorded)],other,,special,answer
2009,LT,,q87,77,[REFUSED],refused,,special,answer
2009,LT,,q87,88,[DK],dont-know,,special,answer
2009,LT,,q87,1440001,Tautos prisikėlimo partija,Tautos prisikėlimo partija,347,hand,answer
2009,LT,,q87,1440320,Lietuvos socialdemokratų partija,Lietuvos socialdemokratų partija,64,link,answer
2009,LT,,q87,1440323,“Fronto” partija,Fronto partija / Socialistinis liaudies frontas,1250,name,answer
2009,LT,,q87,1440410,Naujoji s?junga (socialliberalai),Naujoji sąjunga (socialliberalai),1800,name,answer
2009,LT,,q87,1440420,Liberalų ir centro sąjunga,Liberalų ir centro sąjunga,1193,link,answer
2009,LT,,q87,1440421,Lietuvos Respublikos liberalų sąjūdis,Lietuvos Respublikos Liberalų sąjūdis,1744,link,answer
2009,LT,,q87,1440422,Darbo partija,Darbo Partija,102,name,answer
2009,LT,,q87,1440490,Lietuvos centro partija,Lietuvos Centro Partija,5455,name,answer
2009,LT,,q87,1440620,Tėvynės sąjunga – Lietuvos krikscionys demokratai,Tėvynės sąjunga — Lietuvos krikščionys demokratai,193,link,answer
2009,LT,,q87,1440621,Partija “Tvarka ir teisingumas”,Tvarka ir teisingumas — Liberalų Demokratų Partija,237,link,answer
2009,LT,,q87,1440824,Lietuvos valstiečių liaudininkų sąjunga,Lietuvos valstiečių ir žaliųjų sąjunga / Lietuvos valstiečių liaudininkų sąjunga,1490,hand,answer
2009,LT,,q87,1440952,Lietuvos lenkų rinkimų akcija,Lietuvos lenkų rinkimų akcija,556,link,answer
2009,LT,,q90,77,[REFUSED],refused,,special,answer
2009,LT,,q90,99,[NAP],,,special,answer
2009,LT,,q90,1440001,Tautos prisikėlimo partija,Tautos prisikėlimo partija,347,hand,answer
2009,LT,,q90,1440320,Lietuvos socialdemokratų partija,Lietuvos socialdemokratų partija,64,link,answer
2009,LT,,q90,1440420,Liberalų ir centro sąjunga,Liberalų ir centro sąjunga,1193,link,answer
2009,LT,,q90,1440421,Lietuvos Respublikos liberalų sąjūdis,Lietuvos Respublikos Liberalų sąjūdis,1744,link,answer
2009,LT,,q90,1440422,Darbo partija,Darbo Partija,102,name,answer
2009,LT,,q90,1440620,Tėvynės sąjunga – Lietuvos krikscionys demokratai,Tėvynės sąjunga — Lietuvos krikščionys demokratai,193,link,answer
2009,LT,,q90,1440621,Partija “Tvarka ir teisingumas”,Tvarka ir teisingumas — Liberalų Demokratų Partija,237,link,answer
2009,LT,,q90,1440824,Lietuvos valstiečių liaudininkų sąjunga,Lietuvos valstiečių ir žaliųjų sąjunga / Lietuvos valstiečių liaudininkų sąjunga,1490,hand,answer
2009,LT,,q90,1440952,Lietuvos lenkų rinkimų akcija,Lietuvos lenkų rinkimų akcija,556,link,answer
2009,LV,,q25,20,[OTHER (open answer recorded)],other,,special,answer
2009,LV,,q25,77,[REFUSED],refused,,special,answer
2009,LV,,q25,88,[DK],dont-know,,special,answer
2009,LV,,q25,94,[voted blank ],blank-invalid,,special,answer
2009,LV,,q25,95,[spoiled vote],blank-invalid,,special,answer
2009,LV,,q25,99,[NAP],,,special,answer
2009,LV,,q25,1428008,Ricibas partija (Rp),Ricibas partija (Rp) [og],,hand,answer
2009,LV,,q25,1428009,Libertas,Libertas.lv,367,hand,answer
2009,LV,,q25,1428012,Latvijas Atdzimsanas partija (LA),Latvijas Atdzimsanas partija (LA) [og],,hand,answer
2009,LV,,q25,1428110,Zaļo un Zemnieku savienība (Сою́з зелёных и крестья́н),Zaļo un Zemnieku savienība,701,link,answer
2009,LV,,q25,1428315,Latvijas Sociāldemokrātiskā Strādnieku Partija (LSDSP),Latvijas Sociāldemokrātiskā Strādnieku Partija,741,name,answer
2009,LV,,q25,1428317,“Saskaņas Centrs” (“Центр согласия”),Saskaņas Centrs,1056,name,answer
2009,LV,,q25,1428422,Politisko organizāciju apvienība “Par cilvēka tiesībām vienotā Latvijā” (Руководство ЗаПЧЕЛ),Par cilvēka tiesībām vienotā Latvijā,176,link,answer
2009,LV,,q25,1428423,Jaunais laiks (Но́вое вре́мя),Jaunais Laiks,1531,name,answer
2009,LV,,q25,1428424,Latvijas Pirmās partijas un partijas “Latvijas Ceļš” vēlēšanu apvienība,Latvijas Pirmā partija / Latvijas Ceļš,461,hand,answer
2009,LV,,q25,1428425,Sabiedrība citai politikai,Sabiedrība citai politikai,627,name,answer
2009,LV,,q25,1428610,Tautas partija (Наро́дная па́ртия),Tautas Partija,1755,name,answer
2009,LV,,q25,1428611,Pilsoniskā savienība (Гражданский союз),Pilsoniskā savienība,415,name,answer
2009,LV,,q25,1428723,Apvienība “Tēvzemei un Brīvībai”/LNNK,Tēvzemei un Brīvībai / LNNK,1704,hand,answer
2009,LV,,q25,1428724,Visu Latvijai! (VL),Visu Latvijai!,506,name,answer
2009,LV,,q26,20,[OTHER (open answer recorded)],other,,special,answer
2009,LV,,q26,77,[REFUSED],refused,,special,answer
2009,LV,,q26,88,[DK],dont-know,,special,answer
2009,LV,,q26,94,[would have voted blank ],blank-invalid,,special,answer
2009,LV,,q26,95,[would have spoiled vote],blank-invalid,,special,answer
2009,LV,,q26,96,[would have not vote],did-not-vote,,special,answer
2009,LV,,q26,99,[NAP],,,special,answer
2009,LV,,q26,1428009,Libertas,Libertas.lv,367,hand,answer
2009,LV,,q26,1428110,Zaļo un Zemnieku savienība (Сою́з зелёных и крестья́н),Zaļo un Zemnieku savienība,701,link,answer
2009,LV,,q26,1428315,Latvijas Sociāldemokrātiskā Strādnieku Partija (LSDSP),Latvijas Sociāldemokrātiskā Strādnieku Partija,741,name,answer
2009,LV,,q26,1428317,“Saskaņas Centrs” (“Центр согласия”),Saskaņas Centrs,1056,name,answer
2009,LV,,q26,1428422,Politisko organizāciju apvienība “Par cilvēka tiesībām vienotā Latvijā” (Руководство ЗаПЧЕЛ),Par cilvēka tiesībām vienotā Latvijā,176,link,answer
2009,LV,,q26,1428423,Jaunais laiks (Но́вое вре́мя),Jaunais Laiks,1531,name,answer
2009,LV,,q26,1428424,Latvijas Pirmās partijas un partijas “Latvijas Ceļš” vēlēšanu apvienība,Latvijas Pirmā partija / Latvijas Ceļš,461,hand,answer
2009,LV,,q26,1428425,Sabiedrība citai politikai,Sabiedrība citai politikai,627,name,answer
2009,LV,,q26,1428610,Tautas partija (Наро́дная па́ртия),Tautas Partija,1755,name,answer
2009,LV,,q26,1428611,Pilsoniskā savienība (Гражданский союз),Pilsoniskā savienība,415,name,answer
2009,LV,,q26,1428723,Apvienība “Tēvzemei un Brīvībai”/LNNK,Tēvzemei un Brīvībai / LNNK,1704,hand,answer
2009,LV,,q26b,99,[NAP],,,special,answer
2009,LV,,q27,20,[OTHER (open answer recorded)],other,,special,answer
2009,LV,,q27,77,[REFUSED],refused,,special,answer
2009,LV,,q27,88,[DK],dont-know,,special,answer
2009,LV,,q27,93,[Was not eligible/old enough],not-eligible,,special,answer
2009,LV,,q27,94,[voted blank ],blank-invalid,,special,answer
2009,LV,,q27,95,[spoiled vote],blank-invalid,,special,answer
2009,LV,,q27,96,[did not vote],did-not-vote,,special,answer
2009,LV,,q27,1428110,Zaļo un Zemnieku savienība (Сою́з зелёных и крестья́н),Zaļo un Zemnieku savienība,701,link,answer
2009,LV,,q27,1428315,Latvijas Sociāldemokrātiskā Strādnieku Partija (LSDSP),Latvijas Sociāldemokrātiskā Strādnieku Partija,741,name,answer
2009,LV,,q27,1428317,“Saskaņas Centrs” (“Центр согласия”),Saskaņas Centrs,1056,name,answer
2009,LV,,q27,1428422,Politisko organizāciju apvienība “Par cilvēka tiesībām vienotā Latvijā” (Руководство ЗаПЧЕЛ),Par cilvēka tiesībām vienotā Latvijā,176,link,answer
2009,LV,,q27,1428423,Jaunais laiks (Но́вое вре́мя),Jaunais Laiks,1531,name,answer
2009,LV,,q27,1428424,Latvijas Pirmās partijas un partijas “Latvijas Ceļš” vēlēšanu apvienība,Latvijas Pirmā partija / Latvijas Ceļš,461,hand,answer
2009,LV,,q27,1428610,Tautas partija (Наро́дная па́ртия),Tautas Partija,1755,name,answer
2009,LV,,q27,1428723,Apvienība “Tēvzemei un Brīvībai”/LNNK,Tēvzemei un Brīvībai / LNNK,1704,hand,answer
2009,LV,,q27,1428724,Visu Latvijai! (VL),Visu Latvijai!,506,name,answer
2009,LV,,q28,20,[OTHER (open answer recorded)],other,,special,answer
2009,LV,,q28,77,[REFUSED],refused,,special,answer
2009,LV,,q28,88,[DK],dont-know,,special,answer
2009,LV,,q28,94,[would vote blank],blank-invalid,,special,answer
2009,LV,,q28,95,[would spoil vote],blank-invalid,,special,answer
2009,LV,,q28,96,[would not vote],did-not-vote,,special,answer
2009,LV,,q28,1428008,Ricibas partija (Rp),Ricibas partija (Rp) [og],,hand,answer
2009,LV,,q28,1428110,Zaļo un Zemnieku savienība (Сою́з зелёных и крестья́н),Zaļo un Zemnieku savienība,701,link,answer
2009,LV,,q28,1428315,Latvijas Sociāldemokrātiskā Strādnieku Partija (LSDSP),Latvijas Sociāldemokrātiskā Strādnieku Partija,741,name,answer
2009,LV,,q28,1428317,“Saskaņas Centrs” (“Центр согласия”),Saskaņas Centrs,1056,name,answer
2009,LV,,q28,1428422,Politisko organizāciju apvienība “Par cilvēka tiesībām vienotā Latvijā” (Руководство ЗаПЧЕЛ),Par cilvēka tiesībām vienotā Latvijā,176,link,answer
2009,LV,,q28,1428423,Jaunais laiks (Но́вое вре́мя),Jaunais Laiks,1531,name,answer
2009,LV,,q28,1428424,Latvijas Pirmās partijas un partijas “Latvijas Ceļš” vēlēšanu apvienība,Latvijas Pirmā partija / Latvijas Ceļš,461,hand,answer
2009,LV,,q28,1428425,Sabiedrība citai politikai,Sabiedrība citai politikai,627,name,answer
2009,LV,,q28,1428610,Tautas partija (Наро́дная па́ртия),Tautas Partija,1755,name,answer
2009,LV,,q28,1428611,Pilsoniskā savienība (Гражданский союз),Pilsoniskā savienība,415,name,answer
2009,LV,,q28,1428723,Apvienība “Tēvzemei un Brīvībai”/LNNK,Tēvzemei un Brīvībai / LNNK,1704,hand,answer
2009,LV,,q39_p1,1428610,Tautas partija (Наро́дная па́ртия),Tautas Partija,1755,name,battery
2009,LV,,q39_p2,1428110,Zaļo un Zemnieku savienība (Сою́з зелёных и крестья́н),Zaļo un Zemnieku savienība,701,link,battery
2009,LV,,q39_p3,1428423,Jaunais laiks (Но́вое вре́мя),Jaunais Laiks,1531,name,battery
2009,LV,,q39_p4,1428317,“Saskaņas Centrs” (“Центр согласия”),Saskaņas Centrs,1056,name,battery
2009,LV,,q39_p5,1428424,Latvijas Pirmās partijas un partijas “Latvijas Ceļš” vēlēšanu apvienība,Latvijas Pirmā partija / Latvijas Ceļš,461,hand,battery
2009,LV,,q39_p6,1428723,Apvienība “Tēvzemei un Brīvībai”/LNNK,Tēvzemei un Brīvībai / LNNK,1704,hand,battery
2009,LV,,q39_p7,1428422,Politisko organizāciju apvienība “Par cilvēka tiesībām vienotā Latvijā” (Руководство ЗаПЧЕЛ),Par cilvēka tiesībām vienotā Latvijā,176,link,battery
2009,LV,,q39_p8,1428611,Pilsoniskā savienība (Гражданский союз),Pilsoniskā savienība,415,name,battery
2009,LV,,q39_p9,1428425,Sabiedrība citai politikai,Sabiedrība citai politikai,627,name,battery
2009,LV,,q4,20,[OTHER (open answer recorded)],other,,special,answer
2009,LV,,q4,66,[NONE],none,,special,answer
2009,LV,,q4,77,[REFUSED],refused,,special,answer
2009,LV,,q4,88,[DK],dont-know,,special,answer
2009,LV,,q4,99,[NAP],,,special,answer
2009,LV,,q4,1428008,Ricibas partija (Rp),Ricibas partija (Rp) [og],,hand,answer
2009,LV,,q4,1428110,Zaļo un Zemnieku savienība (Сою́з зелёных и крестья́н),Zaļo un Zemnieku savienība,701,link,answer
2009,LV,,q4,1428315,Latvijas Sociāldemokrātiskā Strādnieku Partija (LSDSP),Latvijas Sociāldemokrātiskā Strādnieku Partija,741,name,answer
2009,LV,,q4,1428317,“Saskaņas Centrs” (“Центр согласия”),Saskaņas Centrs,1056,name,answer
2009,LV,,q4,1428422,Politisko organizāciju apvienība “Par cilvēka tiesībām vienotā Latvijā” (Руководство ЗаПЧЕЛ),Par cilvēka tiesībām vienotā Latvijā,176,link,answer
2009,LV,,q4,1428423,Jaunais laiks (Но́вое вре́мя),Jaunais Laiks,1531,name,answer
2009,LV,,q4,1428424,Latvijas Pirmās partijas un partijas “Latvijas Ceļš” vēlēšanu apvienība,Latvijas Pirmā partija / Latvijas Ceļš,461,hand,answer
2009,LV,,q4,1428425,Sabiedrība citai politikai,Sabiedrība citai politikai,627,name,answer
2009,LV,,q4,1428610,Tautas partija (Наро́дная па́ртия),Tautas Partija,1755,name,answer
2009,LV,,q4,1428611,Pilsoniskā savienība (Гражданский союз),Pilsoniskā savienība,415,name,answer
2009,LV,,q4,1428723,Apvienība “Tēvzemei un Brīvībai”/LNNK,Tēvzemei un Brīvībai / LNNK,1704,hand,answer
2009,LV,,q4,1428724,Visu Latvijai! (VL),Visu Latvijai!,506,name,answer
2009,LV,,q47_p1,1428610,Tautas partija (Наро́дная па́ртия),Tautas Partija,1755,name,battery
2009,LV,,q47_p2,1428110,Zaļo un Zemnieku savienība (Сою́з зелёных и крестья́н),Zaļo un Zemnieku savienība,701,link,battery
2009,LV,,q47_p3,1428423,Jaunais laiks (Но́вое вре́мя),Jaunais Laiks,1531,name,battery
2009,LV,,q47_p4,1428317,“Saskaņas Centrs” (“Центр согласия”),Saskaņas Centrs,1056,name,battery
2009,LV,,q47_p5,1428424,Latvijas Pirmās partijas un partijas “Latvijas Ceļš” vēlēšanu apvienība,Latvijas Pirmā partija / Latvijas Ceļš,461,hand,battery
2009,LV,,q47_p6,1428723,Apvienība “Tēvzemei un Brīvībai”/LNNK,Tēvzemei un Brīvībai / LNNK,1704,hand,battery
2009,LV,,q47_p7,1428422,Politisko organizāciju apvienība “Par cilvēka tiesībām vienotā Latvijā” (Руководство ЗаПЧЕЛ),Par cilvēka tiesībām vienotā Latvijā,176,link,battery
2009,LV,,q47_p8,1428611,Pilsoniskā savienība (Гражданский союз),Pilsoniskā savienība,415,name,battery
2009,LV,,q47_p9,1428425,Sabiedrība citai politikai,Sabiedrība citai politikai,627,name,battery
2009,LV,,q81_p1,1428610,Tautas partija (Наро́дная па́ртия),Tautas Partija,1755,name,battery
2009,LV,,q81_p2,1428110,Zaļo un Zemnieku savienība (Сою́з зелёных и крестья́н),Zaļo un Zemnieku savienība,701,link,battery
2009,LV,,q81_p3,1428423,Jaunais laiks (Но́вое вре́мя),Jaunais Laiks,1531,name,battery
2009,LV,,q81_p4,1428317,“Saskaņas Centrs” (“Центр согласия”),Saskaņas Centrs,1056,name,battery
2009,LV,,q81_p5,1428424,Latvijas Pirmās partijas un partijas “Latvijas Ceļš” vēlēšanu apvienība,Latvijas Pirmā partija / Latvijas Ceļš,461,hand,battery
2009,LV,,q81_p6,1428723,Apvienība “Tēvzemei un Brīvībai”/LNNK,Tēvzemei un Brīvībai / LNNK,1704,hand,battery
2009,LV,,q81_p7,1428422,Politisko organizāciju apvienība “Par cilvēka tiesībām vienotā Latvijā” (Руководство ЗаПЧЕЛ),Par cilvēka tiesībām vienotā Latvijā,176,link,battery
2009,LV,,q81_p8,1428611,Pilsoniskā savienība (Гражданский союз),Pilsoniskā savienība,415,name,battery
2009,LV,,q81_p9,1428425,Sabiedrība citai politikai,Sabiedrība citai politikai,627,name,battery
2009,LV,,q87,0,"no, does not feel close to any party",none,,special,answer
2009,LV,,q87,20,[OTHER (open answer recorded)],other,,special,answer
2009,LV,,q87,77,[REFUSED],refused,,special,answer
2009,LV,,q87,88,[DK],dont-know,,special,answer
2009,LV,,q87,1428008,Ricibas partija (Rp),Ricibas partija (Rp) [og],,hand,answer
2009,LV,,q87,1428110,Zaļo un Zemnieku savienība (Сою́з зелёных и крестья́н),Zaļo un Zemnieku savienība,701,link,answer
2009,LV,,q87,1428315,Latvijas Sociāldemokrātiskā Strādnieku Partija (LSDSP),Latvijas Sociāldemokrātiskā Strādnieku Partija,741,name,answer
2009,LV,,q87,1428317,“Saskaņas Centrs” (“Центр согласия”),Saskaņas Centrs,1056,name,answer
2009,LV,,q87,1428422,Politisko organizāciju apvienība “Par cilvēka tiesībām vienotā Latvijā” (Руководство ЗаПЧЕЛ),Par cilvēka tiesībām vienotā Latvijā,176,link,answer
2009,LV,,q87,1428423,Jaunais laiks (Но́вое вре́мя),Jaunais Laiks,1531,name,answer
2009,LV,,q87,1428424,Latvijas Pirmās partijas un partijas “Latvijas Ceļš” vēlēšanu apvienība,Latvijas Pirmā partija / Latvijas Ceļš,461,hand,answer
2009,LV,,q87,1428425,Sabiedrība citai politikai,Sabiedrība citai politikai,627,name,answer
2009,LV,,q87,1428610,Tautas partija (Наро́дная па́ртия),Tautas Partija,1755,name,answer
2009,LV,,q87,1428611,Pilsoniskā savienība (Гражданский союз),Pilsoniskā savienība,415,name,answer
2009,LV,,q87,1428723,Apvienība “Tēvzemei un Brīvībai”/LNNK,Tēvzemei un Brīvībai / LNNK,1704,hand,answer
2009,LV,,q87,1428724,Visu Latvijai! (VL),Visu Latvijai!,506,name,answer
2009,LV,,q90,20,[OTHER (open answer recorded)],other,,special,answer
2009,LV,,q90,77,[REFUSED],refused,,special,answer
2009,LV,,q90,88,[DK],dont-know,,special,answer
2009,LV,,q90,98,[UNAVAILABLE],,,special,answer
2009,LV,,q90,99,[NAP],,,special,answer
2009,LV,,q90,1428110,Zaļo un Zemnieku savienība (Сою́з зелёных и крестья́н),Zaļo un Zemnieku savienība,701,link,answer
2009,LV,,q90,1428317,“Saskaņas Centrs” (“Центр согласия”),Saskaņas Centrs,1056,name,answer
2009,LV,,q90,1428422,Politisko organizāciju apvienība “Par cilvēka tiesībām vienotā Latvijā” (Руководство ЗаПЧЕЛ),Par cilvēka tiesībām vienotā Latvijā,176,link,answer
2009,LV,,q90,1428423,Jaunais laiks (Но́вое вре́мя),Jaunais Laiks,1531,name,answer
2009,LV,,q90,1428424,Latvijas Pirmās partijas un partijas “Latvijas Ceļš” vēlēšanu apvienība,Latvijas Pirmā partija / Latvijas Ceļš,461,hand,answer
2009,LV,,q90,1428425,Sabiedrība citai politikai,Sabiedrība citai politikai,627,name,answer
2009,LV,,q90,1428610,Tautas partija (Наро́дная па́ртия),Tautas Partija,1755,name,answer
2009,LV,,q90,1428611,Pilsoniskā savienība (Гражданский союз),Pilsoniskā savienība,415,name,answer
2009,LV,,q90,1428723,Apvienība “Tēvzemei un Brīvībai”/LNNK,Tēvzemei un Brīvībai / LNNK,1704,hand,answer
2009,NL,,q25,20,[OTHER (open answer recorded)],other,,special,answer
2009,NL,,q25,77,[REFUSED],refused,,special,answer
2009,NL,,q25,88,[DK],dont-know,,special,answer
2009,NL,,q25,95,[spoiled vote],blank-invalid,,special,answer
2009,NL,,q25,96,[did not vote],did-not-vote,,special,answer
2009,NL,,q25,99,[NAP],,,special,answer
2009,NL,,q25,1528006,Partij voor de Dieren (PvdD),Partij voor de Dieren,1467,name,answer
2009,NL,,q25,1528014,Newropeans,Newropeans [og],,hand,answer
2009,NL,,q25,1528016,Solidara,Solidara [og],,hand,answer
2009,NL,,q25,1528017,Europese Klokkenluiderspartij (EKP),Europese Klokkenluiderspartij (EKP) [og],,hand,answer
2009,NL,,q25,1528019,Libertas,Libertas [og],,hand,answer
2009,NL,,q25,1528110,Groen Links,GroenLinks,1537,link,answer
2009,NL,,q25,1528220,SP,Socialistiese Partij,1363,link,answer
2009,NL,,q25,1528320,PvdA,Partij van de Arbeid,1234,link,answer
2009,NL,,q25,1528330,D66,Democraten 66,45,link,answer
2009,NL,,q25,1528420,VVD,Volkspartij voor Vrijheid en Democratie,828,link,answer
2009,NL,,q25,1528521,CDA,Christen Democratisch Appèl,1157,link,answer
2009,NL,,q25,1528526,ChristenUnie,ChristenUnie,1459,link,answer
2009,NL,,q25,1528527,SGP,Staatkundig Gereformeerde Partij,1178,name,answer
2009,NL,,q25,1528600,PVV (Wilders),Partij voor de Vrijheid,298,link,answer
2009,NL,,q26,20,[OTHER (open answer recorded)],other,,special,answer
2009,NL,,q26,77,[REFUSED],refused,,special,answer
2009,NL,,q26,88,[DK],dont-know,,special,answer
2009,NL,,q26,94,[would have voted blank ],blank-invalid,,special,answer
2009,NL,,q26,96,[would have not vote],did-not-vote,,special,answer
2009,NL,,q26,99,[NAP],,,special,answer
2009,NL,,q26,1528006,Partij voor de Dieren (PvdD),Partij voor de Dieren,1467,name,answer
2009,NL,,q26,1528017,Europese Klokkenluiderspartij (EKP),Europese Klokkenluiderspartij (EKP) [og],,hand,answer
2009,NL,,q26,1528110,Groen Links,GroenLinks,1537,link,answer
2009,NL,,q26,1528220,SP,Socialistiese Partij,1363,link,answer
2009,NL,,q26,1528320,PvdA,Partij van de Arbeid,1234,link,answer
2009,NL,,q26,1528330,D66,Democraten 66,45,link,answer
2009,NL,,q26,1528420,VVD,Volkspartij voor Vrijheid en Democratie,828,link,answer
2009,NL,,q26,1528521,CDA,Christen Democratisch Appèl,1157,link,answer
2009,NL,,q26,1528526,ChristenUnie,ChristenUnie,1459,link,answer
2009,NL,,q26,1528527,SGP,Staatkundig Gereformeerde Partij,1178,name,answer
2009,NL,,q26,1528600,PVV (Wilders),Partij voor de Vrijheid,298,link,answer
2009,NL,,q26b,99,[NAP],,,special,answer
2009,NL,,q27,77,[REFUSED],refused,,special,answer
2009,NL,,q27,88,[DK],dont-know,,special,answer
2009,NL,,q27,93,[Was not eligible/old enough],not-eligible,,special,answer
2009,NL,,q27,94,[voted blank ],blank-invalid,,special,answer
2009,NL,,q27,96,[did not vote],did-not-vote,,special,answer
2009,NL,,q27,1528006,Partij voor de Dieren (PvdD),Partij voor de Dieren,1467,name,answer
2009,NL,,q27,1528110,Groen Links,GroenLinks,1537,link,answer
2009,NL,,q27,1528220,SP,Socialistiese Partij,1363,link,answer
2009,NL,,q27,1528320,PvdA,Partij van de Arbeid,1234,link,answer
2009,NL,,q27,1528330,D66,Democraten 66,45,link,answer
2009,NL,,q27,1528420,VVD,Volkspartij voor Vrijheid en Democratie,828,link,answer
2009,NL,,q27,1528521,CDA,Christen Democratisch Appèl,1157,link,answer
2009,NL,,q27,1528526,ChristenUnie,ChristenUnie,1459,link,answer
2009,NL,,q27,1528527,SGP,Staatkundig Gereformeerde Partij,1178,name,answer
2009,NL,,q27,1528600,PVV (Wilders),Partij voor de Vrijheid,298,link,answer
2009,NL,,q27,1528790,"Lijst Pim Fortuyn, LPF",Lijst Pim Fortuyn,1528,hand,answer
2009,NL,,q28,20,[OTHER (open answer recorded)],other,,special,answer
2009,NL,,q28,77,[REFUSED],refused,,special,answer
2009,NL,,q28,88,[DK],dont-know,,special,answer
2009,NL,,q28,94,[would vote blank],blank-invalid,,special,answer
2009,NL,,q28,96,[would not vote],did-not-vote,,special,answer
2009,NL,,q28,1528006,Partij voor de Dieren (PvdD),Partij voor de Dieren,1467,name,answer
2009,NL,,q28,1528110,Groen Links,GroenLinks,1537,link,answer
2009,NL,,q28,1528220,SP,Socialistiese Partij,1363,link,answer
2009,NL,,q28,1528320,PvdA,Partij van de Arbeid,1234,link,answer
2009,NL,,q28,1528330,D66,Democraten 66,45,link,answer
2009,NL,,q28,1528420,VVD,Volkspartij voor Vrijheid en Democratie,828,link,answer
2009,NL,,q28,1528521,CDA,Christen Democratisch Appèl,1157,link,answer
2009,NL,,q28,1528526,ChristenUnie,ChristenUnie,1459,link,answer
2009,NL,,q28,1528527,SGP,Staatkundig Gereformeerde Partij,1178,name,answer
2009,NL,,q28,1528600,PVV (Wilders),Partij voor de Vrijheid,298,link,answer
2009,NL,,q39_p1,1528320,PvdA,Partij van de Arbeid,1234,link,battery
2009,NL,,q39_p10,1528600,PVV (Wilders),Partij voor de Vrijheid,298,link,battery
2009,NL,,q39_p11,1528726,Trots op Nederland TON (Verdonk),Trots op Nederland,1656,hand,battery
2009,NL,,q39_p2,1528521,CDA,Christen Democratisch Appèl,1157,link,battery
2009,NL,,q39_p3,1528420,VVD,Volkspartij voor Vrijheid en Democratie,828,link,battery
2009,NL,,q39_p4,1528330,D66,Democraten 66,45,link,battery
2009,NL,,q39_p5,1528110,Groen Links,GroenLinks,1537,link,battery
2009,NL,,q39_p6,1528006,Partij voor de Dieren (PvdD),Partij voor de Dieren,1467,name,battery
2009,NL,,q39_p7,1528526,ChristenUnie,ChristenUnie,1459,link,battery
2009,NL,,q39_p8,1528527,SGP,Staatkundig Gereformeerde Partij,1178,name,battery
2009,NL,,q39_p9,1528220,SP,Socialistiese Partij,1363,link,battery
2009,NL,,q4,20,[OTHER (open answer recorded)],other,,special,answer
2009,NL,,q4,66,[NONE],none,,special,answer
2009,NL,,q4,77,[REFUSED],refused,,special,answer
2009,NL,,q4,88,[DK],dont-know,,special,answer
2009,NL,,q4,99,[NAP],,,special,answer
2009,NL,,q4,1528006,Partij voor de Dieren (PvdD),Partij voor de Dieren,1467,name,answer
2009,NL,,q4,1528110,Groen Links,GroenLinks,1537,link,answer
2009,NL,,q4,1528220,SP,Socialistiese Partij,1363,link,answer
2009,NL,,q4,1528320,PvdA,Partij van de Arbeid,1234,link,answer
2009,NL,,q4,1528330,D66,Democraten 66,45,link,answer
2009,NL,,q4,1528420,VVD,Volkspartij voor Vrijheid en Democratie,828,link,answer
2009,NL,,q4,1528521,CDA,Christen Democratisch Appèl,1157,link,answer
2009,NL,,q4,1528526,ChristenUnie,ChristenUnie,1459,link,answer
2009,NL,,q4,1528527,SGP,Staatkundig Gereformeerde Partij,1178,name,answer
2009,NL,,q4,1528600,PVV (Wilders),Partij voor de Vrijheid,298,link,answer
2009,NL,,q4,1528726,Trots op Nederland TON (Verdonk),Trots op Nederland,1656,hand,answer
2009,NL,,q47_p1,1528320,PvdA,Partij van de Arbeid,1234,link,battery
2009,NL,,q47_p10,1528600,PVV (Wilders),Partij voor de Vrijheid,298,link,battery
2009,NL,,q47_p11,1528726,Trots op Nederland TON (Verdonk),Trots op Nederland,1656,hand,battery
2009,NL,,q47_p2,1528521,CDA,Christen Democratisch Appèl,1157,link,battery
2009,NL,,q47_p3,1528420,VVD,Volkspartij voor Vrijheid en Democratie,828,link,battery
2009,NL,,q47_p4,1528330,D66,Democraten 66,45,link,battery
2009,NL,,q47_p5,1528110,Groen Links,GroenLinks,1537,link,battery
2009,NL,,q47_p6,1528006,Partij voor de Dieren (PvdD),Partij voor de Dieren,1467,name,battery
2009,NL,,q47_p7,1528526,ChristenUnie,ChristenUnie,1459,link,battery
2009,NL,,q47_p8,1528527,SGP,Staatkundig Gereformeerde Partij,1178,name,battery
2009,NL,,q47_p9,1528220,SP,Socialistiese Partij,1363,link,battery
2009,NL,,q81_p1,1528320,PvdA,Partij van de Arbeid,1234,link,battery
2009,NL,,q81_p10,1528600,PVV (Wilders),Partij voor de Vrijheid,298,link,battery
2009,NL,,q81_p11,1528726,Trots op Nederland TON (Verdonk),Trots op Nederland,1656,hand,battery
2009,NL,,q81_p2,1528521,CDA,Christen Democratisch Appèl,1157,link,battery
2009,NL,,q81_p3,1528420,VVD,Volkspartij voor Vrijheid en Democratie,828,link,battery
2009,NL,,q81_p4,1528330,D66,Democraten 66,45,link,battery
2009,NL,,q81_p5,1528110,Groen Links,GroenLinks,1537,link,battery
2009,NL,,q81_p6,1528006,Partij voor de Dieren (PvdD),Partij voor de Dieren,1467,name,battery
2009,NL,,q81_p7,1528526,ChristenUnie,ChristenUnie,1459,link,battery
2009,NL,,q81_p8,1528527,SGP,Staatkundig Gereformeerde Partij,1178,name,battery
2009,NL,,q81_p9,1528220,SP,Socialistiese Partij,1363,link,battery
2009,NL,,q87,0,"no, does not feel close to any party",none,,special,answer
2009,NL,,q87,20,[OTHER (open answer recorded)],other,,special,answer
2009,NL,,q87,77,[REFUSED],refused,,special,answer
2009,NL,,q87,88,[DK],dont-know,,special,answer
2009,NL,,q87,1528006,Partij voor de Dieren (PvdD),Partij voor de Dieren,1467,name,answer
2009,NL,,q87,1528016,Solidara,Solidara [og],,hand,answer
2009,NL,,q87,1528110,Groen Links,GroenLinks,1537,link,answer
2009,NL,,q87,1528220,SP,Socialistiese Partij,1363,link,answer
2009,NL,,q87,1528320,PvdA,Partij van de Arbeid,1234,link,answer
2009,NL,,q87,1528330,D66,Democraten 66,45,link,answer
2009,NL,,q87,1528420,VVD,Volkspartij voor Vrijheid en Democratie,828,link,answer
2009,NL,,q87,1528521,CDA,Christen Democratisch Appèl,1157,link,answer
2009,NL,,q87,1528526,ChristenUnie,ChristenUnie,1459,link,answer
2009,NL,,q87,1528527,SGP,Staatkundig Gereformeerde Partij,1178,name,answer
2009,NL,,q87,1528600,PVV (Wilders),Partij voor de Vrijheid,298,link,answer
2009,NL,,q87,1528726,Trots op Nederland TON (Verdonk),Trots op Nederland,1656,hand,answer
2009,NL,,q90,77,[REFUSED],refused,,special,answer
2009,NL,,q90,88,[DK],dont-know,,special,answer
2009,NL,,q90,99,[NAP],,,special,answer
2009,NL,,q90,1528006,Partij voor de Dieren (PvdD),Partij voor de Dieren,1467,name,answer
2009,NL,,q90,1528110,Groen Links,GroenLinks,1537,link,answer
2009,NL,,q90,1528220,SP,Socialistiese Partij,1363,link,answer
2009,NL,,q90,1528320,PvdA,Partij van de Arbeid,1234,link,answer
2009,NL,,q90,1528330,D66,Democraten 66,45,link,answer
2009,NL,,q90,1528420,VVD,Volkspartij voor Vrijheid en Democratie,828,link,answer
2009,NL,,q90,1528521,CDA,Christen Democratisch Appèl,1157,link,answer
2009,NL,,q90,1528526,ChristenUnie,ChristenUnie,1459,link,answer
2009,NL,,q90,1528600,PVV (Wilders),Partij voor de Vrijheid,298,link,answer
2009,NL,,q90,1528726,Trots op Nederland TON (Verdonk),Trots op Nederland,1656,hand,answer
2009,PL,,q25,77,[REFUSED],refused,,special,answer
2009,PL,,q25,88,[DK],dont-know,,special,answer
2009,PL,,q25,95,[spoiled vote],blank-invalid,,special,answer
2009,PL,,q25,99,[NAP],,,special,answer
2009,PL,,q25,1616010,Libertas,Libertas Polska,739,name,answer
2009,PL,,q25,1616011,Koalicyjny Komitet Wyborczy Porozumienie dla Przyszłości - CentroLewica (PD+SDPL+Zieloni 2004),Koalicyjny Komitet Wyborczy Porozumienie dla Przyszłości - CentroLewica (PD+SDPL+Zieloni 2004) [og],,hand,answer
2009,PL,,q25,1616012,Koalicyjny Komitet Wyborczy Sojusz Lewicy Demokratycznej (SLD) - Unia Pracy (UP),Sojusz Lewicy Demokratycznej — Unia Pracy,6183,hand,answer
2009,PL,,q25,1616210,Sojusz Lewicy Demokratycznej (SLD),Sojusz Lewicy Demokratycznej,57,link,answer
2009,PL,,q25,1616390,"Polska Partia Socjalistyczna, PPS","Polska Partia Socjalistyczna, PPS [og]",,hand,answer
2009,PL,,q25,1616432,Unia Polityki Realnej (UPR),Unia Polityki Realnej,283,name,answer
2009,PL,,q25,1616435,Platforma Obywatelska,Platforma Obywatelska,1117,name,answer
2009,PL,,q25,1616436,Prawo i Sprawiedliwość,Prawo i Sprawiedliwość,1565,link,answer
2009,PL,,q25,1616623,Prawica Rzeczypospolitej (PRP),Prawica Rzeczypospolitej,876,name,answer
2009,PL,,q25,1616811,Polskie Stronnictwo Ludowe,Polskie Stronnictwo Ludowe,602,link,answer
2009,PL,,q26,20,[OTHER (open answer recorded)],other,,special,answer
2009,PL,,q26,77,[REFUSED],refused,,special,answer
2009,PL,,q26,88,[DK],dont-know,,special,answer
2009,PL,,q26,94,[would have voted blank ],blank-invalid,,special,answer
2009,PL,,q26,95,[would have spoiled vote],blank-invalid,,special,answer
2009,PL,,q26,96,[would have not vote],did-not-vote,,special,answer
2009,PL,,q26,99,[NAP],,,special,answer
2009,PL,,q26,1616010,Libertas,Libertas Polska,739,name,answer
2009,PL,,q26,1616011,Koalicyjny Komitet Wyborczy Porozumienie dla Przyszłości - CentroLewica (PD+SDPL+Zieloni 2004),Koalicyjny Komitet Wyborczy Porozumienie dla Przyszłości - CentroLewica (PD+SDPL+Zieloni 2004) [og],,hand,answer
2009,PL,,q26,1616012,Koalicyjny Komitet Wyborczy Sojusz Lewicy Demokratycznej (SLD) - Unia Pracy (UP),Sojusz Lewicy Demokratycznej — Unia Pracy,6183,hand,answer
2009,PL,,q26,1616090,Partia Kobiet,Partia Kobiet [og],,hand,answer
2009,PL,,q26,1616210,Sojusz Lewicy Demokratycznej (SLD),Sojusz Lewicy Demokratycznej,57,link,answer
2009,PL,,q26,1616330,Polska Partia Pracy (PPP),Polska Partia Pracy,3699,name,answer
2009,PL,,q26,1616435,Platforma Obywatelska,Platforma Obywatelska,1117,name,answer
2009,PL,,q26,1616436,Prawo i Sprawiedliwość,Prawo i Sprawiedliwość,1565,link,answer
2009,PL,,q26,1616622,Samoobrona Rzeczpospolitej Polskiej (SO),Samoobrona Rzeczypospolitej Polskiej,727,hand,answer
2009,PL,,q26,1616623,Prawica Rzeczypospolitej (PRP),Prawica Rzeczypospolitej,876,name,answer
2009,PL,,q26,1616811,Polskie Stronnictwo Ludowe,Polskie Stronnictwo Ludowe,602,link,answer
2009,PL,,q26b,99,[NAP],,,special,answer
2009,PL,,q27,20,[OTHER (open answer recorded)],other,,special,answer
2009,PL,,q27,77,[REFUSED],refused,,special,answer
2009,PL,,q27,88,[DK],dont-know,,special,answer
2009,PL,,q27,93,[Was not eligible/old enough],not-eligible,,special,answer
2009,PL,,q27,96,[did not vote],did-not-vote,,special,answer
2009,PL,,q27,99,[NAP],,,special,answer
2009,PL,,q27,1616210,Sojusz Lewicy Demokratycznej (SLD),Sojusz Lewicy Demokratycznej,57,link,answer
2009,PL,,q27,1616390,"Polska Partia Socjalistyczna, PPS","Polska Partia Socjalistyczna, PPS [og]",,hand,answer
2009,PL,,q27,1616435,Platforma Obywatelska,Platforma Obywatelska,1117,name,answer
2009,PL,,q27,1616436,Prawo i Sprawiedliwość,Prawo i Sprawiedliwość,1565,link,answer
2009,PL,,q27,1616622,Samoobrona Rzeczpospolitej Polskiej (SO),Samoobrona Rzeczypospolitej Polskiej,727,hand,answer
2009,PL,,q27,1616811,Polskie Stronnictwo Ludowe,Polskie Stronnictwo Ludowe,602,link,answer
2009,PL,,q28,20,[OTHER (open answer recorded)],other,,special,answer
2009,PL,,q28,77,[REFUSED],refused,,special,answer
2009,PL,,q28,88,[DK],dont-know,,special,answer
2009,PL,,q28,94,[would vote blank],blank-invalid,,special,answer
2009,PL,,q28,95,[would spoil vote],blank-invalid,,special,answer
2009,PL,,q28,96,[would not vote],did-not-vote,,special,answer
2009,PL,,q28,1616010,Libertas,Libertas Polska,739,name,answer
2009,PL,,q28,1616011,Koalicyjny Komitet Wyborczy Porozumienie dla Przyszłości - CentroLewica (PD+SDPL+Zieloni 2004),Koalicyjny Komitet Wyborczy Porozumienie dla Przyszłości - CentroLewica (PD+SDPL+Zieloni 2004) [og],,hand,answer
2009,PL,,q28,1616012,Koalicyjny Komitet Wyborczy Sojusz Lewicy Demokratycznej (SLD) - Unia Pracy (UP),Sojusz Lewicy Demokratycznej — Unia Pracy,6183,hand,answer
2009,PL,,q28,1616210,Sojusz Lewicy Demokratycznej (SLD),Sojusz Lewicy Demokratycznej,57,link,answer
2009,PL,,q28,1616330,Polska Partia Pracy (PPP),Polska Partia Pracy,3699,name,answer
2009,PL,,q28,1616390,"Polska Partia Socjalistyczna, PPS","Polska Partia Socjalistyczna, PPS [og]",,hand,answer
2009,PL,,q28,1616432,Unia Polityki Realnej (UPR),Unia Polityki Realnej,283,name,answer
2009,PL,,q28,1616435,Platforma Obywatelska,Platforma Obywatelska,1117,name,answer
2009,PL,,q28,1616436,Prawo i Sprawiedliwość,Prawo i Sprawiedliwość,1565,link,answer
2009,PL,,q28,1616622,Samoobrona Rzeczpospolitej Polskiej (SO),Samoobrona Rzeczypospolitej Polskiej,727,hand,answer
2009,PL,,q28,1616623,Prawica Rzeczypospolitej (PRP),Prawica Rzeczypospolitej,876,name,answer
2009,PL,,q28,1616811,Polskie Stronnictwo Ludowe,Polskie Stronnictwo Ludowe,602,link,answer
2009,PL,,q39_p10,1616436,Prawo i Sprawiedliwość,Prawo i Sprawiedliwość,1565,link,battery
2009,PL,,q39_p2,1616811,Polskie Stronnictwo Ludowe,Polskie Stronnictwo Ludowe,602,link,battery
2009,PL,,q39_p5,1616010,Libertas,Libertas Polska,739,name,battery
2009,PL,,q39_p6,1616011,Koalicyjny Komitet Wyborczy Porozumienie dla Przyszłości - CentroLewica (PD+SDPL+Zieloni 2004),Koalicyjny Komitet Wyborczy Porozumienie dla Przyszłości - CentroLewica (PD+SDPL+Zieloni 2004) [og],,hand,battery
2009,PL,,q39_p7,1616210,Sojusz Lewicy Demokratycznej (SLD),Sojusz Lewicy Demokratycznej,57,link,battery
2009,PL,,q39_p9,1616435,Platforma Obywatelska,Platforma Obywatelska,1117,name,battery
2009,PL,,q4,20,[OTHER (open answer recorded)],other,,special,answer
2009,PL,,q4,66,[NONE],none,,special,answer
2009,PL,,q4,77,[REFUSED],refused,,special,answer
2009,PL,,q4,88,[DK],dont-know,,special,answer
2009,PL,,q4,98,[UNAVAILABLE],,,special,answer
2009,PL,,q4,99,[NAP],,,special,answer
2009,PL,,q4,1616011,Koalicyjny Komitet Wyborczy Porozumienie dla Przyszłości - CentroLewica (PD+SDPL+Zieloni 2004),Koalicyjny Komitet Wyborczy Porozumienie dla Przyszłości - CentroLewica (PD+SDPL+Zieloni 2004) [og],,hand,answer
2009,PL,,q4,1616012,Koalicyjny Komitet Wyborczy Sojusz Lewicy Demokratycznej (SLD) - Unia Pracy (UP),Sojusz Lewicy Demokratycznej — Unia Pracy,6183,hand,answer
2009,PL,,q4,1616210,Sojusz Lewicy Demokratycznej (SLD),Sojusz Lewicy Demokratycznej,57,link,answer
2009,PL,,q4,1616330,Polska Partia Pracy (PPP),Polska Partia Pracy,3699,name,answer
2009,PL,,q4,1616390,"Polska Partia Socjalistyczna, PPS","Polska Partia Socjalistyczna, PPS [og]",,hand,answer
2009,PL,,q4,1616432,Unia Polityki Realnej (UPR),Unia Polityki Realnej,283,name,answer
2009,PL,,q4,1616435,Platforma Obywatelska,Platforma Obywatelska,1117,name,answer
2009,PL,,q4,1616436,Prawo i Sprawiedliwość,Prawo i Sprawiedliwość,1565,link,answer
2009,PL,,q4,1616622,Samoobrona Rzeczpospolitej Polskiej (SO),Samoobrona Rzeczypospolitej Polskiej,727,hand,answer
2009,PL,,q4,1616811,Polskie Stronnictwo Ludowe,Polskie Stronnictwo Ludowe,602,link,answer
2009,PL,,q47_p10,1616436,Prawo i Sprawiedliwość,Prawo i Sprawiedliwość,1565,link,battery
2009,PL,,q47_p2,1616811,Polskie Stronnictwo Ludowe,Polskie Stronnictwo Ludowe,602,link,battery
2009,PL,,q47_p5,1616010,Libertas,Libertas Polska,739,name,battery
2009,PL,,q47_p6,1616011,Koalicyjny Komitet Wyborczy Porozumienie dla Przyszłości - CentroLewica (PD+SDPL+Zieloni 2004),Koalicyjny Komitet Wyborczy Porozumienie dla Przyszłości - CentroLewica (PD+SDPL+Zieloni 2004) [og],,hand,battery
2009,PL,,q47_p7,1616210,Sojusz Lewicy Demokratycznej (SLD),Sojusz Lewicy Demokratycznej,57,link,battery
2009,PL,,q47_p9,1616435,Platforma Obywatelska,Platforma Obywatelska,1117,name,battery
2009,PL,,q81_p10,1616436,Prawo i Sprawiedliwość,Prawo i Sprawiedliwość,1565,link,battery
2009,PL,,q81_p2,1616811,Polskie Stronnictwo Ludowe,Polskie Stronnictwo Ludowe,602,link,battery
2009,PL,,q81_p5,1616010,Libertas,Libertas Polska,739,name,battery
2009,PL,,q81_p6,1616011,Koalicyjny Komitet Wyborczy Porozumienie dla Przyszłości - CentroLewica (PD+SDPL+Zieloni 2004),Koalicyjny Komitet Wyborczy Porozumienie dla Przyszłości - CentroLewica (PD+SDPL+Zieloni 2004) [og],,hand,battery
2009,PL,,q81_p7,1616210,Sojusz Lewicy Demokratycznej (SLD),Sojusz Lewicy Demokratycznej,57,link,battery
2009,PL,,q81_p9,1616435,Platforma Obywatelska,Platforma Obywatelska,1117,name,battery
2009,PL,,q87,0,"no, does not feel close to any party",none,,special,answer
2009,PL,,q87,20,[OTHER (open answer recorded)],other,,special,answer
2009,PL,,q87,77,[REFUSED],refused,,special,answer
2009,PL,,q87,88,[DK],dont-know,,special,answer
2009,PL,,q87,1616010,Libertas,Libertas Polska,739,name,answer
2009,PL,,q87,1616011,Koalicyjny Komitet Wyborczy Porozumienie dla Przyszłości - CentroLewica (PD+SDPL+Zieloni 2004),Koalicyjny Komitet Wyborczy Porozumienie dla Przyszłości - CentroLewica (PD+SDPL+Zieloni 2004) [og],,hand,answer
2009,PL,,q87,1616012,Koalicyjny Komitet Wyborczy Sojusz Lewicy Demokratycznej (SLD) - Unia Pracy (UP),Sojusz Lewicy Demokratycznej — Unia Pracy,6183,hand,answer
2009,PL,,q87,1616090,Partia Kobiet,Partia Kobiet [og],,hand,answer
2009,PL,,q87,1616092,"Liga Polskich Rodzin, LPR",Liga Polskich Rodzin,1768,hand,answer
2009,PL,,q87,1616210,Sojusz Lewicy Demokratycznej (SLD),Sojusz Lewicy Demokratycznej,57,link,answer
2009,PL,,q87,1616330,Polska Partia Pracy (PPP),Polska Partia Pracy,3699,name,answer
2009,PL,,q87,1616432,Unia Polityki Realnej (UPR),Unia Polityki Realnej,283,name,answer
2009,PL,,q87,1616435,Platforma Obywatelska,Platforma Obywatelska,1117,name,answer
2009,PL,,q87,1616436,Prawo i Sprawiedliwość,Prawo i Sprawiedliwość,1565,link,answer
2009,PL,,q87,1616622,Samoobrona Rzeczpospolitej Polskiej (SO),Samoobrona Rzeczypospolitej Polskiej,727,hand,answer
2009,PL,,q87,1616623,Prawica Rzeczypospolitej (PRP),Prawica Rzeczypospolitej,876,name,answer
2009,PL,,q87,1616811,Polskie Stronnictwo Ludowe,Polskie Stronnictwo Ludowe,602,link,answer
2009,PL,,q90,77,[REFUSED],refused,,special,answer
2009,PL,,q90,88,[DK],dont-know,,special,answer
2009,PL,,q90,99,[NAP],,,special,answer
2009,PL,,q90,1616210,Sojusz Lewicy Demokratycznej (SLD),Sojusz Lewicy Demokratycznej,57,link,answer
2009,PL,,q90,1616435,Platforma Obywatelska,Platforma Obywatelska,1117,name,answer
2009,PL,,q90,1616436,Prawo i Sprawiedliwość,Prawo i Sprawiedliwość,1565,link,answer
2009,PL,,q90,1616811,Polskie Stronnictwo Ludowe,Polskie Stronnictwo Ludowe,602,link,answer
2009,PT,,q25,20,[OTHER (open answer recorded)],other,,special,answer
2009,PT,,q25,77,[REFUSED],refused,,special,answer
2009,PT,,q25,88,[DK],dont-know,,special,answer
2009,PT,,q25,94,[voted blank ],blank-invalid,,special,answer
2009,PT,,q25,95,[spoiled vote],blank-invalid,,special,answer
2009,PT,,q25,96,[did not vote],did-not-vote,,special,answer
2009,PT,,q25,99,[NAP],,,special,answer
2009,PT,,q25,1620002,Movimento Merito e Sociedade (MMS),Movimento Merito e Sociedade (MMS) [og],,hand,answer
2009,PT,,q25,1620004,Movimento Esperança Portugal (MEP),Movimento Esperança Portugal,1727,name,answer
2009,PT,,q25,1620090,Partido da Terra (MPT),Movimento Partido da Terra / Partido da Terra,3226,name,answer
2009,PT,,q25,1620211,Bloco de Esquerda,Bloco de Esquerda,1310,link,answer
2009,PT,,q25,1620229,CDU (PCP/PEV),Coligação Democrática Unitária,284,link,answer
2009,PT,,q25,1620311,PS,Partido Socialista,655,name,answer
2009,PT,,q25,1620313,PSD,Partido Popular Democrático / Partido Social Democrata,1359,link,answer
2009,PT,,q25,1620314,CDS-PP Centro Democratico e Social - Partido Popular,Centro Democrático e Social / Partido Popular,1308,hand,answer
2009,PT,,q26,20,[OTHER (open answer recorded)],other,,special,answer
2009,PT,,q26,77,[REFUSED],refused,,special,answer
2009,PT,,q26,88,[DK],dont-know,,special,answer
2009,PT,,q26,94,[would have voted blank ],blank-invalid,,special,answer
2009,PT,,q26,95,[would have spoiled vote],blank-invalid,,special,answer
2009,PT,,q26,96,[would have not vote],did-not-vote,,special,answer
2009,PT,,q26,99,[NAP],,,special,answer
2009,PT,,q26,1620003,Partido Humanista (PH),Partido Humanista,8269,name,answer
2009,PT,,q26,1620004,Movimento Esperança Portugal (MEP),Movimento Esperança Portugal,1727,name,answer
2009,PT,,q26,1620211,Bloco de Esquerda,Bloco de Esquerda,1310,link,answer
2009,PT,,q26,1620229,CDU (PCP/PEV),Coligação Democrática Unitária,284,link,answer
2009,PT,,q26,1620311,PS,Partido Socialista,655,name,answer
2009,PT,,q26,1620313,PSD,Partido Popular Democrático / Partido Social Democrata,1359,link,answer
2009,PT,,q26,1620314,CDS-PP Centro Democratico e Social - Partido Popular,Centro Democrático e Social / Partido Popular,1308,hand,answer
2009,PT,,q26b,99,[NAP],,,special,answer
2009,PT,,q27,20,[OTHER (open answer recorded)],other,,special,answer
2009,PT,,q27,77,[REFUSED],refused,,special,answer
2009,PT,,q27,88,[DK],dont-know,,special,answer
2009,PT,,q27,93,[Was not eligible/old enough],not-eligible,,special,answer
2009,PT,,q27,94,[voted blank ],blank-invalid,,special,answer
2009,PT,,q27,95,[spoiled vote],blank-invalid,,special,answer
2009,PT,,q27,96,[did not vote],did-not-vote,,special,answer
2009,PT,,q27,1620190,Partido Ecologista Os Verdes,Partido Ecologista — Os Verdes,886,name,answer
2009,PT,,q27,1620211,Bloco de Esquerda,Bloco de Esquerda,1310,link,answer
2009,PT,,q27,1620229,CDU (PCP/PEV),Coligação Democrática Unitária,284,link,answer
2009,PT,,q27,1620311,PS,Partido Socialista,655,name,answer
2009,PT,,q27,1620313,PSD,Partido Popular Democrático / Partido Social Democrata,1359,link,answer
2009,PT,,q27,1620314,CDS-PP Centro Democratico e Social - Partido Popular,Centro Democrático e Social / Partido Popular,1308,hand,answer
2009,PT,,q28,20,[OTHER (open answer recorded)],other,,special,answer
2009,PT,,q28,77,[REFUSED],refused,,special,answer
2009,PT,,q28,88,[DK],dont-know,,special,answer
2009,PT,,q28,94,[would vote blank],blank-invalid,,special,answer
2009,PT,,q28,95,[would spoil vote],blank-invalid,,special,answer
2009,PT,,q28,96,[would not vote],did-not-vote,,special,answer
2009,PT,,q28,1620211,Bloco de Esquerda,Bloco de Esquerda,1310,link,answer
2009,PT,,q28,1620229,CDU (PCP/PEV),Coligação Democrática Unitária,284,link,answer
2009,PT,,q28,1620311,PS,Partido Socialista,655,name,answer
2009,PT,,q28,1620313,PSD,Partido Popular Democrático / Partido Social Democrata,1359,link,answer
2009,PT,,q28,1620314,CDS-PP Centro Democratico e Social - Partido Popular,Centro Democrático e Social / Partido Popular,1308,hand,answer
2009,PT,,q39_p1,1620211,Bloco de Esquerda,Bloco de Esquerda,1310,link,battery
2009,PT,,q39_p2,1620314,CDS-PP Centro Democratico e Social - Partido Popular,Centro Democrático e Social / Partido Popular,1308,hand,battery
2009,PT,,q39_p3,1620229,CDU (PCP/PEV),Coligação Democrática Unitária,284,link,battery
2009,PT,,q39_p4,1620311,PS,Partido Socialista,655,name,battery
2009,PT,,q39_p5,1620313,PSD,Partido Popular Democrático / Partido Social Democrata,1359,link,battery
2009,PT,,q4,20,[OTHER (open answer recorded)],other,,special,answer
2009,PT,,q4,66,[NONE],none,,special,answer
2009,PT,,q4,77,[REFUSED],refused,,special,answer
2009,PT,,q4,88,[DK],dont-know,,special,answer
2009,PT,,q4,99,[NAP],,,special,answer
2009,PT,,q4,1620004,Movimento Esperança Portugal (MEP),Movimento Esperança Portugal,1727,name,answer
2009,PT,,q4,1620211,Bloco de Esquerda,Bloco de Esquerda,1310,link,answer
2009,PT,,q4,1620229,CDU (PCP/PEV),Coligação Democrática Unitária,284,link,answer
2009,PT,,q4,1620290,Partido Comunista Português (PCP),Partido Comunista Português,310,hand,answer
2009,PT,,q4,1620311,PS,Partido Socialista,655,name,answer
2009,PT,,q4,1620313,PSD,Partido Popular Democrático / Partido Social Democrata,1359,link,answer
2009,PT,,q4,1620314,CDS-PP Centro Democratico e Social - Partido Popular,Centro Democrático e Social / Partido Popular,1308,hand,answer
2009,PT,,q47_p1,1620211,Bloco de Esquerda,Bloco de Esquerda,1310,link,battery
2009,PT,,q47_p2,1620314,CDS-PP Centro Democratico e Social - Partido Popular,Centro Democrático e Social / Partido Popular,1308,hand,battery
2009,PT,,q47_p3,1620229,CDU (PCP/PEV),Coligação Democrática Unitária,284,link,battery
2009,PT,,q47_p4,1620311,PS,Partido Socialista,655,name,battery
2009,PT,,q47_p5,1620313,PSD,Partido Popular Democrático / Partido Social Democrata,1359,link,battery
2009,PT,,q81_p1,1620211,Bloco de Esquerda,Bloco de Esquerda,1310,link,battery
2009,PT,,q81_p2,1620314,CDS-PP Centro Democratico e Social - Partido Popular,Centro Democrático e Social / Partido Popular,1308,hand,battery
2009,PT,,q81_p3,1620229,CDU (PCP/PEV),Coligação Democrática Unitária,284,link,battery
2009,PT,,q81_p4,1620311,PS,Partido Socialista,655,name,battery
2009,PT,,q81_p5,1620313,PSD,Partido Popular Democrático / Partido Social Democrata,1359,link,battery
2009,PT,,q87,0,"no, does not feel close to any party",none,,special,answer
2009,PT,,q87,20,[OTHER (open answer recorded)],other,,special,answer
2009,PT,,q87,77,[REFUSED],refused,,special,answer
2009,PT,,q87,88,[DK],dont-know,,special,answer
2009,PT,,q87,1620003,Partido Humanista (PH),Partido Humanista,8269,name,answer
2009,PT,,q87,1620190,Partido Ecologista Os Verdes,Partido Ecologista — Os Verdes,886,name,answer
2009,PT,,q87,1620211,Bloco de Esquerda,Bloco de Esquerda,1310,link,answer
2009,PT,,q87,1620229,CDU (PCP/PEV),Coligação Democrática Unitária,284,link,answer
2009,PT,,q87,1620311,PS,Partido Socialista,655,name,answer
2009,PT,,q87,1620313,PSD,Partido Popular Democrático / Partido Social Democrata,1359,link,answer
2009,PT,,q87,1620314,CDS-PP Centro Democratico e Social - Partido Popular,Centro Democrático e Social / Partido Popular,1308,hand,answer
2009,PT,,q90,20,[OTHER (open answer recorded)],other,,special,answer
2009,PT,,q90,77,[REFUSED],refused,,special,answer
2009,PT,,q90,99,[NAP],,,special,answer
2009,PT,,q90,1620211,Bloco de Esquerda,Bloco de Esquerda,1310,link,answer
2009,PT,,q90,1620229,CDU (PCP/PEV),Coligação Democrática Unitária,284,link,answer
2009,PT,,q90,1620311,PS,Partido Socialista,655,name,answer
2009,PT,,q90,1620313,PSD,Partido Popular Democrático / Partido Social Democrata,1359,link,answer
2009,PT,,q90,1620314,CDS-PP Centro Democratico e Social - Partido Popular,Centro Democrático e Social / Partido Popular,1308,hand,answer
2009,RO,,q25,20,[OTHER (open answer recorded)],other,,special,answer
2009,RO,,q25,77,[REFUSED],refused,,special,answer
2009,RO,,q25,88,[DK],dont-know,,special,answer
2009,RO,,q25,94,[voted blank ],blank-invalid,,special,answer
2009,RO,,q25,95,[spoiled vote],blank-invalid,,special,answer
2009,RO,,q25,96,[did not vote],did-not-vote,,special,answer
2009,RO,,q25,99,[NAP],,,special,answer
2009,RO,,q25,1642000,Elena Basescu,independent,,hand,answer
2009,RO,,q25,1642300,"Partidul Social Democrat, PSD",Partidul Social Democrat,120,link,answer
2009,RO,,q25,1642400,"Partidul Democrat-Liberal, PD-L",Partidul Democrat-Liberal,660,hand,answer
2009,RO,,q25,1642401,"Partidul Naţional Liberal, PNL",Partidul Naţional Liberal,481,link,answer
2009,RO,,q25,1642700,"Partidul România Mare, PRM",Partidul România Mare,1305,link,answer
2009,RO,,q25,1642800,"Partidul Naţional Ţărănesc Creştin Democrat, PNŢ-CD",Partidul Naţional Ţărănesc Creştin Democrat,1750,hand,answer
2009,RO,,q25,1642900,"Uniunea Democrată Maghiară din România, UDMR",Uniunea Democrată Maghiară din România / Romániai Magyar Demokrata Szövetség,1105,link,answer
2009,RO,,q26,20,[OTHER (open answer recorded)],other,,special,answer
2009,RO,,q26,77,[REFUSED],refused,,special,answer
2009,RO,,q26,88,[DK],dont-know,,special,answer
2009,RO,,q26,94,[would have voted blank ],blank-invalid,,special,answer
2009,RO,,q26,95,[would have spoiled vote],blank-invalid,,special,answer
2009,RO,,q26,96,[would have not vote],did-not-vote,,special,answer
2009,RO,,q26,99,[NAP],,,special,answer
2009,RO,,q26,1642000,Elena Basescu,independent,,hand,answer
2009,RO,,q26,1642300,"Partidul Social Democrat, PSD",Partidul Social Democrat,120,link,answer
2009,RO,,q26,1642400,"Partidul Democrat-Liberal, PD-L",Partidul Democrat-Liberal,660,hand,answer
2009,RO,,q26,1642401,"Partidul Naţional Liberal, PNL",Partidul Naţional Liberal,481,link,answer
2009,RO,,q26,1642600,"Partidul Conservator, PC",Partidul Conservator / Partidul Umanist Român,1443,hand,answer
2009,RO,,q26,1642700,"Partidul România Mare, PRM",Partidul România Mare,1305,link,answer
2009,RO,,q26,1642800,"Partidul Naţional Ţărănesc Creştin Democrat, PNŢ-CD",Partidul Naţional Ţărănesc Creştin Democrat,1750,hand,answer
2009,RO,,q26,1642900,"Uniunea Democrată Maghiară din România, UDMR",Uniunea Democrată Maghiară din România / Romániai Magyar Demokrata Szövetség,1105,link,answer
2009,RO,,q26b,99,[NAP],,,special,answer
2009,RO,,q27,20,[OTHER (open answer recorded)],other,,special,answer
2009,RO,,q27,77,[REFUSED],refused,,special,answer
2009,RO,,q27,88,[DK],dont-know,,special,answer
2009,RO,,q27,93,[Was not eligible/old enough],not-eligible,,special,answer
2009,RO,,q27,94,[voted blank ],blank-invalid,,special,answer
2009,RO,,q27,95,[spoiled vote],blank-invalid,,special,answer
2009,RO,,q27,96,[did not vote],did-not-vote,,special,answer
2009,RO,,q27,1642300,"Partidul Social Democrat, PSD",Partidul Social Democrat,120,link,answer
2009,RO,,q27,1642400,"Partidul Democrat-Liberal, PD-L",Partidul Democrat-Liberal,660,hand,answer
2009,RO,,q27,1642401,"Partidul Naţional Liberal, PNL",Partidul Naţional Liberal,481,link,answer
2009,RO,,q27,1642600,"Partidul Conservator, PC",Partidul Conservator / Partidul Umanist Român,1443,hand,answer
2009,RO,,q27,1642700,"Partidul România Mare, PRM",Partidul România Mare,1305,link,answer
2009,RO,,q27,1642800,"Partidul Naţional Ţărănesc Creştin Democrat, PNŢ-CD",Partidul Naţional Ţărănesc Creştin Democrat,1750,hand,answer
2009,RO,,q27,1642900,"Uniunea Democrată Maghiară din România, UDMR",Uniunea Democrată Maghiară din România / Romániai Magyar Demokrata Szövetség,1105,link,answer
2009,RO,,q28,20,[OTHER (open answer recorded)],other,,special,answer
2009,RO,,q28,77,[REFUSED],refused,,special,answer
2009,RO,,q28,88,[DK],dont-know,,special,answer
2009,RO,,q28,94,[would vote blank],blank-invalid,,special,answer
2009,RO,,q28,95,[would spoil vote],blank-invalid,,special,answer
2009,RO,,q28,96,[would not vote],did-not-vote,,special,answer
2009,RO,,q28,1642300,"Partidul Social Democrat, PSD",Partidul Social Democrat,120,link,answer
2009,RO,,q28,1642400,"Partidul Democrat-Liberal, PD-L",Partidul Democrat-Liberal,660,hand,answer
2009,RO,,q28,1642401,"Partidul Naţional Liberal, PNL",Partidul Naţional Liberal,481,link,answer
2009,RO,,q28,1642600,"Partidul Conservator, PC",Partidul Conservator / Partidul Umanist Român,1443,hand,answer
2009,RO,,q28,1642700,"Partidul România Mare, PRM",Partidul România Mare,1305,link,answer
2009,RO,,q28,1642800,"Partidul Naţional Ţărănesc Creştin Democrat, PNŢ-CD",Partidul Naţional Ţărănesc Creştin Democrat,1750,hand,answer
2009,RO,,q28,1642900,"Uniunea Democrată Maghiară din România, UDMR",Uniunea Democrată Maghiară din România / Romániai Magyar Demokrata Szövetség,1105,link,answer
2009,RO,,q39_p1,1642400,"Partidul Democrat-Liberal, PD-L",Partidul Democrat-Liberal,660,hand,battery
2009,RO,,q39_p2,1642300,"Partidul Social Democrat, PSD",Partidul Social Democrat,120,link,battery
2009,RO,,q39_p3,1642401,"Partidul Naţional Liberal, PNL",Partidul Naţional Liberal,481,link,battery
2009,RO,,q39_p4,1642900,"Uniunea Democrată Maghiară din România, UDMR",Uniunea Democrată Maghiară din România / Romániai Magyar Demokrata Szövetség,1105,link,battery
2009,RO,,q39_p5,1642600,"Partidul Conservator, PC",Partidul Conservator / Partidul Umanist Român,1443,hand,battery
2009,RO,,q39_p6,1642800,"Partidul Naţional Ţărănesc Creştin Democrat, PNŢ-CD",Partidul Naţional Ţărănesc Creştin Democrat,1750,hand,battery
2009,RO,,q39_p7,1642700,"Partidul România Mare, PRM",Partidul România Mare,1305,link,battery
2009,RO,,q4,20,[OTHER (open answer recorded)],other,,special,answer
2009,RO,,q4,66,[NONE],none,,special,answer
2009,RO,,q4,77,[REFUSED],refused,,special,answer
2009,RO,,q4,88,[DK],dont-know,,special,answer
2009,RO,,q4,99,[NAP],,,special,answer
2009,RO,,q4,1642290,"Partidul Comunist Român, PCR","Partidul Comunist Român, PCR [og]",,hand,answer
2009,RO,,q4,1642300,"Partidul Social Democrat, PSD",Partidul Social Democrat,120,link,answer
2009,RO,,q4,1642400,"Partidul Democrat-Liberal, PD-L",Partidul Democrat-Liberal,660,hand,answer
2009,RO,,q4,1642401,"Partidul Naţional Liberal, PNL",Partidul Naţional Liberal,481,link,answer
2009,RO,,q4,1642600,"Partidul Conservator, PC",Partidul Conservator / Partidul Umanist Român,1443,hand,answer
2009,RO,,q4,1642700,"Partidul România Mare, PRM",Partidul România Mare,1305,link,answer
2009,RO,,q4,1642800,"Partidul Naţional Ţărănesc Creştin Democrat, PNŢ-CD",Partidul Naţional Ţărănesc Creştin Democrat,1750,hand,answer
2009,RO,,q4,1642900,"Uniunea Democrată Maghiară din România, UDMR",Uniunea Democrată Maghiară din România / Romániai Magyar Demokrata Szövetség,1105,link,answer
2009,RO,,q47_p1,1642400,"Partidul Democrat-Liberal, PD-L",Partidul Democrat-Liberal,660,hand,battery
2009,RO,,q47_p2,1642300,"Partidul Social Democrat, PSD",Partidul Social Democrat,120,link,battery
2009,RO,,q47_p3,1642401,"Partidul Naţional Liberal, PNL",Partidul Naţional Liberal,481,link,battery
2009,RO,,q47_p4,1642900,"Uniunea Democrată Maghiară din România, UDMR",Uniunea Democrată Maghiară din România / Romániai Magyar Demokrata Szövetség,1105,link,battery
2009,RO,,q47_p5,1642600,"Partidul Conservator, PC",Partidul Conservator / Partidul Umanist Român,1443,hand,battery
2009,RO,,q47_p6,1642800,"Partidul Naţional Ţărănesc Creştin Democrat, PNŢ-CD",Partidul Naţional Ţărănesc Creştin Democrat,1750,hand,battery
2009,RO,,q47_p7,1642700,"Partidul România Mare, PRM",Partidul România Mare,1305,link,battery
2009,RO,,q81_p1,1642400,"Partidul Democrat-Liberal, PD-L",Partidul Democrat-Liberal,660,hand,battery
2009,RO,,q81_p2,1642300,"Partidul Social Democrat, PSD",Partidul Social Democrat,120,link,battery
2009,RO,,q81_p3,1642401,"Partidul Naţional Liberal, PNL",Partidul Naţional Liberal,481,link,battery
2009,RO,,q81_p4,1642900,"Uniunea Democrată Maghiară din România, UDMR",Uniunea Democrată Maghiară din România / Romániai Magyar Demokrata Szövetség,1105,link,battery
2009,RO,,q81_p5,1642600,"Partidul Conservator, PC",Partidul Conservator / Partidul Umanist Român,1443,hand,battery
2009,RO,,q81_p6,1642800,"Partidul Naţional Ţărănesc Creştin Democrat, PNŢ-CD",Partidul Naţional Ţărănesc Creştin Democrat,1750,hand,battery
2009,RO,,q81_p7,1642700,"Partidul România Mare, PRM",Partidul România Mare,1305,link,battery
2009,RO,,q87,0,"no, does not feel close to any party",none,,special,answer
2009,RO,,q87,20,[OTHER (open answer recorded)],other,,special,answer
2009,RO,,q87,77,[REFUSED],refused,,special,answer
2009,RO,,q87,88,[DK],dont-know,,special,answer
2009,RO,,q87,1642300,"Partidul Social Democrat, PSD",Partidul Social Democrat,120,link,answer
2009,RO,,q87,1642400,"Partidul Democrat-Liberal, PD-L",Partidul Democrat-Liberal,660,hand,answer
2009,RO,,q87,1642401,"Partidul Naţional Liberal, PNL",Partidul Naţional Liberal,481,link,answer
2009,RO,,q87,1642600,"Partidul Conservator, PC",Partidul Conservator / Partidul Umanist Român,1443,hand,answer
2009,RO,,q87,1642700,"Partidul România Mare, PRM",Partidul România Mare,1305,link,answer
2009,RO,,q87,1642800,"Partidul Naţional Ţărănesc Creştin Democrat, PNŢ-CD",Partidul Naţional Ţărănesc Creştin Democrat,1750,hand,answer
2009,RO,,q87,1642900,"Uniunea Democrată Maghiară din România, UDMR",Uniunea Democrată Maghiară din România / Romániai Magyar Demokrata Szövetség,1105,link,answer
2009,RO,,q90,20,[OTHER (open answer recorded)],other,,special,answer
2009,RO,,q90,77,[REFUSED],refused,,special,answer
2009,RO,,q90,99,[NAP],,,special,answer
2009,RO,,q90,1642300,"Partidul Social Democrat, PSD",Partidul Social Democrat,120,link,answer
2009,RO,,q90,1642400,"Partidul Democrat-Liberal, PD-L",Partidul Democrat-Liberal,660,hand,answer
2009,RO,,q90,1642401,"Partidul Naţional Liberal, PNL",Partidul Naţional Liberal,481,link,answer
2009,RO,,q90,1642600,"Partidul Conservator, PC",Partidul Conservator / Partidul Umanist Român,1443,hand,answer
2009,RO,,q90,1642700,"Partidul România Mare, PRM",Partidul România Mare,1305,link,answer
2009,RO,,q90,1642800,"Partidul Naţional Ţărănesc Creştin Democrat, PNŢ-CD",Partidul Naţional Ţărănesc Creştin Democrat,1750,hand,answer
2009,RO,,q90,1642900,"Uniunea Democrată Maghiară din România, UDMR",Uniunea Democrată Maghiară din România / Romániai Magyar Demokrata Szövetség,1105,link,answer
2009,SE,,q25,20,[OTHER (open answer recorded)],other,,special,answer
2009,SE,,q25,77,[REFUSED],refused,,special,answer
2009,SE,,q25,88,[DK],dont-know,,special,answer
2009,SE,,q25,94,[voted blank ],blank-invalid,,special,answer
2009,SE,,q25,99,[NAP],,,special,answer
2009,SE,,q25,1752000,Piratpartiet,Piratpartiet,1485,link,answer
2009,SE,,q25,1752001,Feministiskt initiativ,Feministiskt initiativ,1240,name,answer
2009,SE,,q25,1752110,Miljöpartiet,Miljöpartiet de gröna,456,link,answer
2009,SE,,q25,1752220,Vänsterpartiet,Vänsterpartiet / Sveriges Komunistiska Parti,830,link,answer
2009,SE,,q25,1752320,Socialdemokraterna,Socialdemokraterna / Sveriges socialdemokratiska arbetareparti,487,link,answer
2009,SE,,q25,1752420,Folkpartiet,Folkpartiet liberalerna / Liberalerna,1274,link,answer
2009,SE,,q25,1752520,Kristdemokraterna,Kristdemokraterna,651,link,answer
2009,SE,,q25,1752620,Moderaterna,Allmänna valmansförbundet / Högern / Högerpartiet / Moderata samlingspartiet,690,link,answer
2009,SE,,q25,1752700,Sverigedemokraterna,Sverigedemokraterna,409,link,answer
2009,SE,,q25,1752810,Centerpartiet,Bondeförbundet / Centerpartiet,199,link,answer
2009,SE,,q25,1752952,Junilistan,Junilistan,1093,name,answer
2009,SE,,q26,20,[OTHER (open answer recorded)],other,,special,answer
2009,SE,,q26,77,[REFUSED],refused,,special,answer
2009,SE,,q26,88,[DK],dont-know,,special,answer
2009,SE,,q26,94,[would have voted blank ],blank-invalid,,special,answer
2009,SE,,q26,96,[would have not vote],did-not-vote,,special,answer
2009,SE,,q26,99,[NAP],,,special,answer
2009,SE,,q26,1752000,Piratpartiet,Piratpartiet,1485,link,answer
2009,SE,,q26,1752001,Feministiskt initiativ,Feministiskt initiativ,1240,name,answer
2009,SE,,q26,1752110,Miljöpartiet,Miljöpartiet de gröna,456,link,answer
2009,SE,,q26,1752220,Vänsterpartiet,Vänsterpartiet / Sveriges Komunistiska Parti,830,link,answer
2009,SE,,q26,1752320,Socialdemokraterna,Socialdemokraterna / Sveriges socialdemokratiska arbetareparti,487,link,answer
2009,SE,,q26,1752420,Folkpartiet,Folkpartiet liberalerna / Liberalerna,1274,link,answer
2009,SE,,q26,1752520,Kristdemokraterna,Kristdemokraterna,651,link,answer
2009,SE,,q26,1752620,Moderaterna,Allmänna valmansförbundet / Högern / Högerpartiet / Moderata samlingspartiet,690,link,answer
2009,SE,,q26,1752700,Sverigedemokraterna,Sverigedemokraterna,409,link,answer
2009,SE,,q26,1752810,Centerpartiet,Bondeförbundet / Centerpartiet,199,link,answer
2009,SE,,q26,1752952,Junilistan,Junilistan,1093,name,answer
2009,SE,,q26b,99,[NAP],,,special,answer
2009,SE,,q27,20,[OTHER (open answer recorded)],other,,special,answer
2009,SE,,q27,77,[REFUSED],refused,,special,answer
2009,SE,,q27,88,[DK],dont-know,,special,answer
2009,SE,,q27,93,[Was not eligible/old enough],not-eligible,,special,answer
2009,SE,,q27,94,[voted blank ],blank-invalid,,special,answer
2009,SE,,q27,96,[did not vote],did-not-vote,,special,answer
2009,SE,,q27,1752000,Piratpartiet,Piratpartiet,1485,link,answer
2009,SE,,q27,1752001,Feministiskt initiativ,Feministiskt initiativ,1240,name,answer
2009,SE,,q27,1752110,Miljöpartiet,Miljöpartiet de gröna,456,link,answer
2009,SE,,q27,1752220,Vänsterpartiet,Vänsterpartiet / Sveriges Komunistiska Parti,830,link,answer
2009,SE,,q27,1752320,Socialdemokraterna,Socialdemokraterna / Sveriges socialdemokratiska arbetareparti,487,link,answer
2009,SE,,q27,1752420,Folkpartiet,Folkpartiet liberalerna / Liberalerna,1274,link,answer
2009,SE,,q27,1752520,Kristdemokraterna,Kristdemokraterna,651,link,answer
2009,SE,,q27,1752620,Moderaterna,Allmänna valmansförbundet / Högern / Högerpartiet / Moderata samlingspartiet,690,link,answer
2009,SE,,q27,1752700,Sverigedemokraterna,Sverigedemokraterna,409,link,answer
2009,SE,,q27,1752810,Centerpartiet,Bondeförbundet / Centerpartiet,199,link,answer
2009,SE,,q28,20,[OTHER (open answer recorded)],other,,special,answer
2009,SE,,q28,77,[REFUSED],refused,,special,answer
2009,SE,,q28,88,[DK],dont-know,,special,answer
2009,SE,,q28,94,[would vote blank],blank-invalid,,special,answer
2009,SE,,q28,96,[would not vote],did-not-vote,,special,answer
2009,SE,,q28,1752000,Piratpartiet,Piratpartiet,1485,link,answer
2009,SE,,q28,1752001,Feministiskt initiativ,Feministiskt initiativ,1240,name,answer
2009,SE,,q28,1752110,Miljöpartiet,Miljöpartiet de gröna,456,link,answer
2009,SE,,q28,1752220,Vänsterpartiet,Vänsterpartiet / Sveriges Komunistiska Parti,830,link,answer
2009,SE,,q28,1752320,Socialdemokraterna,Socialdemokraterna / Sveriges socialdemokratiska arbetareparti,487,link,answer
2009,SE,,q28,1752420,Folkpartiet,Folkpartiet liberalerna / Liberalerna,1274,link,answer
2009,SE,,q28,1752520,Kristdemokraterna,Kristdemokraterna,651,link,answer
2009,SE,,q28,1752620,Moderaterna,Allmänna valmansförbundet / Högern / Högerpartiet / Moderata samlingspartiet,690,link,answer
2009,SE,,q28,1752700,Sverigedemokraterna,Sverigedemokraterna,409,link,answer
2009,SE,,q28,1752810,Centerpartiet,Bondeförbundet / Centerpartiet,199,link,answer
2009,SE,,q39_p1,1752220,Vänsterpartiet,Vänsterpartiet / Sveriges Komunistiska Parti,830,link,battery
2009,SE,,q39_p2,1752320,Socialdemokraterna,Socialdemokraterna / Sveriges socialdemokratiska arbetareparti,487,link,battery
2009,SE,,q39_p3,1752810,Centerpartiet,Bondeförbundet / Centerpartiet,199,link,battery
2009,SE,,q39_p4,1752420,Folkpartiet,Folkpartiet liberalerna / Liberalerna,1274,link,battery
2009,SE,,q39_p5,1752620,Moderaterna,Allmänna valmansförbundet / Högern / Högerpartiet / Moderata samlingspartiet,690,link,battery
2009,SE,,q39_p6,1752520,Kristdemokraterna,Kristdemokraterna,651,link,battery
2009,SE,,q39_p7,1752110,Miljöpartiet,Miljöpartiet de gröna,456,link,battery
2009,SE,,q39_p8,1752700,Sverigedemokraterna,Sverigedemokraterna,409,link,battery
2009,SE,,q4,20,[OTHER (open answer recorded)],other,,special,answer
2009,SE,,q4,66,[NONE],none,,special,answer
2009,SE,,q4,77,[REFUSED],refused,,special,answer
2009,SE,,q4,88,[DK],dont-know,,special,answer
2009,SE,,q4,99,[NAP],,,special,answer
2009,SE,,q4,1752000,Piratpartiet,Piratpartiet,1485,link,answer
2009,SE,,q4,1752001,Feministiskt initiativ,Feministiskt initiativ,1240,name,answer
2009,SE,,q4,1752110,Miljöpartiet,Miljöpartiet de gröna,456,link,answer
2009,SE,,q4,1752220,Vänsterpartiet,Vänsterpartiet / Sveriges Komunistiska Parti,830,link,answer
2009,SE,,q4,1752320,Socialdemokraterna,Socialdemokraterna / Sveriges socialdemokratiska arbetareparti,487,link,answer
2009,SE,,q4,1752420,Folkpartiet,Folkpartiet liberalerna / Liberalerna,1274,link,answer
2009,SE,,q4,1752520,Kristdemokraterna,Kristdemokraterna,651,link,answer
2009,SE,,q4,1752620,Moderaterna,Allmänna valmansförbundet / Högern / Högerpartiet / Moderata samlingspartiet,690,link,answer
2009,SE,,q4,1752700,Sverigedemokraterna,Sverigedemokraterna,409,link,answer
2009,SE,,q4,1752810,Centerpartiet,Bondeförbundet / Centerpartiet,199,link,answer
2009,SE,,q4,1752952,Junilistan,Junilistan,1093,name,answer
2009,SE,,q47_p1,1752220,Vänsterpartiet,Vänsterpartiet / Sveriges Komunistiska Parti,830,link,battery
2009,SE,,q47_p2,1752320,Socialdemokraterna,Socialdemokraterna / Sveriges socialdemokratiska arbetareparti,487,link,battery
2009,SE,,q47_p3,1752810,Centerpartiet,Bondeförbundet / Centerpartiet,199,link,battery
2009,SE,,q47_p4,1752420,Folkpartiet,Folkpartiet liberalerna / Liberalerna,1274,link,battery
2009,SE,,q47_p5,1752620,Moderaterna,Allmänna valmansförbundet / Högern / Högerpartiet / Moderata samlingspartiet,690,link,battery
2009,SE,,q47_p6,1752520,Kristdemokraterna,Kristdemokraterna,651,link,battery
2009,SE,,q47_p7,1752110,Miljöpartiet,Miljöpartiet de gröna,456,link,battery
2009,SE,,q47_p8,1752700,Sverigedemokraterna,Sverigedemokraterna,409,link,battery
2009,SE,,q81_p1,1752220,Vänsterpartiet,Vänsterpartiet / Sveriges Komunistiska Parti,830,link,battery
2009,SE,,q81_p2,1752320,Socialdemokraterna,Socialdemokraterna / Sveriges socialdemokratiska arbetareparti,487,link,battery
2009,SE,,q81_p3,1752810,Centerpartiet,Bondeförbundet / Centerpartiet,199,link,battery
2009,SE,,q81_p4,1752420,Folkpartiet,Folkpartiet liberalerna / Liberalerna,1274,link,battery
2009,SE,,q81_p5,1752620,Moderaterna,Allmänna valmansförbundet / Högern / Högerpartiet / Moderata samlingspartiet,690,link,battery
2009,SE,,q81_p6,1752520,Kristdemokraterna,Kristdemokraterna,651,link,battery
2009,SE,,q81_p7,1752110,Miljöpartiet,Miljöpartiet de gröna,456,link,battery
2009,SE,,q81_p8,1752700,Sverigedemokraterna,Sverigedemokraterna,409,link,battery
2009,SE,,q87,0,"no, does not feel close to any party",none,,special,answer
2009,SE,,q87,20,[OTHER (open answer recorded)],other,,special,answer
2009,SE,,q87,77,[REFUSED],refused,,special,answer
2009,SE,,q87,88,[DK],dont-know,,special,answer
2009,SE,,q87,1752000,Piratpartiet,Piratpartiet,1485,link,answer
2009,SE,,q87,1752001,Feministiskt initiativ,Feministiskt initiativ,1240,name,answer
2009,SE,,q87,1752110,Miljöpartiet,Miljöpartiet de gröna,456,link,answer
2009,SE,,q87,1752220,Vänsterpartiet,Vänsterpartiet / Sveriges Komunistiska Parti,830,link,answer
2009,SE,,q87,1752320,Socialdemokraterna,Socialdemokraterna / Sveriges socialdemokratiska arbetareparti,487,link,answer
2009,SE,,q87,1752420,Folkpartiet,Folkpartiet liberalerna / Liberalerna,1274,link,answer
2009,SE,,q87,1752520,Kristdemokraterna,Kristdemokraterna,651,link,answer
2009,SE,,q87,1752620,Moderaterna,Allmänna valmansförbundet / Högern / Högerpartiet / Moderata samlingspartiet,690,link,answer
2009,SE,,q87,1752700,Sverigedemokraterna,Sverigedemokraterna,409,link,answer
2009,SE,,q87,1752810,Centerpartiet,Bondeförbundet / Centerpartiet,199,link,answer
2009,SE,,q90,20,[OTHER (open answer recorded)],other,,special,answer
2009,SE,,q90,77,[REFUSED],refused,,special,answer
2009,SE,,q90,88,[DK],dont-know,,special,answer
2009,SE,,q90,99,[NAP],,,special,answer
2009,SE,,q90,1752000,Piratpartiet,Piratpartiet,1485,link,answer
2009,SE,,q90,1752001,Feministiskt initiativ,Feministiskt initiativ,1240,name,answer
2009,SE,,q90,1752110,Miljöpartiet,Miljöpartiet de gröna,456,link,answer
2009,SE,,q90,1752220,Vänsterpartiet,Vänsterpartiet / Sveriges Komunistiska Parti,830,link,answer
2009,SE,,q90,1752320,Socialdemokraterna,Socialdemokraterna / Sveriges socialdemokratiska arbetareparti,487,link,answer
2009,SE,,q90,1752420,Folkpartiet,Folkpartiet liberalerna / Liberalerna,1274,link,answer
2009,SE,,q90,1752520,Kristdemokraterna,Kristdemokraterna,651,link,answer
2009,SE,,q90,1752620,Moderaterna,Allmänna valmansförbundet / Högern / Högerpartiet / Moderata samlingspartiet,690,link,answer
2009,SE,,q90,1752700,Sverigedemokraterna,Sverigedemokraterna,409,link,answer
2009,SE,,q90,1752810,Centerpartiet,Bondeförbundet / Centerpartiet,199,link,answer
2009,SI,,q25,20,[OTHER (open answer recorded)],other,,special,answer
2009,SI,,q25,77,[REFUSED],refused,,special,answer
2009,SI,,q25,88,[DK],dont-know,,special,answer
2009,SI,,q25,94,[voted blank ],blank-invalid,,special,answer
2009,SI,,q25,95,[spoiled vote],blank-invalid,,special,answer
2009,SI,,q25,99,[NAP],,,special,answer
2009,SI,,q25,1705003,NLPB - Neodvisna Lista za Pravice Bolnikov,NLPB - Neodvisna Lista za Pravice Bolnikov [og],,hand,answer
2009,SI,,q25,1705100,ZZ - Zdruzeni Zeleni,ZZ - Zdruzeni Zeleni [og],,hand,answer
2009,SI,,q25,1705320,SDS – Slovenska demokratska stranka,Slovenska demokratska stranka,472,link,answer
2009,SI,,q25,1705323,SD – Socialni demokrati,Socialni demokrati / Združena lista socialnih demokratov,1403,link,answer
2009,SI,,q25,1705324,ZARES – nova politika,Zares,474,name,answer
2009,SI,,q25,1705421,LDS – Liberalna demokracija Slovenije,Liberalna demokracija Slovenije,975,link,answer
2009,SI,,q25,1705521,SLS – Slovenska ljudska stranka,Slovenska ljudska stranka,764,link,answer
2009,SI,,q25,1705522,NSi – Nova Slovenija – krščanska ljudska stranka,Nova Slovenija — Krščanska ljudska stranka,1618,link,answer
2009,SI,,q25,1705690,"Slovenski krščanski demokrati, SKD",Slovenski krščanski demokrati,644,hand,answer
2009,SI,,q25,1705710,SNS – Slovenska nacionalna stranka,Slovenska nacionalna stranka,96,link,answer
2009,SI,,q25,1705951,DESUS – Demokratična stranka upokojencev Slovenije,Demokratična stranka upokojencev Slovenije,467,link,answer
2009,SI,,q25,1705952,SMS – Stranka mladih Slovenije,Stranka mladih Slovenije,1401,link,answer
2009,SI,,q26,20,[OTHER (open answer recorded)],other,,special,answer
2009,SI,,q26,77,[REFUSED],refused,,special,answer
2009,SI,,q26,88,[DK],dont-know,,special,answer
2009,SI,,q26,94,[would have voted blank ],blank-invalid,,special,answer
2009,SI,,q26,95,[would have spoiled vote],blank-invalid,,special,answer
2009,SI,,q26,96,[would have not vote],did-not-vote,,special,answer
2009,SI,,q26,99,[NAP],,,special,answer
2009,SI,,q26,1705100,ZZ - Zdruzeni Zeleni,ZZ - Zdruzeni Zeleni [og],,hand,answer
2009,SI,,q26,1705320,SDS – Slovenska demokratska stranka,Slovenska demokratska stranka,472,link,answer
2009,SI,,q26,1705323,SD – Socialni demokrati,Socialni demokrati / Združena lista socialnih demokratov,1403,link,answer
2009,SI,,q26,1705324,ZARES – nova politika,Zares,474,name,answer
2009,SI,,q26,1705421,LDS – Liberalna demokracija Slovenije,Liberalna demokracija Slovenije,975,link,answer
2009,SI,,q26,1705521,SLS – Slovenska ljudska stranka,Slovenska ljudska stranka,764,link,answer
2009,SI,,q26,1705522,NSi – Nova Slovenija – krščanska ljudska stranka,Nova Slovenija — Krščanska ljudska stranka,1618,link,answer
2009,SI,,q26,1705523,KSS - Krascanski Socialisti Slovenje,KSS - Krascanski Socialisti Slovenje [og],,hand,answer
2009,SI,,q26,1705710,SNS – Slovenska nacionalna stranka,Slovenska nacionalna stranka,96,link,answer
2009,SI,,q26,1705951,DESUS – Demokratična stranka upokojencev Slovenije,Demokratična stranka upokojencev Slovenije,467,link,answer
2009,SI,,q26,1705952,SMS – Stranka mladih Slovenije,Stranka mladih Slovenije,1401,link,answer
2009,SI,,q26b,99,[NAP],,,special,answer
2009,SI,,q27,20,[OTHER (open answer recorded)],other,,special,answer
2009,SI,,q27,77,[REFUSED],refused,,special,answer
2009,SI,,q27,88,[DK],dont-know,,special,answer
2009,SI,,q27,93,[Was not eligible/old enough],not-eligible,,special,answer
2009,SI,,q27,94,[voted blank ],blank-invalid,,special,answer
2009,SI,,q27,96,[did not vote],did-not-vote,,special,answer
2009,SI,,q27,1705100,ZZ - Zdruzeni Zeleni,ZZ - Zdruzeni Zeleni [og],,hand,answer
2009,SI,,q27,1705320,SDS – Slovenska demokratska stranka,Slovenska demokratska stranka,472,link,answer
2009,SI,,q27,1705323,SD – Socialni demokrati,Socialni demokrati / Združena lista socialnih demokratov,1403,link,answer
2009,SI,,q27,1705324,ZARES – nova politika,Zares,474,name,answer
2009,SI,,q27,1705421,LDS – Liberalna demokracija Slovenije,Liberalna demokracija Slovenije,975,link,answer
2009,SI,,q27,1705521,SLS – Slovenska ljudska stranka,Slovenska ljudska stranka,764,link,answer
2009,SI,,q27,1705522,NSi – Nova Slovenija – krščanska ljudska stranka,Nova Slovenija — Krščanska ljudska stranka,1618,link,answer
2009,SI,,q27,1705690,"Slovenski krščanski demokrati, SKD",Slovenski krščanski demokrati,644,hand,answer
2009,SI,,q27,1705710,SNS – Slovenska nacionalna stranka,Slovenska nacionalna stranka,96,link,answer
2009,SI,,q27,1705790,Lipa,Stranka Lipa,881,name,answer
2009,SI,,q27,1705951,DESUS – Demokratična stranka upokojencev Slovenije,Demokratična stranka upokojencev Slovenije,467,link,answer
2009,SI,,q27,1705952,SMS – Stranka mladih Slovenije,Stranka mladih Slovenije,1401,link,answer
2009,SI,,q28,20,[OTHER (open answer recorded)],other,,special,answer
2009,SI,,q28,77,[REFUSED],refused,,special,answer
2009,SI,,q28,88,[DK],dont-know,,special,answer
2009,SI,,q28,94,[would vote blank],blank-invalid,,special,answer
2009,SI,,q28,96,[would not vote],did-not-vote,,special,answer
2009,SI,,q28,1705100,ZZ - Zdruzeni Zeleni,ZZ - Zdruzeni Zeleni [og],,hand,answer
2009,SI,,q28,1705320,SDS – Slovenska demokratska stranka,Slovenska demokratska stranka,472,link,answer
2009,SI,,q28,1705323,SD – Socialni demokrati,Socialni demokrati / Združena lista socialnih demokratov,1403,link,answer
2009,SI,,q28,1705324,ZARES – nova politika,Zares,474,name,answer
2009,SI,,q28,1705421,LDS – Liberalna demokracija Slovenije,Liberalna demokracija Slovenije,975,link,answer
2009,SI,,q28,1705521,SLS – Slovenska ljudska stranka,Slovenska ljudska stranka,764,link,answer
2009,SI,,q28,1705522,NSi – Nova Slovenija – krščanska ljudska stranka,Nova Slovenija — Krščanska ljudska stranka,1618,link,answer
2009,SI,,q28,1705710,SNS – Slovenska nacionalna stranka,Slovenska nacionalna stranka,96,link,answer
2009,SI,,q28,1705951,DESUS – Demokratična stranka upokojencev Slovenije,Demokratična stranka upokojencev Slovenije,467,link,answer
2009,SI,,q28,1705952,SMS – Stranka mladih Slovenije,Stranka mladih Slovenije,1401,link,answer
2009,SI,,q39_p1,1705951,DESUS – Demokrati?na stranka upokojencev Slovenije,Demokratična stranka upokojencev Slovenije,467,link,battery
2009,SI,,q39_p2,1705421,LDS – Liberalna demokracija Slovenije,Liberalna demokracija Slovenije,975,link,battery
2009,SI,,q39_p3,1705521,SLS – Slovenska ljudska stranka,Slovenska ljudska stranka,764,link,battery
2009,SI,,q39_p4,1705710,SNS – Slovenska nacionalna stranka,Slovenska nacionalna stranka,96,link,battery
2009,SI,,q39_p5,1705320,SDS – Slovenska demokratska stranka,Slovenska demokratska stranka,472,link,battery
2009,SI,,q39_p6,1705323,SD – Socialni demokrati,Socialni demokrati / Združena lista socialnih demokratov,1403,link,battery
2009,SI,,q39_p7,1705324,ZARES – nova politika,Zares,474,name,battery
2009,SI,,q39_p8,1705522,NSi – Nova Slovenija – krš?anska ljudska stranka,Nova Slovenija — Krščanska ljudska stranka,1618,link,battery
2009,SI,,q39_p9,1705952,SMS – Stranka mladih Slovenije,Stranka mladih Slovenije,1401,link,battery
2009,SI,,q4,20,[OTHER (open answer recorded)],other,,special,answer
2009,SI,,q4,66,[NONE],none,,special,answer
2009,SI,,q4,77,[REFUSED],refused,,special,answer
2009,SI,,q4,88,[DK],dont-know,,special,answer
2009,SI,,q4,99,[NAP],,,special,answer
2009,SI,,q4,1705090,Slovenská pirátská strana,Slovenská pirátská strana [og],,hand,answer
2009,SI,,q4,1705100,ZZ - Zdruzeni Zeleni,ZZ - Zdruzeni Zeleni [og],,hand,answer
2009,SI,,q4,1705320,SDS – Slovenska demokratska stranka,Slovenska demokratska stranka,472,link,answer
2009,SI,,q4,1705323,SD – Socialni demokrati,Socialni demokrati / Združena lista socialnih demokratov,1403,link,answer
2009,SI,,q4,1705324,ZARES – nova politika,Zares,474,name,answer
2009,SI,,q4,1705421,LDS – Liberalna demokracija Slovenije,Liberalna demokracija Slovenije,975,link,answer
2009,SI,,q4,1705521,SLS – Slovenska ljudska stranka,Slovenska ljudska stranka,764,link,answer
2009,SI,,q4,1705522,NSi – Nova Slovenija – krš?anska ljudska stranka,Nova Slovenija — Krščanska ljudska stranka,1618,link,answer
2009,SI,,q4,1705710,SNS – Slovenska nacionalna stranka,Slovenska nacionalna stranka,96,link,answer
2009,SI,,q4,1705790,Lipa,Stranka Lipa,881,name,answer
2009,SI,,q4,1705951,DESUS – Demokrati?na stranka upokojencev Slovenije,Demokratična stranka upokojencev Slovenije,467,link,answer
2009,SI,,q4,1705952,SMS – Stranka mladih Slovenije,Stranka mladih Slovenije,1401,link,answer
2009,SI,,q47_p1,1705951,DESUS – Demokrati?na stranka upokojencev Slovenije,Demokratična stranka upokojencev Slovenije,467,link,battery
2009,SI,,q47_p2,1705421,LDS – Liberalna demokracija Slovenije,Liberalna demokracija Slovenije,975,link,battery
2009,SI,,q47_p3,1705521,SLS – Slovenska ljudska stranka,Slovenska ljudska stranka,764,link,battery
2009,SI,,q47_p4,1705710,SNS – Slovenska nacionalna stranka,Slovenska nacionalna stranka,96,link,battery
2009,SI,,q47_p5,1705320,SDS – Slovenska demokratska stranka,Slovenska demokratska stranka,472,link,battery
2009,SI,,q47_p6,1705323,SD – Socialni demokrati,Socialni demokrati / Združena lista socialnih demokratov,1403,link,battery
2009,SI,,q47_p7,1705324,ZARES – nova politika,Zares,474,name,battery
2009,SI,,q47_p8,1705522,NSi – Nova Slovenija – krš?anska ljudska stranka,Nova Slovenija — Krščanska ljudska stranka,1618,link,battery
2009,SI,,q47_p9,1705952,SMS – Stranka mladih Slovenije,Stranka mladih Slovenije,1401,link,battery
2009,SI,,q81_p1,1705951,DESUS – Demokrati?na stranka upokojencev Slovenije,Demokratična stranka upokojencev Slovenije,467,link,battery
2009,SI,,q81_p2,1705421,LDS – Liberalna demokracija Slovenije,Liberalna demokracija Slovenije,975,link,battery
2009,SI,,q81_p3,1705521,SLS – Slovenska ljudska stranka,Slovenska ljudska stranka,764,link,battery
2009,SI,,q81_p4,1705710,SNS – Slovenska nacionalna stranka,Slovenska nacionalna stranka,96,link,battery
2009,SI,,q81_p5,1705320,SDS – Slovenska demokratska stranka,Slovenska demokratska stranka,472,link,battery
2009,SI,,q81_p6,1705323,SD – Socialni demokrati,Socialni demokrati / Združena lista socialnih demokratov,1403,link,battery
2009,SI,,q81_p7,1705324,ZARES – nova politika,Zares,474,name,battery
2009,SI,,q81_p8,1705522,NSi – Nova Slovenija – krš?anska ljudska stranka,Nova Slovenija — Krščanska ljudska stranka,1618,link,battery
2009,SI,,q81_p9,1705952,SMS – Stranka mladih Slovenije,Stranka mladih Slovenije,1401,link,battery
2009,SI,,q87,0,"no, does not feel close to any party",none,,special,answer
2009,SI,,q87,20,[OTHER (open answer recorded)],other,,special,answer
2009,SI,,q87,77,[REFUSED],refused,,special,answer
2009,SI,,q87,88,[DK],dont-know,,special,answer
2009,SI,,q87,1705100,ZZ - Zdruzeni Zeleni,ZZ - Zdruzeni Zeleni [og],,hand,answer
2009,SI,,q87,1705320,SDS – Slovenska demokratska stranka,Slovenska demokratska stranka,472,link,answer
2009,SI,,q87,1705323,SD – Socialni demokrati,Socialni demokrati / Združena lista socialnih demokratov,1403,link,answer
2009,SI,,q87,1705324,ZARES – nova politika,Zares,474,name,answer
2009,SI,,q87,1705421,LDS – Liberalna demokracija Slovenije,Liberalna demokracija Slovenije,975,link,answer
2009,SI,,q87,1705521,SLS – Slovenska ljudska stranka,Slovenska ljudska stranka,764,link,answer
2009,SI,,q87,1705522,NSi – Nova Slovenija – krščanska ljudska stranka,Nova Slovenija — Krščanska ljudska stranka,1618,link,answer
2009,SI,,q87,1705710,SNS – Slovenska nacionalna stranka,Slovenska nacionalna stranka,96,link,answer
2009,SI,,q87,1705790,Lipa,Stranka Lipa,881,name,answer
2009,SI,,q87,1705951,DESUS – Demokratična stranka upokojencev Slovenije,Demokratična stranka upokojencev Slovenije,467,link,answer
2009,SI,,q87,1705952,SMS – Stranka mladih Slovenije,Stranka mladih Slovenije,1401,link,answer
2009,SI,,q90,20,[OTHER (open answer recorded)],other,,special,answer
2009,SI,,q90,77,[REFUSED],refused,,special,answer
2009,SI,,q90,88,[DK],dont-know,,special,answer
2009,SI,,q90,99,[NAP],,,special,answer
2009,SI,,q90,1705100,ZZ - Zdruzeni Zeleni,ZZ - Zdruzeni Zeleni [og],,hand,answer
2009,SI,,q90,1705320,SDS – Slovenska demokratska stranka,Slovenska demokratska stranka,472,link,answer
2009,SI,,q90,1705323,SD – Socialni demokrati,Socialni demokrati / Združena lista socialnih demokratov,1403,link,answer
2009,SI,,q90,1705324,ZARES – nova politika,Zares,474,name,answer
2009,SI,,q90,1705421,LDS – Liberalna demokracija Slovenije,Liberalna demokracija Slovenije,975,link,answer
2009,SI,,q90,1705521,SLS – Slovenska ljudska stranka,Slovenska ljudska stranka,764,link,answer
2009,SI,,q90,1705522,NSi – Nova Slovenija – krščanska ljudska stranka,Nova Slovenija — Krščanska ljudska stranka,1618,link,answer
2009,SI,,q90,1705710,SNS – Slovenska nacionalna stranka,Slovenska nacionalna stranka,96,link,answer
2009,SI,,q90,1705951,DESUS – Demokratična stranka upokojencev Slovenije,Demokratična stranka upokojencev Slovenije,467,link,answer
2009,SI,,q90,1705952,SMS – Stranka mladih Slovenije,Stranka mladih Slovenije,1401,link,answer
2009,SK,,q25,20,[OTHER (open answer recorded)],other,,special,answer
2009,SK,,q25,77,[REFUSED],refused,,special,answer
2009,SK,,q25,88,[DK],dont-know,,special,answer
2009,SK,,q25,99,[NAP],,,special,answer
2009,SK,,q25,1703190,Strana zelených SZ,Strana zelených [na Slovensku],1569,hand,answer
2009,SK,,q25,1703222,KSS,Komunistická strana Slovenska,340,link,answer
2009,SK,,q25,1703423,SMER,Smer — sociálna demokracia,311,link,answer
2009,SK,,q25,1703521,KDH,Kresťanskodemokratické hnutie,63,link,answer
2009,SK,,q25,1703523,"Slovenská demokratická a kresťanská únia – Demokratická strana, SDKÚ",Slovenská demokratická a kresťanská únia — Demokratická strana,1617,link,answer
2009,SK,,q25,1703524,Slobodné forum – SF,Slobodné fórum,137,hand,answer
2009,SK,,q25,1703601,KDS,KDS [og],,hand,answer
2009,SK,,q25,1703692,Sloboda a Solidarita SaS,Sloboda a Solidarita,1386,name,answer
2009,SK,,q25,1703710,SNS,Slovenská národná strana,730,link,answer
2009,SK,,q25,1703711,L’S-HZDS,Ľudová strana — Hnutie za demokratické Slovensko,560,name,answer
2009,SK,,q25,1703954,SMK,Strana maďarskej koalície / Strana maďarskej komunity,349,link,answer
2009,SK,,q26,77,[REFUSED],refused,,special,answer
2009,SK,,q26,88,[DK],dont-know,,special,answer
2009,SK,,q26,94,[would have voted blank ],blank-invalid,,special,answer
2009,SK,,q26,95,[would have spoiled vote],blank-invalid,,special,answer
2009,SK,,q26,96,[would have not vote],did-not-vote,,special,answer
2009,SK,,q26,99,[NAP],,,special,answer
2009,SK,,q26,1703190,Strana zelených SZ,Strana zelených [na Slovensku],1569,hand,answer
2009,SK,,q26,1703222,KSS,Komunistická strana Slovenska,340,link,answer
2009,SK,,q26,1703423,SMER,Smer — sociálna demokracia,311,link,answer
2009,SK,,q26,1703521,KDH,Kresťanskodemokratické hnutie,63,link,answer
2009,SK,,q26,1703523,"Slovenská demokratická a kresťanská únia – Demokratická strana, SDKÚ",Slovenská demokratická a kresťanská únia — Demokratická strana,1617,link,answer
2009,SK,,q26,1703524,Slobodné forum – SF,Slobodné fórum,137,hand,answer
2009,SK,,q26,1703692,Sloboda a Solidarita SaS,Sloboda a Solidarita,1386,name,answer
2009,SK,,q26,1703710,SNS,Slovenská národná strana,730,link,answer
2009,SK,,q26,1703711,L’S-HZDS,Ľudová strana — Hnutie za demokratické Slovensko,560,name,answer
2009,SK,,q26,1703954,SMK,Strana maďarskej koalície / Strana maďarskej komunity,349,link,answer
2009,SK,,q26b,99,[NAP],,,special,answer
2009,SK,,q27,20,[OTHER (open answer recorded)],other,,special,answer
2009,SK,,q27,77,[REFUSED],refused,,special,answer
2009,SK,,q27,88,[DK],dont-know,,special,answer
2009,SK,,q27,93,[Was not eligible/old enough],not-eligible,,special,answer
2009,SK,,q27,94,[voted blank ],blank-invalid,,special,answer
2009,SK,,q27,95,[spoiled vote],blank-invalid,,special,answer
2009,SK,,q27,96,[did not vote],did-not-vote,,special,answer
2009,SK,,q27,1703222,KSS,Komunistická strana Slovenska,340,link,answer
2009,SK,,q27,1703423,SMER,Smer — sociálna demokracia,311,link,answer
2009,SK,,q27,1703521,KDH,Kresťanskodemokratické hnutie,63,link,answer
2009,SK,,q27,1703523,"Slovenská demokratická a kresťanská únia – Demokratická strana, SDKÚ",Slovenská demokratická a kresťanská únia — Demokratická strana,1617,link,answer
2009,SK,,q27,1703524,Slobodné forum – SF,Slobodné fórum,137,hand,answer
2009,SK,,q27,1703710,SNS,Slovenská národná strana,730,link,answer
2009,SK,,q27,1703711,L’S-HZDS,Ľudová strana — Hnutie za demokratické Slovensko,560,name,answer
2009,SK,,q27,1703954,SMK,Strana maďarskej koalície / Strana maďarskej komunity,349,link,answer
2009,SK,,q28,20,[OTHER (open answer recorded)],other,,special,answer
2009,SK,,q28,77,[REFUSED],refused,,special,answer
2009,SK,,q28,88,[DK],dont-know,,special,answer
2009,SK,,q28,94,[would vote blank],blank-invalid,,special,answer
2009,SK,,q28,95,[would spoil vote],blank-invalid,,special,answer
2009,SK,,q28,96,[would not vote],did-not-vote,,special,answer
2009,SK,,q28,1703222,KSS,Komunistická strana Slovenska,340,link,answer
2009,SK,,q28,1703423,SMER,Smer — sociálna demokracia,311,link,answer
2009,SK,,q28,1703521,KDH,Kresťanskodemokratické hnutie,63,link,answer
2009,SK,,q28,1703523,"Slovenská demokratická a kresťanská únia – Demokratická strana, SDKÚ",Slovenská demokratická a kresťanská únia — Demokratická strana,1617,link,answer
2009,SK,,q28,1703524,Slobodné forum – SF,Slobodné fórum,137,hand,answer
2009,SK,,q28,1703601,KDS,KDS [og],,hand,answer
2009,SK,,q28,1703710,SNS,Slovenská národná strana,730,link,answer
2009,SK,,q28,1703711,L’S-HZDS,Ľudová strana — Hnutie za demokratické Slovensko,560,name,answer
2009,SK,,q28,1703954,SMK,Strana maďarskej koalície / Strana maďarskej komunity,349,link,answer
2009,SK,,q39_p1,1703711,L’S-HZDS,Ľudová strana — Hnutie za demokratické Slovensko,560,name,battery
2009,SK,,q39_p2,1703423,SMER,Smer — sociálna demokracia,311,link,battery
2009,SK,,q39_p3,1703523,"Slovenská demokratická a kres?anská únia, SDKÚ",Slovenská demokratická a kresťanská únia — Demokratická strana,1617,link,battery
2009,SK,,q39_p4,1703954,SMK,Strana maďarskej koalície / Strana maďarskej komunity,349,link,battery
2009,SK,,q39_p5,1703521,KDH,Kresťanskodemokratické hnutie,63,link,battery
2009,SK,,q39_p6,1703710,SNS,Slovenská národná strana,730,link,battery
2009,SK,,q39_p7,1703222,KSS,Komunistická strana Slovenska,340,link,battery
2009,SK,,q39_p8,1703524,Slobodné forum – SF,Slobodné fórum,137,hand,battery
2009,SK,,q4,20,[OTHER (open answer recorded)],other,,special,answer
2009,SK,,q4,66,[NONE],none,,special,answer
2009,SK,,q4,77,[REFUSED],refused,,special,answer
2009,SK,,q4,88,[DK],dont-know,,special,answer
2009,SK,,q4,99,[NAP],,,special,answer
2009,SK,,q4,1703190,Strana zelených SZ,Strana zelených [na Slovensku],1569,hand,answer
2009,SK,,q4,1703222,KSS,Komunistická strana Slovenska,340,link,answer
2009,SK,,q4,1703423,SMER,Smer — sociálna demokracia,311,link,answer
2009,SK,,q4,1703521,KDH,Kresťanskodemokratické hnutie,63,link,answer
2009,SK,,q4,1703523,"Slovenská demokratická a kres?anská únia, SDKÚ",Slovenská demokratická a kresťanská únia — Demokratická strana,1617,link,answer
2009,SK,,q4,1703524,Slobodné forum – SF,Slobodné fórum,137,hand,answer
2009,SK,,q4,1703601,KDS,KDS [og],,hand,answer
2009,SK,,q4,1703692,Sloboda a Solidarita SaS,Sloboda a Solidarita,1386,name,answer
2009,SK,,q4,1703710,SNS,Slovenská národná strana,730,link,answer
2009,SK,,q4,1703711,L’S-HZDS,Ľudová strana — Hnutie za demokratické Slovensko,560,name,answer
2009,SK,,q4,1703954,SMK,Strana maďarskej koalície / Strana maďarskej komunity,349,link,answer
2009,SK,,q47_p1,1703711,L’S-HZDS,Ľudová strana — Hnutie za demokratické Slovensko,560,name,battery
2009,SK,,q47_p2,1703423,SMER,Smer — sociálna demokracia,311,link,battery
2009,SK,,q47_p3,1703523,"Slovenská demokratická a kres?anská únia, SDKÚ",Slovenská demokratická a kresťanská únia — Demokratická strana,1617,link,battery
2009,SK,,q47_p4,1703954,SMK,Strana maďarskej koalície / Strana maďarskej komunity,349,link,battery
2009,SK,,q47_p5,1703521,KDH,Kresťanskodemokratické hnutie,63,link,battery
2009,SK,,q47_p6,1703710,SNS,Slovenská národná strana,730,link,battery
2009,SK,,q47_p7,1703222,KSS,Komunistická strana Slovenska,340,link,battery
2009,SK,,q47_p8,1703524,Slobodné forum – SF,Slobodné fórum,137,hand,battery
2009,SK,,q81_p1,1703711,L’S-HZDS,Ľudová strana — Hnutie za demokratické Slovensko,560,name,battery
2009,SK,,q81_p2,1703423,SMER,Smer — sociálna demokracia,311,link,battery
2009,SK,,q81_p3,1703523,"Slovenská demokratická a kres?anská únia, SDKÚ",Slovenská demokratická a kresťanská únia — Demokratická strana,1617,link,battery
2009,SK,,q81_p4,1703954,SMK,Strana maďarskej koalície / Strana maďarskej komunity,349,link,battery
2009,SK,,q81_p5,1703521,KDH,Kresťanskodemokratické hnutie,63,link,battery
2009,SK,,q81_p6,1703710,SNS,Slovenská národná strana,730,link,battery
2009,SK,,q81_p7,1703222,KSS,Komunistická strana Slovenska,340,link,battery
2009,SK,,q81_p8,1703524,Slobodné forum – SF,Slobodné fórum,137,hand,battery
2009,SK,,q87,0,"no, does not feel close to any party",none,,special,answer
2009,SK,,q87,77,[REFUSED],refused,,special,answer
2009,SK,,q87,88,[DK],dont-know,,special,answer
2009,SK,,q87,1703190,Strana zelených SZ,Strana zelených [na Slovensku],1569,hand,answer
2009,SK,,q87,1703222,KSS,Komunistická strana Slovenska,340,link,answer
2009,SK,,q87,1703423,SMER,Smer — sociálna demokracia,311,link,answer
2009,SK,,q87,1703521,KDH,Kresťanskodemokratické hnutie,63,link,answer
2009,SK,,q87,1703523,"Slovenská demokratická a kresťanská únia – Demokratická strana, SDKÚ",Slovenská demokratická a kresťanská únia — Demokratická strana,1617,link,answer
2009,SK,,q87,1703524,Slobodné forum – SF,Slobodné fórum,137,hand,answer
2009,SK,,q87,1703692,Sloboda a Solidarita SaS,Sloboda a Solidarita,1386,name,answer
2009,SK,,q87,1703710,SNS,Slovenská národná strana,730,link,answer
2009,SK,,q87,1703711,L’S-HZDS,Ľudová strana — Hnutie za demokratické Slovensko,560,name,answer
2009,SK,,q87,1703954,SMK,Strana maďarskej koalície / Strana maďarskej komunity,349,link,answer
2009,SK,,q90,77,[REFUSED],refused,,special,answer
2009,SK,,q90,88,[DK],dont-know,,special,answer
2009,SK,,q90,99,[NAP],,,special,answer
2009,SK,,q90,1703190,Strana zelených SZ,Strana zelených [na Slovensku],1569,hand,answer
2009,SK,,q90,1703222,KSS,Komunistická strana Slovenska,340,link,answer
2009,SK,,q90,1703423,SMER,Smer — sociálna demokracia,311,link,answer
2009,SK,,q90,1703521,KDH,Kresťanskodemokratické hnutie,63,link,answer
2009,SK,,q90,1703523,"Slovenská demokratická a kresťanská únia – Demokratická strana, SDKÚ",Slovenská demokratická a kresťanská únia — Demokratická strana,1617,link,answer
2009,SK,,q90,1703524,Slobodné forum – SF,Slobodné fórum,137,hand,answer
2009,SK,,q90,1703692,Sloboda a Solidarita SaS,Sloboda a Solidarita,1386,name,answer
2009,SK,,q90,1703710,SNS,Slovenská národná strana,730,link,answer
2009,SK,,q90,1703711,L’S-HZDS,Ľudová strana — Hnutie za demokratické Slovensko,560,name,answer
2009,SK,,q90,1703954,SMK,Strana maďarskej koalície / Strana maďarskej komunity,349,link,answer
2014,AT,,qp2_ees,20,other (recoded by EES team),other,,special,answer
2014,AT,,qp2_ees,77,refused,refused,,special,answer
2014,AT,,qp2_ees,88,Don't know,dont-know,,special,answer
2014,AT,,qp2_ees,94,voted blank,blank-invalid,,special,answer
2014,AT,,qp2_ees,96,did not vote,did-not-vote,,special,answer
2014,AT,,qp2_ees,98,other (open answer recoded),other,,special,answer
2014,AT,,qp2_ees,1040110,The Greens,Die Grünen — Die grüne Alternative,1659,link,answer
2014,AT,,qp2_ees,1040320,Austrian Social Democratic Party,Sozialdemokratische Partei Österreichs,1384,link,answer
2014,AT,,qp2_ees,1040420,Austrian Freedom Party,Freiheitliche Partei Österreichs,463,link,answer
2014,AT,,qp2_ees,1040423,NEOS - The New Austria and Liberal Forum,NEOS — Das Neue Österreich,1970,link,answer
2014,AT,,qp2_ees,1040520,Austrian People's Party,Österreichische Volkspartei,1329,link,answer
2014,AT,,qp2_ees,1040600,Alliance for the Future of Austria,Bündnis Zukunft Österreich,599,name,answer
2014,AT,,qpp14_1,1040520,Austrian People's Party,Österreichische Volkspartei,1329,link,battery
2014,AT,,qpp14_2,1040320,Austrian Social Democratic Party,Sozialdemokratische Partei Österreichs,1384,link,battery
2014,AT,,qpp14_3,1040423,NEOS - The New Austria and Liberal Forum,NEOS — Das Neue Österreich,1970,link,battery
2014,AT,,qpp14_4,1040110,The Greens,Die Grünen — Die grüne Alternative,1659,link,battery
2014,AT,,qpp14_5,1040420,Austrian Freedom Party,Freiheitliche Partei Österreichs,463,link,battery
2014,AT,,qpp14_6,1040600,Alliance for the Future of Austria,Bündnis Zukunft Österreich,599,name,battery
2014,AT,,qpp19_1,1040520,Austrian People's Party,Österreichische Volkspartei,1329,link,battery
2014,AT,,qpp19_2,1040320,Austrian Social Democratic Party,Sozialdemokratische Partei Österreichs,1384,link,battery
2014,AT,,qpp19_3,1040423,NEOS - The New Austria and Liberal Forum,NEOS — Das Neue Österreich,1970,link,battery
2014,AT,,qpp19_4,1040110,The Greens,Die Grünen — Die grüne Alternative,1659,link,battery
2014,AT,,qpp19_5,1040420,Austrian Freedom Party,Freiheitliche Partei Österreichs,463,link,battery
2014,AT,,qpp19_6,1040600,Alliance for the Future of Austria,Bündnis Zukunft Österreich,599,name,battery
2014,AT,,qpp21_ees,0,"No, you do not feel close to any political party",none,,special,answer
2014,AT,,qpp21_ees,20,other (recoded by EES team),other,,special,answer
2014,AT,,qpp21_ees,77,refused,refused,,special,answer
2014,AT,,qpp21_ees,88,Don't know,dont-know,,special,answer
2014,AT,,qpp21_ees,98,other (open answer recoded),other,,special,answer
2014,AT,,qpp21_ees,1040110,The Greens,Die Grünen — Die grüne Alternative,1659,link,answer
2014,AT,,qpp21_ees,1040320,Austrian Social Democratic Party,Sozialdemokratische Partei Österreichs,1384,link,answer
2014,AT,,qpp21_ees,1040420,Austrian Freedom Party,Freiheitliche Partei Österreichs,463,link,answer
2014,AT,,qpp21_ees,1040423,NEOS - The New Austria and Liberal Forum,NEOS — Das Neue Österreich,1970,link,answer
2014,AT,,qpp21_ees,1040520,Austrian People's Party,Österreichische Volkspartei,1329,link,answer
2014,AT,,qpp21_ees,1040600,Alliance for the Future of Austria,Bündnis Zukunft Österreich,599,name,answer
2014,AT,,qpp5_ees,20,other (recoded by EES team),other,,special,answer
2014,AT,,qpp5_ees,77,refused,refused,,special,answer
2014,AT,,qpp5_ees,88,Don't know,dont-know,,special,answer
2014,AT,,qpp5_ees,94,voted blank,blank-invalid,,special,answer
2014,AT,,qpp5_ees,96,did not vote,did-not-vote,,special,answer
2014,AT,,qpp5_ees,98,other (open answer recoded),other,,special,answer
2014,AT,,qpp5_ees,1040110,The Greens,Die Grünen — Die grüne Alternative,1659,link,answer
2014,AT,,qpp5_ees,1040320,Austrian Social Democratic Party,Sozialdemokratische Partei Österreichs,1384,link,answer
2014,AT,,qpp5_ees,1040420,Austrian Freedom Party,Freiheitliche Partei Österreichs,463,link,answer
2014,AT,,qpp5_ees,1040423,NEOS - The New Austria and Liberal Forum,NEOS — Das Neue Österreich,1970,link,answer
2014,AT,,qpp5_ees,1040520,Austrian People's Party,Österreichische Volkspartei,1329,link,answer
2014,AT,,qpp5_ees,1040600,Alliance for the Future of Austria,Bündnis Zukunft Österreich,599,name,answer
2014,AT,,qpp6_ees,20,other (recoded by EES team),other,,special,answer
2014,AT,,qpp6_ees,77,refused,refused,,special,answer
2014,AT,,qpp6_ees,88,Don't know,dont-know,,special,answer
2014,AT,,qpp6_ees,94,voted blank,blank-invalid,,special,answer
2014,AT,,qpp6_ees,98,other (open answer recoded),other,,special,answer
2014,AT,,qpp6_ees,1040110,The Greens,Die Grünen — Die grüne Alternative,1659,link,answer
2014,AT,,qpp6_ees,1040320,Austrian Social Democratic Party,Sozialdemokratische Partei Österreichs,1384,link,answer
2014,AT,,qpp6_ees,1040420,Austrian Freedom Party,Freiheitliche Partei Österreichs,463,link,answer
2014,AT,,qpp6_ees,1040423,NEOS - The New Austria and Liberal Forum,NEOS — Das Neue Österreich,1970,link,answer
2014,AT,,qpp6_ees,1040520,Austrian People's Party,Österreichische Volkspartei,1329,link,answer
2014,AT,,qpp6_ees,1040600,Alliance for the Future of Austria,Bündnis Zukunft Österreich,599,name,answer
2014,AT,,qpp8_1,1040520,Austrian People's Party,Österreichische Volkspartei,1329,link,battery
2014,AT,,qpp8_2,1040320,Austrian Social Democratic Party,Sozialdemokratische Partei Österreichs,1384,link,battery
2014,AT,,qpp8_3,1040423,NEOS - The New Austria and Liberal Forum,NEOS — Das Neue Österreich,1970,link,battery
2014,AT,,qpp8_4,1040110,The Greens,Die Grünen — Die grüne Alternative,1659,link,battery
2014,AT,,qpp8_5,1040420,Austrian Freedom Party,Freiheitliche Partei Österreichs,463,link,battery
2014,AT,,qpp8_6,1040600,Alliance for the Future of Austria,Bündnis Zukunft Österreich,599,name,battery
2014,BE,Flanders,qp2_ees,20,other (recoded by EES team),other,,special,answer
2014,BE,Flanders,qp2_ees,77,refused,refused,,special,answer
2014,BE,Flanders,qp2_ees,88,Don't know,dont-know,,special,answer
2014,BE,Flanders,qp2_ees,94,voted blank,blank-invalid,,special,answer
2014,BE,Flanders,qp2_ees,96,did not vote,did-not-vote,,special,answer
2014,BE,Flanders,qp2_ees,98,other (open answer recoded),other,,special,answer
2014,BE,Flanders,qp2_ees,1056112,Green,Agalev — Groen,528,link,answer
2014,BE,Flanders,qp2_ees,1056325,Workers Party of Belgium (PVDA +Dutch),Partij van de Arbeid van België — Parti du Travail de Belgique,1753,link,answer
2014,BE,Flanders,qp2_ees,1056327,Socialist Party Different,Socialistische Partij Anders — Vooruit,1680,link,answer
2014,BE,Flanders,qp2_ees,1056421,Open Flemish Liberals and Democrats,Partij voor Vrijheid en Vooruitgang — Open Vlaamse Liberalen en Democraten,49,link,answer
2014,BE,Flanders,qp2_ees,1056521,Christian Democratic and Flemish Party,Christen-Democratisch en Vlaams,604,link,answer
2014,BE,Flanders,qp2_ees,1056711,Flemish Interest,Vlaams Belang,1968,hand,answer
2014,BE,Flanders,qp2_ees,1056913,New Flemish Alliance,Nieuw-Vlaamse Alliantie,36,link,answer
2014,BE,Flanders,qpp14_1,1056325,Workers Party of Belgium  (PVDA +Dutch),Partij van de Arbeid van België — Parti du Travail de Belgique,1753,link,battery
2014,BE,Flanders,qpp14_2,1056521,Christian Democratic and Flemish Party,Christen-Democratisch en Vlaams,604,link,battery
2014,BE,Flanders,qpp14_3,1056327,Socialist Party Different,Socialistische Partij Anders — Vooruit,1680,link,battery
2014,BE,Flanders,qpp14_4,1056421,Open Flemish Liberals and Democrats,Partij voor Vrijheid en Vooruitgang — Open Vlaamse Liberalen en Democraten,49,link,battery
2014,BE,Flanders,qpp14_5,1056913,New Flemish Alliance,Nieuw-Vlaamse Alliantie,36,link,battery
2014,BE,Flanders,qpp14_6,1056112,Green,Agalev — Groen,528,link,battery
2014,BE,Flanders,qpp14_7,1056711,Flemish Interest,Vlaams Belang,1968,hand,battery
2014,BE,Flanders,qpp19_1,1056325,Workers Party of Belgium  (PVDA +Dutch),Partij van de Arbeid van België — Parti du Travail de Belgique,1753,link,battery
2014,BE,Flanders,qpp19_2,1056521,Christian Democratic and Flemish Party,Christen-Democratisch en Vlaams,604,link,battery
2014,BE,Flanders,qpp19_3,1056327,Socialist Party Different,Socialistische Partij Anders — Vooruit,1680,link,battery
2014,BE,Flanders,qpp19_4,1056421,Open Flemish Liberals and Democrats,Partij voor Vrijheid en Vooruitgang — Open Vlaamse Liberalen en Democraten,49,link,battery
2014,BE,Flanders,qpp19_5,1056913,New Flemish Alliance,Nieuw-Vlaamse Alliantie,36,link,battery
2014,BE,Flanders,qpp19_6,1056112,Green,Agalev — Groen,528,link,battery
2014,BE,Flanders,qpp19_7,1056711,Flemish Interest,Vlaams Belang,1968,hand,battery
2014,BE,Flanders,qpp21_ees,0,"No, you do not feel close to any political party",none,,special,answer
2014,BE,Flanders,qpp21_ees,20,other (recoded by EES team),other,,special,answer
2014,BE,Flanders,qpp21_ees,77,refused,refused,,special,answer
2014,BE,Flanders,qpp21_ees,88,Don't know,dont-know,,special,answer
2014,BE,Flanders,qpp21_ees,1056111,Ecologists,Écologistes Confédérés pour l'organisation de luttes originales,1563,link,answer
2014,BE,Flanders,qpp21_ees,1056112,Green,Agalev — Groen,528,link,answer
2014,BE,Flanders,qpp21_ees,1056322,Francophone Socialist Party,Parti Socialiste,500,link,answer
2014,BE,Flanders,qpp21_ees,1056325,Workers Party of Belgium  (PVDA +Dutch),Partij van de Arbeid van België — Parti du Travail de Belgique,1753,link,answer
2014,BE,Flanders,qpp21_ees,1056327,Socialist Party Different,Socialistische Partij Anders — Vooruit,1680,link,answer
2014,BE,Flanders,qpp21_ees,1056335,Workers Party of Belgium (PTB-go! French),Partij van de Arbeid van België — Parti du Travail de Belgique,1753,link,answer
2014,BE,Flanders,qpp21_ees,1056421,Open Flemish Liberals and Democrats,Partij voor Vrijheid en Vooruitgang — Open Vlaamse Liberalen en Democraten,49,link,answer
2014,BE,Flanders,qpp21_ees,1056427,Reform Movement,Mouvement Réformateur,789,link,answer
2014,BE,Flanders,qpp21_ees,1056521,Christian Democratic and Flemish Party,Christen-Democratisch en Vlaams,604,link,answer
2014,BE,Flanders,qpp21_ees,1056522,Humanist Democratic Centre,Parti Social Chrétien — Centre démocrate humaniste,633,link,answer
2014,BE,Flanders,qpp21_ees,1056601,People's Party,Parti populaire,639,link,answer
2014,BE,Flanders,qpp21_ees,1056711,Flemish Interest,Vlaams Belang,1968,hand,answer
2014,BE,Flanders,qpp21_ees,1056913,New Flemish Alliance,Nieuw-Vlaamse Alliantie,36,link,answer
2014,BE,Flanders,qpp5_ees,20,other (recoded by EES team),other,,special,answer
2014,BE,Flanders,qpp5_ees,77,refused,refused,,special,answer
2014,BE,Flanders,qpp5_ees,88,Don't know,dont-know,,special,answer
2014,BE,Flanders,qpp5_ees,94,voted blank,blank-invalid,,special,answer
2014,BE,Flanders,qpp5_ees,96,did not vote,did-not-vote,,special,answer
2014,BE,Flanders,qpp5_ees,98,other (open answer recoded),other,,special,answer
2014,BE,Flanders,qpp5_ees,1056111,Ecologists,Écologistes Confédérés pour l'organisation de luttes originales,1563,link,answer
2014,BE,Flanders,qpp5_ees,1056322,Francophone Socialist Party,Parti Socialiste,500,link,answer
2014,BE,Flanders,qpp5_ees,1056325,Workers Party of Belgium  (PVDA +Dutch),Partij van de Arbeid van België — Parti du Travail de Belgique,1753,link,answer
2014,BE,Flanders,qpp5_ees,1056327,Socialist Party Different,Socialistische Partij Anders — Vooruit,1680,link,answer
2014,BE,Flanders,qpp5_ees,1056421,Open Flemish Liberals and Democrats,Partij voor Vrijheid en Vooruitgang — Open Vlaamse Liberalen en Democraten,49,link,answer
2014,BE,Flanders,qpp5_ees,1056521,Christian Democratic and Flemish Party,Christen-Democratisch en Vlaams,604,link,answer
2014,BE,Flanders,qpp5_ees,1056711,Flemish Interest,Vlaams Belang,1968,hand,answer
2014,BE,Flanders,qpp5_ees,1056913,New Flemish Alliance,Nieuw-Vlaamse Alliantie,36,link,answer
2014,BE,Flanders,qpp6_ees,20,other (recoded by EES team),other,,special,answer
2014,BE,Flanders,qpp6_ees,77,refused,refused,,special,answer
2014,BE,Flanders,qpp6_ees,88,Don't know,dont-know,,special,answer
2014,BE,Flanders,qpp6_ees,94,voted blank,blank-invalid,,special,answer
2014,BE,Flanders,qpp6_ees,98,other (open answer recoded),other,,special,answer
2014,BE,Flanders,qpp6_ees,1056111,Ecologists,Écologistes Confédérés pour l'organisation de luttes originales,1563,link,answer
2014,BE,Flanders,qpp6_ees,1056112,Green,Agalev — Groen,528,link,answer
2014,BE,Flanders,qpp6_ees,1056322,Francophone Socialist Party,Parti Socialiste,500,link,answer
2014,BE,Flanders,qpp6_ees,1056325,Workers Party of Belgium  (PVDA +Dutch),Partij van de Arbeid van België — Parti du Travail de Belgique,1753,link,answer
2014,BE,Flanders,qpp6_ees,1056327,Socialist Party Different,Socialistische Partij Anders — Vooruit,1680,link,answer
2014,BE,Flanders,qpp6_ees,1056335,Workers Party of Belgium (PTB-go! French),Partij van de Arbeid van België — Parti du Travail de Belgique,1753,link,answer
2014,BE,Flanders,qpp6_ees,1056421,Open Flemish Liberals and Democrats,Partij voor Vrijheid en Vooruitgang — Open Vlaamse Liberalen en Democraten,49,link,answer
2014,BE,Flanders,qpp6_ees,1056521,Christian Democratic and Flemish Party,Christen-Democratisch en Vlaams,604,link,answer
2014,BE,Flanders,qpp6_ees,1056522,Humanist Democratic Centre,Parti Social Chrétien — Centre démocrate humaniste,633,link,answer
2014,BE,Flanders,qpp6_ees,1056711,Flemish Interest,Vlaams Belang,1968,hand,answer
2014,BE,Flanders,qpp6_ees,1056913,New Flemish Alliance,Nieuw-Vlaamse Alliantie,36,link,answer
2014,BE,Flanders,qpp8_1,1056325,Workers Party of Belgium  (PVDA +Dutch),Partij van de Arbeid van België — Parti du Travail de Belgique,1753,link,battery
2014,BE,Flanders,qpp8_2,1056521,Christian Democratic and Flemish Party,Christen-Democratisch en Vlaams,604,link,battery
2014,BE,Flanders,qpp8_3,1056327,Socialist Party Different,Socialistische Partij Anders — Vooruit,1680,link,battery
2014,BE,Flanders,qpp8_4,1056421,Open Flemish Liberals and Democrats,Partij voor Vrijheid en Vooruitgang — Open Vlaamse Liberalen en Democraten,49,link,battery
2014,BE,Flanders,qpp8_5,1056913,New Flemish Alliance,Nieuw-Vlaamse Alliantie,36,link,battery
2014,BE,Flanders,qpp8_6,1056112,Green,Agalev — Groen,528,link,battery
2014,BE,Flanders,qpp8_7,1056711,Flemish Interest,Vlaams Belang,1968,hand,battery
2014,BE,Wallonia,qp2_ees,20,other (recoded by EES team),other,,special,answer
2014,BE,Wallonia,qp2_ees,77,refused,refused,,special,answer
2014,BE,Wallonia,qp2_ees,88,Don't know,dont-know,,special,answer
2014,BE,Wallonia,qp2_ees,94,voted blank,blank-invalid,,special,answer
2014,BE,Wallonia,qp2_ees,96,did not vote,did-not-vote,,special,answer
2014,BE,Wallonia,qp2_ees,98,other (open answer recoded),other,,special,answer
2014,BE,Wallonia,qp2_ees,1056111,Ecologists,Écologistes Confédérés pour l'organisation de luttes originales,1563,link,answer
2014,BE,Wallonia,qp2_ees,1056322,Francophone Socialist Party,Parti Socialiste,500,link,answer
2014,BE,Wallonia,qp2_ees,1056335,Workers Party of Belgium (PTB-go! French),Partij van de Arbeid van België — Parti du Travail de Belgique,1753,link,answer
2014,BE,Wallonia,qp2_ees,1056427,Reform Movement,Mouvement Réformateur,789,link,answer
2014,BE,Wallonia,qp2_ees,1056522,Humanist Democratic Centre,Parti Social Chrétien — Centre démocrate humaniste,633,link,answer
2014,BE,Wallonia,qp2_ees,1056601,People's Party,Parti populaire,639,link,answer
2014,BE,Wallonia,qpp14_1,1056522,Humanist Democratic Centre,Parti Social Chrétien — Centre démocrate humaniste,633,link,battery
2014,BE,Wallonia,qpp14_2,1056322,Francophone Socialist Party,Parti Socialiste,500,link,battery
2014,BE,Wallonia,qpp14_3,1056427,Reform Movement,Mouvement Réformateur,789,link,battery
2014,BE,Wallonia,qpp14_4,1056111,Ecologists,Écologistes Confédérés pour l'organisation de luttes originales,1563,link,battery
2014,BE,Wallonia,qpp14_5,1056601,People's Party,Parti populaire,639,link,battery
2014,BE,Wallonia,qpp14_6,1056335,Workers Party of Belgium (PTB-go! French),Partij van de Arbeid van België — Parti du Travail de Belgique,1753,link,battery
2014,BE,Wallonia,qpp14_7,,National Front (Belgium),Front National,191,name,battery
2014,BE,Wallonia,qpp19_1,1056522,Humanist Democratic Centre,Parti Social Chrétien — Centre démocrate humaniste,633,link,battery
2014,BE,Wallonia,qpp19_2,1056322,Francophone Socialist Party,Parti Socialiste,500,link,battery
2014,BE,Wallonia,qpp19_3,1056427,Reform Movement,Mouvement Réformateur,789,link,battery
2014,BE,Wallonia,qpp19_4,1056111,Ecologists,Écologistes Confédérés pour l'organisation de luttes originales,1563,link,battery
2014,BE,Wallonia,qpp19_5,1056601,People's Party,Parti populaire,639,link,battery
2014,BE,Wallonia,qpp19_6,1056335,Workers Party of Belgium (PTB-go! French),Partij van de Arbeid van België — Parti du Travail de Belgique,1753,link,battery
2014,BE,Wallonia,qpp19_7,,National Front (Belgium),Front National,191,name,battery
2014,BE,Wallonia,qpp21_ees,0,"No, you do not feel close to any political party",none,,special,answer
2014,BE,Wallonia,qpp21_ees,20,other (recoded by EES team),other,,special,answer
2014,BE,Wallonia,qpp21_ees,77,refused,refused,,special,answer
2014,BE,Wallonia,qpp21_ees,88,Don't know,dont-know,,special,answer
2014,BE,Wallonia,qpp21_ees,98,other (open answer recoded),other,,special,answer
2014,BE,Wallonia,qpp21_ees,1056111,Ecologists,Écologistes Confédérés pour l'organisation de luttes originales,1563,link,answer
2014,BE,Wallonia,qpp21_ees,1056322,Francophone Socialist Party,Parti Socialiste,500,link,answer
2014,BE,Wallonia,qpp21_ees,1056327,Socialist Party Different,Socialistische Partij Anders — Vooruit,1680,link,answer
2014,BE,Wallonia,qpp21_ees,1056335,Workers Party of Belgium (PTB-go! French),Partij van de Arbeid van België — Parti du Travail de Belgique,1753,link,answer
2014,BE,Wallonia,qpp21_ees,1056421,Open Flemish Liberals and Democrats,Partij voor Vrijheid en Vooruitgang — Open Vlaamse Liberalen en Democraten,49,link,answer
2014,BE,Wallonia,qpp21_ees,1056427,Reform Movement,Mouvement Réformateur,789,link,answer
2014,BE,Wallonia,qpp21_ees,1056521,Christian Democratic and Flemish Party,Christen-Democratisch en Vlaams,604,link,answer
2014,BE,Wallonia,qpp21_ees,1056522,Humanist Democratic Centre,Parti Social Chrétien — Centre démocrate humaniste,633,link,answer
2014,BE,Wallonia,qpp21_ees,1056601,People's Party,Parti populaire,639,link,answer
2014,BE,Wallonia,qpp21_ees,1056710,National Front (Belgium),Front National,191,name,answer
2014,BE,Wallonia,qpp21_ees,1056913,New Flemish Alliance,Nieuw-Vlaamse Alliantie,36,link,answer
2014,BE,Wallonia,qpp5_ees,77,refused,refused,,special,answer
2014,BE,Wallonia,qpp5_ees,88,Don't know,dont-know,,special,answer
2014,BE,Wallonia,qpp5_ees,94,voted blank,blank-invalid,,special,answer
2014,BE,Wallonia,qpp5_ees,96,did not vote,did-not-vote,,special,answer
2014,BE,Wallonia,qpp5_ees,98,other (open answer recoded),other,,special,answer
2014,BE,Wallonia,qpp5_ees,1056111,Ecologists,Écologistes Confédérés pour l'organisation de luttes originales,1563,link,answer
2014,BE,Wallonia,qpp5_ees,1056322,Francophone Socialist Party,Parti Socialiste,500,link,answer
2014,BE,Wallonia,qpp5_ees,1056325,Workers Party of Belgium  (PVDA +Dutch),Partij van de Arbeid van België — Parti du Travail de Belgique,1753,link,answer
2014,BE,Wallonia,qpp5_ees,1056327,Socialist Party Different,Socialistische Partij Anders — Vooruit,1680,link,answer
2014,BE,Wallonia,qpp5_ees,1056335,Workers Party of Belgium (PTB-go! French),Partij van de Arbeid van België — Parti du Travail de Belgique,1753,link,answer
2014,BE,Wallonia,qpp5_ees,1056421,Open Flemish Liberals and Democrats,Partij voor Vrijheid en Vooruitgang — Open Vlaamse Liberalen en Democraten,49,link,answer
2014,BE,Wallonia,qpp5_ees,1056427,Reform Movement,Mouvement Réformateur,789,link,answer
2014,BE,Wallonia,qpp5_ees,1056521,Christian Democratic and Flemish Party,Christen-Democratisch en Vlaams,604,link,answer
2014,BE,Wallonia,qpp5_ees,1056522,Humanist Democratic Centre,Parti Social Chrétien — Centre démocrate humaniste,633,link,answer
2014,BE,Wallonia,qpp5_ees,1056601,People's Party,Parti populaire,639,link,answer
2014,BE,Wallonia,qpp5_ees,1056913,New Flemish Alliance,Nieuw-Vlaamse Alliantie,36,link,answer
2014,BE,Wallonia,qpp6_ees,20,other (recoded by EES team),other,,special,answer
2014,BE,Wallonia,qpp6_ees,77,refused,refused,,special,answer
2014,BE,Wallonia,qpp6_ees,88,Don't know,dont-know,,special,answer
2014,BE,Wallonia,qpp6_ees,94,voted blank,blank-invalid,,special,answer
2014,BE,Wallonia,qpp6_ees,98,other (open answer recoded),other,,special,answer
2014,BE,Wallonia,qpp6_ees,1056111,Ecologists,Écologistes Confédérés pour l'organisation de luttes originales,1563,link,answer
2014,BE,Wallonia,qpp6_ees,1056112,Green,Agalev — Groen,528,link,answer
2014,BE,Wallonia,qpp6_ees,1056322,Francophone Socialist Party,Parti Socialiste,500,link,answer
2014,BE,Wallonia,qpp6_ees,1056327,Socialist Party Different,Socialistische Partij Anders — Vooruit,1680,link,answer
2014,BE,Wallonia,qpp6_ees,1056335,Workers Party of Belgium (PTB-go! French),Partij van de Arbeid van België — Parti du Travail de Belgique,1753,link,answer
2014,BE,Wallonia,qpp6_ees,1056421,Open Flemish Liberals and Democrats,Partij voor Vrijheid en Vooruitgang — Open Vlaamse Liberalen en Democraten,49,link,answer
2014,BE,Wallonia,qpp6_ees,1056427,Reform Movement,Mouvement Réformateur,789,link,answer
2014,BE,Wallonia,qpp6_ees,1056521,Christian Democratic and Flemish Party,Christen-Democratisch en Vlaams,604,link,answer
2014,BE,Wallonia,qpp6_ees,1056522,Humanist Democratic Centre,Parti Social Chrétien — Centre démocrate humaniste,633,link,answer
2014,BE,Wallonia,qpp6_ees,1056601,People's Party,Parti populaire,639,link,answer
2014,BE,Wallonia,qpp6_ees,1056710,National Front (Belgium),Front National,191,name,answer
2014,BE,Wallonia,qpp6_ees,1056913,New Flemish Alliance,Nieuw-Vlaamse Alliantie,36,link,answer
2014,BE,Wallonia,qpp8_1,1056522,Humanist Democratic Centre,Parti Social Chrétien — Centre démocrate humaniste,633,link,battery
2014,BE,Wallonia,qpp8_2,1056322,Francophone Socialist Party,Parti Socialiste,500,link,battery
2014,BE,Wallonia,qpp8_3,1056427,Reform Movement,Mouvement Réformateur,789,link,battery
2014,BE,Wallonia,qpp8_4,1056111,Ecologists,Écologistes Confédérés pour l'organisation de luttes originales,1563,link,battery
2014,BE,Wallonia,qpp8_5,1056601,People's Party,Parti populaire,639,link,battery
2014,BE,Wallonia,qpp8_6,1056335,Workers Party of Belgium (PTB-go! French),Partij van de Arbeid van België — Parti du Travail de Belgique,1753,link,battery
2014,BE,Wallonia,qpp8_7,,National Front (Belgium),Front National,191,name,battery
2014,BG,,qp2_ees,20,other (recoded by EES team),other,,special,answer
2014,BG,,qp2_ees,77,refused,refused,,special,answer
2014,BG,,qp2_ees,88,Don't know,dont-know,,special,answer
2014,BG,,qp2_ees,94,voted blank,blank-invalid,,special,answer
2014,BG,,qp2_ees,96,did not vote,did-not-vote,,special,answer
2014,BG,,qp2_ees,98,other (open answer recoded),other,,special,answer
2014,BG,,qp2_ees,1100300,Coalition for Bulgaria,Koalicija za Balgarija — BSP za Bŭlgariya,1665,link,answer
2014,BG,,qp2_ees,1100600,Citizens for European Development of Bulgaria,Grazhdani za evropeysko razvitie na Balgariya,760,link,answer
2014,BG,,qp2_ees,1100601,Reformist Bloc,Reformatorski Blok,3189,name,answer
2014,BG,,qp2_ees,1100602,Bulgaria Without Censorship,Balgarija bes Zensura,3188,hand,answer
2014,BG,,qp2_ees,1100700,Attack,Natsionalen Sǎyuz Ataka,1793,link,answer
2014,BG,,qp2_ees,1100900,Movement for Rights and Freedom,Dvizhenie za prava i svobodi,982,link,answer
2014,BG,,qp2_ees,1103001,Alternative for Bulgarian Revival,Alternativa za balgarsko vazrazhdane,3187,name,answer
2014,BG,,qpp14_1,1100600,Citizens for European Development of Bulgaria,Grazhdani za evropeysko razvitie na Balgariya,760,link,battery
2014,BG,,qpp14_2,1100300,Coalition for Bulgaria,Koalicija za Balgarija — BSP za Bŭlgariya,1665,link,battery
2014,BG,,qpp14_3,1100900,Movement for Rights and Freedom,Dvizhenie za prava i svobodi,982,link,battery
2014,BG,,qpp14_4,1100700,Attack,Natsionalen Sǎyuz Ataka,1793,link,battery
2014,BG,,qpp14_5,1100601,Reformist Bloc,Reformatorski Blok,3189,name,battery
2014,BG,,qpp14_6,1100602,Bulgaria Without Censorship,Balgarija bes Zensura,3188,hand,battery
2014,BG,,qpp14_7,1103001,Alternative for Bulgarian Revival,Alternativa za balgarsko vazrazhdane,3187,name,battery
2014,BG,,qpp19_1,1100600,Citizens for European Development of Bulgaria,Grazhdani za evropeysko razvitie na Balgariya,760,link,battery
2014,BG,,qpp19_2,1100300,Coalition for Bulgaria,Koalicija za Balgarija — BSP za Bŭlgariya,1665,link,battery
2014,BG,,qpp19_3,1100900,Movement for Rights and Freedom,Dvizhenie za prava i svobodi,982,link,battery
2014,BG,,qpp19_4,1100700,Attack,Natsionalen Sǎyuz Ataka,1793,link,battery
2014,BG,,qpp19_5,1100601,Reformist Bloc,Reformatorski Blok,3189,name,battery
2014,BG,,qpp19_6,1100602,Bulgaria Without Censorship,Balgarija bes Zensura,3188,hand,battery
2014,BG,,qpp19_7,1103001,Alternative for Bulgarian Revival,Alternativa za balgarsko vazrazhdane,3187,name,battery
2014,BG,,qpp21_ees,0,"No, you do not feel close to any political party",none,,special,answer
2014,BG,,qpp21_ees,20,other (recoded by EES team),other,,special,answer
2014,BG,,qpp21_ees,77,refused,refused,,special,answer
2014,BG,,qpp21_ees,88,Don't know,dont-know,,special,answer
2014,BG,,qpp21_ees,98,other (open answer recoded),other,,special,answer
2014,BG,,qpp21_ees,1100001,Union of Democratic Forces,Obedineni Demokratichni Sili,1183,link,answer
2014,BG,,qpp21_ees,1100400,National Movement for Stability and Progress,Nacionalno dviženie (Simeon Vtori) za stabilnost i văzhod,374,link,answer
2014,BG,,qpp21_ees,1100600,Citizens for European Development of Bulgaria,Grazhdani za evropeysko razvitie na Balgariya,760,link,answer
2014,BG,,qpp21_ees,1100601,Reformist Bloc,Reformatorski Blok,3189,name,answer
2014,BG,,qpp21_ees,1100602,Bulgaria Without Censorship,Balgarija bes Zensura,3188,hand,answer
2014,BG,,qpp21_ees,1100700,Attack,Natsionalen Sǎyuz Ataka,1793,link,answer
2014,BG,,qpp21_ees,1100900,Movement for Rights and Freedom,Dvizhenie za prava i svobodi,982,link,answer
2014,BG,,qpp21_ees,1103001,Alternative for Bulgarian Revival,Alternativa za balgarsko vazrazhdane,3187,name,answer
2014,BG,,qpp5_ees,20,other (recoded by EES team),other,,special,answer
2014,BG,,qpp5_ees,77,refused,refused,,special,answer
2014,BG,,qpp5_ees,88,Don't know,dont-know,,special,answer
2014,BG,,qpp5_ees,94,voted blank,blank-invalid,,special,answer
2014,BG,,qpp5_ees,96,did not vote,did-not-vote,,special,answer
2014,BG,,qpp5_ees,98,other (open answer recoded),other,,special,answer
2014,BG,,qpp5_ees,1100001,Union of Democratic Forces,Obedineni Demokratichni Sili,1183,link,answer
2014,BG,,qpp5_ees,1100300,Coalition for Bulgaria,Koalicija za Balgarija — BSP za Bŭlgariya,1665,link,answer
2014,BG,,qpp5_ees,1100400,National Movement for Stability and Progress,Nacionalno dviženie (Simeon Vtori) za stabilnost i văzhod,374,link,answer
2014,BG,,qpp5_ees,1100600,Citizens for European Development of Bulgaria,Grazhdani za evropeysko razvitie na Balgariya,760,link,answer
2014,BG,,qpp5_ees,1100700,Attack,Natsionalen Sǎyuz Ataka,1793,link,answer
2014,BG,,qpp5_ees,1100900,Movement for Rights and Freedom,Dvizhenie za prava i svobodi,982,link,answer
2014,BG,,qpp6_ees,20,other (recoded by EES team),other,,special,answer
2014,BG,,qpp6_ees,77,refused,refused,,special,answer
2014,BG,,qpp6_ees,88,Don't know,dont-know,,special,answer
2014,BG,,qpp6_ees,94,voted blank,blank-invalid,,special,answer
2014,BG,,qpp6_ees,98,other (open answer recoded),other,,special,answer
2014,BG,,qpp6_ees,1100001,Union of Democratic Forces,Obedineni Demokratichni Sili,1183,link,answer
2014,BG,,qpp6_ees,1100400,National Movement for Stability and Progress,Nacionalno dviženie (Simeon Vtori) za stabilnost i văzhod,374,link,answer
2014,BG,,qpp6_ees,1100600,Citizens for European Development of Bulgaria,Grazhdani za evropeysko razvitie na Balgariya,760,link,answer
2014,BG,,qpp6_ees,1100601,Reformist Bloc,Reformatorski Blok,3189,name,answer
2014,BG,,qpp6_ees,1100602,Bulgaria Without Censorship,Balgarija bes Zensura,3188,hand,answer
2014,BG,,qpp6_ees,1100700,Attack,Natsionalen Sǎyuz Ataka,1793,link,answer
2014,BG,,qpp6_ees,1100900,Movement for Rights and Freedom,Dvizhenie za prava i svobodi,982,link,answer
2014,BG,,qpp6_ees,1103001,Alternative for Bulgarian Revival,Alternativa za balgarsko vazrazhdane,3187,name,answer
2014,BG,,qpp8_1,1100600,Citizens for European Development of Bulgaria,Grazhdani za evropeysko razvitie na Balgariya,760,link,battery
2014,BG,,qpp8_2,1100300,Coalition for Bulgaria,Koalicija za Balgarija — BSP za Bŭlgariya,1665,link,battery
2014,BG,,qpp8_3,1100900,Movement for Rights and Freedom,Dvizhenie za prava i svobodi,982,link,battery
2014,BG,,qpp8_4,1100700,Attack,Natsionalen Sǎyuz Ataka,1793,link,battery
2014,BG,,qpp8_5,1100601,Reformist Bloc,Reformatorski Blok,3189,name,battery
2014,BG,,qpp8_6,1100602,Bulgaria Without Censorship,Balgarija bes Zensura,3188,hand,battery
2014,BG,,qpp8_7,1103001,Alternative for Bulgarian Revival,Alternativa za balgarsko vazrazhdane,3187,name,battery
2014,CZ,,qp2_ees,20,other (recoded by EES team),other,,special,answer
2014,CZ,,qp2_ees,77,refused,refused,,special,answer
2014,CZ,,qp2_ees,88,Don't know,dont-know,,special,answer
2014,CZ,,qp2_ees,96,did not vote,did-not-vote,,special,answer
2014,CZ,,qp2_ees,98,other (open answer recoded),other,,special,answer
2014,CZ,,qp2_ees,1203110,Green Party,Strana zelených,1554,link,answer
2014,CZ,,qp2_ees,1203220,Communist Party of Bohemia and Moravia,Komunistická strana Cech a Moravy,1728,link,answer
2014,CZ,,qp2_ees,1203320,Czech Social Democratic Party,Česká strana sociálně demokratická,177,link,answer
2014,CZ,,qp2_ees,1203413,Civic Democratic Party,Občanská demokratická strana,466,link,answer
2014,CZ,,qp2_ees,1203423,ANO 2011,Akce nespokojených občanů,2141,link,answer
2014,CZ,,qp2_ees,1203523,Christian and Democratic Union / Czechoslovak People's Party,Křesťanská a demokratická unie / Československá strana lidová,676,link,answer
2014,CZ,,qp2_ees,1203530,"Tradition, Responsibility, Prosperity 09 (TOP 09)",Tradice Odpovědnost Prosperita 09,223,link,answer
2014,CZ,,qp2_ees,1203953,Party of Free Citizens,Strana svobodných občanů,254,link,answer
2014,CZ,,qpp14_1,1203523,Christian and Democratic Union / Czechoslovak People's Party,Křesťanská a demokratická unie / Československá strana lidová,676,link,battery
2014,CZ,,qpp14_2,1203530,"Tradition, Responsibility, Prosperity 09 (TOP 09)",Tradice Odpovědnost Prosperita 09,223,link,battery
2014,CZ,,qpp14_3,1203320,Czech Social Democratic Party,Česká strana sociálně demokratická,177,link,battery
2014,CZ,,qpp14_4,1203413,Civic Democratic Party,Občanská demokratická strana,466,link,battery
2014,CZ,,qpp14_5,1203220,Communist Party of Bohemia and Moravia,Komunistická strana Cech a Moravy,1728,link,battery
2014,CZ,,qpp14_6,,National Socialists - 21st Century Left,National Socialists - 21st Century Left [og],,hand,battery
2014,CZ,,qpp14_7,1203423,ANO 2011,Akce nespokojených občanů,2141,link,battery
2014,CZ,,qpp14_8,1203953,Party of Free Citizens,Strana svobodných občanů,254,link,battery
2014,CZ,,qpp19_1,1203523,Christian and Democratic Union / Czechoslovak People's Party,Křesťanská a demokratická unie / Československá strana lidová,676,link,battery
2014,CZ,,qpp19_2,1203530,"Tradition, Responsibility, Prosperity 09 (TOP 09)",Tradice Odpovědnost Prosperita 09,223,link,battery
2014,CZ,,qpp19_3,1203320,Czech Social Democratic Party,Česká strana sociálně demokratická,177,link,battery
2014,CZ,,qpp19_4,1203413,Civic Democratic Party,Občanská demokratická strana,466,link,battery
2014,CZ,,qpp19_5,1203220,Communist Party of Bohemia and Moravia,Komunistická strana Cech a Moravy,1728,link,battery
2014,CZ,,qpp19_6,,National Socialists - 21st Century Left,National Socialists - 21st Century Left [og],,hand,battery
2014,CZ,,qpp19_7,1203423,ANO 2011,Akce nespokojených občanů,2141,link,battery
2014,CZ,,qpp19_8,1203953,Party of Free Citizens,Strana svobodných občanů,254,link,battery
2014,CZ,,qpp21_ees,0,"No, you do not feel close to any political party",none,,special,answer
2014,CZ,,qpp21_ees,20,other (recoded by EES team),other,,special,answer
2014,CZ,,qpp21_ees,77,refused,refused,,special,answer
2014,CZ,,qpp21_ees,88,Don't know,dont-know,,special,answer
2014,CZ,,qpp21_ees,98,other (open answer recoded),other,,special,answer
2014,CZ,,qpp21_ees,1203110,Green Party,Strana zelených,1554,link,answer
2014,CZ,,qpp21_ees,1203220,Communist Party of Bohemia and Moravia,Komunistická strana Cech a Moravy,1728,link,answer
2014,CZ,,qpp21_ees,1203320,Czech Social Democratic Party,Česká strana sociálně demokratická,177,link,answer
2014,CZ,,qpp21_ees,1203321,National Socialists - 21st Century Left,National Socialists - 21st Century Left [og],,hand,answer
2014,CZ,,qpp21_ees,1203413,Civic Democratic Party,Občanská demokratická strana,466,link,answer
2014,CZ,,qpp21_ees,1203423,ANO 2011,Akce nespokojených občanů,2141,link,answer
2014,CZ,,qpp21_ees,1203523,Christian and Democratic Union / Czechoslovak People's Party,Křesťanská a demokratická unie / Československá strana lidová,676,link,answer
2014,CZ,,qpp21_ees,1203530,"Tradition, Responsibility, Prosperity 09 (TOP 09)",Tradice Odpovědnost Prosperita 09,223,link,answer
2014,CZ,,qpp21_ees,1203953,Party of Free Citizens,Strana svobodných občanů,254,link,answer
2014,CZ,,qpp5_ees,20,other (recoded by EES team),other,,special,answer
2014,CZ,,qpp5_ees,77,refused,refused,,special,answer
2014,CZ,,qpp5_ees,88,Don't know,dont-know,,special,answer
2014,CZ,,qpp5_ees,94,voted blank,blank-invalid,,special,answer
2014,CZ,,qpp5_ees,96,did not vote,did-not-vote,,special,answer
2014,CZ,,qpp5_ees,1203110,Green Party,Strana zelených,1554,link,answer
2014,CZ,,qpp5_ees,1203220,Communist Party of Bohemia and Moravia,Komunistická strana Cech a Moravy,1728,link,answer
2014,CZ,,qpp5_ees,1203320,Czech Social Democratic Party,Česká strana sociálně demokratická,177,link,answer
2014,CZ,,qpp5_ees,1203413,Civic Democratic Party,Občanská demokratická strana,466,link,answer
2014,CZ,,qpp5_ees,1203423,ANO 2011,Akce nespokojených občanů,2141,link,answer
2014,CZ,,qpp5_ees,1203523,Christian and Democratic Union / Czechoslovak People's Party,Křesťanská a demokratická unie / Československá strana lidová,676,link,answer
2014,CZ,,qpp5_ees,1203530,"Tradition, Responsibility, Prosperity 09 (TOP 09)",Tradice Odpovědnost Prosperita 09,223,link,answer
2014,CZ,,qpp5_ees,1203953,Party of Free Citizens,Strana svobodných občanů,254,link,answer
2014,CZ,,qpp6_ees,20,other (recoded by EES team),other,,special,answer
2014,CZ,,qpp6_ees,77,refused,refused,,special,answer
2014,CZ,,qpp6_ees,88,Don't know,dont-know,,special,answer
2014,CZ,,qpp6_ees,94,voted blank,blank-invalid,,special,answer
2014,CZ,,qpp6_ees,98,other (open answer recoded),other,,special,answer
2014,CZ,,qpp6_ees,1203110,Green Party,Strana zelených,1554,link,answer
2014,CZ,,qpp6_ees,1203220,Communist Party of Bohemia and Moravia,Komunistická strana Cech a Moravy,1728,link,answer
2014,CZ,,qpp6_ees,1203320,Czech Social Democratic Party,Česká strana sociálně demokratická,177,link,answer
2014,CZ,,qpp6_ees,1203413,Civic Democratic Party,Občanská demokratická strana,466,link,answer
2014,CZ,,qpp6_ees,1203423,ANO 2011,Akce nespokojených občanů,2141,link,answer
2014,CZ,,qpp6_ees,1203523,Christian and Democratic Union / Czechoslovak People's Party,Křesťanská a demokratická unie / Československá strana lidová,676,link,answer
2014,CZ,,qpp6_ees,1203530,"Tradition, Responsibility, Prosperity 09 (TOP 09)",Tradice Odpovědnost Prosperita 09,223,link,answer
2014,CZ,,qpp6_ees,1203953,Party of Free Citizens,Strana svobodných občanů,254,link,answer
2014,CZ,,qpp8_1,1203523,Christian and Democratic Union / Czechoslovak People's Party,Křesťanská a demokratická unie / Československá strana lidová,676,link,battery
2014,CZ,,qpp8_2,1203530,"Tradition, Responsibility, Prosperity 09 (TOP 09)",Tradice Odpovědnost Prosperita 09,223,link,battery
2014,CZ,,qpp8_3,1203320,Czech Social Democratic Party,Česká strana sociálně demokratická,177,link,battery
2014,CZ,,qpp8_4,1203413,Civic Democratic Party,Občanská demokratická strana,466,link,battery
2014,CZ,,qpp8_5,1203220,Communist Party of Bohemia and Moravia,Komunistická strana Cech a Moravy,1728,link,battery
2014,CZ,,qpp8_6,,National Socialists - 21st Century Left,National Socialists - 21st Century Left [og],,hand,battery
2014,CZ,,qpp8_7,1203423,ANO 2011,Akce nespokojených občanů,2141,link,battery
2014,CZ,,qpp8_8,1203953,Party of Free Citizens,Strana svobodných občanů,254,link,battery
2014,DE,,qp2_ees,20,other (recoded by EES team),other,,special,answer
2014,DE,,qp2_ees,77,refused,refused,,special,answer
2014,DE,,qp2_ees,88,Don't know,dont-know,,special,answer
2014,DE,,qp2_ees,94,voted blank,blank-invalid,,special,answer
2014,DE,,qp2_ees,96,did not vote,did-not-vote,,special,answer
2014,DE,,qp2_ees,98,other (open answer recoded),other,,special,answer
2014,DE,,qp2_ees,1276113,Alliance 90 / The Greens,Bündnis 90 / Die Grünen,1816,link,answer
2014,DE,,qp2_ees,1276320,Social Democratic Party,Sozialdemokratische Partei Deutschlands,383,link,answer
2014,DE,,qp2_ees,1276321,The Left,Die Linke,1545,link,answer
2014,DE,,qp2_ees,1276420,Free Democratic Party,Freie Demokratische Partei,573,link,answer
2014,DE,,qp2_ees,1276521,Christian Democratic Union / Christian Social Union (CDU (1276521) + CSU (1276521)),Christlich Demokratische Union / Christlich Soziale Union,211,link,answer
2014,DE,,qp2_ees,1276621,Alternative for Germany,Alternative für Deutschland,1976,link,answer
2014,DE,,qp2_ees,1276951,Pirates,Piratenpartei Deutschland,1287,link,answer
2014,DE,,qpp14_1,1276521,Christian Democratic Union / Christian Social Union,Christlich Demokratische Union / Christlich Soziale Union,211,link,battery
2014,DE,,qpp14_2,1276320,Social Democratic Party,Sozialdemokratische Partei Deutschlands,383,link,battery
2014,DE,,qpp14_3,1276420,Free Democratic Party,Freie Demokratische Partei,573,link,battery
2014,DE,,qpp14_4,1276113,Alliance 90 / The Greens,Bündnis 90 / Die Grünen,1816,link,battery
2014,DE,,qpp14_5,1276321,The Left,Die Linke,1545,link,battery
2014,DE,,qpp14_6,1276621,Alternative for Germany,Alternative für Deutschland,1976,link,battery
2014,DE,,qpp14_7,1276951,Pirates,Piratenpartei Deutschland,1287,link,battery
2014,DE,,qpp19_1,1276521,Christian Democratic Union / Christian Social Union,Christlich Demokratische Union / Christlich Soziale Union,211,link,battery
2014,DE,,qpp19_2,1276320,Social Democratic Party,Sozialdemokratische Partei Deutschlands,383,link,battery
2014,DE,,qpp19_3,1276420,Free Democratic Party,Freie Demokratische Partei,573,link,battery
2014,DE,,qpp19_4,1276113,Alliance 90 / The Greens,Bündnis 90 / Die Grünen,1816,link,battery
2014,DE,,qpp19_5,1276321,The Left,Die Linke,1545,link,battery
2014,DE,,qpp19_6,1276621,Alternative for Germany,Alternative für Deutschland,1976,link,battery
2014,DE,,qpp19_7,1276951,Pirates,Piratenpartei Deutschland,1287,link,battery
2014,DE,,qpp21_ees,0,"No, you do not feel close to any political party",none,,special,answer
2014,DE,,qpp21_ees,20,other (recoded by EES team),other,,special,answer
2014,DE,,qpp21_ees,77,refused,refused,,special,answer
2014,DE,,qpp21_ees,88,Don't know,dont-know,,special,answer
2014,DE,,qpp21_ees,98,other (open answer recoded),other,,special,answer
2014,DE,,qpp21_ees,1276113,Alliance 90 / The Greens,Bündnis 90 / Die Grünen,1816,link,answer
2014,DE,,qpp21_ees,1276320,Social Democratic Party,Sozialdemokratische Partei Deutschlands,383,link,answer
2014,DE,,qpp21_ees,1276321,The Left,Die Linke,1545,link,answer
2014,DE,,qpp21_ees,1276420,Free Democratic Party,Freie Demokratische Partei,573,link,answer
2014,DE,,qpp21_ees,1276521,Christian Democratic Union / Christian Social Union,Christlich Demokratische Union / Christlich Soziale Union,211,link,answer
2014,DE,,qpp21_ees,1276621,Alternative for Germany,Alternative für Deutschland,1976,link,answer
2014,DE,,qpp21_ees,1276951,Pirates,Piratenpartei Deutschland,1287,link,answer
2014,DE,,qpp5_ees,20,other (recoded by EES team),other,,special,answer
2014,DE,,qpp5_ees,77,refused,refused,,special,answer
2014,DE,,qpp5_ees,88,Don't know,dont-know,,special,answer
2014,DE,,qpp5_ees,94,voted blank,blank-invalid,,special,answer
2014,DE,,qpp5_ees,96,did not vote,did-not-vote,,special,answer
2014,DE,,qpp5_ees,98,other (open answer recoded),other,,special,answer
2014,DE,,qpp5_ees,1276113,Alliance 90 / The Greens,Bündnis 90 / Die Grünen,1816,link,answer
2014,DE,,qpp5_ees,1276320,Social Democratic Party,Sozialdemokratische Partei Deutschlands,383,link,answer
2014,DE,,qpp5_ees,1276321,The Left,Die Linke,1545,link,answer
2014,DE,,qpp5_ees,1276420,Free Democratic Party,Freie Demokratische Partei,573,link,answer
2014,DE,,qpp5_ees,1276521,Christian Democratic Union / Christian Social Union,Christlich Demokratische Union / Christlich Soziale Union,211,link,answer
2014,DE,,qpp5_ees,1276621,Alternative for Germany,Alternative für Deutschland,1976,link,answer
2014,DE,,qpp5_ees,1276951,Pirates,Piratenpartei Deutschland,1287,link,answer
2014,DE,,qpp6_ees,20,other (recoded by EES team),other,,special,answer
2014,DE,,qpp6_ees,77,refused,refused,,special,answer
2014,DE,,qpp6_ees,88,Don't know,dont-know,,special,answer
2014,DE,,qpp6_ees,94,voted blank,blank-invalid,,special,answer
2014,DE,,qpp6_ees,98,other (open answer recoded),other,,special,answer
2014,DE,,qpp6_ees,1276113,Alliance 90 / The Greens,Bündnis 90 / Die Grünen,1816,link,answer
2014,DE,,qpp6_ees,1276320,Social Democratic Party,Sozialdemokratische Partei Deutschlands,383,link,answer
2014,DE,,qpp6_ees,1276321,The Left,Die Linke,1545,link,answer
2014,DE,,qpp6_ees,1276420,Free Democratic Party,Freie Demokratische Partei,573,link,answer
2014,DE,,qpp6_ees,1276521,Christian Democratic Union / Christian Social Union,Christlich Demokratische Union / Christlich Soziale Union,211,link,answer
2014,DE,,qpp6_ees,1276621,Alternative for Germany,Alternative für Deutschland,1976,link,answer
2014,DE,,qpp6_ees,1276951,Pirates,Piratenpartei Deutschland,1287,link,answer
2014,DE,,qpp8_1,1276521,Christian Democratic Union / Christian Social Union,Christlich Demokratische Union / Christlich Soziale Union,211,link,battery
2014,DE,,qpp8_2,1276320,Social Democratic Party,Sozialdemokratische Partei Deutschlands,383,link,battery
2014,DE,,qpp8_3,1276420,Free Democratic Party,Freie Demokratische Partei,573,link,battery
2014,DE,,qpp8_4,1276113,Alliance 90 / The Greens,Bündnis 90 / Die Grünen,1816,link,battery
2014,DE,,qpp8_5,1276321,The Left,Die Linke,1545,link,battery
2014,DE,,qpp8_6,1276621,Alternative for Germany,Alternative für Deutschland,1976,link,battery
2014,DE,,qpp8_7,1276951,Pirates,Piratenpartei Deutschland,1287,link,battery
2014,DK,,qp2_ees,77,refused,refused,,special,answer
2014,DK,,qp2_ees,88,Don't know,dont-know,,special,answer
2014,DK,,qp2_ees,94,voted blank,blank-invalid,,special,answer
2014,DK,,qp2_ees,96,did not vote,did-not-vote,,special,answer
2014,DK,,qp2_ees,98,other (open answer recoded),other,,special,answer
2014,DK,,qp2_ees,1208320,Social Democratic Party,Socialdemokraterne,379,link,answer
2014,DK,,qp2_ees,1208330,Socialist People's Party,Socialistisk Folkeparti,329,link,answer
2014,DK,,qp2_ees,1208410,Radical Party,Det Radikale Venstre,1507,name,answer
2014,DK,,qp2_ees,1208420,Liberals,Venstre,1204,link,answer
2014,DK,,qp2_ees,1208421,Liberal Alliance,[Ny] Liberal Alliance,212,link,answer
2014,DK,,qp2_ees,1208620,Conservative People's Party,Konservative Folkeparti,536,link,answer
2014,DK,,qp2_ees,1208720,Danish People's Party,Dansk Folkeparti,1022,link,answer
2014,DK,,qp2_ees,1208954,People's Movement against the EU,Folkebevægelsen mod EU,333,link,answer
2014,DK,,qpp14_1,1208320,Social Democratic Party,Socialdemokraterne,379,link,battery
2014,DK,,qpp14_2,1208420,Liberals,Venstre,1204,link,battery
2014,DK,,qpp14_3,1208330,Socialist People's Party,Socialistisk Folkeparti,329,link,battery
2014,DK,,qpp14_4,1208720,Danish People's Party,Dansk Folkeparti,1022,link,battery
2014,DK,,qpp14_5,1208410,Radical Party,Det Radikale Venstre,1507,name,battery
2014,DK,,qpp14_6,1208421,Liberal Alliance,[Ny] Liberal Alliance,212,link,battery
2014,DK,,qpp14_7,1208620,Conservative People's Party,Konservative Folkeparti,536,link,battery
2014,DK,,qpp14_8,1208954,People's Movement against the EU,Folkebevægelsen mod EU,333,link,battery
2014,DK,,qpp19_1,1208320,Social Democratic Party,Socialdemokraterne,379,link,battery
2014,DK,,qpp19_2,1208420,Liberals,Venstre,1204,link,battery
2014,DK,,qpp19_3,1208330,Socialist People's Party,Socialistisk Folkeparti,329,link,battery
2014,DK,,qpp19_4,1208720,Danish People's Party,Dansk Folkeparti,1022,link,battery
2014,DK,,qpp19_5,1208410,Radical Party,Det Radikale Venstre,1507,name,battery
2014,DK,,qpp19_6,1208421,Liberal Alliance,[Ny] Liberal Alliance,212,link,battery
2014,DK,,qpp19_7,1208620,Conservative People's Party,Konservative Folkeparti,536,link,battery
2014,DK,,qpp19_8,1208954,People's Movement against the EU,Folkebevægelsen mod EU,333,link,battery
2014,DK,,qpp21_ees,0,"No, you do not feel close to any political party",none,,special,answer
2014,DK,,qpp21_ees,20,other (recoded by EES team),other,,special,answer
2014,DK,,qpp21_ees,77,refused,refused,,special,answer
2014,DK,,qpp21_ees,88,Don't know,dont-know,,special,answer
2014,DK,,qpp21_ees,98,other (open answer recoded),other,,special,answer
2014,DK,,qpp21_ees,1208320,Social Democratic Party,Socialdemokraterne,379,link,answer
2014,DK,,qpp21_ees,1208330,Socialist People's Party,Socialistisk Folkeparti,329,link,answer
2014,DK,,qpp21_ees,1208410,Radical Party,Det Radikale Venstre,1507,name,answer
2014,DK,,qpp21_ees,1208420,Liberals,Venstre,1204,link,answer
2014,DK,,qpp21_ees,1208421,Liberal Alliance,[Ny] Liberal Alliance,212,link,answer
2014,DK,,qpp21_ees,1208620,Conservative People's Party,Konservative Folkeparti,536,link,answer
2014,DK,,qpp21_ees,1208720,Danish People's Party,Dansk Folkeparti,1022,link,answer
2014,DK,,qpp5_ees,20,other (recoded by EES team),other,,special,answer
2014,DK,,qpp5_ees,77,refused,refused,,special,answer
2014,DK,,qpp5_ees,88,Don't know,dont-know,,special,answer
2014,DK,,qpp5_ees,94,voted blank,blank-invalid,,special,answer
2014,DK,,qpp5_ees,96,did not vote,did-not-vote,,special,answer
2014,DK,,qpp5_ees,1208320,Social Democratic Party,Socialdemokraterne,379,link,answer
2014,DK,,qpp5_ees,1208330,Socialist People's Party,Socialistisk Folkeparti,329,link,answer
2014,DK,,qpp5_ees,1208410,Radical Party,Det Radikale Venstre,1507,name,answer
2014,DK,,qpp5_ees,1208420,Liberals,Venstre,1204,link,answer
2014,DK,,qpp5_ees,1208421,Liberal Alliance,[Ny] Liberal Alliance,212,link,answer
2014,DK,,qpp5_ees,1208620,Conservative People's Party,Konservative Folkeparti,536,link,answer
2014,DK,,qpp5_ees,1208720,Danish People's Party,Dansk Folkeparti,1022,link,answer
2014,DK,,qpp6_ees,20,other (recoded by EES team),other,,special,answer
2014,DK,,qpp6_ees,77,refused,refused,,special,answer
2014,DK,,qpp6_ees,88,Don't know,dont-know,,special,answer
2014,DK,,qpp6_ees,94,voted blank,blank-invalid,,special,answer
2014,DK,,qpp6_ees,98,other (open answer recoded),other,,special,answer
2014,DK,,qpp6_ees,1208320,Social Democratic Party,Socialdemokraterne,379,link,answer
2014,DK,,qpp6_ees,1208330,Socialist People's Party,Socialistisk Folkeparti,329,link,answer
2014,DK,,qpp6_ees,1208410,Radical Party,Det Radikale Venstre,1507,name,answer
2014,DK,,qpp6_ees,1208420,Liberals,Venstre,1204,link,answer
2014,DK,,qpp6_ees,1208421,Liberal Alliance,[Ny] Liberal Alliance,212,link,answer
2014,DK,,qpp6_ees,1208620,Conservative People's Party,Konservative Folkeparti,536,link,answer
2014,DK,,qpp6_ees,1208720,Danish People's Party,Dansk Folkeparti,1022,link,answer
2014,DK,,qpp8_1,1208320,Social Democratic Party,Socialdemokraterne,379,link,battery
2014,DK,,qpp8_2,1208420,Liberals,Venstre,1204,link,battery
2014,DK,,qpp8_3,1208330,Socialist People's Party,Socialistisk Folkeparti,329,link,battery
2014,DK,,qpp8_4,1208720,Danish People's Party,Dansk Folkeparti,1022,link,battery
2014,DK,,qpp8_5,1208410,Radical Party,Det Radikale Venstre,1507,name,battery
2014,DK,,qpp8_6,1208421,Liberal Alliance,[Ny] Liberal Alliance,212,link,battery
2014,DK,,qpp8_7,1208620,Conservative People's Party,Konservative Folkeparti,536,link,battery
2014,DK,,qpp8_8,1208954,People's Movement against the EU,Folkebevægelsen mod EU,333,link,battery
2014,EE,,qp2_ees,20,other (recoded by EES team),other,,special,answer
2014,EE,,qp2_ees,77,refused,refused,,special,answer
2014,EE,,qp2_ees,88,Don't know,dont-know,,special,answer
2014,EE,,qp2_ees,94,voted blank,blank-invalid,,special,answer
2014,EE,,qp2_ees,96,did not vote,did-not-vote,,special,answer
2014,EE,,qp2_ees,98,other (open answer recoded),other,,special,answer
2014,EE,,qp2_ees,1233003,Independent,independent,,hand,answer
2014,EE,,qp2_ees,1233100,Estonian Greens,Erakonna Eestimaa Rohelised,1040,link,answer
2014,EE,,qp2_ees,1233410,Social Democratic Party,Sotsiaaldemokraatlik Erakond — Mõõdukad,1150,link,answer
2014,EE,,qp2_ees,1233411,Estonian Center Party,Eesti Keskerakond,533,link,answer
2014,EE,,qp2_ees,1233430,Estonian Reform Party,Eesti Reformierakond,821,link,answer
2014,EE,,qp2_ees,1233613,Pro Patria and Res Publica Union,Erakond Isamaa ja Res Publica Liit,685,link,answer
2014,EE,,qpp14_1,1233613,Pro Patria and Res Publica Union,Erakond Isamaa ja Res Publica Liit,685,link,battery
2014,EE,,qpp14_2,1233410,Social Democratic Party,Sotsiaaldemokraatlik Erakond — Mõõdukad,1150,link,battery
2014,EE,,qpp14_3,1233430,Estonian Reform Party,Eesti Reformierakond,821,link,battery
2014,EE,,qpp14_4,1233411,Estonian Center Party,Eesti Keskerakond,533,link,battery
2014,EE,,qpp14_5,1233100,Estonian Greens,Erakonna Eestimaa Rohelised,1040,link,battery
2014,EE,,qpp19_1,1233613,Pro Patria and Res Publica Union,Erakond Isamaa ja Res Publica Liit,685,link,battery
2014,EE,,qpp19_2,1233410,Social Democratic Party,Sotsiaaldemokraatlik Erakond — Mõõdukad,1150,link,battery
2014,EE,,qpp19_3,1233430,Estonian Reform Party,Eesti Reformierakond,821,link,battery
2014,EE,,qpp19_4,1233411,Estonian Center Party,Eesti Keskerakond,533,link,battery
2014,EE,,qpp19_5,1233100,Estonian Greens,Erakonna Eestimaa Rohelised,1040,link,battery
2014,EE,,qpp21_ees,0,"No, you do not feel close to any political party",none,,special,answer
2014,EE,,qpp21_ees,20,other (recoded by EES team),other,,special,answer
2014,EE,,qpp21_ees,77,refused,refused,,special,answer
2014,EE,,qpp21_ees,88,Don't know,dont-know,,special,answer
2014,EE,,qpp21_ees,98,other (open answer recoded),other,,special,answer
2014,EE,,qpp21_ees,1233003,Independent,independent,,hand,answer
2014,EE,,qpp21_ees,1233100,Estonian Greens,Erakonna Eestimaa Rohelised,1040,link,answer
2014,EE,,qpp21_ees,1233410,Social Democratic Party,Sotsiaaldemokraatlik Erakond — Mõõdukad,1150,link,answer
2014,EE,,qpp21_ees,1233411,Estonian Center Party,Eesti Keskerakond,533,link,answer
2014,EE,,qpp21_ees,1233430,Estonian Reform Party,Eesti Reformierakond,821,link,answer
2014,EE,,qpp21_ees,1233613,Pro Patria and Res Publica Union,Erakond Isamaa ja Res Publica Liit,685,link,answer
2014,EE,,qpp5_ees,20,other (recoded by EES team),other,,special,answer
2014,EE,,qpp5_ees,77,refused,refused,,special,answer
2014,EE,,qpp5_ees,88,Don't know,dont-know,,special,answer
2014,EE,,qpp5_ees,94,voted blank,blank-invalid,,special,answer
2014,EE,,qpp5_ees,96,did not vote,did-not-vote,,special,answer
2014,EE,,qpp5_ees,98,other (open answer recoded),other,,special,answer
2014,EE,,qpp5_ees,1233100,Estonian Greens,Erakonna Eestimaa Rohelised,1040,link,answer
2014,EE,,qpp5_ees,1233410,Social Democratic Party,Sotsiaaldemokraatlik Erakond — Mõõdukad,1150,link,answer
2014,EE,,qpp5_ees,1233411,Estonian Center Party,Eesti Keskerakond,533,link,answer
2014,EE,,qpp5_ees,1233430,Estonian Reform Party,Eesti Reformierakond,821,link,answer
2014,EE,,qpp5_ees,1233613,Pro Patria and Res Publica Union,Erakond Isamaa ja Res Publica Liit,685,link,answer
2014,EE,,qpp6_ees,20,other (recoded by EES team),other,,special,answer
2014,EE,,qpp6_ees,77,refused,refused,,special,answer
2014,EE,,qpp6_ees,88,Don't know,dont-know,,special,answer
2014,EE,,qpp6_ees,94,voted blank,blank-invalid,,special,answer
2014,EE,,qpp6_ees,98,other (open answer recoded),other,,special,answer
2014,EE,,qpp6_ees,1233003,Independent,independent,,hand,answer
2014,EE,,qpp6_ees,1233100,Estonian Greens,Erakonna Eestimaa Rohelised,1040,link,answer
2014,EE,,qpp6_ees,1233410,Social Democratic Party,Sotsiaaldemokraatlik Erakond — Mõõdukad,1150,link,answer
2014,EE,,qpp6_ees,1233411,Estonian Center Party,Eesti Keskerakond,533,link,answer
2014,EE,,qpp6_ees,1233430,Estonian Reform Party,Eesti Reformierakond,821,link,answer
2014,EE,,qpp6_ees,1233613,Pro Patria and Res Publica Union,Erakond Isamaa ja Res Publica Liit,685,link,answer
2014,EE,,qpp8_1,1233613,Pro Patria and Res Publica Union,Erakond Isamaa ja Res Publica Liit,685,link,battery
2014,EE,,qpp8_2,1233410,Social Democratic Party,Sotsiaaldemokraatlik Erakond — Mõõdukad,1150,link,battery
2014,EE,,qpp8_3,1233430,Estonian Reform Party,Eesti Reformierakond,821,link,battery
2014,EE,,qpp8_4,1233411,Estonian Center Party,Eesti Keskerakond,533,link,battery
2014,EE,,qpp8_5,1233100,Estonian Greens,Erakonna Eestimaa Rohelised,1040,link,battery
2014,ES,,qp2_ees,20,other (recoded by EES team),other,,special,answer
2014,ES,,qp2_ees,77,refused,refused,,special,answer
2014,ES,,qp2_ees,88,Don't know,dont-know,,special,answer
2014,ES,,qp2_ees,94,voted blank,blank-invalid,,special,answer
2014,ES,,qp2_ees,96,did not vote,did-not-vote,,special,answer
2014,ES,,qp2_ees,98,other (open answer recoded),other,,special,answer
2014,ES,,qp2_ees,1724010,"Union, Progress and Democracy",Unión Progreso y Democracia,55,link,answer
2014,ES,,qp2_ees,1724220,United Left,Izquierda Unida,247,name,answer
2014,ES,,qp2_ees,1724230,Podemos (We Can),Podemos,3203,link,answer
2014,ES,,qp2_ees,1724320,Spanish Socialist Workers' Party,Partido Socialista Obrero Español,1338,link,answer
2014,ES,,qp2_ees,1724410,Citizens - Party of the Citizenry,Ciudadanos — Partido de la Ciudadanía,3217,link,answer
2014,ES,,qp2_ees,1724610,Popular Party,Alianza-Partido Popular / Partido Popular,441,link,answer
2014,ES,,qp2_ees,1724906,Left for The Right to Decide (Coalition ERC (1724905) + others),Left for The Right to Decide (Coalition ERC (1724905) + others) [og],,hand,answer
2014,ES,,qp2_ees,1724925,Coalition for Europe (CiU (1724007) + EAJ-PNV (1724902) + CC (1724907) + others),Coalition for Europe (CiU (1724007) + EAJ-PNV (1724902) + CC (1724907) + others) [og],,hand,answer
2014,ES,,qpp14_1,1724610,Popular Party,Alianza-Partido Popular / Partido Popular,441,link,battery
2014,ES,,qpp14_2,1724320,Spanish Socialist Workers' Party,Partido Socialista Obrero Español,1338,link,battery
2014,ES,,qpp14_3,1724220,United Left,Izquierda Unida,247,name,battery
2014,ES,,qpp14_4,1724010,"Union, Progress and Democracy",Unión Progreso y Democracia,55,link,battery
2014,ES,,qpp14_5,1724925,Coalition for Europe,Coalición por la Europa de los Pueblos,5853,name,battery
2014,ES,,qpp14_6,,Catalan Republican Left,Esquerra Republicana de Catalunya,848,link,battery
2014,ES,,qpp14_7,1724410,Citizens - Party of the Citizenry,Ciudadanos — Partido de la Ciudadanía,3217,link,battery
2014,ES,,qpp14_8,1724230,Podemos (We Can),Podemos,3203,link,battery
2014,ES,,qpp19_1,1724610,Popular Party,Alianza-Partido Popular / Partido Popular,441,link,battery
2014,ES,,qpp19_2,1724320,Spanish Socialist Workers' Party,Partido Socialista Obrero Español,1338,link,battery
2014,ES,,qpp19_3,1724220,United Left,Izquierda Unida,247,name,battery
2014,ES,,qpp19_4,1724010,"Union, Progress and Democracy",Unión Progreso y Democracia,55,link,battery
2014,ES,,qpp19_5,1724925,Coalition for Europe,Coalición por la Europa de los Pueblos,5853,name,battery
2014,ES,,qpp19_6,,Catalan Republican Left,Esquerra Republicana de Catalunya,848,link,battery
2014,ES,,qpp19_7,1724410,Citizens - Party of the Citizenry,Ciudadanos — Partido de la Ciudadanía,3217,link,battery
2014,ES,,qpp19_8,1724230,Podemos (We Can),Podemos,3203,link,battery
2014,ES,,qpp21_ees,0,"No, you do not feel close to any political party",none,,special,answer
2014,ES,,qpp21_ees,20,other (recoded by EES team),other,,special,answer
2014,ES,,qpp21_ees,77,refused,refused,,special,answer
2014,ES,,qpp21_ees,88,Don't know,dont-know,,special,answer
2014,ES,,qpp21_ees,98,other (open answer recoded),other,,special,answer
2014,ES,,qpp21_ees,1724010,"Union, Progress and Democracy",Unión Progreso y Democracia,55,link,answer
2014,ES,,qpp21_ees,1724230,Podemos (We Can),Podemos,3203,link,answer
2014,ES,,qpp21_ees,1724320,Spanish Socialist Workers' Party,Partido Socialista Obrero Español,1338,link,answer
2014,ES,,qpp21_ees,1724410,Citizens - Party of the Citizenry,Ciudadanos — Partido de la Ciudadanía,3217,link,answer
2014,ES,,qpp21_ees,1724610,Popular Party,Alianza-Partido Popular / Partido Popular,441,link,answer
2014,ES,,qpp21_ees,1724902,Basque Nationalist Party,Partido Nacionalista Vasco — Euzko Alderdi Jeltzalea,1637,link,answer
2014,ES,,qpp21_ees,1724905,Catalan Republican Left,Esquerra Republicana de Catalunya,848,link,answer
2014,ES,,qpp21_ees,1724907,Canarian Coalition,Coalición Canaria,81,link,answer
2014,ES,,qpp21_ees,1724908,Galician Nationalist Bloc,Bloque Nacionalista Galego,1011,link,answer
2014,ES,,qpp5_ees,20,other (recoded by EES team),other,,special,answer
2014,ES,,qpp5_ees,77,refused,refused,,special,answer
2014,ES,,qpp5_ees,88,Don't know,dont-know,,special,answer
2014,ES,,qpp5_ees,94,voted blank,blank-invalid,,special,answer
2014,ES,,qpp5_ees,96,did not vote,did-not-vote,,special,answer
2014,ES,,qpp5_ees,98,other (open answer recoded),other,,special,answer
2014,ES,,qpp5_ees,1724007,Convergence and Union,Convergència i Unió,139,link,answer
2014,ES,,qpp5_ees,1724010,"Union, Progress and Democracy",Unión Progreso y Democracia,55,link,answer
2014,ES,,qpp5_ees,1724320,Spanish Socialist Workers' Party,Partido Socialista Obrero Español,1338,link,answer
2014,ES,,qpp5_ees,1724410,Citizens - Party of the Citizenry,Ciudadanos — Partido de la Ciudadanía,3217,link,answer
2014,ES,,qpp5_ees,1724610,Popular Party,Alianza-Partido Popular / Partido Popular,441,link,answer
2014,ES,,qpp5_ees,1724902,Basque Nationalist Party,Partido Nacionalista Vasco — Euzko Alderdi Jeltzalea,1637,link,answer
2014,ES,,qpp5_ees,1724905,Catalan Republican Left,Esquerra Republicana de Catalunya,848,link,answer
2014,ES,,qpp5_ees,1724907,Canarian Coalition,Coalición Canaria,81,link,answer
2014,ES,,qpp5_ees,1724908,Galician Nationalist Bloc,Bloque Nacionalista Galego,1011,link,answer
2014,ES,,qpp6_ees,20,other (recoded by EES team),other,,special,answer
2014,ES,,qpp6_ees,77,refused,refused,,special,answer
2014,ES,,qpp6_ees,88,Don't know,dont-know,,special,answer
2014,ES,,qpp6_ees,94,voted blank,blank-invalid,,special,answer
2014,ES,,qpp6_ees,98,other (open answer recoded),other,,special,answer
2014,ES,,qpp6_ees,1724010,"Union, Progress and Democracy",Unión Progreso y Democracia,55,link,answer
2014,ES,,qpp6_ees,1724220,United Left,Izquierda Unida,247,name,answer
2014,ES,,qpp6_ees,1724230,Podemos (We Can),Podemos,3203,link,answer
2014,ES,,qpp6_ees,1724320,Spanish Socialist Workers' Party,Partido Socialista Obrero Español,1338,link,answer
2014,ES,,qpp6_ees,1724410,Citizens - Party of the Citizenry,Ciudadanos — Partido de la Ciudadanía,3217,link,answer
2014,ES,,qpp6_ees,1724610,Popular Party,Alianza-Partido Popular / Partido Popular,441,link,answer
2014,ES,,qpp6_ees,1724902,Basque Nationalist Party,Partido Nacionalista Vasco — Euzko Alderdi Jeltzalea,1637,link,answer
2014,ES,,qpp6_ees,1724905,Catalan Republican Left,Esquerra Republicana de Catalunya,848,link,answer
2014,ES,,qpp6_ees,1724907,Canarian Coalition,Coalición Canaria,81,link,answer
2014,ES,,qpp6_ees,1724908,Galician Nationalist Bloc,Bloque Nacionalista Galego,1011,link,answer
2014,ES,,qpp8_1,1724610,Popular Party,Alianza-Partido Popular / Partido Popular,441,link,battery
2014,ES,,qpp8_2,1724320,Spanish Socialist Workers' Party,Partido Socialista Obrero Español,1338,link,battery
2014,ES,,qpp8_3,1724220,United Left,Izquierda Unida,247,name,battery
2014,ES,,qpp8_4,1724010,"Union, Progress and Democracy",Unión Progreso y Democracia,55,link,battery
2014,ES,,qpp8_5,1724925,Coalition for Europe,Coalición por la Europa de los Pueblos,5853,name,battery
2014,ES,,qpp8_6,,Catalan Republican Left,Esquerra Republicana de Catalunya,848,link,battery
2014,ES,,qpp8_7,1724410,Citizens - Party of the Citizenry,Ciudadanos — Partido de la Ciudadanía,3217,link,battery
2014,ES,,qpp8_8,1724230,Podemos (We Can),Podemos,3203,link,battery
2014,FI,,qp2_ees,77,refused,refused,,special,answer
2014,FI,,qp2_ees,88,Don't know,dont-know,,special,answer
2014,FI,,qp2_ees,94,voted blank,blank-invalid,,special,answer
2014,FI,,qp2_ees,96,did not vote,did-not-vote,,special,answer
2014,FI,,qp2_ees,98,other (open answer recoded),other,,special,answer
2014,FI,,qp2_ees,1246110,Green Union,Vihreä Liitto,479,name,answer
2014,FI,,qp2_ees,1246223,Left Wing Alliance,Vasemmistoliitto,1044,link,answer
2014,FI,,qp2_ees,1246320,Finnish Social Democrats,Suomen Sosialidemokraattinen Puolue,1303,link,answer
2014,FI,,qp2_ees,1246520,Christian Democrats in Finland,Kristillisdemokraatit,703,link,answer
2014,FI,,qp2_ees,1246620,National Coalition,Kansallinen Kokoomus,495,link,answer
2014,FI,,qp2_ees,1246810,Finnish Centre,Maalaisliitto / Keskusta,901,link,answer
2014,FI,,qp2_ees,1246820,True Finns,Suomen Puolue / Perussuomalaiset,1689,link,answer
2014,FI,,qp2_ees,1246901,Swedish People's Party,Ruotsalainen Kansanpuolue / Svenska Folkepartiet i Finland,1229,link,answer
2014,FI,,qpp14_1,1246620,National Coalition,Kansallinen Kokoomus,495,link,battery
2014,FI,,qpp14_2,1246520,Christian Democrats in Finland,Kristillisdemokraatit,703,link,battery
2014,FI,,qpp14_3,1246320,Finnish Social Democrats,Suomen Sosialidemokraattinen Puolue,1303,link,battery
2014,FI,,qpp14_4,1246810,Finnish Centre,Maalaisliitto / Keskusta,901,link,battery
2014,FI,,qpp14_5,1246901,Swedish People's Party,Ruotsalainen Kansanpuolue / Svenska Folkepartiet i Finland,1229,link,battery
2014,FI,,qpp14_6,1246110,Green Union,Vihreä Liitto,479,name,battery
2014,FI,,qpp14_7,1246223,Left Wing Alliance,Vasemmistoliitto,1044,link,battery
2014,FI,,qpp14_8,1246820,True Finns,Suomen Puolue / Perussuomalaiset,1689,link,battery
2014,FI,,qpp19_1,1246620,National Coalition,Kansallinen Kokoomus,495,link,battery
2014,FI,,qpp19_2,1246520,Christian Democrats in Finland,Kristillisdemokraatit,703,link,battery
2014,FI,,qpp19_3,1246320,Finnish Social Democrats,Suomen Sosialidemokraattinen Puolue,1303,link,battery
2014,FI,,qpp19_4,1246810,Finnish Centre,Maalaisliitto / Keskusta,901,link,battery
2014,FI,,qpp19_5,1246901,Swedish People's Party,Ruotsalainen Kansanpuolue / Svenska Folkepartiet i Finland,1229,link,battery
2014,FI,,qpp19_6,1246110,Green Union,Vihreä Liitto,479,name,battery
2014,FI,,qpp19_7,1246223,Left Wing Alliance,Vasemmistoliitto,1044,link,battery
2014,FI,,qpp19_8,1246820,True Finns,Suomen Puolue / Perussuomalaiset,1689,link,battery
2014,FI,,qpp21_ees,0,"No, you do not feel close to any political party",none,,special,answer
2014,FI,,qpp21_ees,77,refused,refused,,special,answer
2014,FI,,qpp21_ees,88,Don't know,dont-know,,special,answer
2014,FI,,qpp21_ees,98,other (open answer recoded),other,,special,answer
2014,FI,,qpp21_ees,1246110,Green Union,Vihreä Liitto,479,name,answer
2014,FI,,qpp21_ees,1246223,Left Wing Alliance,Vasemmistoliitto,1044,link,answer
2014,FI,,qpp21_ees,1246320,Finnish Social Democrats,Suomen Sosialidemokraattinen Puolue,1303,link,answer
2014,FI,,qpp21_ees,1246520,Christian Democrats in Finland,Kristillisdemokraatit,703,link,answer
2014,FI,,qpp21_ees,1246620,National Coalition,Kansallinen Kokoomus,495,link,answer
2014,FI,,qpp21_ees,1246810,Finnish Centre,Maalaisliitto / Keskusta,901,link,answer
2014,FI,,qpp21_ees,1246820,True Finns,Suomen Puolue / Perussuomalaiset,1689,link,answer
2014,FI,,qpp21_ees,1246901,Swedish People's Party,Ruotsalainen Kansanpuolue / Svenska Folkepartiet i Finland,1229,link,answer
2014,FI,,qpp5_ees,20,other (recoded by EES team),other,,special,answer
2014,FI,,qpp5_ees,77,refused,refused,,special,answer
2014,FI,,qpp5_ees,88,Don't know,dont-know,,special,answer
2014,FI,,qpp5_ees,94,voted blank,blank-invalid,,special,answer
2014,FI,,qpp5_ees,96,did not vote,did-not-vote,,special,answer
2014,FI,,qpp5_ees,98,other (open answer recoded),other,,special,answer
2014,FI,,qpp5_ees,1246110,Green Union,Vihreä Liitto,479,name,answer
2014,FI,,qpp5_ees,1246223,Left Wing Alliance,Vasemmistoliitto,1044,link,answer
2014,FI,,qpp5_ees,1246320,Finnish Social Democrats,Suomen Sosialidemokraattinen Puolue,1303,link,answer
2014,FI,,qpp5_ees,1246520,Christian Democrats in Finland,Kristillisdemokraatit,703,link,answer
2014,FI,,qpp5_ees,1246620,National Coalition,Kansallinen Kokoomus,495,link,answer
2014,FI,,qpp5_ees,1246810,Finnish Centre,Maalaisliitto / Keskusta,901,link,answer
2014,FI,,qpp5_ees,1246820,True Finns,Suomen Puolue / Perussuomalaiset,1689,link,answer
2014,FI,,qpp5_ees,1246901,Swedish People's Party,Ruotsalainen Kansanpuolue / Svenska Folkepartiet i Finland,1229,link,answer
2014,FI,,qpp6_ees,77,refused,refused,,special,answer
2014,FI,,qpp6_ees,88,Don't know,dont-know,,special,answer
2014,FI,,qpp6_ees,94,voted blank,blank-invalid,,special,answer
2014,FI,,qpp6_ees,98,other (open answer recoded),other,,special,answer
2014,FI,,qpp6_ees,1246110,Green Union,Vihreä Liitto,479,name,answer
2014,FI,,qpp6_ees,1246223,Left Wing Alliance,Vasemmistoliitto,1044,link,answer
2014,FI,,qpp6_ees,1246320,Finnish Social Democrats,Suomen Sosialidemokraattinen Puolue,1303,link,answer
2014,FI,,qpp6_ees,1246520,Christian Democrats in Finland,Kristillisdemokraatit,703,link,answer
2014,FI,,qpp6_ees,1246620,National Coalition,Kansallinen Kokoomus,495,link,answer
2014,FI,,qpp6_ees,1246810,Finnish Centre,Maalaisliitto / Keskusta,901,link,answer
2014,FI,,qpp6_ees,1246820,True Finns,Suomen Puolue / Perussuomalaiset,1689,link,answer
2014,FI,,qpp6_ees,1246901,Swedish People's Party,Ruotsalainen Kansanpuolue / Svenska Folkepartiet i Finland,1229,link,answer
2014,FI,,qpp8_1,1246620,National Coalition,Kansallinen Kokoomus,495,link,battery
2014,FI,,qpp8_2,1246520,Christian Democrats in Finland,Kristillisdemokraatit,703,link,battery
2014,FI,,qpp8_3,1246320,Finnish Social Democrats,Suomen Sosialidemokraattinen Puolue,1303,link,battery
2014,FI,,qpp8_4,1246810,Finnish Centre,Maalaisliitto / Keskusta,901,link,battery
2014,FI,,qpp8_5,1246901,Swedish People's Party,Ruotsalainen Kansanpuolue / Svenska Folkepartiet i Finland,1229,link,battery
2014,FI,,qpp8_6,1246110,Green Union,Vihreä Liitto,479,name,battery
2014,FI,,qpp8_7,1246223,Left Wing Alliance,Vasemmistoliitto,1044,link,battery
2014,FI,,qpp8_8,1246820,True Finns,Suomen Puolue / Perussuomalaiset,1689,link,battery
2014,FR,,qp2_ees,20,other (recoded by EES team),other,,special,answer
2014,FR,,qp2_ees,77,refused,refused,,special,answer
2014,FR,,qp2_ees,88,Don't know,dont-know,,special,answer
2014,FR,,qp2_ees,94,voted blank,blank-invalid,,special,answer
2014,FR,,qp2_ees,96,did not vote,did-not-vote,,special,answer
2014,FR,,qp2_ees,98,other (open answer recoded),other,,special,answer
2014,FR,,qp2_ees,1250110,Europe Ecology - The Greens,Europe Écologie — Les Verts,5650,hand,answer
2014,FR,,qp2_ees,1250223,Left Front,Front de Gauche,4363,name,answer
2014,FR,,qp2_ees,1250233,New Anticapitalist Party,Nouveau Parti Anticapitaliste,6684,name,answer
2014,FR,,qp2_ees,1250320,Socialist Party,Parti socialiste,1478,link,answer
2014,FR,,qp2_ees,1250336,Union of Democrats and Independents,Union des démocrates et indépendants,3229,name,answer
2014,FR,,qp2_ees,1250626,Union for a Popular Movement,Union pour un mouvement populaire,1595,hand,answer
2014,FR,,qp2_ees,1250636,Arise the Republic,Debout la France,3207,hand,answer
2014,FR,,qp2_ees,1250720,National Front,Front National / Rassemblement national,433,link,answer
2014,FR,,qpp14_1,1250626,Union for a Popular Movement,Union pour un mouvement populaire,1595,hand,battery
2014,FR,,qpp14_2,1250320,Socialist Party,Parti socialiste,1478,link,battery
2014,FR,,qpp14_3,1250720,National Front,Front National / Rassemblement national,433,link,battery
2014,FR,,qpp14_4,1250110,Europe Ecology - The Greens,Europe Écologie — Les Verts,5650,hand,battery
2014,FR,,qpp14_5,1250223,Left Front,Front de Gauche,4363,name,battery
2014,FR,,qpp14_6,1250336,Union of Democrats and Independents,Union des démocrates et indépendants,3229,name,battery
2014,FR,,qpp14_7,1250636,Arise the Republic,Debout la France,3207,hand,battery
2014,FR,,qpp14_8,1250233,New Anticapitalist Party,Nouveau Parti Anticapitaliste,6684,name,battery
2014,FR,,qpp19_1,1250626,Union for a Popular Movement,Union pour un mouvement populaire,1595,hand,battery
2014,FR,,qpp19_2,1250320,Socialist Party,Parti socialiste,1478,link,battery
2014,FR,,qpp19_3,1250720,National Front,Front National / Rassemblement national,433,link,battery
2014,FR,,qpp19_4,1250110,Europe Ecology - The Greens,Europe Écologie — Les Verts,5650,hand,battery
2014,FR,,qpp19_5,1250223,Left Front,Front de Gauche,4363,name,battery
2014,FR,,qpp19_6,1250336,Union of Democrats and Independents,Union des démocrates et indépendants,3229,name,battery
2014,FR,,qpp19_7,1250636,Arise the Republic,Debout la France,3207,hand,battery
2014,FR,,qpp19_8,1250233,New Anticapitalist Party,Nouveau Parti Anticapitaliste,6684,name,battery
2014,FR,,qpp21_ees,0,"No, you do not feel close to any political party",none,,special,answer
2014,FR,,qpp21_ees,20,other (recoded by EES team),other,,special,answer
2014,FR,,qpp21_ees,77,refused,refused,,special,answer
2014,FR,,qpp21_ees,88,Don't know,dont-know,,special,answer
2014,FR,,qpp21_ees,98,other (open answer recoded),other,,special,answer
2014,FR,,qpp21_ees,1250110,Europe Ecology - The Greens,Europe Écologie — Les Verts,5650,hand,answer
2014,FR,,qpp21_ees,1250223,Left Front,Front de Gauche,4363,name,answer
2014,FR,,qpp21_ees,1250233,New Anticapitalist Party,Nouveau Parti Anticapitaliste,6684,name,answer
2014,FR,,qpp21_ees,1250320,Socialist Party,Parti socialiste,1478,link,answer
2014,FR,,qpp21_ees,1250336,Union of Democrats and Independents,Union des démocrates et indépendants,3229,name,answer
2014,FR,,qpp21_ees,1250626,Union for a Popular Movement,Union pour un mouvement populaire,1595,hand,answer
2014,FR,,qpp21_ees,1250636,Arise the Republic,Debout la France,3207,hand,answer
2014,FR,,qpp21_ees,1250720,National Front,Front National / Rassemblement national,433,link,answer
2014,FR,,qpp5_ees,20,other (recoded by EES team),other,,special,answer
2014,FR,,qpp5_ees,77,refused,refused,,special,answer
2014,FR,,qpp5_ees,88,Don't know,dont-know,,special,answer
2014,FR,,qpp5_ees,94,voted blank,blank-invalid,,special,answer
2014,FR,,qpp5_ees,96,did not vote,did-not-vote,,special,answer
2014,FR,,qpp5_ees,98,other (open answer recoded),other,,special,answer
2014,FR,,qpp5_ees,1250110,Europe Ecology - The Greens,Europe Écologie — Les Verts,5650,hand,answer
2014,FR,,qpp5_ees,1250223,Left Front,Front de Gauche,4363,name,answer
2014,FR,,qpp5_ees,1250320,Socialist Party,Parti socialiste,1478,link,answer
2014,FR,,qpp5_ees,1250626,Union for a Popular Movement,Union pour un mouvement populaire,1595,hand,answer
2014,FR,,qpp5_ees,1250720,National Front,Front National / Rassemblement national,433,link,answer
2014,FR,,qpp6_ees,20,other (recoded by EES team),other,,special,answer
2014,FR,,qpp6_ees,77,refused,refused,,special,answer
2014,FR,,qpp6_ees,88,Don't know,dont-know,,special,answer
2014,FR,,qpp6_ees,94,voted blank,blank-invalid,,special,answer
2014,FR,,qpp6_ees,98,other (open answer recoded),other,,special,answer
2014,FR,,qpp6_ees,1250110,Europe Ecology - The Greens,Europe Écologie — Les Verts,5650,hand,answer
2014,FR,,qpp6_ees,1250223,Left Front,Front de Gauche,4363,name,answer
2014,FR,,qpp6_ees,1250233,New Anticapitalist Party,Nouveau Parti Anticapitaliste,6684,name,answer
2014,FR,,qpp6_ees,1250320,Socialist Party,Parti socialiste,1478,link,answer
2014,FR,,qpp6_ees,1250336,Union of Democrats and Independents,Union des démocrates et indépendants,3229,name,answer
2014,FR,,qpp6_ees,1250626,Union for a Popular Movement,Union pour un mouvement populaire,1595,hand,answer
2014,FR,,qpp6_ees,1250636,Arise the Republic,Debout la France,3207,hand,answer
2014,FR,,qpp6_ees,1250720,National Front,Front National / Rassemblement national,433,link,answer
2014,FR,,qpp8_1,1250626,Union for a Popular Movement,Union pour un mouvement populaire,1595,hand,battery
2014,FR,,qpp8_2,1250320,Socialist Party,Parti socialiste,1478,link,battery
2014,FR,,qpp8_3,1250720,National Front,Front National / Rassemblement national,433,link,battery
2014,FR,,qpp8_4,1250110,Europe Ecology - The Greens,Europe Écologie — Les Verts,5650,hand,battery
2014,FR,,qpp8_5,1250223,Left Front,Front de Gauche,4363,name,battery
2014,FR,,qpp8_6,1250336,Union of Democrats and Independents,Union des démocrates et indépendants,3229,name,battery
2014,FR,,qpp8_7,1250636,Arise the Republic,Debout la France,3207,hand,battery
2014,FR,,qpp8_8,1250233,New Anticapitalist Party,Nouveau Parti Anticapitaliste,6684,name,battery
2014,GB,,qp2_ees,20,other (recoded by EES team),other,,special,answer
2014,GB,,qp2_ees,77,refused,refused,,special,answer
2014,GB,,qp2_ees,88,Don't know,dont-know,,special,answer
2014,GB,,qp2_ees,94,voted blank,blank-invalid,,special,answer
2014,GB,,qp2_ees,96,did not vote,did-not-vote,,special,answer
2014,GB,,qp2_ees,98,other (open answer recoded),other,,special,answer
2014,GB,,qp2_ees,1826110,Green Party,Green Party of England and Wales,1794,link,answer
2014,GB,,qp2_ees,1826210,Sinn Fein,Sinn Féin,963,link,answer
2014,GB,,qp2_ees,1826320,Labour Party,Labour Party,1516,link,answer
2014,GB,,qp2_ees,1826421,Liberal Democrats,Liberal Democrats,1388,link,answer
2014,GB,,qp2_ees,1826620,Conservative Party,Conservatives,1567,link,answer
2014,GB,,qp2_ees,1826720,British National Party,British National Party,855,link,answer
2014,GB,,qp2_ees,1826724,Social Democratic & Labour Party,Social Democratic and Labour Party,762,link,answer
2014,GB,,qp2_ees,1826901,Party of Wales,Plaid Cymru,1002,link,answer
2014,GB,,qp2_ees,1826902,Scottish National Party,Scottish National Party,986,link,answer
2014,GB,,qp2_ees,1826903,Democratic Unionist Party,Democratic Unionist Party,335,link,answer
2014,GB,,qp2_ees,1826951,United Kingdom Independence Party,United Kingdom Independence Party,601,link,answer
2014,GB,,qpp14_1,1826620,Conservative Party,Conservatives,1567,link,battery
2014,GB,,qpp14_2,1826320,Labour Party,Labour Party,1516,link,battery
2014,GB,,qpp14_3,1826421,Liberal Democrats,Liberal Democrats,1388,link,battery
2014,GB,,qpp14_4,1826110,Green Party,Green Party of England and Wales,1794,link,battery
2014,GB,,qpp14_5,1826951,United Kingdom Independence Party,United Kingdom Independence Party,601,link,battery
2014,GB,,qpp14_6,1826902,Scottish National Party,Scottish National Party,986,link,battery
2014,GB,,qpp14_7,1826901,Party of Wales,Plaid Cymru,1002,link,battery
2014,GB,,qpp19_1,1826620,Conservative Party,Conservatives,1567,link,battery
2014,GB,,qpp19_2,1826320,Labour Party,Labour Party,1516,link,battery
2014,GB,,qpp19_3,1826421,Liberal Democrats,Liberal Democrats,1388,link,battery
2014,GB,,qpp19_4,1826110,Green Party,Green Party of England and Wales,1794,link,battery
2014,GB,,qpp19_5,1826951,United Kingdom Independence Party,United Kingdom Independence Party,601,link,battery
2014,GB,,qpp19_6,1826902,Scottish National Party,Scottish National Party,986,link,battery
2014,GB,,qpp19_7,1826901,Party of Wales,Plaid Cymru,1002,link,battery
2014,GB,,qpp21_ees,0,"No, you do not feel close to any political party",none,,special,answer
2014,GB,,qpp21_ees,20,other (recoded by EES team),other,,special,answer
2014,GB,,qpp21_ees,77,refused,refused,,special,answer
2014,GB,,qpp21_ees,88,Don't know,dont-know,,special,answer
2014,GB,,qpp21_ees,98,other (open answer recoded),other,,special,answer
2014,GB,,qpp21_ees,1826110,Green Party,Green Party of England and Wales,1794,link,answer
2014,GB,,qpp21_ees,1826210,Sinn Fein,Sinn Féin,963,link,answer
2014,GB,,qpp21_ees,1826320,Labour Party,Labour Party,1516,link,answer
2014,GB,,qpp21_ees,1826421,Liberal Democrats,Liberal Democrats,1388,link,answer
2014,GB,,qpp21_ees,1826620,Conservative Party,Conservatives,1567,link,answer
2014,GB,,qpp21_ees,1826720,British National Party,British National Party,855,link,answer
2014,GB,,qpp21_ees,1826724,Social Democratic & Labour Party,Social Democratic and Labour Party,762,link,answer
2014,GB,,qpp21_ees,1826901,Party of Wales,Plaid Cymru,1002,link,answer
2014,GB,,qpp21_ees,1826902,Scottish National Party,Scottish National Party,986,link,answer
2014,GB,,qpp21_ees,1826903,Democratic Unionist Party,Democratic Unionist Party,335,link,answer
2014,GB,,qpp21_ees,1826951,United Kingdom Independence Party,United Kingdom Independence Party,601,link,answer
2014,GB,,qpp5_ees,20,other (recoded by EES team),other,,special,answer
2014,GB,,qpp5_ees,77,refused,refused,,special,answer
2014,GB,,qpp5_ees,88,Don't know,dont-know,,special,answer
2014,GB,,qpp5_ees,94,voted blank,blank-invalid,,special,answer
2014,GB,,qpp5_ees,96,did not vote,did-not-vote,,special,answer
2014,GB,,qpp5_ees,98,other (open answer recoded),other,,special,answer
2014,GB,,qpp5_ees,1826110,Green Party,Green Party of England and Wales,1794,link,answer
2014,GB,,qpp5_ees,1826210,Sinn Fein,Sinn Féin,963,link,answer
2014,GB,,qpp5_ees,1826320,Labour Party,Labour Party,1516,link,answer
2014,GB,,qpp5_ees,1826421,Liberal Democrats,Liberal Democrats,1388,link,answer
2014,GB,,qpp5_ees,1826620,Conservative Party,Conservatives,1567,link,answer
2014,GB,,qpp5_ees,1826720,British National Party,British National Party,855,link,answer
2014,GB,,qpp5_ees,1826724,Social Democratic & Labour Party,Social Democratic and Labour Party,762,link,answer
2014,GB,,qpp5_ees,1826901,Party of Wales,Plaid Cymru,1002,link,answer
2014,GB,,qpp5_ees,1826902,Scottish National Party,Scottish National Party,986,link,answer
2014,GB,,qpp5_ees,1826903,Democratic Unionist Party,Democratic Unionist Party,335,link,answer
2014,GB,,qpp5_ees,1826951,United Kingdom Independence Party,United Kingdom Independence Party,601,link,answer
2014,GB,,qpp6_ees,20,other (recoded by EES team),other,,special,answer
2014,GB,,qpp6_ees,77,refused,refused,,special,answer
2014,GB,,qpp6_ees,88,Don't know,dont-know,,special,answer
2014,GB,,qpp6_ees,94,voted blank,blank-invalid,,special,answer
2014,GB,,qpp6_ees,98,other (open answer recoded),other,,special,answer
2014,GB,,qpp6_ees,1826110,Green Party,Green Party of England and Wales,1794,link,answer
2014,GB,,qpp6_ees,1826210,Sinn Fein,Sinn Féin,963,link,answer
2014,GB,,qpp6_ees,1826320,Labour Party,Labour Party,1516,link,answer
2014,GB,,qpp6_ees,1826421,Liberal Democrats,Liberal Democrats,1388,link,answer
2014,GB,,qpp6_ees,1826620,Conservative Party,Conservatives,1567,link,answer
2014,GB,,qpp6_ees,1826720,British National Party,British National Party,855,link,answer
2014,GB,,qpp6_ees,1826724,Social Democratic & Labour Party,Social Democratic and Labour Party,762,link,answer
2014,GB,,qpp6_ees,1826901,Party of Wales,Plaid Cymru,1002,link,answer
2014,GB,,qpp6_ees,1826902,Scottish National Party,Scottish National Party,986,link,answer
2014,GB,,qpp6_ees,1826903,Democratic Unionist Party,Democratic Unionist Party,335,link,answer
2014,GB,,qpp6_ees,1826951,United Kingdom Independence Party,United Kingdom Independence Party,601,link,answer
2014,GB,,qpp8_1,1826620,Conservative Party,Conservatives,1567,link,battery
2014,GB,,qpp8_2,1826320,Labour Party,Labour Party,1516,link,battery
2014,GB,,qpp8_3,1826421,Liberal Democrats,Liberal Democrats,1388,link,battery
2014,GB,,qpp8_4,1826110,Green Party,Green Party of England and Wales,1794,link,battery
2014,GB,,qpp8_5,1826951,United Kingdom Independence Party,United Kingdom Independence Party,601,link,battery
2014,GB,,qpp8_6,1826902,Scottish National Party,Scottish National Party,986,link,battery
2014,GB,,qpp8_7,1826901,Party of Wales,Plaid Cymru,1002,link,battery
2014,GR,,qp2_ees,20,other (recoded by EES team),other,,special,answer
2014,GR,,qp2_ees,77,refused,refused,,special,answer
2014,GR,,qp2_ees,88,Don't know,dont-know,,special,answer
2014,GR,,qp2_ees,94,voted blank,blank-invalid,,special,answer
2014,GR,,qp2_ees,96,did not vote,did-not-vote,,special,answer
2014,GR,,qp2_ees,98,other (open answer recoded),other,,special,answer
2014,GR,,qp2_ees,1300116,Ecologist Greens,Oikologoi Prasinoi,378,name,answer
2014,GR,,qp2_ees,1300210,Communist Party of Greece,Kommounistikó Kómma Elládas,48,link,answer
2014,GR,,qp2_ees,1300215,Coalition of the Radical Left,Synaspismós Rizospastikís Aristerás,301,link,answer
2014,GR,,qp2_ees,1300225,Democratic Left,Dimokratiki Aristera,1160,link,answer
2014,GR,,qp2_ees,1300314,Olive Tree-Democratic Alignment (Coalition PASOK (1300313) + others),Olive Tree-Democratic Alignment (Coalition PASOK (1300313) + others) [og],,hand,answer
2014,GR,,qp2_ees,1300323,The River (Greece),To Potami,3118,name,answer
2014,GR,,qp2_ees,1300511,New Democracy,Néa Đimokratía,794,link,answer
2014,GR,,qp2_ees,1300611,Independent Greeks,Anexartitoi Ellines,1651,link,answer
2014,GR,,qp2_ees,1300703,Popular Orthodox Rally,Laïkós Orthódoxos Synagermós,965,name,answer
2014,GR,,qp2_ees,1300710,Golden Dawn,Laïkós Sýndesmos / Chrysí Avgí,1660,link,answer
2014,GR,,qpp14_1,1300511,New Democracy,Néa Đimokratía,794,link,battery
2014,GR,,qpp14_2,1300215,Coalition of the Radical Left,Synaspismós Rizospastikís Aristerás,301,link,battery
2014,GR,,qpp14_3,1300314,Olive Tree-Democratic Alignment,Olive Tree-Democratic Alignment [og],,hand,battery
2014,GR,,qpp14_4,1300611,Independent Greeks,Anexartitoi Ellines,1651,link,battery
2014,GR,,qpp14_5,1300710,Golden Dawn,Laïkós Sýndesmos / Chrysí Avgí,1660,link,battery
2014,GR,,qpp14_6,1300225,Democratic Left,Dimokratiki Aristera,1160,link,battery
2014,GR,,qpp14_7,1300210,Communist Party of Greece,Kommounistikó Kómma Elládas,48,link,battery
2014,GR,,qpp14_8,1300323,The River (Greece),To Potami,3118,name,battery
2014,GR,,qpp19_1,1300511,New Democracy,Néa Đimokratía,794,link,battery
2014,GR,,qpp19_2,1300215,Coalition of the Radical Left,Synaspismós Rizospastikís Aristerás,301,link,battery
2014,GR,,qpp19_3,1300314,Olive Tree-Democratic Alignment,Olive Tree-Democratic Alignment [og],,hand,battery
2014,GR,,qpp19_4,1300611,Independent Greeks,Anexartitoi Ellines,1651,link,battery
2014,GR,,qpp19_5,1300710,Golden Dawn,Laïkós Sýndesmos / Chrysí Avgí,1660,link,battery
2014,GR,,qpp19_6,1300225,Democratic Left,Dimokratiki Aristera,1160,link,battery
2014,GR,,qpp19_7,1300210,Communist Party of Greece,Kommounistikó Kómma Elládas,48,link,battery
2014,GR,,qpp19_8,1300323,The River (Greece),To Potami,3118,name,battery
2014,GR,,qpp21_ees,0,"No, you do not feel close to any political party",none,,special,answer
2014,GR,,qpp21_ees,77,refused,refused,,special,answer
2014,GR,,qpp21_ees,88,Don't know,dont-know,,special,answer
2014,GR,,qpp21_ees,98,other (open answer recoded),other,,special,answer
2014,GR,,qpp21_ees,1300116,Ecologist Greens,Oikologoi Prasinoi,378,name,answer
2014,GR,,qpp21_ees,1300210,Communist Party of Greece,Kommounistikó Kómma Elládas,48,link,answer
2014,GR,,qpp21_ees,1300215,Coalition of the Radical Left,Synaspismós Rizospastikís Aristerás,301,link,answer
2014,GR,,qpp21_ees,1300225,Democratic Left,Dimokratiki Aristera,1160,link,answer
2014,GR,,qpp21_ees,1300313,Panhellenic Socialist Movement,Panellinio Sosialistikó Kínima,1468,link,answer
2014,GR,,qpp21_ees,1300323,The River (Greece),To Potami,3118,name,answer
2014,GR,,qpp21_ees,1300511,New Democracy,Néa Đimokratía,794,link,answer
2014,GR,,qpp21_ees,1300611,Independent Greeks,Anexartitoi Ellines,1651,link,answer
2014,GR,,qpp21_ees,1300703,Popular Orthodox Rally,Laïkós Orthódoxos Synagermós,965,name,answer
2014,GR,,qpp21_ees,1300710,Golden Dawn,Laïkós Sýndesmos / Chrysí Avgí,1660,link,answer
2014,GR,,qpp5_ees,20,other (recoded by EES team),other,,special,answer
2014,GR,,qpp5_ees,77,refused,refused,,special,answer
2014,GR,,qpp5_ees,88,Don't know,dont-know,,special,answer
2014,GR,,qpp5_ees,94,voted blank,blank-invalid,,special,answer
2014,GR,,qpp5_ees,96,did not vote,did-not-vote,,special,answer
2014,GR,,qpp5_ees,98,other (open answer recoded),other,,special,answer
2014,GR,,qpp5_ees,1300210,Communist Party of Greece,Kommounistikó Kómma Elládas,48,link,answer
2014,GR,,qpp5_ees,1300215,Coalition of the Radical Left,Synaspismós Rizospastikís Aristerás,301,link,answer
2014,GR,,qpp5_ees,1300225,Democratic Left,Dimokratiki Aristera,1160,link,answer
2014,GR,,qpp5_ees,1300313,Panhellenic Socialist Movement,Panellinio Sosialistikó Kínima,1468,link,answer
2014,GR,,qpp5_ees,1300511,New Democracy,Néa Đimokratía,794,link,answer
2014,GR,,qpp5_ees,1300611,Independent Greeks,Anexartitoi Ellines,1651,link,answer
2014,GR,,qpp5_ees,1300703,Popular Orthodox Rally,Laïkós Orthódoxos Synagermós,965,name,answer
2014,GR,,qpp5_ees,1300710,Golden Dawn,Laïkós Sýndesmos / Chrysí Avgí,1660,link,answer
2014,GR,,qpp6_ees,77,refused,refused,,special,answer
2014,GR,,qpp6_ees,88,Don't know,dont-know,,special,answer
2014,GR,,qpp6_ees,94,voted blank,blank-invalid,,special,answer
2014,GR,,qpp6_ees,98,other (open answer recoded),other,,special,answer
2014,GR,,qpp6_ees,1300116,Ecologist Greens,Oikologoi Prasinoi,378,name,answer
2014,GR,,qpp6_ees,1300210,Communist Party of Greece,Kommounistikó Kómma Elládas,48,link,answer
2014,GR,,qpp6_ees,1300215,Coalition of the Radical Left,Synaspismós Rizospastikís Aristerás,301,link,answer
2014,GR,,qpp6_ees,1300225,Democratic Left,Dimokratiki Aristera,1160,link,answer
2014,GR,,qpp6_ees,1300313,Panhellenic Socialist Movement,Panellinio Sosialistikó Kínima,1468,link,answer
2014,GR,,qpp6_ees,1300323,The River (Greece),To Potami,3118,name,answer
2014,GR,,qpp6_ees,1300511,New Democracy,Néa Đimokratía,794,link,answer
2014,GR,,qpp6_ees,1300611,Independent Greeks,Anexartitoi Ellines,1651,link,answer
2014,GR,,qpp6_ees,1300703,Popular Orthodox Rally,Laïkós Orthódoxos Synagermós,965,name,answer
2014,GR,,qpp6_ees,1300710,Golden Dawn,Laïkós Sýndesmos / Chrysí Avgí,1660,link,answer
2014,GR,,qpp8_1,1300511,New Democracy,Néa Đimokratía,794,link,battery
2014,GR,,qpp8_2,1300215,Coalition of the Radical Left,Synaspismós Rizospastikís Aristerás,301,link,battery
2014,GR,,qpp8_3,1300314,Olive Tree-Democratic Alignment,Olive Tree-Democratic Alignment [og],,hand,battery
2014,GR,,qpp8_4,1300611,Independent Greeks,Anexartitoi Ellines,1651,link,battery
2014,GR,,qpp8_5,1300710,Golden Dawn,Laïkós Sýndesmos / Chrysí Avgí,1660,link,battery
2014,GR,,qpp8_6,1300225,Democratic Left,Dimokratiki Aristera,1160,link,battery
2014,GR,,qpp8_7,1300210,Communist Party of Greece,Kommounistikó Kómma Elládas,48,link,battery
2014,GR,,qpp8_8,1300323,The River (Greece),To Potami,3118,name,battery
2014,HR,,qp2_ees,77,refused,refused,,special,answer
2014,HR,,qp2_ees,88,Don't know,dont-know,,special,answer
2014,HR,,qp2_ees,94,voted blank,blank-invalid,,special,answer
2014,HR,,qp2_ees,96,did not vote,did-not-vote,,special,answer
2014,HR,,qp2_ees,98,other (open answer recoded),other,,special,answer
2014,HR,,qp2_ees,1191001,Coalition HDZ (1191511) + HSP AS (1191613)+HSS (1191810)+others,Coalition HDZ (1191511) + HSP AS (1191613)+HSS (1191810)+others [og],,hand,answer
2014,HR,,qp2_ees,1191002,Coalition SDP (1191320) + HNS (1191412) + HSU + SDSS + IDS (1191953),Socijaldemokratska partija Hrvatske,1475,link,answer
2014,HR,,qp2_ees,1191003,Coalition NF + HSLS (1191410)  + PGS + RI,Coalition NF + HSLS (1191410)  + PGS + RI [og],,hand,answer
2014,HR,,qp2_ees,1191004,,,,undocumented,answer
2014,HR,,qp2_ees,1191110,Sustainable Development of Croatia,Održivi razvoj Hrvatske,3201,name,answer
2014,HR,,qp2_ees,1191330,Croatian Labouristi - Labour Party,Hrvatski laburisti — Stranka rada,3143,link,answer
2014,HR,,qpp14_1,1191002,Coalition SDP + HNS + HSU + SDSS + IDS,Socijaldemokratska partija Hrvatske,1475,link,battery
2014,HR,,qpp14_2,1191002,Coalition SDP + HNS + HSU + SDSS + IDS,Socijaldemokratska partija Hrvatske,1475,link,battery
2014,HR,,qpp14_3,1191001,Coalition HDZ + HSP AS + BUZ + HSS + ZDS + HDS,Coalition HDZ + HSP AS + BUZ + HSS + ZDS + HDS [og],,hand,battery
2014,HR,,qpp14_4,1191001,Coalition HDZ + HSP AS + BUZ + HSS + ZDS + HDS,Coalition HDZ + HSP AS + BUZ + HSS + ZDS + HDS [og],,hand,battery
2014,HR,,qpp14_5,1191003,Coalition NF + HSLS + PGS + RI,Coalition NF + HSLS + PGS + RI [og],,hand,battery
2014,HR,,qpp14_6,191004,Croatian Democratic Assembly of Slavonia and Baranja,Hrvatski demokratski savez Slavonije i Baranje,2347,link,battery
2014,HR,,qpp14_7,1191330,Croatian Labouristi - Labour Party,Hrvatski laburisti — Stranka rada,3143,link,battery
2014,HR,,qpp14_8,1191110,Sustainable Development of Croatia,Održivi razvoj Hrvatske,3201,name,battery
2014,HR,,qpp19_1,1191002,Coalition SDP + HNS + HSU + SDSS + IDS,Socijaldemokratska partija Hrvatske,1475,link,battery
2014,HR,,qpp19_2,1191002,Coalition SDP + HNS + HSU + SDSS + IDS,Socijaldemokratska partija Hrvatske,1475,link,battery
2014,HR,,qpp19_3,1191001,Coalition HDZ + HSP AS + BUZ + HSS + ZDS + HDS,Coalition HDZ + HSP AS + BUZ + HSS + ZDS + HDS [og],,hand,battery
2014,HR,,qpp19_4,1191001,Coalition HDZ + HSP AS + BUZ + HSS + ZDS + HDS,Coalition HDZ + HSP AS + BUZ + HSS + ZDS + HDS [og],,hand,battery
2014,HR,,qpp19_5,1191003,Coalition NF + HSLS + PGS + RI,Coalition NF + HSLS + PGS + RI [og],,hand,battery
2014,HR,,qpp19_6,191004,Croatian Democratic Assembly of Slavonia and Baranja,Hrvatski demokratski savez Slavonije i Baranje,2347,link,battery
2014,HR,,qpp19_7,1191330,Croatian Labouristi - Labour Party,Hrvatski laburisti — Stranka rada,3143,link,battery
2014,HR,,qpp19_8,1191110,Sustainable Development of Croatia,Održivi razvoj Hrvatske,3201,name,battery
2014,HR,,qpp21_ees,0,"No, you do not feel close to any political party",none,,special,answer
2014,HR,,qpp21_ees,20,other (recoded by EES team),other,,special,answer
2014,HR,,qpp21_ees,77,refused,refused,,special,answer
2014,HR,,qpp21_ees,88,Don't know,dont-know,,special,answer
2014,HR,,qpp21_ees,98,other (open answer recoded),other,,special,answer
2014,HR,,qpp21_ees,1191110,Sustainable Development of Croatia,Održivi razvoj Hrvatske,3201,name,answer
2014,HR,,qpp21_ees,1191320,Social Democratic Party of Croatia,Socijaldemokratska partija Hrvatske,1475,link,answer
2014,HR,,qpp21_ees,1191330,Croatian Labouristi - Labour Party,Hrvatski laburisti — Stranka rada,3143,link,answer
2014,HR,,qpp21_ees,1191410,Croatian Social-Liberal Party,Hrvatska socijalno liberalna stranka,214,link,answer
2014,HR,,qpp21_ees,1191412,Croation People's Party,Hrvatska narodna stranka — Liberalni Demokrati,799,hand,answer
2014,HR,,qpp21_ees,1191511,Croation Democratic Union,Hrvatska demokratska zajednica,1431,link,answer
2014,HR,,qpp21_ees,1191613,Croatian Party of Rights,Croatian Party of Rights [og],,hand,answer
2014,HR,,qpp21_ees,1191713,Croatian Party of Rights,Croatian Party of Rights [og],,hand,answer
2014,HR,,qpp21_ees,1191810,Croatian Peasant Party,Hrvatska seljačka stranka,72,link,answer
2014,HR,,qpp21_ees,1191952,Croatian Democratic Assembly of Slavonia and Baranja,Hrvatski demokratski savez Slavonije i Baranje,2347,link,answer
2014,HR,,qpp21_ees,1191953,Istrian Democratic Assembly,Istarski demokratski sabor,513,link,answer
2014,HR,,qpp5_ees,20,other (recoded by EES team),other,,special,answer
2014,HR,,qpp5_ees,77,refused,refused,,special,answer
2014,HR,,qpp5_ees,88,Don't know,dont-know,,special,answer
2014,HR,,qpp5_ees,94,voted blank,blank-invalid,,special,answer
2014,HR,,qpp5_ees,96,did not vote,did-not-vote,,special,answer
2014,HR,,qpp5_ees,98,other (open answer recoded),other,,special,answer
2014,HR,,qpp5_ees,1191002,Coalition SDP + HNS + HSU + SDSS + IDS,Socijaldemokratska partija Hrvatske,1475,link,answer
2014,HR,,qpp5_ees,1191330,Croatian Labouristi - Labour Party,Hrvatski laburisti — Stranka rada,3143,link,answer
2014,HR,,qpp5_ees,1191410,Croatian Social-Liberal Party,Hrvatska socijalno liberalna stranka,214,link,answer
2014,HR,,qpp5_ees,1191511,Croation Democratic Union,Hrvatska demokratska zajednica,1431,link,answer
2014,HR,,qpp5_ees,1191613,Croatian Party of Rights,Croatian Party of Rights [og],,hand,answer
2014,HR,,qpp5_ees,1191713,Croatian Party of Rights,Croatian Party of Rights [og],,hand,answer
2014,HR,,qpp5_ees,1191810,Croatian Peasant Party,Hrvatska seljačka stranka,72,link,answer
2014,HR,,qpp5_ees,1191952,Croatian Democratic Assembly of Slavonia and Baranja,Hrvatski demokratski savez Slavonije i Baranje,2347,link,answer
2014,HR,,qpp6_ees,20,other (recoded by EES team),other,,special,answer
2014,HR,,qpp6_ees,77,refused,refused,,special,answer
2014,HR,,qpp6_ees,88,Don't know,dont-know,,special,answer
2014,HR,,qpp6_ees,94,voted blank,blank-invalid,,special,answer
2014,HR,,qpp6_ees,98,other (open answer recoded),other,,special,answer
2014,HR,,qpp6_ees,1191110,Sustainable Development of Croatia,Održivi razvoj Hrvatske,3201,name,answer
2014,HR,,qpp6_ees,1191320,Social Democratic Party of Croatia,Socijaldemokratska partija Hrvatske,1475,link,answer
2014,HR,,qpp6_ees,1191330,Croatian Labouristi - Labour Party,Hrvatski laburisti — Stranka rada,3143,link,answer
2014,HR,,qpp6_ees,1191410,Croatian Social-Liberal Party,Hrvatska socijalno liberalna stranka,214,link,answer
2014,HR,,qpp6_ees,1191412,Croation People's Party,Hrvatska narodna stranka — Liberalni Demokrati,799,hand,answer
2014,HR,,qpp6_ees,1191511,Croation Democratic Union,Hrvatska demokratska zajednica,1431,link,answer
2014,HR,,qpp6_ees,1191613,Croatian Party of Rights,Croatian Party of Rights [og],,hand,answer
2014,HR,,qpp6_ees,1191713,Croatian Party of Rights,Croatian Party of Rights [og],,hand,answer
2014,HR,,qpp6_ees,1191810,Croatian Peasant Party,Hrvatska seljačka stranka,72,link,answer
2014,HR,,qpp6_ees,1191952,Croatian Democratic Assembly of Slavonia and Baranja,Hrvatski demokratski savez Slavonije i Baranje,2347,link,answer
2014,HR,,qpp6_ees,1191953,Istrian Democratic Assembly,Istarski demokratski sabor,513,link,answer
2014,HR,,qpp8_1,1191002,Coalition SDP + HNS + HSU + SDSS + IDS,Socijaldemokratska partija Hrvatske,1475,link,battery
2014,HR,,qpp8_2,1191002,Coalition SDP + HNS + HSU + SDSS + IDS,Socijaldemokratska partija Hrvatske,1475,link,battery
2014,HR,,qpp8_3,1191001,Coalition HDZ + HSP AS + BUZ + HSS + ZDS + HDS,Coalition HDZ + HSP AS + BUZ + HSS + ZDS + HDS [og],,hand,battery
2014,HR,,qpp8_4,1191001,Coalition HDZ + HSP AS + BUZ + HSS + ZDS + HDS,Coalition HDZ + HSP AS + BUZ + HSS + ZDS + HDS [og],,hand,battery
2014,HR,,qpp8_5,1191003,Coalition NF + HSLS + PGS + RI,Coalition NF + HSLS + PGS + RI [og],,hand,battery
2014,HR,,qpp8_6,191004,Croatian Democratic Assembly of Slavonia and Baranja,Hrvatski demokratski savez Slavonije i Baranje,2347,link,battery
2014,HR,,qpp8_7,1191330,Croatian Labouristi - Labour Party,Hrvatski laburisti — Stranka rada,3143,link,battery
2014,HR,,qpp8_8,1191110,Sustainable Development of Croatia,Održivi razvoj Hrvatske,3201,name,battery
2014,HU,,qp2_ees,77,refused,refused,,special,answer
2014,HU,,qp2_ees,88,Don't know,dont-know,,special,answer
2014,HU,,qp2_ees,96,did not vote,did-not-vote,,special,answer
2014,HU,,qp2_ees,98,other (open answer recoded),other,,special,answer
2014,HU,,qp2_ees,1348110,Politics Can Be Different,Lehet Más a Politika — LMP – Magyarország Zöld Pártja,1650,link,answer
2014,HU,,qp2_ees,1348120,Together 2014 - Dialogue for Hungary,Together 2014 - Dialogue for Hungary [og],,hand,answer
2014,HU,,qp2_ees,1348220,Hungarian Socialist Party,Magyar Szocialista Párt,1408,link,answer
2014,HU,,qp2_ees,1348330,Democratic Coalition,Demokratikus Koalíció,469,link,answer
2014,HU,,qp2_ees,1348421,FIDESZ-KDNP Alliance,Fidesz — KDNP pártszövetség / Magyar Szolidaritás Szövetsége,6366,name,answer
2014,HU,,qp2_ees,1348700,Jobbik,Jobbik Magyarországért Mozgalom,42,link,answer
2014,HU,,qpp14_1,1348700,Jobbik,Jobbik Magyarországért Mozgalom,42,link,battery
2014,HU,,qpp14_2,1348110,Politics Can Be Different,Lehet Más a Politika — LMP – Magyarország Zöld Pártja,1650,link,battery
2014,HU,,qpp14_3,1348421,FIDESZ-KDNP Alliance,Fidesz — KDNP pártszövetség / Magyar Szolidaritás Szövetsége,6366,name,battery
2014,HU,,qpp14_4,1348220,Hungarian Socialist Party,Magyar Szocialista Párt,1408,link,battery
2014,HU,,qpp14_5,1348120,Together 2014 - Dialogue for Hungary,Together 2014 - Dialogue for Hungary [og],,hand,battery
2014,HU,,qpp14_6,1348330,Democratic Coalition,Demokratikus Koalíció,469,link,battery
2014,HU,,qpp19_1,1348700,Jobbik,Jobbik Magyarországért Mozgalom,42,link,battery
2014,HU,,qpp19_2,1348110,Politics Can Be Different,Lehet Más a Politika — LMP – Magyarország Zöld Pártja,1650,link,battery
2014,HU,,qpp19_3,1348421,FIDESZ-KDNP Alliance,Fidesz — KDNP pártszövetség / Magyar Szolidaritás Szövetsége,6366,name,battery
2014,HU,,qpp19_4,1348220,Hungarian Socialist Party,Magyar Szocialista Párt,1408,link,battery
2014,HU,,qpp19_5,1348120,Together 2014 - Dialogue for Hungary,Together 2014 - Dialogue for Hungary [og],,hand,battery
2014,HU,,qpp19_6,1348330,Democratic Coalition,Demokratikus Koalíció,469,link,battery
2014,HU,,qpp21_ees,0,"No, you do not feel close to any political party",none,,special,answer
2014,HU,,qpp21_ees,77,refused,refused,,special,answer
2014,HU,,qpp21_ees,88,Don't know,dont-know,,special,answer
2014,HU,,qpp21_ees,98,other (open answer recoded),other,,special,answer
2014,HU,,qpp21_ees,1348110,Politics Can Be Different,Lehet Más a Politika — LMP – Magyarország Zöld Pártja,1650,link,answer
2014,HU,,qpp21_ees,1348120,Together 2014 - Dialogue for Hungary,Together 2014 - Dialogue for Hungary [og],,hand,answer
2014,HU,,qpp21_ees,1348220,Hungarian Socialist Party,Magyar Szocialista Párt,1408,link,answer
2014,HU,,qpp21_ees,1348330,Democratic Coalition,Demokratikus Koalíció,469,link,answer
2014,HU,,qpp21_ees,1348421,FIDESZ-KDNP Alliance,Fidesz — KDNP pártszövetség / Magyar Szolidaritás Szövetsége,6366,name,answer
2014,HU,,qpp21_ees,1348700,Jobbik,Jobbik Magyarországért Mozgalom,42,link,answer
2014,HU,,qpp5_ees,20,other (recoded by EES team),other,,special,answer
2014,HU,,qpp5_ees,77,refused,refused,,special,answer
2014,HU,,qpp5_ees,88,Don't know,dont-know,,special,answer
2014,HU,,qpp5_ees,94,voted blank,blank-invalid,,special,answer
2014,HU,,qpp5_ees,96,did not vote,did-not-vote,,special,answer
2014,HU,,qpp5_ees,98,other (open answer recoded),other,,special,answer
2014,HU,,qpp5_ees,1348110,Politics Can Be Different,Lehet Más a Politika — LMP – Magyarország Zöld Pártja,1650,link,answer
2014,HU,,qpp5_ees,1348421,FIDESZ-KDNP Alliance,Fidesz — KDNP pártszövetség / Magyar Szolidaritás Szövetsége,6366,name,answer
2014,HU,,qpp5_ees,1348700,Jobbik,Jobbik Magyarországért Mozgalom,42,link,answer
2014,HU,,qpp6_ees,77,refused,refused,,special,answer
2014,HU,,qpp6_ees,88,Don't know,dont-know,,special,answer
2014,HU,,qpp6_ees,94,voted blank,blank-invalid,,special,answer
2014,HU,,qpp6_ees,98,other (open answer recoded),other,,special,answer
2014,HU,,qpp6_ees,1348110,Politics Can Be Different,Lehet Más a Politika — LMP – Magyarország Zöld Pártja,1650,link,answer
2014,HU,,qpp6_ees,1348120,Together 2014 - Dialogue for Hungary,Together 2014 - Dialogue for Hungary [og],,hand,answer
2014,HU,,qpp6_ees,1348220,Hungarian Socialist Party,Magyar Szocialista Párt,1408,link,answer
2014,HU,,qpp6_ees,1348330,Democratic Coalition,Demokratikus Koalíció,469,link,answer
2014,HU,,qpp6_ees,1348421,FIDESZ-KDNP Alliance,Fidesz — KDNP pártszövetség / Magyar Szolidaritás Szövetsége,6366,name,answer
2014,HU,,qpp6_ees,1348700,Jobbik,Jobbik Magyarországért Mozgalom,42,link,answer
2014,HU,,qpp8_1,1348700,Jobbik,Jobbik Magyarországért Mozgalom,42,link,battery
2014,HU,,qpp8_2,1348110,Politics Can Be Different,Lehet Más a Politika — LMP – Magyarország Zöld Pártja,1650,link,battery
2014,HU,,qpp8_3,1348421,FIDESZ-KDNP Alliance,Fidesz — KDNP pártszövetség / Magyar Szolidaritás Szövetsége,6366,name,battery
2014,HU,,qpp8_4,1348220,Hungarian Socialist Party,Magyar Szocialista Párt,1408,link,battery
2014,HU,,qpp8_5,1348120,Together 2014 - Dialogue for Hungary,Together 2014 - Dialogue for Hungary [og],,hand,battery
2014,HU,,qpp8_6,1348330,Democratic Coalition,Demokratikus Koalíció,469,link,battery
2014,IE,,qp2_ees,20,other (recoded by EES team),other,,special,answer
2014,IE,,qp2_ees,77,refused,refused,,special,answer
2014,IE,,qp2_ees,88,Don't know,dont-know,,special,answer
2014,IE,,qp2_ees,94,voted blank,blank-invalid,,special,answer
2014,IE,,qp2_ees,96,did not vote,did-not-vote,,special,answer
2014,IE,,qp2_ees,98,other (open answer recoded),other,,special,answer
2014,IE,,qp2_ees,1372110,Green Party,Green Party-Comhaontas Glas,1775,link,answer
2014,IE,,qp2_ees,1372220,Socialist Party,Páirtí Sóisialach,1448,name,answer
2014,IE,,qp2_ees,1372320,Labour Party,Páirti Lucht Oibre,562,link,answer
2014,IE,,qp2_ees,1372520,Family of the Irish,Fine Gael,1288,link,answer
2014,IE,,qp2_ees,1372620,Soldiers of Destiny,Fianna Fáil,1055,link,answer
2014,IE,,qp2_ees,1372951,Ourselves Alone,Sinn Féin (Provisional),4,name,answer
2014,IE,,qpp14_1,1372520,Family of the Irish,Fine Gael,1288,link,battery
2014,IE,,qpp14_2,1372320,Labour Party,Páirti Lucht Oibre,562,link,battery
2014,IE,,qpp14_3,1372620,Soldiers of Destiny,Fianna Fáil,1055,link,battery
2014,IE,,qpp14_4,1372110,Green Party,Green Party-Comhaontas Glas,1775,link,battery
2014,IE,,qpp14_5,1372951,Ourselves Alone,Sinn Féin (Provisional),4,name,battery
2014,IE,,qpp14_6,1372220,Socialist Party,Páirtí Sóisialach,1448,name,battery
2014,IE,,qpp19_1,1372520,Family of the Irish,Fine Gael,1288,link,battery
2014,IE,,qpp19_2,1372320,Labour Party,Páirti Lucht Oibre,562,link,battery
2014,IE,,qpp19_3,1372620,Soldiers of Destiny,Fianna Fáil,1055,link,battery
2014,IE,,qpp19_4,1372110,Green Party,Green Party-Comhaontas Glas,1775,link,battery
2014,IE,,qpp19_5,1372951,Ourselves Alone,Sinn Féin (Provisional),4,name,battery
2014,IE,,qpp19_6,1372220,Socialist Party,Páirtí Sóisialach,1448,name,battery
2014,IE,,qpp21_ees,0,"No, you do not feel close to any political party",none,,special,answer
2014,IE,,qpp21_ees,20,other (recoded by EES team),other,,special,answer
2014,IE,,qpp21_ees,77,refused,refused,,special,answer
2014,IE,,qpp21_ees,88,Don't know,dont-know,,special,answer
2014,IE,,qpp21_ees,98,other (open answer recoded),other,,special,answer
2014,IE,,qpp21_ees,1372110,Green Party,Green Party-Comhaontas Glas,1775,link,answer
2014,IE,,qpp21_ees,1372220,Socialist Party,Páirtí Sóisialach,1448,name,answer
2014,IE,,qpp21_ees,1372320,Labour Party,Páirti Lucht Oibre,562,link,answer
2014,IE,,qpp21_ees,1372520,Family of the Irish,Fine Gael,1288,link,answer
2014,IE,,qpp21_ees,1372620,Soldiers of Destiny,Fianna Fáil,1055,link,answer
2014,IE,,qpp21_ees,1372951,Ourselves Alone,Sinn Féin (Provisional),4,name,answer
2014,IE,,qpp5_ees,20,other (recoded by EES team),other,,special,answer
2014,IE,,qpp5_ees,77,refused,refused,,special,answer
2014,IE,,qpp5_ees,88,Don't know,dont-know,,special,answer
2014,IE,,qpp5_ees,94,voted blank,blank-invalid,,special,answer
2014,IE,,qpp5_ees,96,did not vote,did-not-vote,,special,answer
2014,IE,,qpp5_ees,98,other (open answer recoded),other,,special,answer
2014,IE,,qpp5_ees,1372110,Green Party,Green Party-Comhaontas Glas,1775,link,answer
2014,IE,,qpp5_ees,1372320,Labour Party,Páirti Lucht Oibre,562,link,answer
2014,IE,,qpp5_ees,1372520,Family of the Irish,Fine Gael,1288,link,answer
2014,IE,,qpp5_ees,1372620,Soldiers of Destiny,Fianna Fáil,1055,link,answer
2014,IE,,qpp5_ees,1372951,Ourselves Alone,Sinn Féin (Provisional),4,name,answer
2014,IE,,qpp6_ees,20,other (recoded by EES team),other,,special,answer
2014,IE,,qpp6_ees,77,refused,refused,,special,answer
2014,IE,,qpp6_ees,88,Don't know,dont-know,,special,answer
2014,IE,,qpp6_ees,94,voted blank,blank-invalid,,special,answer
2014,IE,,qpp6_ees,98,other (open answer recoded),other,,special,answer
2014,IE,,qpp6_ees,1372110,Green Party,Green Party-Comhaontas Glas,1775,link,answer
2014,IE,,qpp6_ees,1372220,Socialist Party,Páirtí Sóisialach,1448,name,answer
2014,IE,,qpp6_ees,1372320,Labour Party,Páirti Lucht Oibre,562,link,answer
2014,IE,,qpp6_ees,1372520,Family of the Irish,Fine Gael,1288,link,answer
2014,IE,,qpp6_ees,1372620,Soldiers of Destiny,Fianna Fáil,1055,link,answer
2014,IE,,qpp6_ees,1372951,Ourselves Alone,Sinn Féin (Provisional),4,name,answer
2014,IE,,qpp8_1,1372520,Family of the Irish,Fine Gael,1288,link,battery
2014,IE,,qpp8_2,1372320,Labour Party,Páirti Lucht Oibre,562,link,battery
2014,IE,,qpp8_3,1372620,Soldiers of Destiny,Fianna Fáil,1055,link,battery
2014,IE,,qpp8_4,1372110,Green Party,Green Party-Comhaontas Glas,1775,link,battery
2014,IE,,qpp8_5,1372951,Ourselves Alone,Sinn Féin (Provisional),4,name,battery
2014,IE,,qpp8_6,1372220,Socialist Party,Páirtí Sóisialach,1448,name,battery
2014,IT,,qp2_ees,77,refused,refused,,special,answer
2014,IT,,qp2_ees,88,Don't know,dont-know,,special,answer
2014,IT,,qp2_ees,94,voted blank,blank-invalid,,special,answer
2014,IT,,qp2_ees,96,did not vote,did-not-vote,,special,answer
2014,IT,,qp2_ees,98,other (open answer recoded),other,,special,answer
2014,IT,,qp2_ees,1380001,Coalition NCD (1380633) + UDC (1380633) + PPI,Coalition NCD (1380633) + UDC (1380633) + PPI [og],,hand,answer
2014,IT,,qp2_ees,1380007,Left Ecology Movement,Sinistra Italiana,1212,link,answer
2014,IT,,qp2_ees,1380331,Democratic Party,Partito Democratico,802,link,answer
2014,IT,,qp2_ees,1380610,Go Italy,Forza Italia,1626,link,answer
2014,IT,,qp2_ees,1380631,Brothers of Italy - National Centre-right,Fratelli d'Italia,2280,link,answer
2014,IT,,qp2_ees,1380720,Northern League,Lega Nord,1221,link,answer
2014,IT,,qp2_ees,1380902,List di Pietro Italy of Values,Lista di Pietro — Italia del Valori,768,link,answer
2014,IT,,qp2_ees,1380956,Five Star Movement,Movimento 5 Stelle,2046,link,answer
2014,IT,,qp2_ees,1380958,South Tyrol People's Party,Südtiroler Volkspartei,1369,name,answer
2014,IT,,qpp14_1,1380331,Democratic Party,Partito Democratico,802,link,battery
2014,IT,,qpp14_2,1380610,Go Italy,Forza Italia,1626,link,battery
2014,IT,,qpp14_3,1380720,Northern League,Lega Nord,1221,link,battery
2014,IT,,qpp14_4,1380956,Five Star Movement,Movimento 5 Stelle,2046,link,battery
2014,IT,,qpp14_5,1380001,Coalition NCD+UDC+PPI,Coalition NCD+UDC+PPI [og],,hand,battery
2014,IT,,qpp14_6,1380007,Left Ecology Movement,Sinistra Italiana,1212,link,battery
2014,IT,,qpp14_7,1380001,Coalition NCD+UDC+PPI,Coalition NCD+UDC+PPI [og],,hand,battery
2014,IT,,qpp14_8,1380631,Brothers of Italy - National Centre-right,Fratelli d'Italia,2280,link,battery
2014,IT,,qpp19_1,1380331,Democratic Party,Partito Democratico,802,link,battery
2014,IT,,qpp19_2,1380610,Go Italy,Forza Italia,1626,link,battery
2014,IT,,qpp19_3,1380720,Northern League,Lega Nord,1221,link,battery
2014,IT,,qpp19_4,1380956,Five Star Movement,Movimento 5 Stelle,2046,link,battery
2014,IT,,qpp19_5,1380001,Coalition NCD+UDC+PPI,Coalition NCD+UDC+PPI [og],,hand,battery
2014,IT,,qpp19_6,1380007,Left Ecology Movement,Sinistra Italiana,1212,link,battery
2014,IT,,qpp19_7,1380001,Coalition NCD+UDC+PPI,Coalition NCD+UDC+PPI [og],,hand,battery
2014,IT,,qpp19_8,1380631,Brothers of Italy - National Centre-right,Fratelli d'Italia,2280,link,battery
2014,IT,,qpp21_ees,0,"No, you do not feel close to any political party",none,,special,answer
2014,IT,,qpp21_ees,20,other (recoded by EES team),other,,special,answer
2014,IT,,qpp21_ees,77,refused,refused,,special,answer
2014,IT,,qpp21_ees,88,Don't know,dont-know,,special,answer
2014,IT,,qpp21_ees,98,other (open answer recoded),other,,special,answer
2014,IT,,qpp21_ees,1380007,Left Ecology Movement,Sinistra Italiana,1212,link,answer
2014,IT,,qpp21_ees,1380331,Democratic Party,Partito Democratico,802,link,answer
2014,IT,,qpp21_ees,1380523,Union for Christian and Center Democrats,Centro Cristiano Democratico,1767,link,answer
2014,IT,,qpp21_ees,1380610,Go Italy,Forza Italia,1626,link,answer
2014,IT,,qpp21_ees,1380631,Brothers of Italy - National Centre-right,Fratelli d'Italia,2280,link,answer
2014,IT,,qpp21_ees,1380633,New Centre-Right,Nuovo Centrodestra,2052,name,answer
2014,IT,,qpp21_ees,1380720,Northern League,Lega Nord,1221,link,answer
2014,IT,,qpp21_ees,1380902,List di Pietro Italy of Values,Lista di Pietro — Italia del Valori,768,link,answer
2014,IT,,qpp21_ees,1380956,Five Star Movement,Movimento 5 Stelle,2046,link,answer
2014,IT,,qpp21_ees,1380958,South Tyrol People's Party,Südtiroler Volkspartei,1369,name,answer
2014,IT,,qpp5_ees,20,other (recoded by EES team),other,,special,answer
2014,IT,,qpp5_ees,77,refused,refused,,special,answer
2014,IT,,qpp5_ees,88,Don't know,dont-know,,special,answer
2014,IT,,qpp5_ees,94,voted blank,blank-invalid,,special,answer
2014,IT,,qpp5_ees,96,did not vote,did-not-vote,,special,answer
2014,IT,,qpp5_ees,98,other (open answer recoded),other,,special,answer
2014,IT,,qpp5_ees,1380007,Left Ecology Movement,Sinistra Italiana,1212,link,answer
2014,IT,,qpp5_ees,1380331,Democratic Party,Partito Democratico,802,link,answer
2014,IT,,qpp5_ees,1380523,Union for Christian and Center Democrats,Centro Cristiano Democratico,1767,link,answer
2014,IT,,qpp5_ees,1380630,People of Freedom,Il Popolo della Libertà,365,link,answer
2014,IT,,qpp5_ees,1380631,Brothers of Italy - National Centre-right,Fratelli d'Italia,2280,link,answer
2014,IT,,qpp5_ees,1380720,Northern League,Lega Nord,1221,link,answer
2014,IT,,qpp5_ees,1380902,List di Pietro Italy of Values,Lista di Pietro — Italia del Valori,768,link,answer
2014,IT,,qpp5_ees,1380956,Five Star Movement,Movimento 5 Stelle,2046,link,answer
2014,IT,,qpp6_ees,20,other (recoded by EES team),other,,special,answer
2014,IT,,qpp6_ees,77,refused,refused,,special,answer
2014,IT,,qpp6_ees,88,Don't know,dont-know,,special,answer
2014,IT,,qpp6_ees,94,voted blank,blank-invalid,,special,answer
2014,IT,,qpp6_ees,98,other (open answer recoded),other,,special,answer
2014,IT,,qpp6_ees,1380007,Left Ecology Movement,Sinistra Italiana,1212,link,answer
2014,IT,,qpp6_ees,1380331,Democratic Party,Partito Democratico,802,link,answer
2014,IT,,qpp6_ees,1380523,Union for Christian and Center Democrats,Centro Cristiano Democratico,1767,link,answer
2014,IT,,qpp6_ees,1380610,Go Italy,Forza Italia,1626,link,answer
2014,IT,,qpp6_ees,1380631,Brothers of Italy - National Centre-right,Fratelli d'Italia,2280,link,answer
2014,IT,,qpp6_ees,1380633,New Centre-Right,Nuovo Centrodestra,2052,name,answer
2014,IT,,qpp6_ees,1380720,Northern League,Lega Nord,1221,link,answer
2014,IT,,qpp6_ees,1380902,List di Pietro Italy of Values,Lista di Pietro — Italia del Valori,768,link,answer
2014,IT,,qpp6_ees,1380956,Five Star Movement,Movimento 5 Stelle,2046,link,answer
2014,IT,,qpp6_ees,1380958,South Tyrol People's Party,Südtiroler Volkspartei,1369,name,answer
2014,IT,,qpp8_1,1380331,Democratic Party,Partito Democratico,802,link,battery
2014,IT,,qpp8_2,1380610,Go Italy,Forza Italia,1626,link,battery
2014,IT,,qpp8_3,1380720,Northern League,Lega Nord,1221,link,battery
2014,IT,,qpp8_4,1380956,Five Star Movement,Movimento 5 Stelle,2046,link,battery
2014,IT,,qpp8_5,1380001,Coalition NCD+UDC+PPI,Coalition NCD+UDC+PPI [og],,hand,battery
2014,IT,,qpp8_6,1380007,Left Ecology Movement,Sinistra Italiana,1212,link,battery
2014,IT,,qpp8_7,1380001,Coalition NCD+UDC+PPI,Coalition NCD+UDC+PPI [og],,hand,battery
2014,IT,,qpp8_8,1380631,Brothers of Italy - National Centre-right,Fratelli d'Italia,2280,link,battery
2014,LT,,qp2_ees,20,other (recoded by EES team),other,,special,answer
2014,LT,,qp2_ees,77,refused,refused,,special,answer
2014,LT,,qp2_ees,88,Don't know,dont-know,,special,answer
2014,LT,,qp2_ees,94,voted blank,blank-invalid,,special,answer
2014,LT,,qp2_ees,96,did not vote,did-not-vote,,special,answer
2014,LT,,qp2_ees,98,other (open answer recoded),other,,special,answer
2014,LT,,qp2_ees,1440320,Lithuanian Social Democratic Party,Lietuvos socialdemokratų partija,64,link,answer
2014,LT,,qp2_ees,1440322,Labour Party,Darbo Partija,102,link,answer
2014,LT,,qp2_ees,1440421,Liberal Movement,Lietuvos Respublikos Liberalų sąjūdis,1744,link,answer
2014,LT,,qp2_ees,1440524,Lithuanian Peasant and Greens Union,Lietuvos valstiečių ir žaliųjų sąjunga / Lietuvos valstiečių liaudininkų sąjunga,1490,name,answer
2014,LT,,qp2_ees,1440620,Homeland Union - Lithuanian Christian Democrats,Tėvynės sąjunga — Lietuvos krikščionys demokratai,193,link,answer
2014,LT,,qp2_ees,1440621,Order and Justice,Tvarka ir teisingumas — Liberalų Demokratų Partija,237,link,answer
2014,LT,,qp2_ees,1440952,Election Action of Lithuania's Poles,Lietuvos lenkų rinkimų akcija,556,link,answer
2014,LT,,qpp14_1,1440620,Homeland Union - Lithuanian Christian Democrats,Tėvynės sąjunga — Lietuvos krikščionys demokratai,193,link,battery
2014,LT,,qpp14_2,1440320,Lithuanian Social Democratic Party,Lietuvos socialdemokratų partija,64,link,battery
2014,LT,,qpp14_3,1440421,Liberal Movement,Lietuvos Respublikos Liberalų sąjūdis,1744,link,battery
2014,LT,,qpp14_4,1440322,Labour Party,Darbo Partija,102,link,battery
2014,LT,,qpp14_5,1440621,Order and Justice,Tvarka ir teisingumas — Liberalų Demokratų Partija,237,link,battery
2014,LT,,qpp14_6,1440952,Election Action of Lithuania's Poles,Lietuvos lenkų rinkimų akcija,556,link,battery
2014,LT,,qpp14_7,1440524,Lithuanian Peasant and Greens Union,Lietuvos valstiečių ir žaliųjų sąjunga / Lietuvos valstiečių liaudininkų sąjunga,1490,name,battery
2014,LT,,qpp19_1,1440620,Homeland Union - Lithuanian Christian Democrats,Tėvynės sąjunga — Lietuvos krikščionys demokratai,193,link,battery
2014,LT,,qpp19_2,1440320,Lithuanian Social Democratic Party,Lietuvos socialdemokratų partija,64,link,battery
2014,LT,,qpp19_3,1440421,Liberal Movement,Lietuvos Respublikos Liberalų sąjūdis,1744,link,battery
2014,LT,,qpp19_4,1440322,Labour Party,Darbo Partija,102,link,battery
2014,LT,,qpp19_5,1440621,Order and Justice,Tvarka ir teisingumas — Liberalų Demokratų Partija,237,link,battery
2014,LT,,qpp19_6,1440952,Election Action of Lithuania's Poles,Lietuvos lenkų rinkimų akcija,556,link,battery
2014,LT,,qpp19_7,1440524,Lithuanian Peasant and Greens Union,Lietuvos valstiečių ir žaliųjų sąjunga / Lietuvos valstiečių liaudininkų sąjunga,1490,name,battery
2014,LT,,qpp21_ees,0,"No, you do not feel close to any political party",none,,special,answer
2014,LT,,qpp21_ees,20,other (recoded by EES team),other,,special,answer
2014,LT,,qpp21_ees,77,refused,refused,,special,answer
2014,LT,,qpp21_ees,88,Don't know,dont-know,,special,answer
2014,LT,,qpp21_ees,98,other (open answer recoded),other,,special,answer
2014,LT,,qpp21_ees,1440320,Lithuanian Social Democratic Party,Lietuvos socialdemokratų partija,64,link,answer
2014,LT,,qpp21_ees,1440322,Labour Party,Darbo Partija,102,link,answer
2014,LT,,qpp21_ees,1440421,Liberal Movement,Lietuvos Respublikos Liberalų sąjūdis,1744,link,answer
2014,LT,,qpp21_ees,1440524,Lithuanian Peasant and Greens Union,Lietuvos valstiečių ir žaliųjų sąjunga / Lietuvos valstiečių liaudininkų sąjunga,1490,name,answer
2014,LT,,qpp21_ees,1440620,Homeland Union - Lithuanian Christian Democrats,Tėvynės sąjunga — Lietuvos krikščionys demokratai,193,link,answer
2014,LT,,qpp21_ees,1440621,Order and Justice,Tvarka ir teisingumas — Liberalų Demokratų Partija,237,link,answer
2014,LT,,qpp21_ees,1440952,Election Action of Lithuania's Poles,Lietuvos lenkų rinkimų akcija,556,link,answer
2014,LT,,qpp5_ees,20,other (recoded by EES team),other,,special,answer
2014,LT,,qpp5_ees,77,refused,refused,,special,answer
2014,LT,,qpp5_ees,88,Don't know,dont-know,,special,answer
2014,LT,,qpp5_ees,94,voted blank,blank-invalid,,special,answer
2014,LT,,qpp5_ees,96,did not vote,did-not-vote,,special,answer
2014,LT,,qpp5_ees,98,other (open answer recoded),other,,special,answer
2014,LT,,qpp5_ees,1440320,Lithuanian Social Democratic Party,Lietuvos socialdemokratų partija,64,link,answer
2014,LT,,qpp5_ees,1440322,Labour Party,Darbo Partija,102,link,answer
2014,LT,,qpp5_ees,1440420,Liberal and Centre Union,Liberalų ir centro sąjunga,1193,link,answer
2014,LT,,qpp5_ees,1440421,Liberal Movement,Lietuvos Respublikos Liberalų sąjūdis,1744,link,answer
2014,LT,,qpp5_ees,1440524,Lithuanian Peasant and Greens Union,Lietuvos valstiečių ir žaliųjų sąjunga / Lietuvos valstiečių liaudininkų sąjunga,1490,name,answer
2014,LT,,qpp5_ees,1440620,Homeland Union - Lithuanian Christian Democrats,Tėvynės sąjunga — Lietuvos krikščionys demokratai,193,link,answer
2014,LT,,qpp5_ees,1440621,Order and Justice,Tvarka ir teisingumas — Liberalų Demokratų Partija,237,link,answer
2014,LT,,qpp5_ees,1440952,Election Action of Lithuania's Poles,Lietuvos lenkų rinkimų akcija,556,link,answer
2014,LT,,qpp6_ees,20,other (recoded by EES team),other,,special,answer
2014,LT,,qpp6_ees,77,refused,refused,,special,answer
2014,LT,,qpp6_ees,88,Don't know,dont-know,,special,answer
2014,LT,,qpp6_ees,94,voted blank,blank-invalid,,special,answer
2014,LT,,qpp6_ees,98,other (open answer recoded),other,,special,answer
2014,LT,,qpp6_ees,1440320,Lithuanian Social Democratic Party,Lietuvos socialdemokratų partija,64,link,answer
2014,LT,,qpp6_ees,1440322,Labour Party,Darbo Partija,102,link,answer
2014,LT,,qpp6_ees,1440421,Liberal Movement,Lietuvos Respublikos Liberalų sąjūdis,1744,link,answer
2014,LT,,qpp6_ees,1440524,Lithuanian Peasant and Greens Union,Lietuvos valstiečių ir žaliųjų sąjunga / Lietuvos valstiečių liaudininkų sąjunga,1490,name,answer
2014,LT,,qpp6_ees,1440620,Homeland Union - Lithuanian Christian Democrats,Tėvynės sąjunga — Lietuvos krikščionys demokratai,193,link,answer
2014,LT,,qpp6_ees,1440621,Order and Justice,Tvarka ir teisingumas — Liberalų Demokratų Partija,237,link,answer
2014,LT,,qpp6_ees,1440952,Election Action of Lithuania's Poles,Lietuvos lenkų rinkimų akcija,556,link,answer
2014,LT,,qpp8_1,1440620,Homeland Union - Lithuanian Christian Democrats,Tėvynės sąjunga — Lietuvos krikščionys demokratai,193,link,battery
2014,LT,,qpp8_2,1440320,Lithuanian Social Democratic Party,Lietuvos socialdemokratų partija,64,link,battery
2014,LT,,qpp8_3,1440421,Liberal Movement,Lietuvos Respublikos Liberalų sąjūdis,1744,link,battery
2014,LT,,qpp8_4,1440322,Labour Party,Darbo Partija,102,link,battery
2014,LT,,qpp8_5,1440621,Order and Justice,Tvarka ir teisingumas — Liberalų Demokratų Partija,237,link,battery
2014,LT,,qpp8_6,1440952,Election Action of Lithuania's Poles,Lietuvos lenkų rinkimų akcija,556,link,battery
2014,LT,,qpp8_7,1440524,Lithuanian Peasant and Greens Union,Lietuvos valstiečių ir žaliųjų sąjunga / Lietuvos valstiečių liaudininkų sąjunga,1490,name,battery
2014,LV,,qp2_ees,20,other (recoded by EES team),other,,special,answer
2014,LV,,qp2_ees,77,refused,refused,,special,answer
2014,LV,,qp2_ees,88,Don't know,dont-know,,special,answer
2014,LV,,qp2_ees,94,voted blank,blank-invalid,,special,answer
2014,LV,,qp2_ees,96,did not vote,did-not-vote,,special,answer
2014,LV,,qp2_ees,98,other (open answer recoded),other,,special,answer
2014,LV,,qp2_ees,1428110,Green and Farmers' Union,Zaļo un Zemnieku savienība,701,link,answer
2014,LV,,qp2_ees,1428317,Harmony Centre (Concord Centre),Saskaņas Centrs,1056,name,answer
2014,LV,,qp2_ees,1428610,Unity,Vienotība,852,name,answer
2014,LV,,qp2_ees,1428723,For Fatherland and Freedom - National Independence Movement of Latvia,Tēvzemei un Brīvībai / LNNK,1704,hand,answer
2014,LV,,qp2_ees,1428901,Latvian Russian Union,Latvijas Krievu savienība / Русский союз Латвии,5657,link,answer
2014,LV,,qpp14_1,1428610,Unity,Vienotība,852,name,battery
2014,LV,,qpp14_2,1428317,Harmony Centre (Concord Centre),Saskaņas Centrs,1056,name,battery
2014,LV,,qpp14_3,1428723,For Fatherland and Freedom - National Independence Movement of Latvia,Tēvzemei un Brīvībai / LNNK,1704,hand,battery
2014,LV,,qpp14_4,1428110,Green and Farmers' Union,Zaļo un Zemnieku savienība,701,link,battery
2014,LV,,qpp14_5,,Reform Party,Zatlera Reformu partija,1476,link,battery
2014,LV,,qpp14_6,,For Latvia from the Heart,No sirds Latvijai,3193,name,battery
2014,LV,,qpp14_7,1428901,Latvian Russian Union,Latvijas Krievu savienība / Русский союз Латвии,5657,link,battery
2014,LV,,qpp19_1,1428610,Unity,Vienotība,852,name,battery
2014,LV,,qpp19_2,1428317,Harmony Centre (Concord Centre),Saskaņas Centrs,1056,name,battery
2014,LV,,qpp19_3,1428723,For Fatherland and Freedom - National Independence Movement of Latvia,Tēvzemei un Brīvībai / LNNK,1704,hand,battery
2014,LV,,qpp19_4,1428110,Green and Farmers' Union,Zaļo un Zemnieku savienība,701,link,battery
2014,LV,,qpp19_5,,Reform Party,Zatlera Reformu partija,1476,link,battery
2014,LV,,qpp19_6,,For Latvia from the Heart,No sirds Latvijai,3193,name,battery
2014,LV,,qpp19_7,1428901,Latvian Russian Union,Latvijas Krievu savienība / Русский союз Латвии,5657,link,battery
2014,LV,,qpp21_ees,0,"No, you do not feel close to any political party",none,,special,answer
2014,LV,,qpp21_ees,20,other (recoded by EES team),other,,special,answer
2014,LV,,qpp21_ees,77,refused,refused,,special,answer
2014,LV,,qpp21_ees,88,Don't know,dont-know,,special,answer
2014,LV,,qpp21_ees,98,other (open answer recoded),other,,special,answer
2014,LV,,qpp21_ees,1428110,Green and Farmers' Union,Zaļo un Zemnieku savienība,701,link,answer
2014,LV,,qpp21_ees,1428317,Harmony Centre (Concord Centre),Saskaņas Centrs,1056,name,answer
2014,LV,,qpp21_ees,1428610,Unity,Vienotība,852,name,answer
2014,LV,,qpp21_ees,1428620,Reform Party,Zatlera Reformu partija,1476,link,answer
2014,LV,,qpp21_ees,1428723,For Fatherland and Freedom - National Independence Movement of Latvia,Tēvzemei un Brīvībai / LNNK,1704,hand,answer
2014,LV,,qpp21_ees,1428901,Latvian Russian Union,Latvijas Krievu savienība / Русский союз Латвии,5657,link,answer
2014,LV,,qpp5_ees,20,other (recoded by EES team),other,,special,answer
2014,LV,,qpp5_ees,77,refused,refused,,special,answer
2014,LV,,qpp5_ees,88,Don't know,dont-know,,special,answer
2014,LV,,qpp5_ees,94,voted blank,blank-invalid,,special,answer
2014,LV,,qpp5_ees,96,did not vote,did-not-vote,,special,answer
2014,LV,,qpp5_ees,98,other (open answer recoded),other,,special,answer
2014,LV,,qpp5_ees,1428110,Green and Farmers' Union,Zaļo un Zemnieku savienība,701,link,answer
2014,LV,,qpp5_ees,1428317,Harmony Centre (Concord Centre),Saskaņas Centrs,1056,name,answer
2014,LV,,qpp5_ees,1428422,For Human Rights in a United Latvia,Par cilvēka tiesībām vienotā Latvijā,176,link,answer
2014,LV,,qpp5_ees,1428424,Latvia's First Party / Latvian Way,Latvijas Pirmā partija / Latvijas Ceļš,461,link,answer
2014,LV,,qpp5_ees,1428610,Unity,Vienotība,852,name,answer
2014,LV,,qpp5_ees,1428620,Reform Party,Zatlera Reformu partija,1476,link,answer
2014,LV,,qpp5_ees,1428723,For Fatherland and Freedom - National Independence Movement of Latvia,Tēvzemei un Brīvībai / LNNK,1704,hand,answer
2014,LV,,qpp6_ees,20,other (recoded by EES team),other,,special,answer
2014,LV,,qpp6_ees,77,refused,refused,,special,answer
2014,LV,,qpp6_ees,88,Don't know,dont-know,,special,answer
2014,LV,,qpp6_ees,94,voted blank,blank-invalid,,special,answer
2014,LV,,qpp6_ees,98,other (open answer recoded),other,,special,answer
2014,LV,,qpp6_ees,1428110,Green and Farmers' Union,Zaļo un Zemnieku savienība,701,link,answer
2014,LV,,qpp6_ees,1428317,Harmony Centre (Concord Centre),Saskaņas Centrs,1056,name,answer
2014,LV,,qpp6_ees,1428610,Unity,Vienotība,852,name,answer
2014,LV,,qpp6_ees,1428620,Reform Party,Zatlera Reformu partija,1476,link,answer
2014,LV,,qpp6_ees,1428723,For Fatherland and Freedom - National Independence Movement of Latvia,Tēvzemei un Brīvībai / LNNK,1704,hand,answer
2014,LV,,qpp6_ees,1428901,Latvian Russian Union,Latvijas Krievu savienība / Русский союз Латвии,5657,link,answer
2014,LV,,qpp8_1,1428610,Unity,Vienotība,852,name,battery
2014,LV,,qpp8_2,1428317,Harmony Centre (Concord Centre),Saskaņas Centrs,1056,name,battery
2014,LV,,qpp8_3,1428723,For Fatherland and Freedom - National Independence Movement of Latvia,Tēvzemei un Brīvībai / LNNK,1704,hand,battery
2014,LV,,qpp8_4,1428110,Green and Farmers' Union,Zaļo un Zemnieku savienība,701,link,battery
2014,LV,,qpp8_5,,Reform Party,Zatlera Reformu partija,1476,link,battery
2014,LV,,qpp8_6,,For Latvia from the Heart,No sirds Latvijai,3193,name,battery
2014,LV,,qpp8_7,1428901,Latvian Russian Union,Latvijas Krievu savienība / Русский союз Латвии,5657,link,battery
2014,NL,,qp2_ees,20,other (recoded by EES team),other,,special,answer
2014,NL,,qp2_ees,77,refused,refused,,special,answer
2014,NL,,qp2_ees,88,Don't know,dont-know,,special,answer
2014,NL,,qp2_ees,94,voted blank,blank-invalid,,special,answer
2014,NL,,qp2_ees,96,did not vote,did-not-vote,,special,answer
2014,NL,,qp2_ees,98,other (open answer recoded),other,,special,answer
2014,NL,,qp2_ees,1528110,Green Left,GroenLinks,1537,link,answer
2014,NL,,qp2_ees,1528220,Socialist Party,Socialistiese Partij,1363,link,answer
2014,NL,,qp2_ees,1528320,Labour Party,Partij van de Arbeid,1234,link,answer
2014,NL,,qp2_ees,1528330,Democrats '66,Democraten 66,45,link,answer
2014,NL,,qp2_ees,1528420,People's Party for Freedom and Democracy,Volkspartij voor Vrijheid en Democratie,828,link,answer
2014,NL,,qp2_ees,1528521,Christian Democratic Appeal,Christen Democratisch Appèl,1157,link,answer
2014,NL,,qp2_ees,1528528,Coalition CU - SGP,ChristenUnie,1459,link,answer
2014,NL,,qp2_ees,1528600,Party of Freedom,Partij voor de Vrijheid,298,link,answer
2014,NL,,qp2_ees,1528951,Party for the Animals,Partij voor de Dieren,1467,link,answer
2014,NL,,qpp14_1,1528420,People's Party for Freedom and Democracy,Volkspartij voor Vrijheid en Democratie,828,link,battery
2014,NL,,qpp14_2,1528320,Labour Party,Partij van de Arbeid,1234,link,battery
2014,NL,,qpp14_3,1528600,Party of Freedom,Partij voor de Vrijheid,298,link,battery
2014,NL,,qpp14_4,1528220,Socialist Party,Socialistiese Partij,1363,link,battery
2014,NL,,qpp14_5,1528521,Christian Democratic Appeal,Christen Democratisch Appèl,1157,link,battery
2014,NL,,qpp14_6,1528330,Democrats '66,Democraten 66,45,link,battery
2014,NL,,qpp14_7,,Christian Union,ChristenUnie,1459,link,battery
2014,NL,,qpp14_8,1528110,Green Left,GroenLinks,1537,link,battery
2014,NL,,qpp19_1,1528420,People's Party for Freedom and Democracy,Volkspartij voor Vrijheid en Democratie,828,link,battery
2014,NL,,qpp19_2,1528320,Labour Party,Partij van de Arbeid,1234,link,battery
2014,NL,,qpp19_3,1528600,Party of Freedom,Partij voor de Vrijheid,298,link,battery
2014,NL,,qpp19_4,1528220,Socialist Party,Socialistiese Partij,1363,link,battery
2014,NL,,qpp19_5,1528521,Christian Democratic Appeal,Christen Democratisch Appèl,1157,link,battery
2014,NL,,qpp19_6,1528330,Democrats '66,Democraten 66,45,link,battery
2014,NL,,qpp19_7,,Christian Union,ChristenUnie,1459,link,battery
2014,NL,,qpp19_8,1528110,Green Left,GroenLinks,1537,link,battery
2014,NL,,qpp21_ees,0,"No, you do not feel close to any political party",none,,special,answer
2014,NL,,qpp21_ees,20,other (recoded by EES team),other,,special,answer
2014,NL,,qpp21_ees,77,refused,refused,,special,answer
2014,NL,,qpp21_ees,88,Don't know,dont-know,,special,answer
2014,NL,,qpp21_ees,98,other (open answer recoded),other,,special,answer
2014,NL,,qpp21_ees,1528110,Green Left,GroenLinks,1537,link,answer
2014,NL,,qpp21_ees,1528220,Socialist Party,Socialistiese Partij,1363,link,answer
2014,NL,,qpp21_ees,1528320,Labour Party,Partij van de Arbeid,1234,link,answer
2014,NL,,qpp21_ees,1528330,Democrats '66,Democraten 66,45,link,answer
2014,NL,,qpp21_ees,1528420,People's Party for Freedom and Democracy,Volkspartij voor Vrijheid en Democratie,828,link,answer
2014,NL,,qpp21_ees,1528521,Christian Democratic Appeal,Christen Democratisch Appèl,1157,link,answer
2014,NL,,qpp21_ees,1528528,Coalition CU - SGP,ChristenUnie,1459,link,answer
2014,NL,,qpp21_ees,1528600,Party of Freedom,Partij voor de Vrijheid,298,link,answer
2014,NL,,qpp21_ees,1528951,Party for the Animals,Partij voor de Dieren,1467,link,answer
2014,NL,,qpp5_ees,20,other (recoded by EES team),other,,special,answer
2014,NL,,qpp5_ees,77,refused,refused,,special,answer
2014,NL,,qpp5_ees,88,Don't know,dont-know,,special,answer
2014,NL,,qpp5_ees,94,voted blank,blank-invalid,,special,answer
2014,NL,,qpp5_ees,96,did not vote,did-not-vote,,special,answer
2014,NL,,qpp5_ees,98,other (open answer recoded),other,,special,answer
2014,NL,,qpp5_ees,1528110,Green Left,GroenLinks,1537,link,answer
2014,NL,,qpp5_ees,1528220,Socialist Party,Socialistiese Partij,1363,link,answer
2014,NL,,qpp5_ees,1528320,Labour Party,Partij van de Arbeid,1234,link,answer
2014,NL,,qpp5_ees,1528330,Democrats '66,Democraten 66,45,link,answer
2014,NL,,qpp5_ees,1528420,People's Party for Freedom and Democracy,Volkspartij voor Vrijheid en Democratie,828,link,answer
2014,NL,,qpp5_ees,1528521,Christian Democratic Appeal,Christen Democratisch Appèl,1157,link,answer
2014,NL,,qpp5_ees,1528526,Christian Union,ChristenUnie,1459,link,answer
2014,NL,,qpp5_ees,1528600,Party of Freedom,Partij voor de Vrijheid,298,link,answer
2014,NL,,qpp5_ees,1528951,Party for the Animals,Partij voor de Dieren,1467,link,answer
2014,NL,,qpp6_ees,20,other (recoded by EES team),other,,special,answer
2014,NL,,qpp6_ees,77,refused,refused,,special,answer
2014,NL,,qpp6_ees,88,Don't know,dont-know,,special,answer
2014,NL,,qpp6_ees,94,voted blank,blank-invalid,,special,answer
2014,NL,,qpp6_ees,98,other (open answer recoded),other,,special,answer
2014,NL,,qpp6_ees,1528110,Green Left,GroenLinks,1537,link,answer
2014,NL,,qpp6_ees,1528220,Socialist Party,Socialistiese Partij,1363,link,answer
2014,NL,,qpp6_ees,1528320,Labour Party,Partij van de Arbeid,1234,link,answer
2014,NL,,qpp6_ees,1528330,Democrats '66,Democraten 66,45,link,answer
2014,NL,,qpp6_ees,1528420,People's Party for Freedom and Democracy,Volkspartij voor Vrijheid en Democratie,828,link,answer
2014,NL,,qpp6_ees,1528521,Christian Democratic Appeal,Christen Democratisch Appèl,1157,link,answer
2014,NL,,qpp6_ees,1528528,Coalition CU - SGP,ChristenUnie,1459,link,answer
2014,NL,,qpp6_ees,1528600,Party of Freedom,Partij voor de Vrijheid,298,link,answer
2014,NL,,qpp6_ees,1528951,Party for the Animals,Partij voor de Dieren,1467,link,answer
2014,NL,,qpp8_1,1528420,People's Party for Freedom and Democracy,Volkspartij voor Vrijheid en Democratie,828,link,battery
2014,NL,,qpp8_2,1528320,Labour Party,Partij van de Arbeid,1234,link,battery
2014,NL,,qpp8_3,1528600,Party of Freedom,Partij voor de Vrijheid,298,link,battery
2014,NL,,qpp8_4,1528220,Socialist Party,Socialistiese Partij,1363,link,battery
2014,NL,,qpp8_5,1528521,Christian Democratic Appeal,Christen Democratisch Appèl,1157,link,battery
2014,NL,,qpp8_6,1528330,Democrats '66,Democraten 66,45,link,battery
2014,NL,,qpp8_7,,Christian Union,ChristenUnie,1459,link,battery
2014,NL,,qpp8_8,1528110,Green Left,GroenLinks,1537,link,battery
2014,PL,,qp2_ees,20,other (recoded by EES team),other,,special,answer
2014,PL,,qp2_ees,77,refused,refused,,special,answer
2014,PL,,qp2_ees,88,Don't know,dont-know,,special,answer
2014,PL,,qp2_ees,94,voted blank,blank-invalid,,special,answer
2014,PL,,qp2_ees,96,did not vote,did-not-vote,,special,answer
2014,PL,,qp2_ees,98,other (open answer recoded),other,,special,answer
2014,PL,,qp2_ees,1616001,Congress of the New Right,Kongres Nowej Prawicy,4713,link,answer
2014,PL,,qp2_ees,1616002,United Poland,Solidarna Polska,328,name,answer
2014,PL,,qp2_ees,1616003,Europa Plus Social Movement,Europa Plus Social Movement [og],,hand,answer
2014,PL,,qp2_ees,1616210,Coalition of the Democratic Left Alliance and the Union of Labour,Sojusz Lewicy Demokratycznej,57,link,answer
2014,PL,,qp2_ees,1616435,Civic Platform,Platforma Obywatelska,1117,name,answer
2014,PL,,qp2_ees,1616436,Law and Justice,Prawo i Sprawiedliwość,1565,link,answer
2014,PL,,qp2_ees,1616811,Polish Peasants' Party,Polskie Stronnictwo Ludowe,602,link,answer
2014,PL,,qpp14_1,1616435,Civic Platform,Platforma Obywatelska,1117,name,battery
2014,PL,,qpp14_2,1616811,Polish Peasants' Party,Polskie Stronnictwo Ludowe,602,link,battery
2014,PL,,qpp14_3,1616210,Coalition of the Democratic Left Alliance and the Union of Labour,Sojusz Lewicy Demokratycznej,57,link,battery
2014,PL,,qpp14_4,1616436,Law and Justice,Prawo i Sprawiedliwość,1565,link,battery
2014,PL,,qpp14_5,1616310,Your Movement,Ruch Palikota / Twój Ruch,731,name,battery
2014,PL,,qpp14_6,1616001,Congress of the New Right,Kongres Nowej Prawicy,4713,link,battery
2014,PL,,qpp14_7,1616002,United Poland,Solidarna Polska,328,name,battery
2014,PL,,qpp19_1,1616435,Civic Platform,Platforma Obywatelska,1117,name,battery
2014,PL,,qpp19_2,1616811,Polish Peasants' Party,Polskie Stronnictwo Ludowe,602,link,battery
2014,PL,,qpp19_3,1616210,Coalition of the Democratic Left Alliance and the Union of Labour,Sojusz Lewicy Demokratycznej,57,link,battery
2014,PL,,qpp19_4,1616436,Law and Justice,Prawo i Sprawiedliwość,1565,link,battery
2014,PL,,qpp19_5,1616310,Your Movement,Ruch Palikota / Twój Ruch,731,name,battery
2014,PL,,qpp19_6,1616001,Congress of the New Right,Kongres Nowej Prawicy,4713,link,battery
2014,PL,,qpp19_7,1616002,United Poland,Solidarna Polska,328,name,battery
2014,PL,,qpp21_ees,0,"No, you do not feel close to any political party",none,,special,answer
2014,PL,,qpp21_ees,20,other (recoded by EES team),other,,special,answer
2014,PL,,qpp21_ees,77,refused,refused,,special,answer
2014,PL,,qpp21_ees,88,Don't know,dont-know,,special,answer
2014,PL,,qpp21_ees,98,other (open answer recoded),other,,special,answer
2014,PL,,qpp21_ees,1616001,Congress of the New Right,Kongres Nowej Prawicy,4713,link,answer
2014,PL,,qpp21_ees,1616002,United Poland,Solidarna Polska,328,name,answer
2014,PL,,qpp21_ees,1616210,Coalition of the Democratic Left Alliance and the Union of Labour,Sojusz Lewicy Demokratycznej,57,link,answer
2014,PL,,qpp21_ees,1616310,Your Movement,Ruch Palikota / Twój Ruch,731,name,answer
2014,PL,,qpp21_ees,1616435,Civic Platform,Platforma Obywatelska,1117,name,answer
2014,PL,,qpp21_ees,1616436,Law and Justice,Prawo i Sprawiedliwość,1565,link,answer
2014,PL,,qpp21_ees,1616811,Polish Peasants' Party,Polskie Stronnictwo Ludowe,602,link,answer
2014,PL,,qpp5_ees,20,other (recoded by EES team),other,,special,answer
2014,PL,,qpp5_ees,77,refused,refused,,special,answer
2014,PL,,qpp5_ees,88,Don't know,dont-know,,special,answer
2014,PL,,qpp5_ees,94,voted blank,blank-invalid,,special,answer
2014,PL,,qpp5_ees,96,did not vote,did-not-vote,,special,answer
2014,PL,,qpp5_ees,98,other (open answer recoded),other,,special,answer
2014,PL,,qpp5_ees,1616001,Congress of the New Right,Kongres Nowej Prawicy,4713,link,answer
2014,PL,,qpp5_ees,1616210,Coalition of the Democratic Left Alliance and the Union of Labour,Sojusz Lewicy Demokratycznej,57,link,answer
2014,PL,,qpp5_ees,1616435,Civic Platform,Platforma Obywatelska,1117,name,answer
2014,PL,,qpp5_ees,1616436,Law and Justice,Prawo i Sprawiedliwość,1565,link,answer
2014,PL,,qpp5_ees,1616811,Polish Peasants' Party,Polskie Stronnictwo Ludowe,602,link,answer
2014,PL,,qpp6_ees,20,other (recoded by EES team),other,,special,answer
2014,PL,,qpp6_ees,77,refused,refused,,special,answer
2014,PL,,qpp6_ees,88,Don't know,dont-know,,special,answer
2014,PL,,qpp6_ees,94,voted blank,blank-invalid,,special,answer
2014,PL,,qpp6_ees,98,other (open answer recoded),other,,special,answer
2014,PL,,qpp6_ees,1616001,Congress of the New Right,Kongres Nowej Prawicy,4713,link,answer
2014,PL,,qpp6_ees,1616002,United Poland,Solidarna Polska,328,name,answer
2014,PL,,qpp6_ees,1616210,Coalition of the Democratic Left Alliance and the Union of Labour,Sojusz Lewicy Demokratycznej,57,link,answer
2014,PL,,qpp6_ees,1616310,Your Movement,Ruch Palikota / Twój Ruch,731,name,answer
2014,PL,,qpp6_ees,1616435,Civic Platform,Platforma Obywatelska,1117,name,answer
2014,PL,,qpp6_ees,1616436,Law and Justice,Prawo i Sprawiedliwość,1565,link,answer
2014,PL,,qpp6_ees,1616811,Polish Peasants' Party,Polskie Stronnictwo Ludowe,602,link,answer
2014,PL,,qpp8_1,1616435,Civic Platform,Platforma Obywatelska,1117,name,battery
2014,PL,,qpp8_2,1616811,Polish Peasants' Party,Polskie Stronnictwo Ludowe,602,link,battery
2014,PL,,qpp8_3,1616210,Coalition of the Democratic Left Alliance and the Union of Labour,Sojusz Lewicy Demokratycznej,57,link,battery
2014,PL,,qpp8_4,1616436,Law and Justice,Prawo i Sprawiedliwość,1565,link,battery
2014,PL,,qpp8_5,1616310,Your Movement,Ruch Palikota / Twój Ruch,731,name,battery
2014,PL,,qpp8_6,1616001,Congress of the New Right,Kongres Nowej Prawicy,4713,link,battery
2014,PL,,qpp8_7,1616002,United Poland,Solidarna Polska,328,name,battery
2014,PT,,qp2_ees,77,refused,refused,,special,answer
2014,PT,,qp2_ees,88,Don't know,dont-know,,special,answer
2014,PT,,qp2_ees,94,voted blank,blank-invalid,,special,answer
2014,PT,,qp2_ees,96,did not vote,did-not-vote,,special,answer
2014,PT,,qp2_ees,98,other (open answer recoded),other,,special,answer
2014,PT,,qp2_ees,1620110,Earth Party,Movimento Partido da Terra / Partido da Terra,3226,link,answer
2014,PT,,qp2_ees,1620211,Left Bloc,Bloco de Esquerda,1310,link,answer
2014,PT,,qp2_ees,1620229,Unified Democratic Coalition,Coligação Democrática Unitária,284,link,answer
2014,PT,,qp2_ees,1620311,Socialist Party,Partido Socialista,655,name,answer
2014,PT,,qp2_ees,1620314,Coalition PSD (1620313) + CDS-PP (1620520),Partido Popular Democrático / Partido Social Democrata,1359,link,answer
2014,PT,,qpp14_1,,Social Democratic Party,Partido Popular Democrático / Partido Social Democrata,1359,link,battery
2014,PT,,qpp14_2,,Social Democratic Center-Popular Party,Centro Democrático e Social / Partido Popular,1308,link,battery
2014,PT,,qpp14_3,1620311,Socialist Party,Partido Socialista,655,name,battery
2014,PT,,qpp14_4,1620229,Unified Democratic Coalition,Coligação Democrática Unitária,284,link,battery
2014,PT,,qpp14_5,1620211,Left Bloc,Bloco de Esquerda,1310,link,battery
2014,PT,,qpp14_6,1620110,Earth Party,Movimento Partido da Terra / Partido da Terra,3226,link,battery
2014,PT,,qpp19_1,,Social Democratic Party,Partido Popular Democrático / Partido Social Democrata,1359,link,battery
2014,PT,,qpp19_2,,Social Democratic Center-Popular Party,Centro Democrático e Social / Partido Popular,1308,link,battery
2014,PT,,qpp19_3,1620311,Socialist Party,Partido Socialista,655,name,battery
2014,PT,,qpp19_4,1620229,Unified Democratic Coalition,Coligação Democrática Unitária,284,link,battery
2014,PT,,qpp19_5,1620211,Left Bloc,Bloco de Esquerda,1310,link,battery
2014,PT,,qpp19_6,1620110,Earth Party,Movimento Partido da Terra / Partido da Terra,3226,link,battery
2014,PT,,qpp21_ees,0,"No, you do not feel close to any political party",none,,special,answer
2014,PT,,qpp21_ees,20,other (recoded by EES team),other,,special,answer
2014,PT,,qpp21_ees,77,refused,refused,,special,answer
2014,PT,,qpp21_ees,88,Don't know,dont-know,,special,answer
2014,PT,,qpp21_ees,98,other (open answer recoded),other,,special,answer
2014,PT,,qpp21_ees,1620110,Earth Party,Movimento Partido da Terra / Partido da Terra,3226,link,answer
2014,PT,,qpp21_ees,1620211,Left Bloc,Bloco de Esquerda,1310,link,answer
2014,PT,,qpp21_ees,1620311,Socialist Party,Partido Socialista,655,name,answer
2014,PT,,qpp21_ees,1620313,Social Democratic Party,Partido Popular Democrático / Partido Social Democrata,1359,link,answer
2014,PT,,qpp21_ees,1620520,Social Democratic Center-Popular Party,Centro Democrático e Social / Partido Popular,1308,link,answer
2014,PT,,qpp5_ees,20,other (recoded by EES team),other,,special,answer
2014,PT,,qpp5_ees,77,refused,refused,,special,answer
2014,PT,,qpp5_ees,88,Don't know,dont-know,,special,answer
2014,PT,,qpp5_ees,94,voted blank,blank-invalid,,special,answer
2014,PT,,qpp5_ees,96,did not vote,did-not-vote,,special,answer
2014,PT,,qpp5_ees,98,other (open answer recoded),other,,special,answer
2014,PT,,qpp5_ees,1620211,Left Bloc,Bloco de Esquerda,1310,link,answer
2014,PT,,qpp5_ees,1620229,Unified Democratic Coalition,Coligação Democrática Unitária,284,link,answer
2014,PT,,qpp5_ees,1620311,Socialist Party,Partido Socialista,655,name,answer
2014,PT,,qpp5_ees,1620313,Social Democratic Party,Partido Popular Democrático / Partido Social Democrata,1359,link,answer
2014,PT,,qpp5_ees,1620314,Coalition PSD (1620313) + CDS-PP (1620520),Partido Popular Democrático / Partido Social Democrata,1359,link,answer
2014,PT,,qpp5_ees,1620520,Social Democratic Center-Popular Party,Centro Democrático e Social / Partido Popular,1308,link,answer
2014,PT,,qpp6_ees,20,other (recoded by EES team),other,,special,answer
2014,PT,,qpp6_ees,77,refused,refused,,special,answer
2014,PT,,qpp6_ees,88,Don't know,dont-know,,special,answer
2014,PT,,qpp6_ees,94,voted blank,blank-invalid,,special,answer
2014,PT,,qpp6_ees,98,other (open answer recoded),other,,special,answer
2014,PT,,qpp6_ees,1620110,Earth Party,Movimento Partido da Terra / Partido da Terra,3226,link,answer
2014,PT,,qpp6_ees,1620211,Left Bloc,Bloco de Esquerda,1310,link,answer
2014,PT,,qpp6_ees,1620311,Socialist Party,Partido Socialista,655,name,answer
2014,PT,,qpp6_ees,1620313,Social Democratic Party,Partido Popular Democrático / Partido Social Democrata,1359,link,answer
2014,PT,,qpp6_ees,1620520,Social Democratic Center-Popular Party,Centro Democrático e Social / Partido Popular,1308,link,answer
2014,PT,,qpp8_1,,Social Democratic Party,Partido Popular Democrático / Partido Social Democrata,1359,link,battery
2014,PT,,qpp8_2,,Social Democratic Center-Popular Party,Centro Democrático e Social / Partido Popular,1308,link,battery
2014,PT,,qpp8_3,1620311,Socialist Party,Partido Socialista,655,name,battery
2014,PT,,qpp8_4,1620229,Unified Democratic Coalition,Coligação Democrática Unitária,284,link,battery
2014,PT,,qpp8_5,1620211,Left Bloc,Bloco de Esquerda,1310,link,battery
2014,PT,,qpp8_6,1620110,Earth Party,Movimento Partido da Terra / Partido da Terra,3226,link,battery
2014,RO,,qp2_ees,20,other (recoded by EES team),other,,special,answer
2014,RO,,qp2_ees,77,refused,refused,,special,answer
2014,RO,,qp2_ees,88,Don't know,dont-know,,special,answer
2014,RO,,qp2_ees,94,voted blank,blank-invalid,,special,answer
2014,RO,,qp2_ees,96,did not vote,did-not-vote,,special,answer
2014,RO,,qp2_ees,98,other (open answer recoded),other,,special,answer
2014,RO,,qp2_ees,1642301,Electoral Alliance PSD (1642300) + UNPR + PC (1642600),Electoral Alliance PSD (1642300) + UNPR + PC (1642600) [og],,hand,answer
2014,RO,,qp2_ees,1642400,Democratic Liberal Party,Partidul Democrat-Liberal,660,hand,answer
2014,RO,,qp2_ees,1642401,National Liberal Party,Partidul Naţional Liberal,481,link,answer
2014,RO,,qp2_ees,1642502,Civic Force,Forța Civică,2473,name,answer
2014,RO,,qp2_ees,1642503,People's Movement Party,Partidul Mișcarea Populară,3210,link,answer
2014,RO,,qp2_ees,1642700,Greater Romania Party,Partidul România Mare,1305,link,answer
2014,RO,,qp2_ees,1642800,Christian Democratic National Peasants' Party,Partidul Naţional Ţărănesc Creştin Democrat,1750,name,answer
2014,RO,,qp2_ees,1642900,Hungarian Democratic Alliance of Romania,Uniunea Democrată Maghiară din România / Romániai Magyar Demokrata Szövetség,1105,link,answer
2014,RO,,qp2_ees,1642981,People's Party - Dan Dianconescu,Partidul Poporului — Dan Diaconescu,2474,link,answer
2014,RO,,qpp14_1,,Social Democratic Party,Partidul Social Democrat,120,link,battery
2014,RO,,qpp14_2,1642401,National Liberal Party,Partidul Naţional Liberal,481,link,battery
2014,RO,,qpp14_3,1642400,Democratic Liberal Party,Partidul Democrat-Liberal,660,hand,battery
2014,RO,,qpp14_4,1642981,People's Party - Dan Dianconescu,Partidul Poporului — Dan Diaconescu,2474,link,battery
2014,RO,,qpp14_5,1642900,Hungarian Democratic Alliance of Romania,Uniunea Democrată Maghiară din România / Romániai Magyar Demokrata Szövetség,1105,link,battery
2014,RO,,qpp14_6,1642700,Greater Romania Party,Partidul România Mare,1305,link,battery
2014,RO,,qpp14_7,1642503,People's Movement Party,Partidul Mișcarea Populară,3210,link,battery
2014,RO,,qpp14_8,1642502,Civic Force,Forța Civică,2473,name,battery
2014,RO,,qpp19_1,,Social Democratic Party,Partidul Social Democrat,120,link,battery
2014,RO,,qpp19_2,1642401,National Liberal Party,Partidul Naţional Liberal,481,link,battery
2014,RO,,qpp19_3,1642400,Democratic Liberal Party,Partidul Democrat-Liberal,660,hand,battery
2014,RO,,qpp19_4,1642981,People's Party - Dan Dianconescu,Partidul Poporului — Dan Diaconescu,2474,link,battery
2014,RO,,qpp19_5,1642900,Hungarian Democratic Alliance of Romania,Uniunea Democrată Maghiară din România / Romániai Magyar Demokrata Szövetség,1105,link,battery
2014,RO,,qpp19_6,1642700,Greater Romania Party,Partidul România Mare,1305,link,battery
2014,RO,,qpp19_7,1642503,People's Movement Party,Partidul Mișcarea Populară,3210,link,battery
2014,RO,,qpp19_8,1642502,Civic Force,Forța Civică,2473,name,battery
2014,RO,,qpp21_ees,0,"No, you do not feel close to any political party",none,,special,answer
2014,RO,,qpp21_ees,20,other (recoded by EES team),other,,special,answer
2014,RO,,qpp21_ees,77,refused,refused,,special,answer
2014,RO,,qpp21_ees,88,Don't know,dont-know,,special,answer
2014,RO,,qpp21_ees,98,other (open answer recoded),other,,special,answer
2014,RO,,qpp21_ees,1642300,Social Democratic Party,Partidul Social Democrat,120,link,answer
2014,RO,,qpp21_ees,1642400,Democratic Liberal Party,Partidul Democrat-Liberal,660,hand,answer
2014,RO,,qpp21_ees,1642401,National Liberal Party,Partidul Naţional Liberal,481,link,answer
2014,RO,,qpp21_ees,1642502,Civic Force,Forța Civică,2473,name,answer
2014,RO,,qpp21_ees,1642503,People's Movement Party,Partidul Mișcarea Populară,3210,link,answer
2014,RO,,qpp21_ees,1642600,Conservative Party,Partidul Conservator / Partidul Umanist Român,1443,hand,answer
2014,RO,,qpp21_ees,1642700,Greater Romania Party,Partidul România Mare,1305,link,answer
2014,RO,,qpp21_ees,1642800,Christian Democratic National Peasants' Party,Partidul Naţional Ţărănesc Creştin Democrat,1750,name,answer
2014,RO,,qpp21_ees,1642900,Hungarian Democratic Alliance of Romania,Uniunea Democrată Maghiară din România / Romániai Magyar Demokrata Szövetség,1105,link,answer
2014,RO,,qpp21_ees,1642981,People's Party - Dan Dianconescu,Partidul Poporului — Dan Diaconescu,2474,link,answer
2014,RO,,qpp5_ees,20,other (recoded by EES team),other,,special,answer
2014,RO,,qpp5_ees,77,refused,refused,,special,answer
2014,RO,,qpp5_ees,88,Don't know,dont-know,,special,answer
2014,RO,,qpp5_ees,94,voted blank,blank-invalid,,special,answer
2014,RO,,qpp5_ees,96,did not vote,did-not-vote,,special,answer
2014,RO,,qpp5_ees,98,other (open answer recoded),other,,special,answer
2014,RO,,qpp5_ees,1642700,Greater Romania Party,Partidul România Mare,1305,link,answer
2014,RO,,qpp5_ees,1642900,Hungarian Democratic Alliance of Romania,Uniunea Democrată Maghiară din România / Romániai Magyar Demokrata Szövetség,1105,link,answer
2014,RO,,qpp5_ees,1642981,People's Party - Dan Dianconescu,Partidul Poporului — Dan Diaconescu,2474,link,answer
2014,RO,,qpp6_ees,20,other (recoded by EES team),other,,special,answer
2014,RO,,qpp6_ees,77,refused,refused,,special,answer
2014,RO,,qpp6_ees,88,Don't know,dont-know,,special,answer
2014,RO,,qpp6_ees,94,voted blank,blank-invalid,,special,answer
2014,RO,,qpp6_ees,98,other (open answer recoded),other,,special,answer
2014,RO,,qpp6_ees,1642300,Social Democratic Party,Partidul Social Democrat,120,link,answer
2014,RO,,qpp6_ees,1642400,Democratic Liberal Party,Partidul Democrat-Liberal,660,hand,answer
2014,RO,,qpp6_ees,1642401,National Liberal Party,Partidul Naţional Liberal,481,link,answer
2014,RO,,qpp6_ees,1642502,Civic Force,Forța Civică,2473,name,answer
2014,RO,,qpp6_ees,1642503,People's Movement Party,Partidul Mișcarea Populară,3210,link,answer
2014,RO,,qpp6_ees,1642600,Conservative Party,Partidul Conservator / Partidul Umanist Român,1443,hand,answer
2014,RO,,qpp6_ees,1642700,Greater Romania Party,Partidul România Mare,1305,link,answer
2014,RO,,qpp6_ees,1642800,Christian Democratic National Peasants' Party,Partidul Naţional Ţărănesc Creştin Democrat,1750,name,answer
2014,RO,,qpp6_ees,1642900,Hungarian Democratic Alliance of Romania,Uniunea Democrată Maghiară din România / Romániai Magyar Demokrata Szövetség,1105,link,answer
2014,RO,,qpp6_ees,1642981,People's Party - Dan Dianconescu,Partidul Poporului — Dan Diaconescu,2474,link,answer
2014,RO,,qpp8_1,,Social Democratic Party,Partidul Social Democrat,120,link,battery
2014,RO,,qpp8_2,1642401,National Liberal Party,Partidul Naţional Liberal,481,link,battery
2014,RO,,qpp8_3,1642400,Democratic Liberal Party,Partidul Democrat-Liberal,660,hand,battery
2014,RO,,qpp8_4,1642981,People's Party - Dan Dianconescu,Partidul Poporului — Dan Diaconescu,2474,link,battery
2014,RO,,qpp8_5,1642900,Hungarian Democratic Alliance of Romania,Uniunea Democrată Maghiară din România / Romániai Magyar Demokrata Szövetség,1105,link,battery
2014,RO,,qpp8_6,1642700,Greater Romania Party,Partidul România Mare,1305,link,battery
2014,RO,,qpp8_7,1642503,People's Movement Party,Partidul Mișcarea Populară,3210,link,battery
2014,RO,,qpp8_8,1642502,Civic Force,Forța Civică,2473,name,battery
2014,SE,,qp2_ees,77,refused,refused,,special,answer
2014,SE,,qp2_ees,94,voted blank,blank-invalid,,special,answer
2014,SE,,qp2_ees,96,did not vote,did-not-vote,,special,answer
2014,SE,,qp2_ees,98,other (open answer recoded),other,,special,answer
2014,SE,,qp2_ees,1752000,Pirate Party,Piratpartiet,1485,link,answer
2014,SE,,qp2_ees,1752110,Green Ecology Party,Miljöpartiet de gröna,456,link,answer
2014,SE,,qp2_ees,1752220,Left Party,Vänsterpartiet / Sveriges Komunistiska Parti,830,link,answer
2014,SE,,qp2_ees,1752320,Social Democratic Labour Party,Socialdemokraterna / Sveriges socialdemokratiska arbetareparti,487,link,answer
2014,SE,,qp2_ees,1752420,Liberal People's Party,Folkpartiet liberalerna / Liberalerna,1274,link,answer
2014,SE,,qp2_ees,1752520,Christian Democrats,Kristdemokraterna,651,link,answer
2014,SE,,qp2_ees,1752620,Moderate Coalition Party,Allmänna valmansförbundet / Högern / Högerpartiet / Moderata samlingspartiet,690,link,answer
2014,SE,,qp2_ees,1752700,Sweden Democrats,Sverigedemokraterna,409,link,answer
2014,SE,,qp2_ees,1752810,Centre Party,Bondeförbundet / Centerpartiet,199,link,answer
2014,SE,,qp2_ees,1752952,June List,Junilistan,1093,name,answer
2014,SE,,qp2_ees,1752953,Feminist Initiative,Feministiskt initiativ,1240,link,answer
2014,SE,,qpp14_1,1752320,Social Democratic Labour Party,Socialdemokraterna / Sveriges socialdemokratiska arbetareparti,487,link,battery
2014,SE,,qpp14_2,1752620,Moderate Coalition Party,Allmänna valmansförbundet / Högern / Högerpartiet / Moderata samlingspartiet,690,link,battery
2014,SE,,qpp14_3,1752110,Green Ecology Party,Miljöpartiet de gröna,456,link,battery
2014,SE,,qpp14_4,1752420,Liberal People's Party,Folkpartiet liberalerna / Liberalerna,1274,link,battery
2014,SE,,qpp14_5,1752810,Centre Party,Bondeförbundet / Centerpartiet,199,link,battery
2014,SE,,qpp14_6,1752700,Sweden Democrats,Sverigedemokraterna,409,link,battery
2014,SE,,qpp14_7,1752520,Christian Democrats,Kristdemokraterna,651,link,battery
2014,SE,,qpp14_8,1752220,Left Party,Vänsterpartiet / Sveriges Komunistiska Parti,830,link,battery
2014,SE,,qpp19_1,1752320,Social Democratic Labour Party,Socialdemokraterna / Sveriges socialdemokratiska arbetareparti,487,link,battery
2014,SE,,qpp19_2,1752620,Moderate Coalition Party,Allmänna valmansförbundet / Högern / Högerpartiet / Moderata samlingspartiet,690,link,battery
2014,SE,,qpp19_3,1752110,Green Ecology Party,Miljöpartiet de gröna,456,link,battery
2014,SE,,qpp19_4,1752420,Liberal People's Party,Folkpartiet liberalerna / Liberalerna,1274,link,battery
2014,SE,,qpp19_5,1752810,Centre Party,Bondeförbundet / Centerpartiet,199,link,battery
2014,SE,,qpp19_6,1752700,Sweden Democrats,Sverigedemokraterna,409,link,battery
2014,SE,,qpp19_7,1752520,Christian Democrats,Kristdemokraterna,651,link,battery
2014,SE,,qpp19_8,1752220,Left Party,Vänsterpartiet / Sveriges Komunistiska Parti,830,link,battery
2014,SE,,qpp21_ees,0,"No, you do not feel close to any political party",none,,special,answer
2014,SE,,qpp21_ees,77,refused,refused,,special,answer
2014,SE,,qpp21_ees,88,Don't know,dont-know,,special,answer
2014,SE,,qpp21_ees,98,other (open answer recoded),other,,special,answer
2014,SE,,qpp21_ees,1752000,Pirate Party,Piratpartiet,1485,link,answer
2014,SE,,qpp21_ees,1752110,Green Ecology Party,Miljöpartiet de gröna,456,link,answer
2014,SE,,qpp21_ees,1752220,Left Party,Vänsterpartiet / Sveriges Komunistiska Parti,830,link,answer
2014,SE,,qpp21_ees,1752320,Social Democratic Labour Party,Socialdemokraterna / Sveriges socialdemokratiska arbetareparti,487,link,answer
2014,SE,,qpp21_ees,1752420,Liberal People's Party,Folkpartiet liberalerna / Liberalerna,1274,link,answer
2014,SE,,qpp21_ees,1752520,Christian Democrats,Kristdemokraterna,651,link,answer
2014,SE,,qpp21_ees,1752620,Moderate Coalition Party,Allmänna valmansförbundet / Högern / Högerpartiet / Moderata samlingspartiet,690,link,answer
2014,SE,,qpp21_ees,1752700,Sweden Democrats,Sverigedemokraterna,409,link,answer
2014,SE,,qpp21_ees,1752810,Centre Party,Bondeförbundet / Centerpartiet,199,link,answer
2014,SE,,qpp21_ees,1752953,Feminist Initiative,Feministiskt initiativ,1240,link,answer
2014,SE,,qpp5_ees,77,refused,refused,,special,answer
2014,SE,,qpp5_ees,88,Don't know,dont-know,,special,answer
2014,SE,,qpp5_ees,94,voted blank,blank-invalid,,special,answer
2014,SE,,qpp5_ees,96,did not vote,did-not-vote,,special,answer
2014,SE,,qpp5_ees,98,other (open answer recoded),other,,special,answer
2014,SE,,qpp5_ees,1752000,Pirate Party,Piratpartiet,1485,link,answer
2014,SE,,qpp5_ees,1752110,Green Ecology Party,Miljöpartiet de gröna,456,link,answer
2014,SE,,qpp5_ees,1752220,Left Party,Vänsterpartiet / Sveriges Komunistiska Parti,830,link,answer
2014,SE,,qpp5_ees,1752320,Social Democratic Labour Party,Socialdemokraterna / Sveriges socialdemokratiska arbetareparti,487,link,answer
2014,SE,,qpp5_ees,1752420,Liberal People's Party,Folkpartiet liberalerna / Liberalerna,1274,link,answer
2014,SE,,qpp5_ees,1752520,Christian Democrats,Kristdemokraterna,651,link,answer
2014,SE,,qpp5_ees,1752620,Moderate Coalition Party,Allmänna valmansförbundet / Högern / Högerpartiet / Moderata samlingspartiet,690,link,answer
2014,SE,,qpp5_ees,1752700,Sweden Democrats,Sverigedemokraterna,409,link,answer
2014,SE,,qpp5_ees,1752810,Centre Party,Bondeförbundet / Centerpartiet,199,link,answer
2014,SE,,qpp5_ees,1752953,Feminist Initiative,Feministiskt initiativ,1240,link,answer
2014,SE,,qpp6_ees,77,refused,refused,,special,answer
2014,SE,,qpp6_ees,88,Don't know,dont-know,,special,answer
2014,SE,,qpp6_ees,94,voted blank,blank-invalid,,special,answer
2014,SE,,qpp6_ees,98,other (open answer recoded),other,,special,answer
2014,SE,,qpp6_ees,1752000,Pirate Party,Piratpartiet,1485,link,answer
2014,SE,,qpp6_ees,1752110,Green Ecology Party,Miljöpartiet de gröna,456,link,answer
2014,SE,,qpp6_ees,1752220,Left Party,Vänsterpartiet / Sveriges Komunistiska Parti,830,link,answer
2014,SE,,qpp6_ees,1752320,Social Democratic Labour Party,Socialdemokraterna / Sveriges socialdemokratiska arbetareparti,487,link,answer
2014,SE,,qpp6_ees,1752420,Liberal People's Party,Folkpartiet liberalerna / Liberalerna,1274,link,answer
2014,SE,,qpp6_ees,1752520,Christian Democrats,Kristdemokraterna,651,link,answer
2014,SE,,qpp6_ees,1752620,Moderate Coalition Party,Allmänna valmansförbundet / Högern / Högerpartiet / Moderata samlingspartiet,690,link,answer
2014,SE,,qpp6_ees,1752700,Sweden Democrats,Sverigedemokraterna,409,link,answer
2014,SE,,qpp6_ees,1752810,Centre Party,Bondeförbundet / Centerpartiet,199,link,answer
2014,SE,,qpp6_ees,1752953,Feminist Initiative,Feministiskt initiativ,1240,link,answer
2014,SE,,qpp8_1,1752320,Social Democratic Labour Party,Socialdemokraterna / Sveriges socialdemokratiska arbetareparti,487,link,battery
2014,SE,,qpp8_2,1752620,Moderate Coalition Party,Allmänna valmansförbundet / Högern / Högerpartiet / Moderata samlingspartiet,690,link,battery
2014,SE,,qpp8_3,1752110,Green Ecology Party,Miljöpartiet de gröna,456,link,battery
2014,SE,,qpp8_4,1752420,Liberal People's Party,Folkpartiet liberalerna / Liberalerna,1274,link,battery
2014,SE,,qpp8_5,1752810,Centre Party,Bondeförbundet / Centerpartiet,199,link,battery
2014,SE,,qpp8_6,1752700,Sweden Democrats,Sverigedemokraterna,409,link,battery
2014,SE,,qpp8_7,1752520,Christian Democrats,Kristdemokraterna,651,link,battery
2014,SE,,qpp8_8,1752220,Left Party,Vänsterpartiet / Sveriges Komunistiska Parti,830,link,battery
2014,SI,,qp2_ees,20,other (recoded by EES team),other,,special,answer
2014,SI,,qp2_ees,77,refused,refused,,special,answer
2014,SI,,qp2_ees,88,Don't know,dont-know,,special,answer
2014,SI,,qp2_ees,94,voted blank,blank-invalid,,special,answer
2014,SI,,qp2_ees,96,did not vote,did-not-vote,,special,answer
2014,SI,,qp2_ees,98,other (open answer recoded),other,,special,answer
2014,SI,,qp2_ees,1705001,Coalition New Slovenia + Slovenian People's Party (NSi (1705522) + SLS (1705521)),Coalition New Slovenia + Slovenian People's Party (NSi (1705522) + SLS (1705521)) [og],,hand,answer
2014,SI,,qp2_ees,1705100,I believe,Verjamem,3205,name,answer
2014,SI,,qp2_ees,1705320,Slovenian Democratic Party,Slovenska demokratska stranka,472,link,answer
2014,SI,,qp2_ees,1705323,Social Democratic Party,Socialni demokrati / Združena lista socialnih demokratov,1403,link,answer
2014,SI,,qp2_ees,1705324,Zares - Social Liberals,Zares,474,name,answer
2014,SI,,qp2_ees,1705340,Positive Slovenia,Lista Zorana Jankovića — Pozitivna Slovenija,1773,link,answer
2014,SI,,qp2_ees,1705450,Civic List,Državljanska lista,98,link,answer
2014,SI,,qp2_ees,1705710,Slovene National Party,Slovenska nacionalna stranka,96,link,answer
2014,SI,,qp2_ees,1705951,Democratic Party of Pensioners of Slovenia,Demokratična stranka upokojencev Slovenije,467,link,answer
2014,SI,,qpp14_1,1705340,Positive Slovenia,Lista Zorana Jankovića — Pozitivna Slovenija,1773,link,battery
2014,SI,,qpp14_2,1705320,Slovenian Democratic Party,Slovenska demokratska stranka,472,link,battery
2014,SI,,qpp14_3,1705323,Social Democratic Party,Socialni demokrati / Združena lista socialnih demokratov,1403,link,battery
2014,SI,,qpp14_4,1705450,Civic List,Državljanska lista,98,link,battery
2014,SI,,qpp14_5,1705951,Democratic Party of Pensioners of Slovenia,Demokratična stranka upokojencev Slovenije,467,link,battery
2014,SI,,qpp14_6,1705001,Coalition New Slovenia + Slovenian People's Party,Coalition New Slovenia + Slovenian People's Party [og],,hand,battery
2014,SI,,qpp14_7,,Liberal Democracy of Slovenia,Liberalna demokracija Slovenije,975,link,battery
2014,SI,,qpp14_8,1705001,Coalition New Slovenia + Slovenian People's Party,Coalition New Slovenia + Slovenian People's Party [og],,hand,battery
2014,SI,,qpp19_1,1705340,Positive Slovenia,Lista Zorana Jankovića — Pozitivna Slovenija,1773,link,battery
2014,SI,,qpp19_2,1705320,Slovenian Democratic Party,Slovenska demokratska stranka,472,link,battery
2014,SI,,qpp19_3,1705323,Social Democratic Party,Socialni demokrati / Združena lista socialnih demokratov,1403,link,battery
2014,SI,,qpp19_4,1705450,Civic List,Državljanska lista,98,link,battery
2014,SI,,qpp19_5,1705951,Democratic Party of Pensioners of Slovenia,Demokratična stranka upokojencev Slovenije,467,link,battery
2014,SI,,qpp19_6,1705001,Coalition New Slovenia + Slovenian People's Party,Coalition New Slovenia + Slovenian People's Party [og],,hand,battery
2014,SI,,qpp19_7,,Liberal Democracy of Slovenia,Liberalna demokracija Slovenije,975,link,battery
2014,SI,,qpp19_8,1705001,Coalition New Slovenia + Slovenian People's Party,Coalition New Slovenia + Slovenian People's Party [og],,hand,battery
2014,SI,,qpp21_ees,0,"No, you do not feel close to any political party",none,,special,answer
2014,SI,,qpp21_ees,20,other (recoded by EES team),other,,special,answer
2014,SI,,qpp21_ees,77,refused,refused,,special,answer
2014,SI,,qpp21_ees,88,Don't know,dont-know,,special,answer
2014,SI,,qpp21_ees,98,other (open answer recoded),other,,special,answer
2014,SI,,qpp21_ees,1705320,Slovenian Democratic Party,Slovenska demokratska stranka,472,link,answer
2014,SI,,qpp21_ees,1705323,Social Democratic Party,Socialni demokrati / Združena lista socialnih demokratov,1403,link,answer
2014,SI,,qpp21_ees,1705340,Positive Slovenia,Lista Zorana Jankovića — Pozitivna Slovenija,1773,link,answer
2014,SI,,qpp21_ees,1705421,Liberal Democracy of Slovenia,Liberalna demokracija Slovenije,975,link,answer
2014,SI,,qpp21_ees,1705450,Civic List,Državljanska lista,98,link,answer
2014,SI,,qpp21_ees,1705521,Slovenian People's Party,Slovenska ljudska stranka,764,link,answer
2014,SI,,qpp21_ees,1705710,Slovene National Party,Slovenska nacionalna stranka,96,link,answer
2014,SI,,qpp21_ees,1705951,Democratic Party of Pensioners of Slovenia,Demokratična stranka upokojencev Slovenije,467,link,answer
2014,SI,,qpp21_ees,1705952,Youth Party - European Greens,Stranka mladih Slovenije,1401,link,answer
2014,SI,,qpp5_ees,20,other (recoded by EES team),other,,special,answer
2014,SI,,qpp5_ees,77,refused,refused,,special,answer
2014,SI,,qpp5_ees,88,Don't know,dont-know,,special,answer
2014,SI,,qpp5_ees,94,voted blank,blank-invalid,,special,answer
2014,SI,,qpp5_ees,96,did not vote,did-not-vote,,special,answer
2014,SI,,qpp5_ees,98,other (open answer recoded),other,,special,answer
2014,SI,,qpp5_ees,1705320,Slovenian Democratic Party,Slovenska demokratska stranka,472,link,answer
2014,SI,,qpp5_ees,1705323,Social Democratic Party,Socialni demokrati / Združena lista socialnih demokratov,1403,link,answer
2014,SI,,qpp5_ees,1705324,Zares - Social Liberals,Zares,474,name,answer
2014,SI,,qpp5_ees,1705340,Positive Slovenia,Lista Zorana Jankovića — Pozitivna Slovenija,1773,link,answer
2014,SI,,qpp5_ees,1705421,Liberal Democracy of Slovenia,Liberalna demokracija Slovenije,975,link,answer
2014,SI,,qpp5_ees,1705450,Civic List,Državljanska lista,98,link,answer
2014,SI,,qpp5_ees,1705521,Slovenian People's Party,Slovenska ljudska stranka,764,link,answer
2014,SI,,qpp5_ees,1705522,New Slovene Christian People's Party,Nova Slovenija — Krščanska ljudska stranka,1618,link,answer
2014,SI,,qpp5_ees,1705710,Slovene National Party,Slovenska nacionalna stranka,96,link,answer
2014,SI,,qpp5_ees,1705951,Democratic Party of Pensioners of Slovenia,Demokratična stranka upokojencev Slovenije,467,link,answer
2014,SI,,qpp5_ees,1705952,Youth Party - European Greens,Stranka mladih Slovenije,1401,link,answer
2014,SI,,qpp6_ees,20,other (recoded by EES team),other,,special,answer
2014,SI,,qpp6_ees,77,refused,refused,,special,answer
2014,SI,,qpp6_ees,88,Don't know,dont-know,,special,answer
2014,SI,,qpp6_ees,94,voted blank,blank-invalid,,special,answer
2014,SI,,qpp6_ees,98,other (open answer recoded),other,,special,answer
2014,SI,,qpp6_ees,1705320,Slovenian Democratic Party,Slovenska demokratska stranka,472,link,answer
2014,SI,,qpp6_ees,1705323,Social Democratic Party,Socialni demokrati / Združena lista socialnih demokratov,1403,link,answer
2014,SI,,qpp6_ees,1705324,Zares - Social Liberals,Zares,474,name,answer
2014,SI,,qpp6_ees,1705340,Positive Slovenia,Lista Zorana Jankovića — Pozitivna Slovenija,1773,link,answer
2014,SI,,qpp6_ees,1705421,Liberal Democracy of Slovenia,Liberalna demokracija Slovenije,975,link,answer
2014,SI,,qpp6_ees,1705450,Civic List,Državljanska lista,98,link,answer
2014,SI,,qpp6_ees,1705521,Slovenian People's Party,Slovenska ljudska stranka,764,link,answer
2014,SI,,qpp6_ees,1705710,Slovene National Party,Slovenska nacionalna stranka,96,link,answer
2014,SI,,qpp6_ees,1705951,Democratic Party of Pensioners of Slovenia,Demokratična stranka upokojencev Slovenije,467,link,answer
2014,SI,,qpp6_ees,1705952,Youth Party - European Greens,Stranka mladih Slovenije,1401,link,answer
2014,SI,,qpp8_1,1705340,Positive Slovenia,Lista Zorana Jankovića — Pozitivna Slovenija,1773,link,battery
2014,SI,,qpp8_2,1705320,Slovenian Democratic Party,Slovenska demokratska stranka,472,link,battery
2014,SI,,qpp8_3,1705323,Social Democratic Party,Socialni demokrati / Združena lista socialnih demokratov,1403,link,battery
2014,SI,,qpp8_4,1705450,Civic List,Državljanska lista,98,link,battery
2014,SI,,qpp8_5,1705951,Democratic Party of Pensioners of Slovenia,Demokratična stranka upokojencev Slovenije,467,link,battery
2014,SI,,qpp8_6,1705001,Coalition New Slovenia + Slovenian People's Party,Coalition New Slovenia + Slovenian People's Party [og],,hand,battery
2014,SI,,qpp8_7,,Liberal Democracy of Slovenia,Liberalna demokracija Slovenije,975,link,battery
2014,SI,,qpp8_8,1705001,Coalition New Slovenia + Slovenian People's Party,Coalition New Slovenia + Slovenian People's Party [og],,hand,battery
2014,SK,,qp2_ees,20,other (recoded by EES team),other,,special,answer
2014,SK,,qp2_ees,77,refused,refused,,special,answer
2014,SK,,qp2_ees,88,Don't know,dont-know,,special,answer
2014,SK,,qp2_ees,94,voted blank,blank-invalid,,special,answer
2014,SK,,qp2_ees,96,did not vote,did-not-vote,,special,answer
2014,SK,,qp2_ees,98,other (open answer recoded),other,,special,answer
2014,SK,,qp2_ees,1703222,Communist Party of Slovakia,Komunistická strana Slovenska,340,link,answer
2014,SK,,qp2_ees,1703423,Direction,Smer — sociálna demokracia,311,link,answer
2014,SK,,qp2_ees,1703440,Freedom and Solidarity,Sloboda a Solidarita,1386,link,answer
2014,SK,,qp2_ees,1703521,Christian Democratic Movement,Kresťanskodemokratické hnutie,63,link,answer
2014,SK,,qp2_ees,1703523,Democratic Party,Slovenská demokratická a kresťanská únia — Demokratická strana,1617,link,answer
2014,SK,,qp2_ees,1703610,New Majority,Nová väčšina,6686,name,answer
2014,SK,,qp2_ees,1703620,Ordinary People and Independent Personalities,Obyčajní Ľudia a Nezávislé Osobnosti,2130,link,answer
2014,SK,,qp2_ees,1703710,Slovakian National Party,Slovenská národná strana,730,link,answer
2014,SK,,qp2_ees,1703954,Party of the Hungarian Community,Strana maďarskej koalície / Strana maďarskej komunity,349,link,answer
2014,SK,,qp2_ees,1703955,Bridge,MOST-HID,258,link,answer
2014,SK,,qpp14_1,1703521,Christian Democratic Movement,Kresťanskodemokratické hnutie,63,link,battery
2014,SK,,qpp14_2,1703523,Democratic Party,Slovenská demokratická a kresťanská únia — Demokratická strana,1617,link,battery
2014,SK,,qpp14_3,1703954,Party of the Hungarian Community,Strana maďarskej koalície / Strana maďarskej komunity,349,link,battery
2014,SK,,qpp14_4,1703423,Direction,Smer — sociálna demokracia,311,link,battery
2014,SK,,qpp14_5,1703610,New Majority,Nová väčšina,6686,name,battery
2014,SK,,qpp14_6,1703440,Freedom and Solidarity,Sloboda a Solidarita,1386,link,battery
2014,SK,,qpp14_7,1703620,Ordinary People and Independent Personalities,Obyčajní Ľudia a Nezávislé Osobnosti,2130,link,battery
2014,SK,,qpp14_8,1703955,Bridge,MOST-HID,258,link,battery
2014,SK,,qpp19_1,1703521,Christian Democratic Movement,Kresťanskodemokratické hnutie,63,link,battery
2014,SK,,qpp19_2,1703523,Democratic Party,Slovenská demokratická a kresťanská únia — Demokratická strana,1617,link,battery
2014,SK,,qpp19_3,1703954,Party of the Hungarian Community,Strana maďarskej koalície / Strana maďarskej komunity,349,link,battery
2014,SK,,qpp19_4,1703423,Direction,Smer — sociálna demokracia,311,link,battery
2014,SK,,qpp19_5,1703610,New Majority,Nová väčšina,6686,name,battery
2014,SK,,qpp19_6,1703440,Freedom and Solidarity,Sloboda a Solidarita,1386,link,battery
2014,SK,,qpp19_7,1703620,Ordinary People and Independent Personalities,Obyčajní Ľudia a Nezávislé Osobnosti,2130,link,battery
2014,SK,,qpp19_8,1703955,Bridge,MOST-HID,258,link,battery
2014,SK,,qpp21_ees,0,"No, you do not feel close to any political party",none,,special,answer
2014,SK,,qpp21_ees,20,other (recoded by EES team),other,,special,answer
2014,SK,,qpp21_ees,77,refused,refused,,special,answer
2014,SK,,qpp21_ees,88,Don't know,dont-know,,special,answer
2014,SK,,qpp21_ees,98,other (open answer recoded),other,,special,answer
2014,SK,,qpp21_ees,1703222,Communist Party of Slovakia,Komunistická strana Slovenska,340,link,answer
2014,SK,,qpp21_ees,1703423,Direction,Smer — sociálna demokracia,311,link,answer
2014,SK,,qpp21_ees,1703440,Freedom and Solidarity,Sloboda a Solidarita,1386,link,answer
2014,SK,,qpp21_ees,1703521,Christian Democratic Movement,Kresťanskodemokratické hnutie,63,link,answer
2014,SK,,qpp21_ees,1703523,Democratic Party,Slovenská demokratická a kresťanská únia — Demokratická strana,1617,link,answer
2014,SK,,qpp21_ees,1703610,New Majority,Nová väčšina,6686,name,answer
2014,SK,,qpp21_ees,1703620,Ordinary People and Independent Personalities,Obyčajní Ľudia a Nezávislé Osobnosti,2130,link,answer
2014,SK,,qpp21_ees,1703710,Slovakian National Party,Slovenská národná strana,730,link,answer
2014,SK,,qpp21_ees,1703954,Party of the Hungarian Community,Strana maďarskej koalície / Strana maďarskej komunity,349,link,answer
2014,SK,,qpp21_ees,1703955,Bridge,MOST-HID,258,link,answer
2014,SK,,qpp5_ees,20,other (recoded by EES team),other,,special,answer
2014,SK,,qpp5_ees,77,refused,refused,,special,answer
2014,SK,,qpp5_ees,88,Don't know,dont-know,,special,answer
2014,SK,,qpp5_ees,94,voted blank,blank-invalid,,special,answer
2014,SK,,qpp5_ees,96,did not vote,did-not-vote,,special,answer
2014,SK,,qpp5_ees,98,other (open answer recoded),other,,special,answer
2014,SK,,qpp5_ees,1703222,Communist Party of Slovakia,Komunistická strana Slovenska,340,link,answer
2014,SK,,qpp5_ees,1703423,Direction,Smer — sociálna demokracia,311,link,answer
2014,SK,,qpp5_ees,1703440,Freedom and Solidarity,Sloboda a Solidarita,1386,link,answer
2014,SK,,qpp5_ees,1703521,Christian Democratic Movement,Kresťanskodemokratické hnutie,63,link,answer
2014,SK,,qpp5_ees,1703523,Democratic Party,Slovenská demokratická a kresťanská únia — Demokratická strana,1617,link,answer
2014,SK,,qpp5_ees,1703620,Ordinary People and Independent Personalities,Obyčajní Ľudia a Nezávislé Osobnosti,2130,link,answer
2014,SK,,qpp5_ees,1703710,Slovakian National Party,Slovenská národná strana,730,link,answer
2014,SK,,qpp5_ees,1703954,Party of the Hungarian Community,Strana maďarskej koalície / Strana maďarskej komunity,349,link,answer
2014,SK,,qpp5_ees,1703955,Bridge,MOST-HID,258,link,answer
2014,SK,,qpp6_ees,20,other (recoded by EES team),other,,special,answer
2014,SK,,qpp6_ees,77,refused,refused,,special,answer
2014,SK,,qpp6_ees,88,Don't know,dont-know,,special,answer
2014,SK,,qpp6_ees,94,voted blank,blank-invalid,,special,answer
2014,SK,,qpp6_ees,98,other (open answer recoded),other,,special,answer
2014,SK,,qpp6_ees,1703222,Communist Party of Slovakia,Komunistická strana Slovenska,340,link,answer
2014,SK,,qpp6_ees,1703423,Direction,Smer — sociálna demokracia,311,link,answer
2014,SK,,qpp6_ees,1703440,Freedom and Solidarity,Sloboda a Solidarita,1386,link,answer
2014,SK,,qpp6_ees,1703521,Christian Democratic Movement,Kresťanskodemokratické hnutie,63,link,answer
2014,SK,,qpp6_ees,1703523,Democratic Party,Slovenská demokratická a kresťanská únia — Demokratická strana,1617,link,answer
2014,SK,,qpp6_ees,1703610,New Majority,Nová väčšina,6686,name,answer
2014,SK,,qpp6_ees,1703620,Ordinary People and Independent Personalities,Obyčajní Ľudia a Nezávislé Osobnosti,2130,link,answer
2014,SK,,qpp6_ees,1703710,Slovakian National Party,Slovenská národná strana,730,link,answer
2014,SK,,qpp6_ees,1703954,Party of the Hungarian Community,Strana maďarskej koalície / Strana maďarskej komunity,349,link,answer
2014,SK,,qpp6_ees,1703955,Bridge,MOST-HID,258,link,answer
2014,SK,,qpp8_1,1703521,Christian Democratic Movement,Kresťanskodemokratické hnutie,63,link,battery
2014,SK,,qpp8_2,1703523,Democratic Party,Slovenská demokratická a kresťanská únia — Demokratická strana,1617,link,battery
2014,SK,,qpp8_3,1703954,Party of the Hungarian Community,Strana maďarskej koalície / Strana maďarskej komunity,349,link,battery
2014,SK,,qpp8_4,1703423,Direction,Smer — sociálna demokracia,311,link,battery
2014,SK,,qpp8_5,1703610,New Majority,Nová väčšina,6686,name,battery
2014,SK,,qpp8_6,1703440,Freedom and Solidarity,Sloboda a Solidarita,1386,link,battery
2014,SK,,qpp8_7,1703620,Ordinary People and Independent Personalities,Obyčajní Ľudia a Nezávislé Osobnosti,2130,link,battery
2014,SK,,qpp8_8,1703955,Bridge,MOST-HID,258,link,battery
2019,AT,,Q2,10,other party,other,,special,answer
2019,AT,,Q2,11,none of the parties,none,,special,answer
2019,AT,,Q2,98,Don't know,dont-know,,special,answer
2019,AT,,Q2,101,ÖVP,Österreichische Volkspartei,1329,link,answer
2019,AT,,Q2,102,SPÖ,Sozialdemokratische Partei Österreichs,1384,link,answer
2019,AT,,Q2,103,NEOS,NEOS — Das Neue Österreich,1970,link,answer
2019,AT,,Q2,104,Die Grünen,Die Grünen — Die grüne Alternative,1659,link,answer
2019,AT,,Q2,105,FPÖ,Freiheitliche Partei Österreichs,463,link,answer
2019,AT,,Q2,106,Jetzt – Liste Pilz,Liste Peter Pilz,6137,name,answer
2019,AT,,Q2,9999,NA - has not been asked (Q1=DK),,,special,answer
2019,AT,,Q25,90,Other,other,,special,answer
2019,AT,,Q25,98,Don't know,dont-know,,special,answer
2019,AT,,Q25,101,"Nein, ich stehe keiner Partei nahe",none,,hand,answer
2019,AT,,Q25,102,SPÖ,Sozialdemokratische Partei Österreichs,1384,link,answer
2019,AT,,Q25,103,ÖVP,Österreichische Volkspartei,1329,link,answer
2019,AT,,Q25,104,FPÖ,Freiheitliche Partei Österreichs,463,link,answer
2019,AT,,Q25,105,JETZT,Liste Peter Pilz,6137,name,answer
2019,AT,,Q25,106,Grüne,Die Grünen — Die grüne Alternative,1659,link,answer
2019,AT,,Q25,107,NEOS,NEOS — Das Neue Österreich,1970,link,answer
2019,AT,,Q25,108,KPÖ,Kommunistische Partei Österreichs,996,name,answer
2019,AT,,Q7,0,did not vote,did-not-vote,,special,answer
2019,AT,,Q7,90,other party,other,,special,answer
2019,AT,,Q7,96,did vote blanc or nil,blank-invalid,,special,answer
2019,AT,,Q7,98,do not remember,dont-know,,special,answer
2019,AT,,Q7,101,ÖVP,Österreichische Volkspartei,1329,link,answer
2019,AT,,Q7,102,SPÖ,Sozialdemokratische Partei Österreichs,1384,link,answer
2019,AT,,Q7,103,FPÖ,Freiheitliche Partei Österreichs,463,link,answer
2019,AT,,Q7,104,NEOS,NEOS — Das Neue Österreich,1970,link,answer
2019,AT,,Q7,105,EUROPA,EUROPA [og],,hand,answer
2019,AT,,Q7,106,Grüne,Die Grünen — Die grüne Alternative,1659,link,answer
2019,AT,,Q7,107,KPÖ,Kommunistische Partei Österreichs,996,name,answer
2019,AT,,Q9,90,Other party,other,,special,answer
2019,AT,,Q9,96,Did vote blanc or nil,blank-invalid,,special,answer
2019,AT,,Q9,97,Did not vote,did-not-vote,,special,answer
2019,AT,,Q9,98,Do not remember,dont-know,,special,answer
2019,AT,,Q9,101,ÖVP,Österreichische Volkspartei,1329,link,answer
2019,AT,,Q9,102,SPÖ,Sozialdemokratische Partei Österreichs,1384,link,answer
2019,AT,,Q9,103,NEOS,NEOS — Das Neue Österreich,1970,link,answer
2019,AT,,Q9,104,Die Grünen,Die Grünen — Die grüne Alternative,1659,link,answer
2019,AT,,Q9,105,FPÖ,Freiheitliche Partei Österreichs,463,link,answer
2019,AT,,Q9,106,Liste Peter Pilz,Liste Peter Pilz,6137,name,answer
2019,AT,,Q9,107,KPÖ Plus,KPÖ Plus [og],,hand,answer
2019,AT,,Q9,108,Die Weißen,Die Weißen [og],,hand,answer
2019,AT,,Q9,110,Liste Roland Düringer,Liste Roland Düringer — Meine Stimme GILT,6138,hand,answer
2019,AT,,q10_1,101,ÖVP,Österreichische Volkspartei,1329,link,battery
2019,AT,,q10_2,102,SPÖ,Sozialdemokratische Partei Österreichs,1384,link,battery
2019,AT,,q10_3,104,NEOS,NEOS — Das Neue Österreich,1970,link,battery
2019,AT,,q10_4,106,Grüne,Die Grünen — Die grüne Alternative,1659,link,battery
2019,AT,,q10_5,103,FPÖ,Freiheitliche Partei Österreichs,463,link,battery
2019,AT,,q10_6,105,EUROPA,EUROPA [og],,hand,battery
2019,AT,,q13_1,101,ÖVP,Österreichische Volkspartei,1329,link,battery
2019,AT,,q13_2,102,SPÖ,Sozialdemokratische Partei Österreichs,1384,link,battery
2019,AT,,q13_3,104,NEOS,NEOS — Das Neue Österreich,1970,link,battery
2019,AT,,q13_4,106,Grüne,Die Grünen — Die grüne Alternative,1659,link,battery
2019,AT,,q13_5,103,FPÖ,Freiheitliche Partei Österreichs,463,link,battery
2019,AT,,q13_6,105,EUROPA,EUROPA [og],,hand,battery
2019,AT,,q24_1,101,ÖVP,Österreichische Volkspartei,1329,link,battery
2019,AT,,q24_2,102,SPÖ,Sozialdemokratische Partei Österreichs,1384,link,battery
2019,AT,,q24_3,104,NEOS,NEOS — Das Neue Österreich,1970,link,battery
2019,AT,,q24_4,106,Grüne,Die Grünen — Die grüne Alternative,1659,link,battery
2019,AT,,q24_5,103,FPÖ,Freiheitliche Partei Österreichs,463,link,battery
2019,AT,,q24_6,105,EUROPA,EUROPA [og],,hand,battery
2019,BE,Flanders,Q2,10,other party,other,,special,answer
2019,BE,Flanders,Q2,11,none of the parties,none,,special,answer
2019,BE,Flanders,Q2,98,Don't know,dont-know,,special,answer
2019,BE,Flanders,Q2,201,Christen-Democratisch & Vlaams (CD&V),Christen-Democratisch en Vlaams,604,link,answer
2019,BE,Flanders,Q2,202,Groen,Agalev — Groen,528,link,answer
2019,BE,Flanders,Q2,203,Nieuw-Vlaamse Alliantie (N-VA),Nieuw-Vlaamse Alliantie,36,link,answer
2019,BE,Flanders,Q2,204,Socialistische Partij.Anders (SP.A),Socialistische Partij Anders — Vooruit,1680,link,answer
2019,BE,Flanders,Q2,205,Vlaams Belang,Vlaams Belang,1968,hand,answer
2019,BE,Flanders,Q2,206,Open Vlaamse Liberalen en Democraten (Open VLD),Partij voor Vrijheid en Vooruitgang — Open Vlaamse Liberalen en Democraten,49,link,answer
2019,BE,Flanders,Q2,207,Partij van de Arbeid van België (PVDA+),Partij van de Arbeid van België — Parti du Travail de Belgique,1753,link,answer
2019,BE,Flanders,Q2,9999,NA - has not been asked (Q1=DK),,,special,answer
2019,BE,Flanders,Q25,90,Other,other,,special,answer
2019,BE,Flanders,Q25,98,Don't know,dont-know,,special,answer
2019,BE,Flanders,Q25,201,"Nee, ik voel mij met geen enkele partij verbonden",none,,hand,answer
2019,BE,Flanders,Q25,202,Christen-Democratisch & Vlaams (CD&V),Christen-Democratisch en Vlaams,604,link,answer
2019,BE,Flanders,Q25,203,Groen,Agalev — Groen,528,link,answer
2019,BE,Flanders,Q25,204,Nieuw-Vlaamse Alliantie (N-VA),Nieuw-Vlaamse Alliantie,36,link,answer
2019,BE,Flanders,Q25,205,Socialistische Partij.Anders (SP.A),Socialistische Partij Anders — Vooruit,1680,link,answer
2019,BE,Flanders,Q25,206,Vlaams Belang,Vlaams Belang,1968,hand,answer
2019,BE,Flanders,Q25,207,Open Vlaamse Liberalen en Democraten (Open VLD),Partij voor Vrijheid en Vooruitgang — Open Vlaamse Liberalen en Democraten,49,link,answer
2019,BE,Flanders,Q25,208,Partij van de Arbeid van België (PVDA+),Partij van de Arbeid van België — Parti du Travail de Belgique,1753,link,answer
2019,BE,Flanders,Q7,0,did not vote,did-not-vote,,special,answer
2019,BE,Flanders,Q7,90,other party,other,,special,answer
2019,BE,Flanders,Q7,96,did vote blanc or nil,blank-invalid,,special,answer
2019,BE,Flanders,Q7,98,do not remember,dont-know,,special,answer
2019,BE,Flanders,Q7,201,Christen-Democratisch & Vlaams (CD&V),Christen-Democratisch en Vlaams,604,link,answer
2019,BE,Flanders,Q7,202,Groen,Agalev — Groen,528,link,answer
2019,BE,Flanders,Q7,203,Nieuw-Vlaamse Alliantie (N-VA),Nieuw-Vlaamse Alliantie,36,link,answer
2019,BE,Flanders,Q7,204,Socialistische Partij.Anders (SP.A),Socialistische Partij Anders — Vooruit,1680,link,answer
2019,BE,Flanders,Q7,205,Vlaams Belang,Vlaams Belang,1968,hand,answer
2019,BE,Flanders,Q7,206,Open Vlaamse Liberalen en Democraten (Open VLD),Partij voor Vrijheid en Vooruitgang — Open Vlaamse Liberalen en Democraten,49,link,answer
2019,BE,Flanders,Q7,207,Partij van de Arbeid van België (PVDA),Partij van de Arbeid van België — Parti du Travail de Belgique,1753,link,answer
2019,BE,Flanders,Q9,90,Other party,other,,special,answer
2019,BE,Flanders,Q9,96,Did vote blanc or nil,blank-invalid,,special,answer
2019,BE,Flanders,Q9,97,Did not vote,did-not-vote,,special,answer
2019,BE,Flanders,Q9,98,Do not remember,dont-know,,special,answer
2019,BE,Flanders,Q9,201,Christen-Democratisch & Vlaams (CD&V),Christen-Democratisch en Vlaams,604,link,answer
2019,BE,Flanders,Q9,202,Groen!,Agalev — Groen,528,link,answer
2019,BE,Flanders,Q9,203,Nieuw-Vlaamse Alliantie (N-VA),Nieuw-Vlaamse Alliantie,36,link,answer
2019,BE,Flanders,Q9,204,Socialistische Partij.Anders (SP.A),Socialistische Partij Anders — Vooruit,1680,link,answer
2019,BE,Flanders,Q9,205,Vlaams Belang,Vlaams Belang,1968,hand,answer
2019,BE,Flanders,Q9,206,Open Vlaamse Liberalen en Democraten (Open VLD),Partij voor Vrijheid en Vooruitgang — Open Vlaamse Liberalen en Democraten,49,link,answer
2019,BE,Flanders,Q9,207,Partij van de Arbeid van België (PVDA+),Partij van de Arbeid van België — Parti du Travail de Belgique,1753,link,answer
2019,BE,Flanders,q10_1,207,Partij van de Arbeid van België (PVDA),Partij van de Arbeid van België — Parti du Travail de Belgique,1753,link,battery
2019,BE,Flanders,q10_2,201,Christen-Democratisch & Vlaams (CD&V),Christen-Democratisch en Vlaams,604,link,battery
2019,BE,Flanders,q10_3,204,Socialistische Partij.Anders (SP.A),Socialistische Partij Anders — Vooruit,1680,link,battery
2019,BE,Flanders,q10_4,206,Open Vlaamse Liberalen en Democraten (Open VLD),Partij voor Vrijheid en Vooruitgang — Open Vlaamse Liberalen en Democraten,49,link,battery
2019,BE,Flanders,q10_5,203,Nieuw-Vlaamse Alliantie (N-VA),Nieuw-Vlaamse Alliantie,36,link,battery
2019,BE,Flanders,q10_6,202,Groen,Agalev — Groen,528,link,battery
2019,BE,Flanders,q10_7,205,Vlaams Belang,Vlaams Belang,1968,hand,battery
2019,BE,Flanders,q13_1,207,Partij van de Arbeid van België (PVDA),Partij van de Arbeid van België — Parti du Travail de Belgique,1753,link,battery
2019,BE,Flanders,q13_2,201,Christen-Democratisch & Vlaams (CD&V),Christen-Democratisch en Vlaams,604,link,battery
2019,BE,Flanders,q13_3,204,Socialistische Partij.Anders (SP.A),Socialistische Partij Anders — Vooruit,1680,link,battery
2019,BE,Flanders,q13_4,206,Open Vlaamse Liberalen en Democraten (Open VLD),Partij voor Vrijheid en Vooruitgang — Open Vlaamse Liberalen en Democraten,49,link,battery
2019,BE,Flanders,q13_5,203,Nieuw-Vlaamse Alliantie (N-VA),Nieuw-Vlaamse Alliantie,36,link,battery
2019,BE,Flanders,q13_6,202,Groen,Agalev — Groen,528,link,battery
2019,BE,Flanders,q13_7,205,Vlaams Belang,Vlaams Belang,1968,hand,battery
2019,BE,Flanders,q24_1,207,Partij van de Arbeid van België (PVDA),Partij van de Arbeid van België — Parti du Travail de Belgique,1753,link,battery
2019,BE,Flanders,q24_2,201,Christen-Democratisch & Vlaams (CD&V),Christen-Democratisch en Vlaams,604,link,battery
2019,BE,Flanders,q24_3,204,Socialistische Partij.Anders (SP.A),Socialistische Partij Anders — Vooruit,1680,link,battery
2019,BE,Flanders,q24_4,206,Open Vlaamse Liberalen en Democraten (Open VLD),Partij voor Vrijheid en Vooruitgang — Open Vlaamse Liberalen en Democraten,49,link,battery
2019,BE,Flanders,q24_5,203,Nieuw-Vlaamse Alliantie (N-VA),Nieuw-Vlaamse Alliantie,36,link,battery
2019,BE,Flanders,q24_6,202,Groen,Agalev — Groen,528,link,battery
2019,BE,Flanders,q24_7,205,Vlaams Belang,Vlaams Belang,1968,hand,battery
2019,BE,Wallonia,Q2,10,other party,other,,special,answer
2019,BE,Wallonia,Q2,11,none of the parties,none,,special,answer
2019,BE,Wallonia,Q2,98,Don't know,dont-know,,special,answer
2019,BE,Wallonia,Q2,208,Parti Socialiste (PS),Parti Socialiste,500,link,answer
2019,BE,Wallonia,Q2,209,Mouvement Réformateur (MR),Mouvement Réformateur,789,link,answer
2019,BE,Wallonia,Q2,210,Centre Démocrate Humaniste (cdH),Parti Social Chrétien — Centre démocrate humaniste,633,link,answer
2019,BE,Wallonia,Q2,211,Ecologistes Confédérés pour l'Organisation de Luttes Originales (ECOLO),Écologistes Confédérés pour l'organisation de luttes originales,1563,link,answer
2019,BE,Wallonia,Q2,212,Front National (FN),Front National,191,name,answer
2019,BE,Wallonia,Q2,213,Parti du Travail de Belgique (PTB),Partij van de Arbeid van België — Parti du Travail de Belgique,1753,link,answer
2019,BE,Wallonia,Q2,214,Démocrate Fédéraliste Indépendant (DéFI),Front Démocratique des Francophones / DéFI,698,link,answer
2019,BE,Wallonia,Q2,215,Parti populaire (PP),Parti populaire,639,link,answer
2019,BE,Wallonia,Q2,9999,NA - has not been asked (Q1=DK),,,special,answer
2019,BE,Wallonia,Q25,90,Other,other,,special,answer
2019,BE,Wallonia,Q25,98,Don't know,dont-know,,special,answer
2019,BE,Wallonia,Q25,201,"Nee, ik voel mij met geen enkele partij verbonden",none,,hand,answer
2019,BE,Wallonia,Q25,212,Parti Socialiste (PS),Parti Socialiste,500,link,answer
2019,BE,Wallonia,Q25,213,Mouvement Réformateur (MR),Mouvement Réformateur,789,link,answer
2019,BE,Wallonia,Q25,214,Centre Démocrate Humaniste (cdH),Parti Social Chrétien — Centre démocrate humaniste,633,link,answer
2019,BE,Wallonia,Q25,215,Ecologistes Confédérés pour l'Organisation de Luttes Originales (ECOLO),Écologistes Confédérés pour l'organisation de luttes originales,1563,link,answer
2019,BE,Wallonia,Q25,216,Front National (FN),Front National,191,name,answer
2019,BE,Wallonia,Q25,217,Parti du Travail de Belgique (PTB-GO!),Partij van de Arbeid van België — Parti du Travail de Belgique,1753,link,answer
2019,BE,Wallonia,Q25,218,Démocrate Fédéraliste Indépendant (DéFI),Front Démocratique des Francophones / DéFI,698,link,answer
2019,BE,Wallonia,Q25,219,Parti populaire (PP),Parti populaire,639,link,answer
2019,BE,Wallonia,Q7,0,did not vote,did-not-vote,,special,answer
2019,BE,Wallonia,Q7,90,other party,other,,special,answer
2019,BE,Wallonia,Q7,96,did vote blanc or nil,blank-invalid,,special,answer
2019,BE,Wallonia,Q7,98,do not remember,dont-know,,special,answer
2019,BE,Wallonia,Q7,208,Parti Socialiste (PS),Parti Socialiste,500,link,answer
2019,BE,Wallonia,Q7,209,Mouvement Réformateur (MR),Mouvement Réformateur,789,link,answer
2019,BE,Wallonia,Q7,210,Centre Démocrate Humaniste (cdH),Parti Social Chrétien — Centre démocrate humaniste,633,link,answer
2019,BE,Wallonia,Q7,211,Ecologistes Confédérés pour l'Organisation de Luttes Originales (ECOLO),Écologistes Confédérés pour l'organisation de luttes originales,1563,link,answer
2019,BE,Wallonia,Q7,212,Front National (FN),Front National,191,name,answer
2019,BE,Wallonia,Q7,213,Parti du Travail de Belgique (PTB),Partij van de Arbeid van België — Parti du Travail de Belgique,1753,link,answer
2019,BE,Wallonia,Q7,214,Démocrate Fédéraliste Indépendant (DéFI),Front Démocratique des Francophones / DéFI,698,link,answer
2019,BE,Wallonia,Q7,215,Parti populaire (PP),Parti populaire,639,link,answer
2019,BE,Wallonia,Q9,90,Other party,other,,special,answer
2019,BE,Wallonia,Q9,96,Did vote blanc or nil,blank-invalid,,special,answer
2019,BE,Wallonia,Q9,97,Did not vote,did-not-vote,,special,answer
2019,BE,Wallonia,Q9,98,Do not remember,dont-know,,special,answer
2019,BE,Wallonia,Q9,208,Parti Socialiste (PS),Parti Socialiste,500,link,answer
2019,BE,Wallonia,Q9,209,Mouvement Réformateur (MR),Mouvement Réformateur,789,link,answer
2019,BE,Wallonia,Q9,210,Centre Démocrate Humaniste (cdH),Parti Social Chrétien — Centre démocrate humaniste,633,link,answer
2019,BE,Wallonia,Q9,211,Ecologistes Confédérés pour l'Organisation de Luttes Originales (ECOLO),Écologistes Confédérés pour l'organisation de luttes originales,1563,link,answer
2019,BE,Wallonia,Q9,212,Front National (FN),Front National,191,name,answer
2019,BE,Wallonia,Q9,213,Parti du Travail de Belgique (PTB),Partij van de Arbeid van België — Parti du Travail de Belgique,1753,link,answer
2019,BE,Wallonia,Q9,214,Parti populaire (PP),Parti populaire,639,link,answer
2019,BE,Wallonia,q10_1,208,Parti Socialiste (PS),Parti Socialiste,500,link,battery
2019,BE,Wallonia,q10_2,209,Mouvement Réformateur (MR),Mouvement Réformateur,789,link,battery
2019,BE,Wallonia,q10_3,210,Centre Démocrate Humaniste (cdH),Parti Social Chrétien — Centre démocrate humaniste,633,link,battery
2019,BE,Wallonia,q10_4,211,Ecologistes Confédérés pour l'Organisation de Luttes Originales (ECOLO),Écologistes Confédérés pour l'organisation de luttes originales,1563,link,battery
2019,BE,Wallonia,q10_5,212,Front National (FN),Front National,191,name,battery
2019,BE,Wallonia,q10_6,213,Parti du Travail de Belgique (PTB),Partij van de Arbeid van België — Parti du Travail de Belgique,1753,link,battery
2019,BE,Wallonia,q10_7,214,Démocrate Fédéraliste Indépendant (DéFI),Front Démocratique des Francophones / DéFI,698,link,battery
2019,BE,Wallonia,q13_1,208,Parti Socialiste (PS),Parti Socialiste,500,link,battery
2019,BE,Wallonia,q13_2,209,Mouvement Réformateur (MR),Mouvement Réformateur,789,link,battery
2019,BE,Wallonia,q13_3,210,Centre Démocrate Humaniste (cdH),Parti Social Chrétien — Centre démocrate humaniste,633,link,battery
2019,BE,Wallonia,q13_4,211,Ecologistes Confédérés pour l'Organisation de Luttes Originales (ECOLO),Écologistes Confédérés pour l'organisation de luttes originales,1563,link,battery
2019,BE,Wallonia,q13_5,212,Front National (FN),Front National,191,name,battery
2019,BE,Wallonia,q13_6,213,Parti du Travail de Belgique (PTB),Partij van de Arbeid van België — Parti du Travail de Belgique,1753,link,battery
2019,BE,Wallonia,q13_7,214,Démocrate Fédéraliste Indépendant (DéFI),Front Démocratique des Francophones / DéFI,698,link,battery
2019,BE,Wallonia,q24_1,208,Parti Socialiste (PS),Parti Socialiste,500,link,battery
2019,BE,Wallonia,q24_2,209,Mouvement Réformateur (MR),Mouvement Réformateur,789,link,battery
2019,BE,Wallonia,q24_3,210,Centre Démocrate Humaniste (cdH),Parti Social Chrétien — Centre démocrate humaniste,633,link,battery
2019,BE,Wallonia,q24_4,211,Ecologistes Confédérés pour l'Organisation de Luttes Originales (ECOLO),Écologistes Confédérés pour l'organisation de luttes originales,1563,link,battery
2019,BE,Wallonia,q24_5,212,Front National (FN),Front National,191,name,battery
2019,BE,Wallonia,q24_6,213,Parti du Travail de Belgique (PTB),Partij van de Arbeid van België — Parti du Travail de Belgique,1753,link,battery
2019,BE,Wallonia,q24_7,214,Démocrate Fédéraliste Indépendant (DéFI),Front Démocratique des Francophones / DéFI,698,link,battery
2019,BG,,Q2,10,other party,other,,special,answer
2019,BG,,Q2,11,none of the parties,none,,special,answer
2019,BG,,Q2,98,Don't know,dont-know,,special,answer
2019,BG,,Q2,301,Citzizens for European Development of Bulgaria (GERB),Grazhdani za evropeysko razvitie na Balgariya,760,link,answer
2019,BG,,Q2,302,Coalition for Bulgaria (KB),Koalicija za Balgarija — BSP za Bŭlgariya,1665,link,answer
2019,BG,,Q2,303,Movements for Rights and Freedoms (DPS),Dvizhenie za prava i svobodi,982,link,answer
2019,BG,,Q2,304,IMRO – Bulgarian National Movement,VMRO — Bulgarsko Natsionalno Dvizhenie,2056,link,answer
2019,BG,,Q2,305,Democratic Bulgaria,Demokratichna Bulgaria,9083,link,answer
2019,BG,,Q2,306,Volya,Volya,5863,name,answer
2019,BG,,Q2,307,National Union Attack (ATAKA/ATA),Natsionalen Sǎyuz Ataka,1793,link,answer
2019,BG,,Q2,9999,NA - has not been asked (Q1=DK),,,special,answer
2019,BG,,Q25,90,Other,other,,special,answer
2019,BG,,Q25,98,Don't know,dont-know,,special,answer
2019,BG,,Q25,301,"Не, не се чувствате близък/а до която и да е п",none,,hand,answer
2019,BG,,Q25,302,"ГЕРБ, Граждани за европейско развитие на Бъ",Grazhdani za evropeysko razvitie na Balgariya,760,hand,answer
2019,BG,,Q25,303,Коалиция за България (КБ),Koalicija za Balgarija — BSP za Bŭlgariya,1665,hand,answer
2019,BG,,Q25,304,Движение за права и свободи (ДПС),Dvizhenie za prava i svobodi,982,hand,answer
2019,BG,,Q25,305,Българско национално движение (ВМРО),VMRO — Bulgarsko Natsionalno Dvizhenie,2056,hand,answer
2019,BG,,Q25,306,Демократична България (ДБ),Demokratichna Bulgaria,9083,hand,answer
2019,BG,,Q25,307,Воля,Volya,5863,hand,answer
2019,BG,,Q25,308,Национален съюз Атака (АТАКА),Natsionalen Sǎyuz Ataka,1793,hand,answer
2019,BG,,Q25,309,Реформаторски блок (РБ),Reformatorski Blok,3189,hand,answer
2019,BG,,Q25,310,Национален фронт за спасение на България (Н,Natzionalen Front za Spasenie na Bulgaria,2057,hand,answer
2019,BG,,Q25,311,Алтернатива за българско възраждане (АБВ),Alternativa za balgarsko vazrazhdane,3187,hand,answer
2019,BG,,Q7,0,did not vote,did-not-vote,,special,answer
2019,BG,,Q7,90,other party,other,,special,answer
2019,BG,,Q7,96,did vote blanc or nil,blank-invalid,,special,answer
2019,BG,,Q7,98,do not remember,dont-know,,special,answer
2019,BG,,Q7,301,Граждани за европейско развитие на Българи,Grazhdani za evropeysko razvitie na Balgariya,760,hand,answer
2019,BG,,Q7,302,Коалиция за България (КБ),Koalicija za Balgarija — BSP za Bŭlgariya,1665,hand,answer
2019,BG,,Q7,303,Движение за права и свободи (ДПС),Dvizhenie za prava i svobodi,982,hand,answer
2019,BG,,Q7,304,ВМРО – Българско национално движение (ВМРО),VMRO — Bulgarsko Natsionalno Dvizhenie,2056,hand,answer
2019,BG,,Q7,305,Демократична България (ДБ),Demokratichna Bulgaria,9083,hand,answer
2019,BG,,Q7,306,Воля,Volya,5863,hand,answer
2019,BG,,Q7,307,Национален съюз Атака (АТАКА),Natsionalen Sǎyuz Ataka,1793,hand,answer
2019,BG,,Q7,308,Национален фронт за спасение на България (Н,Natzionalen Front za Spasenie na Bulgaria,2057,hand,answer
2019,BG,,Q7,309,Алтернатива за българско възраждане (АБВ,Alternativa za balgarsko vazrazhdane,3187,hand,answer
2019,BG,,Q9,90,Other party,other,,special,answer
2019,BG,,Q9,96,Did vote blanc or nil,blank-invalid,,special,answer
2019,BG,,Q9,97,Did not vote,did-not-vote,,special,answer
2019,BG,,Q9,98,Do not remember,dont-know,,special,answer
2019,BG,,Q9,301,"ГЕРБ, Граждани за европейско развитие на Бъ",Grazhdani za evropeysko razvitie na Balgariya,760,hand,answer
2019,BG,,Q9,302,Коалиция за България (КБ),Koalicija za Balgarija — BSP za Bŭlgariya,1665,hand,answer
2019,BG,,Q9,303,Движение за права и свободи (ДПС),Dvizhenie za prava i svobodi,982,hand,answer
2019,BG,,Q9,304,ВМРО – Българско национално движение (ВМРО),VMRO — Bulgarsko Natsionalno Dvizhenie,2056,hand,answer
2019,BG,,Q9,305,Демократична България (ДБ),Demokratichna Bulgaria,9083,hand,answer
2019,BG,,Q9,306,Воля,Volya,5863,hand,answer
2019,BG,,Q9,307,Национален съюз Атака (АТАКА),Natsionalen Sǎyuz Ataka,1793,hand,answer
2019,BG,,Q9,308,Реформаторски блок (РБ),Reformatorski Blok,3189,hand,answer
2019,BG,,Q9,309,Национален фронт за спасение на България (Н,Natzionalen Front za Spasenie na Bulgaria,2057,hand,answer
2019,BG,,Q9,310,Алтернатива за българско възраждане (АБВ),Alternativa za balgarsko vazrazhdane,3187,hand,answer
2019,BG,,Q9,311,"Да, България(ДБ)",Da Bulgaria,5861,hand,answer
2019,BG,,Q9,312,"Демократи за отговорност, свобода и толеран","Demokrati za Otgovornost, Svoboda i Tolerantnost",5860,hand,answer
2019,BG,,Q9,313,Демократи за силна България (ДСБ),Demokrati za Silna Balgarija,1195,hand,answer
2019,BG,,q10_1,301,Граждани за европейско развитие на Българи,Grazhdani za evropeysko razvitie na Balgariya,760,hand,battery
2019,BG,,q10_2,302,Коалиция за България (КБ),Koalicija za Balgarija — BSP za Bŭlgariya,1665,hand,battery
2019,BG,,q10_3,303,Движение за права и свободи (ДПС),Dvizhenie za prava i svobodi,982,hand,battery
2019,BG,,q10_4,304,ВМРО – Българско национално движение (ВМРО),VMRO — Bulgarsko Natsionalno Dvizhenie,2056,hand,battery
2019,BG,,q10_5,305,Демократична България (ДБ),Demokratichna Bulgaria,9083,hand,battery
2019,BG,,q10_6,304,ВМРО – Българско национално движение (ВМРО),VMRO — Bulgarsko Natsionalno Dvizhenie,2056,hand,battery
2019,BG,,q10_7,307,Национален съюз Атака (АТАКА),Natsionalen Sǎyuz Ataka,1793,hand,battery
2019,BG,,q13_1,301,Граждани за европейско развитие на Българи,Grazhdani za evropeysko razvitie na Balgariya,760,hand,battery
2019,BG,,q13_2,302,Коалиция за България (КБ),Koalicija za Balgarija — BSP za Bŭlgariya,1665,hand,battery
2019,BG,,q13_3,303,Движение за права и свободи (ДПС),Dvizhenie za prava i svobodi,982,hand,battery
2019,BG,,q13_4,304,ВМРО – Българско национално движение (ВМРО),VMRO — Bulgarsko Natsionalno Dvizhenie,2056,hand,battery
2019,BG,,q13_5,305,Демократична България (ДБ),Demokratichna Bulgaria,9083,hand,battery
2019,BG,,q13_6,304,ВМРО – Българско национално движение (ВМРО),VMRO — Bulgarsko Natsionalno Dvizhenie,2056,hand,battery
2019,BG,,q13_7,307,Национален съюз Атака (АТАКА),Natsionalen Sǎyuz Ataka,1793,hand,battery
2019,BG,,q24_1,301,Граждани за европейско развитие на Българи,Grazhdani za evropeysko razvitie na Balgariya,760,hand,battery
2019,BG,,q24_2,302,Коалиция за България (КБ),Koalicija za Balgarija — BSP za Bŭlgariya,1665,hand,battery
2019,BG,,q24_3,303,Движение за права и свободи (ДПС),Dvizhenie za prava i svobodi,982,hand,battery
2019,BG,,q24_4,304,ВМРО – Българско национално движение (ВМРО),VMRO — Bulgarsko Natsionalno Dvizhenie,2056,hand,battery
2019,BG,,q24_5,305,Демократична България (ДБ),Demokratichna Bulgaria,9083,hand,battery
2019,BG,,q24_6,304,ВМРО – Българско национално движение (ВМРО),VMRO — Bulgarsko Natsionalno Dvizhenie,2056,hand,battery
2019,BG,,q24_7,307,Национален съюз Атака (АТАКА),Natsionalen Sǎyuz Ataka,1793,hand,battery
2019,CZ,,Q2,10,other party,other,,special,answer
2019,CZ,,Q2,11,none of the parties,none,,special,answer
2019,CZ,,Q2,98,Don't know,dont-know,,special,answer
2019,CZ,,Q2,601,Křesťanská a demokratická unie - Československá strana lidová (KDU/CSL),Křesťanská a demokratická unie / Československá strana lidová,676,link,answer
2019,CZ,,Q2,602,Česká strana sociálně demokratická (CSSD),Česká strana sociálně demokratická,177,link,answer
2019,CZ,,Q2,603,Občanská demokratická strana (ODS),Občanská demokratická strana,466,link,answer
2019,CZ,,Q2,604,Komunistická strana Cech a Moravy (KSCM),Komunistická strana Cech a Moravy,1728,link,answer
2019,CZ,,Q2,605,ANO2011 (ANO),Akce nespokojených občanů,2141,link,answer
2019,CZ,,Q2,606,Pirátská strana (Piráti),Ceska piratska strana,2047,link,answer
2019,CZ,,Q2,607,Strana přímé demokracie Tomio Okamura (SPD),Svoboda a přímá demokracie,6125,link,answer
2019,CZ,,Q2,9999,NA - has not been asked (Q1=DK),,,special,answer
2019,CZ,,Q25,90,Other,other,,special,answer
2019,CZ,,Q25,98,Don't know,dont-know,,special,answer
2019,CZ,,Q25,601,"Ne, žádná politická strana Vám nepřijde blízká",none,,hand,answer
2019,CZ,,Q25,602,Křesťanská a demokratická unie - Československá strana lidová (KDU/ČSL),Křesťanská a demokratická unie / Československá strana lidová,676,link,answer
2019,CZ,,Q25,603,Tradice Odpovědnost Prosperita 09 (TOP 09),Tradice Odpovědnost Prosperita 09,223,link,answer
2019,CZ,,Q25,604,Česká strana sociálně demokratická (ČSSD),Česká strana sociálně demokratická,177,link,answer
2019,CZ,,Q25,605,Občanská demokratická strana (ODS),Občanská demokratická strana,466,link,answer
2019,CZ,,Q25,606,Komunistická strana Čech a Moravy (KSČM),Komunistická strana Cech a Moravy,1728,link,answer
2019,CZ,,Q25,607,ANO2011 (ANO),Akce nespokojených občanů,2141,link,answer
2019,CZ,,Q25,608,Pirátská strana (Piráti),Ceska piratska strana,2047,link,answer
2019,CZ,,Q25,609,Strana přímé demokracie Tomio Okamura (SPD),Svoboda a přímá demokracie,6125,link,answer
2019,CZ,,Q25,610,Starostové a nezávislí (STAN),Starostové a nezávislí,1707,name,answer
2019,CZ,,Q7,0,did not vote,did-not-vote,,special,answer
2019,CZ,,Q7,90,other party,other,,special,answer
2019,CZ,,Q7,96,did vote blanc or nil,blank-invalid,,special,answer
2019,CZ,,Q7,98,do not remember,dont-know,,special,answer
2019,CZ,,Q7,601,Křesťanská a demokratická unie - Československá strana lidová (KDU/ČSL),Křesťanská a demokratická unie / Československá strana lidová,676,link,answer
2019,CZ,,Q7,602,Koalice (STAN a TOP 09),Tradice Odpovědnost Prosperita 09,223,link,answer
2019,CZ,,Q7,603,Česká strana sociálně demokratická (ČSSD),Česká strana sociálně demokratická,177,link,answer
2019,CZ,,Q7,604,Občanská demokratická strana (ODS),Občanská demokratická strana,466,link,answer
2019,CZ,,Q7,605,Komunistická strana Čech a Moravy (KSČM),Komunistická strana Cech a Moravy,1728,link,answer
2019,CZ,,Q7,606,ANO2011 (ANO),Akce nespokojených občanů,2141,link,answer
2019,CZ,,Q7,607,Pirátská strana (Piráti),Ceska piratska strana,2047,link,answer
2019,CZ,,Q7,608,Strana přímé demokracie Tomio Okamura (SPD),Svoboda a přímá demokracie,6125,link,answer
2019,CZ,,Q9,90,Other party,other,,special,answer
2019,CZ,,Q9,96,Did vote blanc or nil,blank-invalid,,special,answer
2019,CZ,,Q9,97,Did not vote,did-not-vote,,special,answer
2019,CZ,,Q9,98,Do not remember,dont-know,,special,answer
2019,CZ,,Q9,601,Křesťanská a demokratická unie - Československá strana lidová (KDU/ČSL),Křesťanská a demokratická unie / Československá strana lidová,676,link,answer
2019,CZ,,Q9,602,Tradice Odpovědnost Prosperita 09 (TOP 09),Tradice Odpovědnost Prosperita 09,223,link,answer
2019,CZ,,Q9,603,Česká strana sociálně demokratická (ČSSD),Česká strana sociálně demokratická,177,link,answer
2019,CZ,,Q9,604,Občanská demokratická strana (ODS),Občanská demokratická strana,466,link,answer
2019,CZ,,Q9,605,Komunistická strana Čech a Moravy (KSČM),Komunistická strana Cech a Moravy,1728,link,answer
2019,CZ,,Q9,606,ANO2011 (ANO),Akce nespokojených občanů,2141,link,answer
2019,CZ,,Q9,607,Pirátská strana (Piráti),Ceska piratska strana,2047,link,answer
2019,CZ,,Q9,608,Strana přímé demokracie Tomio Okamura (SPD),Svoboda a přímá demokracie,6125,link,answer
2019,CZ,,Q9,609,Starostové a nezávislí (STAN),Starostové a nezávislí,1707,name,answer
2019,CZ,,q10_1,601,Křesťanská a demokratická unie - Československá strana lidová (KDU/ČSL),Křesťanská a demokratická unie / Československá strana lidová,676,link,battery
2019,CZ,,q10_2,603,Česká strana sociálně demokratická (ČSSD),Česká strana sociálně demokratická,177,link,battery
2019,CZ,,q10_3,604,Občanská demokratická strana (ODS),Občanská demokratická strana,466,link,battery
2019,CZ,,q10_4,605,Komunistická strana Čech a Moravy (KSČM),Komunistická strana Cech a Moravy,1728,link,battery
2019,CZ,,q10_5,606,ANO2011 (ANO),Akce nespokojených občanů,2141,link,battery
2019,CZ,,q10_6,607,Pirátská strana (Piráti),Ceska piratska strana,2047,link,battery
2019,CZ,,q10_7,608,Strana přímé demokracie Tomio Okamura (SPD),Svoboda a přímá demokracie,6125,link,battery
2019,CZ,,q10_8,602,Koalice (STAN a TOP 09),Tradice Odpovědnost Prosperita 09,223,link,battery
2019,CZ,,q13_1,601,Křesťanská a demokratická unie - Československá strana lidová (KDU/ČSL),Křesťanská a demokratická unie / Československá strana lidová,676,link,battery
2019,CZ,,q13_2,603,Česká strana sociálně demokratická (ČSSD),Česká strana sociálně demokratická,177,link,battery
2019,CZ,,q13_3,604,Občanská demokratická strana (ODS),Občanská demokratická strana,466,link,battery
2019,CZ,,q13_4,605,Komunistická strana Čech a Moravy (KSČM),Komunistická strana Cech a Moravy,1728,link,battery
2019,CZ,,q13_5,606,ANO2011 (ANO),Akce nespokojených občanů,2141,link,battery
2019,CZ,,q13_6,607,Pirátská strana (Piráti),Ceska piratska strana,2047,link,battery
2019,CZ,,q13_7,608,Strana přímé demokracie Tomio Okamura (SPD),Svoboda a přímá demokracie,6125,link,battery
2019,CZ,,q13_8,602,Koalice (STAN a TOP 09),Tradice Odpovědnost Prosperita 09,223,link,battery
2019,CZ,,q24_1,601,Křesťanská a demokratická unie - Československá strana lidová (KDU/ČSL),Křesťanská a demokratická unie / Československá strana lidová,676,link,battery
2019,CZ,,q24_2,603,Česká strana sociálně demokratická (ČSSD),Česká strana sociálně demokratická,177,link,battery
2019,CZ,,q24_3,604,Občanská demokratická strana (ODS),Občanská demokratická strana,466,link,battery
2019,CZ,,q24_4,605,Komunistická strana Čech a Moravy (KSČM),Komunistická strana Cech a Moravy,1728,link,battery
2019,CZ,,q24_5,606,ANO2011 (ANO),Akce nespokojených občanů,2141,link,battery
2019,CZ,,q24_6,607,Pirátská strana (Piráti),Ceska piratska strana,2047,link,battery
2019,CZ,,q24_7,608,Strana přímé demokracie Tomio Okamura (SPD),Svoboda a přímá demokracie,6125,link,battery
2019,CZ,,q24_8,602,Koalice (STAN a TOP 09),Tradice Odpovědnost Prosperita 09,223,link,battery
2019,DE,,Q2,10,other party,other,,special,answer
2019,DE,,Q2,11,none of the parties,none,,special,answer
2019,DE,,Q2,98,Don't know,dont-know,,special,answer
2019,DE,,Q2,801,CDU/CSU,Christlich Demokratische Union / Christlich Soziale Union,211,link,answer
2019,DE,,Q2,802,SPD,Sozialdemokratische Partei Deutschlands,383,link,answer
2019,DE,,Q2,803,FDP,Freie Demokratische Partei,573,link,answer
2019,DE,,Q2,804,Die Grünen,Bündnis 90 / Die Grünen,1816,link,answer
2019,DE,,Q2,805,Die Linke,Die Linke,1545,link,answer
2019,DE,,Q2,806,AFD,Alternative für Deutschland,1976,link,answer
2019,DE,,Q2,807,Piraten,Piratenpartei Deutschland,1287,link,answer
2019,DE,,Q2,9999,NA - has not been asked (Q1=DK),,,special,answer
2019,DE,,Q25,90,Other,other,,special,answer
2019,DE,,Q25,98,Don't know,dont-know,,special,answer
2019,DE,,Q25,801,"Nein, ich stehe keiner Partei nahe",none,,hand,answer
2019,DE,,Q25,802,CDU/CSU,Christlich Demokratische Union / Christlich Soziale Union,211,link,answer
2019,DE,,Q25,803,SPD,Sozialdemokratische Partei Deutschlands,383,link,answer
2019,DE,,Q25,804,Die Grünen,Bündnis 90 / Die Grünen,1816,link,answer
2019,DE,,Q25,805,Die Linke,Die Linke,1545,link,answer
2019,DE,,Q25,806,FDP,Freie Demokratische Partei,573,link,answer
2019,DE,,Q25,807,Piraten,Piratenpartei Deutschland,1287,link,answer
2019,DE,,Q25,808,AfD,Alternative für Deutschland,1976,link,answer
2019,DE,,Q7,0,did not vote,did-not-vote,,special,answer
2019,DE,,Q7,90,other party,other,,special,answer
2019,DE,,Q7,96,did vote blanc or nil,blank-invalid,,special,answer
2019,DE,,Q7,98,do not remember,dont-know,,special,answer
2019,DE,,Q7,801,CDU/CSU,Christlich Demokratische Union / Christlich Soziale Union,211,link,answer
2019,DE,,Q7,802,SPD,Sozialdemokratische Partei Deutschlands,383,link,answer
2019,DE,,Q7,803,Grüne,Bündnis 90 / Die Grünen,1816,link,answer
2019,DE,,Q7,804,Die Linke,Die Linke,1545,link,answer
2019,DE,,Q7,805,FDP,Freie Demokratische Partei,573,link,answer
2019,DE,,Q7,806,Piraten,Piratenpartei Deutschland,1287,link,answer
2019,DE,,Q7,807,AFD,Alternative für Deutschland,1976,link,answer
2019,DE,,Q7,808,Familien-Partei,Familien-Partei [og],,hand,answer
2019,DE,,Q7,809,Freie Wähler,Freie Wähler,1090,name,answer
2019,DE,,Q7,810,NPD,Nationaldemokratische Partei Deutschlands,1723,name,answer
2019,DE,,Q7,811,ÖDP,Ökologisch-Demokratische Partei,7345,name,answer
2019,DE,,Q7,812,Tierschutzpartei,Tierschutzpartei,749,name,answer
2019,DE,,Q7,813,Die Partei,Die PARTEI,6126,name,answer
2019,DE,,Q9,90,Other party,other,,special,answer
2019,DE,,Q9,96,Did vote blanc or nil,blank-invalid,,special,answer
2019,DE,,Q9,97,Did not vote,did-not-vote,,special,answer
2019,DE,,Q9,98,Do not remember,dont-know,,special,answer
2019,DE,,Q9,801,CDU/CSU,Christlich Demokratische Union / Christlich Soziale Union,211,link,answer
2019,DE,,Q9,802,SPD,Sozialdemokratische Partei Deutschlands,383,link,answer
2019,DE,,Q9,803,FDP,Freie Demokratische Partei,573,link,answer
2019,DE,,Q9,804,Die Grünen,Bündnis 90 / Die Grünen,1816,link,answer
2019,DE,,Q9,805,Die Linke,Die Linke,1545,link,answer
2019,DE,,Q9,806,AFD,Alternative für Deutschland,1976,link,answer
2019,DE,,Q9,807,Piraten,Piratenpartei Deutschland,1287,link,answer
2019,DE,,Q9,808,NPD,Nationaldemokratische Partei Deutschlands,1723,name,answer
2019,DE,,Q9,809,Die Republikaner,Die Republikaner,720,name,answer
2019,DE,,q10_1,801,CDU/CSU,Christlich Demokratische Union / Christlich Soziale Union,211,link,battery
2019,DE,,q10_2,802,SPD,Sozialdemokratische Partei Deutschlands,383,link,battery
2019,DE,,q10_3,805,FDP,Freie Demokratische Partei,573,link,battery
2019,DE,,q10_4,803,Grüne,Bündnis 90 / Die Grünen,1816,link,battery
2019,DE,,q10_5,804,Die Linke,Die Linke,1545,link,battery
2019,DE,,q10_6,807,AFD,Alternative für Deutschland,1976,link,battery
2019,DE,,q10_7,806,Piraten,Piratenpartei Deutschland,1287,link,battery
2019,DE,,q13_1,801,CDU/CSU,Christlich Demokratische Union / Christlich Soziale Union,211,link,battery
2019,DE,,q13_2,802,SPD,Sozialdemokratische Partei Deutschlands,383,link,battery
2019,DE,,q13_3,805,FDP,Freie Demokratische Partei,573,link,battery
2019,DE,,q13_4,803,Grüne,Bündnis 90 / Die Grünen,1816,link,battery
2019,DE,,q13_5,804,Die Linke,Die Linke,1545,link,battery
2019,DE,,q13_6,807,AFD,Alternative für Deutschland,1976,link,battery
2019,DE,,q13_7,806,Piraten,Piratenpartei Deutschland,1287,link,battery
2019,DE,,q24_1,801,CDU/CSU,Christlich Demokratische Union / Christlich Soziale Union,211,link,battery
2019,DE,,q24_2,802,SPD,Sozialdemokratische Partei Deutschlands,383,link,battery
2019,DE,,q24_3,805,FDP,Freie Demokratische Partei,573,link,battery
2019,DE,,q24_4,803,Grüne,Bündnis 90 / Die Grünen,1816,link,battery
2019,DE,,q24_5,804,Die Linke,Die Linke,1545,link,battery
2019,DE,,q24_6,807,AFD,Alternative für Deutschland,1976,link,battery
2019,DE,,q24_7,806,Piraten,Piratenpartei Deutschland,1287,link,battery
2019,DK,,Q2,10,other party,other,,special,answer
2019,DK,,Q2,11,none of the parties,none,,special,answer
2019,DK,,Q2,98,Don't know,dont-know,,special,answer
2019,DK,,Q2,701,Socialdemokraterne,Socialdemokraterne,379,link,answer
2019,DK,,Q2,702,Venstre,Venstre,1204,link,answer
2019,DK,,Q2,703,Dansk Folkeparti,Dansk Folkeparti,1022,link,answer
2019,DK,,Q2,704,Radikale Venstre,Det Radikale Venstre,1507,name,answer
2019,DK,,Q2,705,Socialistisk Folkeparti,Socialistisk Folkeparti,329,link,answer
2019,DK,,Q2,706,Enhedslisten,Enhedslisten / De Rød-Grønne,1527,link,answer
2019,DK,,Q2,707,Det Konservative Folkeparti,Konservative Folkeparti,536,link,answer
2019,DK,,Q2,9999,NA - has not been asked (Q1=DK),,,special,answer
2019,DK,,Q25,90,Other,other,,special,answer
2019,DK,,Q25,98,Don't know,dont-know,,special,answer
2019,DK,,Q25,701,"1 Nej, du føler ikke, at dine holdninger ligger tæt op ad et af de politiske p",none,,hand,answer
2019,DK,,Q25,702,Socialdemokratiet,Socialdemokraterne,379,link,answer
2019,DK,,Q25,703,Venstre,Venstre,1204,link,answer
2019,DK,,Q25,704,Dansk Folkeparti,Dansk Folkeparti,1022,link,answer
2019,DK,,Q25,705,Radikale Venstre,Det Radikale Venstre,1507,name,answer
2019,DK,,Q25,706,Socialistisk Folkeparti,Socialistisk Folkeparti,329,link,answer
2019,DK,,Q25,707,Enhedslisten,Enhedslisten / De Rød-Grønne,1527,link,answer
2019,DK,,Q25,708,Liberal Alliance,[Ny] Liberal Alliance,212,link,answer
2019,DK,,Q25,709,Det Konservative Folkeparti,Konservative Folkeparti,536,link,answer
2019,DK,,Q25,710,Kristendemokraterne,Kristeligt Folkeparti / Kristendemokraterne,53,name,answer
2019,DK,,Q25,711,Alternativet,Alternativet,4070,name,answer
2019,DK,,Q7,0,did not vote,did-not-vote,,special,answer
2019,DK,,Q7,90,other party,other,,special,answer
2019,DK,,Q7,96,did vote blanc or nil,blank-invalid,,special,answer
2019,DK,,Q7,98,do not remember,dont-know,,special,answer
2019,DK,,Q7,701,Socialdemokratiet,Socialdemokraterne,379,link,answer
2019,DK,,Q7,702,Venstre,Venstre,1204,link,answer
2019,DK,,Q7,703,Dansk Folkeparti,Dansk Folkeparti,1022,link,answer
2019,DK,,Q7,704,Radikale Venstre,Det Radikale Venstre,1507,name,answer
2019,DK,,Q7,705,Socialistisk Folkeparti,Socialistisk Folkeparti,329,link,answer
2019,DK,,Q7,706,Enhedslisten,Enhedslisten / De Rød-Grønne,1527,link,answer
2019,DK,,Q7,707,Det Konservative Folkeparti,Konservative Folkeparti,536,link,answer
2019,DK,,Q7,708,Liberal Alliance,[Ny] Liberal Alliance,212,link,answer
2019,DK,,Q7,709,Folkebevægelsen mod EU,Folkebevægelsen mod EU,333,link,answer
2019,DK,,Q9,90,Other party,other,,special,answer
2019,DK,,Q9,96,Did vote blanc or nil,blank-invalid,,special,answer
2019,DK,,Q9,97,Did not vote,did-not-vote,,special,answer
2019,DK,,Q9,98,Do not remember,dont-know,,special,answer
2019,DK,,Q9,701,Socialdemokraterne,Socialdemokraterne,379,link,answer
2019,DK,,Q9,702,Venstre,Venstre,1204,link,answer
2019,DK,,Q9,703,Dansk Folkeparti,Dansk Folkeparti,1022,link,answer
2019,DK,,Q9,704,Radikale Venstre,Det Radikale Venstre,1507,name,answer
2019,DK,,Q9,705,Socialistisk Folkeparti,Socialistisk Folkeparti,329,link,answer
2019,DK,,Q9,706,Enhedslisten,Enhedslisten / De Rød-Grønne,1527,link,answer
2019,DK,,Q9,707,Liberal Alliance,[Ny] Liberal Alliance,212,link,answer
2019,DK,,Q9,708,Det Konservative Folkeparti,Konservative Folkeparti,536,link,answer
2019,DK,,Q9,709,Kristendemokraterne,Kristeligt Folkeparti / Kristendemokraterne,53,name,answer
2019,DK,,Q9,710,Alternativet,Alternativet,4070,name,answer
2019,DK,,q10_1,701,Socialdemokratiet,Socialdemokraterne,379,link,battery
2019,DK,,q10_2,702,Venstre,Venstre,1204,link,battery
2019,DK,,q10_3,703,Dansk Folkeparti,Dansk Folkeparti,1022,link,battery
2019,DK,,q10_4,704,Radikale Venstre,Det Radikale Venstre,1507,name,battery
2019,DK,,q10_5,705,Socialistisk Folkeparti,Socialistisk Folkeparti,329,link,battery
2019,DK,,q10_6,706,Enhedslisten,Enhedslisten / De Rød-Grønne,1527,link,battery
2019,DK,,q10_7,707,Det Konservative Folkeparti,Konservative Folkeparti,536,link,battery
2019,DK,,q13_1,701,Socialdemokratiet,Socialdemokraterne,379,link,battery
2019,DK,,q13_2,702,Venstre,Venstre,1204,link,battery
2019,DK,,q13_3,703,Dansk Folkeparti,Dansk Folkeparti,1022,link,battery
2019,DK,,q13_4,704,Radikale Venstre,Det Radikale Venstre,1507,name,battery
2019,DK,,q13_5,705,Socialistisk Folkeparti,Socialistisk Folkeparti,329,link,battery
2019,DK,,q13_6,706,Enhedslisten,Enhedslisten / De Rød-Grønne,1527,link,battery
2019,DK,,q13_7,707,Det Konservative Folkeparti,Konservative Folkeparti,536,link,battery
2019,DK,,q24_1,701,Socialdemokratiet,Socialdemokraterne,379,link,battery
2019,DK,,q24_2,702,Venstre,Venstre,1204,link,battery
2019,DK,,q24_3,703,Dansk Folkeparti,Dansk Folkeparti,1022,link,battery
2019,DK,,q24_4,704,Radikale Venstre,Det Radikale Venstre,1507,name,battery
2019,DK,,q24_5,705,Socialistisk Folkeparti,Socialistisk Folkeparti,329,link,battery
2019,DK,,q24_6,706,Enhedslisten,Enhedslisten / De Rød-Grønne,1527,link,battery
2019,DK,,q24_7,707,Det Konservative Folkeparti,Konservative Folkeparti,536,link,battery
2019,EE,,Q2,10,other party,other,,special,answer
2019,EE,,Q2,11,none of the parties,none,,special,answer
2019,EE,,Q2,98,Don't know,dont-know,,special,answer
2019,EE,,Q2,901,Eesti Reformierakond (Reform),Eesti Reformierakond,821,link,answer
2019,EE,,Q2,902,Eesti Keskerakond (Kesk),Eesti Keskerakond,533,link,answer
2019,EE,,Q2,903,Eesti Konservatiivne Rahvaerakond (EKRE),Eesti Konservatiivne Rahvaerakond,4094,hand,answer
2019,EE,,Q2,904,Isamaa Erakond (Isamaa),Erakond Isamaa ja Res Publica Liit,685,link,answer
2019,EE,,Q2,905,Sotsiaaldemokraatlik Erakond (SDE),Sotsiaaldemokraatlik Erakond — Mõõdukad,1150,link,answer
2019,EE,,Q2,906,Erakond Eesti 200 (Eesti 200),Erakond Eesti 200,7340,link,answer
2019,EE,,Q2,907,Erakond Eestimaa Rohelised (Rohelised),Erakonna Eestimaa Rohelised,1040,link,answer
2019,EE,,Q2,9999,NA - has not been asked (Q1=DK),,,special,answer
2019,EE,,Q25,90,Other,other,,special,answer
2019,EE,,Q25,98,Don't know,dont-know,,special,answer
2019,EE,,Q25,901,"Ei, Te ei tunne end lähedasena mitte ühegi poliitilise erakonnaga",none,,hand,answer
2019,EE,,Q25,902,Eesti Reformierakond (Reform),Eesti Reformierakond,821,link,answer
2019,EE,,Q25,903,Eesti Keskerakond (Kesk),Eesti Keskerakond,533,link,answer
2019,EE,,Q25,904,Eesti Konservatiivne Rahvaerakond (EKRE),Eesti Konservatiivne Rahvaerakond,4094,hand,answer
2019,EE,,Q25,905,Isamaa Erakond (Isamaa),Erakond Isamaa ja Res Publica Liit,685,link,answer
2019,EE,,Q25,906,Sotsiaaldemokraatlik Erakond (SDE),Sotsiaaldemokraatlik Erakond — Mõõdukad,1150,link,answer
2019,EE,,Q25,907,Erakond Eesti 200 (Eesti 200),Erakond Eesti 200,7340,link,answer
2019,EE,,Q25,908,Erakond Eestimaa Rohelised (Rohelised),Erakonna Eestimaa Rohelised,1040,link,answer
2019,EE,,Q25,909,Elurikkuse Erakond (EE),Elurikkuse Erakond,7341,name,answer
2019,EE,,Q25,910,Eesti Vabaerakond (EV),Eesti Vabaerakond,3271,name,answer
2019,EE,,Q25,911,Eestimaa Ühendatud Vasakpartei (EÜV),Eestimaa Ühendatud Vasakpartei,9124,name,answer
2019,EE,,Q7,0,did not vote,did-not-vote,,special,answer
2019,EE,,Q7,90,other party,other,,special,answer
2019,EE,,Q7,96,did vote blanc or nil,blank-invalid,,special,answer
2019,EE,,Q7,98,do not remember,dont-know,,special,answer
2019,EE,,Q7,901,Eesti Reformierakond (Reform),Eesti Reformierakond,821,link,answer
2019,EE,,Q7,902,Eesti Keskerakond (Kesk),Eesti Keskerakond,533,link,answer
2019,EE,,Q7,903,Eesti Konservatiivne Rahvaerakond (EKRE),Eesti Konservatiivne Rahvaerakond,4094,hand,answer
2019,EE,,Q7,904,Isamaa Erakond (Isamaa),Erakond Isamaa ja Res Publica Liit,685,link,answer
2019,EE,,Q7,905,Sotsiaaldemokraatlik Erakond (SDE),Sotsiaaldemokraatlik Erakond — Mõõdukad,1150,link,answer
2019,EE,,Q7,906,Erakond Eesti 200 Eesti (200),Erakond Eesti 200,7340,link,answer
2019,EE,,Q7,907,Erakond Eestimaa Rohelised (Rohelised),Erakonna Eestimaa Rohelised,1040,link,answer
2019,EE,,Q7,908,Elurikkuse Erakond (EE),Elurikkuse Erakond,7341,name,answer
2019,EE,,Q7,910,üksikkandidaat (sõltumatu kandidaat),independent,,hand,answer
2019,EE,,Q9,90,Other party,other,,special,answer
2019,EE,,Q9,96,Did vote blanc or nil,blank-invalid,,special,answer
2019,EE,,Q9,97,Did not vote,did-not-vote,,special,answer
2019,EE,,Q9,98,Do not remember,dont-know,,special,answer
2019,EE,,Q9,901,Eesti Reformierakond (Reform),Eesti Reformierakond,821,link,answer
2019,EE,,Q9,902,Eesti Keskerakond (Kesk),Eesti Keskerakond,533,link,answer
2019,EE,,Q9,903,Eesti Konservatiivne Rahvaerakond (EKRE),Eesti Konservatiivne Rahvaerakond,4094,hand,answer
2019,EE,,Q9,904,Isamaa Erakond (Isamaa),Erakond Isamaa ja Res Publica Liit,685,link,answer
2019,EE,,Q9,905,Sotsiaaldemokraatlik Erakond (SDE),Sotsiaaldemokraatlik Erakond — Mõõdukad,1150,link,answer
2019,EE,,Q9,906,Erakond Eesti 200 Eesti (200),Erakond Eesti 200,7340,link,answer
2019,EE,,Q9,907,Erakond Eestimaa Rohelised (Rohelised),Erakonna Eestimaa Rohelised,1040,link,answer
2019,EE,,Q9,908,Elurikkuse Erakond (EE),Elurikkuse Erakond,7341,name,answer
2019,EE,,Q9,909,Eesti Vabaerakond (EV),Eesti Vabaerakond,3271,name,answer
2019,EE,,Q9,910,Eestimaa Ühendatud Vasakpartei (EÜV),Eestimaa Ühendatud Vasakpartei,9124,name,answer
2019,EE,,Q9,911,üksikkandidaat (sõltumatu kandidaat),independent,,hand,answer
2019,EE,,q10_1,901,Eesti Reformierakond (Reform),Eesti Reformierakond,821,link,battery
2019,EE,,q10_2,902,Eesti Keskerakond (Kesk),Eesti Keskerakond,533,link,battery
2019,EE,,q10_3,903,Eesti Konservatiivne Rahvaerakond (EKRE),Eesti Konservatiivne Rahvaerakond,4094,hand,battery
2019,EE,,q10_4,904,Isamaa Erakond (Isamaa),Erakond Isamaa ja Res Publica Liit,685,link,battery
2019,EE,,q10_5,905,Sotsiaaldemokraatlik Erakond (SDE),Sotsiaaldemokraatlik Erakond — Mõõdukad,1150,link,battery
2019,EE,,q10_6,906,Erakond Eesti 200 Eesti (200),Erakond Eesti 200,7340,link,battery
2019,EE,,q10_7,907,Erakond Eestimaa Rohelised (Rohelised),Erakonna Eestimaa Rohelised,1040,link,battery
2019,EE,,q13_1,901,Eesti Reformierakond (Reform),Eesti Reformierakond,821,link,battery
2019,EE,,q13_2,902,Eesti Keskerakond (Kesk),Eesti Keskerakond,533,link,battery
2019,EE,,q13_3,903,Eesti Konservatiivne Rahvaerakond (EKRE),Eesti Konservatiivne Rahvaerakond,4094,hand,battery
2019,EE,,q13_4,904,Isamaa Erakond (Isamaa),Erakond Isamaa ja Res Publica Liit,685,link,battery
2019,EE,,q13_5,905,Sotsiaaldemokraatlik Erakond (SDE),Sotsiaaldemokraatlik Erakond — Mõõdukad,1150,link,battery
2019,EE,,q13_6,906,Erakond Eesti 200 Eesti (200),Erakond Eesti 200,7340,link,battery
2019,EE,,q13_7,907,Erakond Eestimaa Rohelised (Rohelised),Erakonna Eestimaa Rohelised,1040,link,battery
2019,EE,,q24_1,901,Eesti Reformierakond (Reform),Eesti Reformierakond,821,link,battery
2019,EE,,q24_2,902,Eesti Keskerakond (Kesk),Eesti Keskerakond,533,link,battery
2019,EE,,q24_3,903,Eesti Konservatiivne Rahvaerakond (EKRE),Eesti Konservatiivne Rahvaerakond,4094,hand,battery
2019,EE,,q24_4,904,Isamaa Erakond (Isamaa),Erakond Isamaa ja Res Publica Liit,685,link,battery
2019,EE,,q24_5,905,Sotsiaaldemokraatlik Erakond (SDE),Sotsiaaldemokraatlik Erakond — Mõõdukad,1150,link,battery
2019,EE,,q24_6,906,Erakond Eesti 200 Eesti (200),Erakond Eesti 200,7340,link,battery
2019,EE,,q24_7,907,Erakond Eestimaa Rohelised (Rohelised),Erakonna Eestimaa Rohelised,1040,link,battery
2019,ES,,Q2,10,other party,other,,special,answer
2019,ES,,Q2,11,none of the parties,none,,special,answer
2019,ES,,Q2,98,Don't know,dont-know,,special,answer
2019,ES,,Q2,2601,Partido Socialista Obrero Español (PSOE),Partido Socialista Obrero Español,1338,link,answer
2019,ES,,Q2,2602,Partido Popular (PP),Alianza-Partido Popular / Partido Popular,441,link,answer
2019,ES,,Q2,2603,Unidas Podemos (UP),Podemos,3203,link,answer
2019,ES,,Q2,2604,Ciudadanos-Partido de la Ciudadania (Cs),Ciudadanos — Partido de la Ciudadanía,3217,link,answer
2019,ES,,Q2,2605,VOX,Vox,3218,link,answer
2019,ES,,Q2,2606,Ahora Repúblicas (Esquerra Republicana de Catalunya y otros),Esquerra Republicana de Catalunya,848,link,answer
2019,ES,,Q2,2607,Compromís per Europa/Compromiso por Europa,Compromís per Europa/Compromiso por Europa [og],,hand,answer
2019,ES,,Q2,9999,NA - has not been asked (Q1=DK),,,special,answer
2019,ES,,Q25,90,Other,other,,special,answer
2019,ES,,Q25,98,Don't know,dont-know,,special,answer
2019,ES,,Q25,2601,"No, no se considera próximo/a a ningún partido",none,,hand,answer
2019,ES,,Q25,2602,Partido Socialista Obrero Español,Partido Socialista Obrero Español,1338,link,answer
2019,ES,,Q25,2603,Partido Popular,Alianza-Partido Popular / Partido Popular,441,link,answer
2019,ES,,Q25,2604,Ciudadanos,Ciudadanos — Partido de la Ciudadanía,3217,link,answer
2019,ES,,Q25,2605,Podemos,Podemos,3203,link,answer
2019,ES,,Q25,2606,Izquierda Unida,Izquierda Unida,247,name,answer
2019,ES,,Q25,2607,VOX,Vox,3218,link,answer
2019,ES,,Q25,2608,Esquerra Republicana de Catalunya,Esquerra Republicana de Catalunya,848,link,answer
2019,ES,,Q25,2609,Partido Nacionalista Vasco–Euzko Alderdi Jeltzalea,Partido Nacionalista Vasco — Euzko Alderdi Jeltzalea,1637,name,answer
2019,ES,,Q25,2610,Junts per Catalunya,Junts per Catalunya,7421,hand,answer
2019,ES,,Q25,2611,EH Bildu,Euskal Herria Bildu / Reunir Euskal Herria,5668,hand,answer
2019,ES,,Q25,2612,Compromís,Coalició Compromís,5623,name,answer
2019,ES,,Q25,2613,Partido Animalista contra el Maltrato Animal,Partido Animalista Contra el Maltrato Animal,3219,name,answer
2019,ES,,Q25,2614,Coalición Canaria,Coalición Canaria,81,name,answer
2019,ES,,Q25,2615,Unión del Pueblo Navarro,Union del Pueblo Navarro,722,name,answer
2019,ES,,Q7,0,did not vote,did-not-vote,,special,answer
2019,ES,,Q7,90,other party,other,,special,answer
2019,ES,,Q7,96,did vote blanc or nil,blank-invalid,,special,answer
2019,ES,,Q7,98,do not remember,dont-know,,special,answer
2019,ES,,Q7,2601,Partido Socialista Obrero Español (PSOE),Partido Socialista Obrero Español,1338,link,answer
2019,ES,,Q7,2602,Partido Popular (PP),Alianza-Partido Popular / Partido Popular,441,link,answer
2019,ES,,Q7,2603,Unidas Podemos Cambiar Europa (Ps + IU),Podemos,3203,link,answer
2019,ES,,Q7,2604,Ciudadanos-Partido de la Ciudadania (Cs),Ciudadanos — Partido de la Ciudadanía,3217,link,answer
2019,ES,,Q7,2605,VOX,Vox,3218,link,answer
2019,ES,,Q7,2606,Ahora Repúblicas ((ERC+EH Bildu+BNG+AA+AC),Esquerra Republicana de Catalunya,848,link,answer
2019,ES,,Q7,2607,Coalición por una Europa Solidaria (CEUS (EAJ-PNV+CCa-PNC+CxG+El PI+DV+GBAI),Coalición por una Europa Solidaria (CEUS (EAJ-PNV+CCa-PNC+CxG+El PI+DV+GBAI) [og],,hand,answer
2019,ES,,Q7,2608,Junts,Junts per Catalunya,7421,name,answer
2019,ES,,Q7,2609,Compromís per Europa/Compromiso por Europa (CPE),Compromís per Europa/Compromiso por Europa (CPE) [og],,hand,answer
2019,ES,,Q7,2610,Partido Animalista contra el Maltrato Animal (PACMA),Partido Animalista Contra el Maltrato Animal,3219,name,answer
2019,ES,,Q9,90,Other party,other,,special,answer
2019,ES,,Q9,96,Did vote blanc or nil,blank-invalid,,special,answer
2019,ES,,Q9,97,Did not vote,did-not-vote,,special,answer
2019,ES,,Q9,98,Do not remember,dont-know,,special,answer
2019,ES,,Q9,2601,Partido Socialista Obrero Español,Partido Socialista Obrero Español,1338,link,answer
2019,ES,,Q9,2602,Partido Popular,Alianza-Partido Popular / Partido Popular,441,link,answer
2019,ES,,Q9,2603,Ciudadanos,Ciudadanos — Partido de la Ciudadanía,3217,link,answer
2019,ES,,Q9,2604,Unidas Podemos,Podemos,3203,link,answer
2019,ES,,Q9,2605,VOX,Vox,3218,link,answer
2019,ES,,Q9,2606,Esquerra Republicana de Catalunya,Esquerra Republicana de Catalunya,848,link,answer
2019,ES,,Q9,2607,Partido Nacionalista Vasco–Euzko Alderdi Jeltzalea,Partido Nacionalista Vasco — Euzko Alderdi Jeltzalea,1637,name,answer
2019,ES,,Q9,2608,Junts per Catalunya,Junts per Catalunya,7421,hand,answer
2019,ES,,Q9,2609,EH Bildu,Euskal Herria Bildu / Reunir Euskal Herria,5668,hand,answer
2019,ES,,Q9,2610,Compromís,Coalició Compromís,5623,name,answer
2019,ES,,Q9,2611,Partido Animalista contra el Maltrato Animal,Partido Animalista Contra el Maltrato Animal,3219,name,answer
2019,ES,,Q9,2612,Coalición Canaria,Coalición Canaria,81,name,answer
2019,ES,,Q9,2613,Navarra Suma,Navarra Suma [og],,hand,answer
2019,ES,,q10_1,2601,Partido Socialista Obrero Español (PSOE),Partido Socialista Obrero Español,1338,link,battery
2019,ES,,q10_2,2602,Partido Popular (PP),Alianza-Partido Popular / Partido Popular,441,link,battery
2019,ES,,q10_3,2603,Unidas Podemos Cambiar Europa (Ps + IU),Podemos,3203,link,battery
2019,ES,,q10_4,2604,Ciudadanos-Partido de la Ciudadania (Cs),Ciudadanos — Partido de la Ciudadanía,3217,link,battery
2019,ES,,q10_5,2605,VOX,Vox,3218,link,battery
2019,ES,,q10_6,2606,Ahora Repúblicas ((ERC+EH Bildu+BNG+AA+AC),Esquerra Republicana de Catalunya,848,link,battery
2019,ES,,q10_7,2609,Compromís per Europa/Compromiso por Europa (CPE),Compromís per Europa/Compromiso por Europa (CPE) [og],,hand,battery
2019,ES,,q13_1,2601,Partido Socialista Obrero Español (PSOE),Partido Socialista Obrero Español,1338,link,battery
2019,ES,,q13_2,2602,Partido Popular (PP),Alianza-Partido Popular / Partido Popular,441,link,battery
2019,ES,,q13_3,2603,Unidas Podemos Cambiar Europa (Ps + IU),Podemos,3203,link,battery
2019,ES,,q13_4,2604,Ciudadanos-Partido de la Ciudadania (Cs),Ciudadanos — Partido de la Ciudadanía,3217,link,battery
2019,ES,,q13_5,2605,VOX,Vox,3218,link,battery
2019,ES,,q13_6,2606,Ahora Repúblicas ((ERC+EH Bildu+BNG+AA+AC),Esquerra Republicana de Catalunya,848,link,battery
2019,ES,,q13_7,2609,Compromís per Europa/Compromiso por Europa (CPE),Compromís per Europa/Compromiso por Europa (CPE) [og],,hand,battery
2019,ES,,q24_1,2601,Partido Socialista Obrero Español (PSOE),Partido Socialista Obrero Español,1338,link,battery
2019,ES,,q24_2,2602,Partido Popular (PP),Alianza-Partido Popular / Partido Popular,441,link,battery
2019,ES,,q24_3,2603,Unidas Podemos Cambiar Europa (Ps + IU),Podemos,3203,link,battery
2019,ES,,q24_4,2604,Ciudadanos-Partido de la Ciudadania (Cs),Ciudadanos — Partido de la Ciudadanía,3217,link,battery
2019,ES,,q24_5,2605,VOX,Vox,3218,link,battery
2019,ES,,q24_6,2606,Ahora Repúblicas ((ERC+EH Bildu+BNG+AA+AC),Esquerra Republicana de Catalunya,848,link,battery
2019,ES,,q24_7,2609,Compromís per Europa/Compromiso por Europa (CPE),Compromís per Europa/Compromiso por Europa (CPE) [og],,hand,battery
2019,FI,,Q2,10,other party,other,,special,answer
2019,FI,,Q2,11,none of the parties,none,,special,answer
2019,FI,,Q2,98,Don't know,dont-know,,special,answer
2019,FI,,Q2,1001,Suomen Sosialidemokraattinen Puolue (SDP),Suomen Sosialidemokraattinen Puolue,1303,link,answer
2019,FI,,Q2,1002,Perussuomalaiset (Perus/PS),Suomen Puolue / Perussuomalaiset,1689,link,answer
2019,FI,,Q2,1003,Kansallinen Kokoomus (KOK),Kansallinen Kokoomus,495,link,answer
2019,FI,,Q2,1004,Suomen Keskusta (KESK),Maalaisliitto / Keskusta,901,link,answer
2019,FI,,Q2,1005,Vihreä Liitto (VIHR),Vihreä Liitto,479,name,answer
2019,FI,,Q2,1006,Vasemmistoliitto (VAS),Vasemmistoliitto,1044,link,answer
2019,FI,,Q2,1007,Suomen ruotsalainen kansanpuolue (RKP),Ruotsalainen Kansanpuolue / Svenska Folkepartiet i Finland,1229,link,answer
2019,FI,,Q2,9999,NA - has not been asked (Q1=DK),,,special,answer
2019,FI,,Q25,90,Other,other,,special,answer
2019,FI,,Q25,98,Don't know,dont-know,,special,answer
2019,FI,,Q25,1001,"Ei, en tunne mitään puoluetta läheiseksi",none,,hand,answer
2019,FI,,Q25,1002,Suomen Sosialidemokraattinen Puolue (SDP),Suomen Sosialidemokraattinen Puolue,1303,link,answer
2019,FI,,Q25,1003,Perussuomalaiset (PS),Suomen Puolue / Perussuomalaiset,1689,link,answer
2019,FI,,Q25,1004,Kansallinen Kokoomus (KOK),Kansallinen Kokoomus,495,link,answer
2019,FI,,Q25,1005,Suomen Keskusta (KESK),Maalaisliitto / Keskusta,901,link,answer
2019,FI,,Q25,1006,Vihreä Liitto (VIHR),Vihreä Liitto,479,name,answer
2019,FI,,Q25,1007,Vasemmistoliitto (VAS),Vasemmistoliitto,1044,link,answer
2019,FI,,Q25,1008,Suomen ruotsalainen kansanpuolue (RKP),Ruotsalainen Kansanpuolue / Svenska Folkepartiet i Finland,1229,link,answer
2019,FI,,Q25,1009,Suomen Kristillisdemokraatit (KD),Kristillisdemokraatit,703,link,answer
2019,FI,,Q25,1010,Sininen tulevaisuus (SIN),Uusi vaihtoehto / Sininen tulevaisuus,5859,name,answer
2019,FI,,Q7,0,did not vote,did-not-vote,,special,answer
2019,FI,,Q7,90,other party,other,,special,answer
2019,FI,,Q7,96,did vote blanc or nil,blank-invalid,,special,answer
2019,FI,,Q7,98,do not remember,dont-know,,special,answer
2019,FI,,Q7,1001,Suomen Sosialidemokraattinen Puolue (SDP),Suomen Sosialidemokraattinen Puolue,1303,link,answer
2019,FI,,Q7,1002,Perussuomalaiset (Perus/PS),Suomen Puolue / Perussuomalaiset,1689,link,answer
2019,FI,,Q7,1003,Kansallinen Kokoomus (KOK),Kansallinen Kokoomus,495,link,answer
2019,FI,,Q7,1004,Suomen Keskusta (KESK),Maalaisliitto / Keskusta,901,link,answer
2019,FI,,Q7,1005,Vihreä Liitto (VIHR),Vihreä Liitto,479,name,answer
2019,FI,,Q7,1006,Vasemmistoliitto (VAS),Vasemmistoliitto,1044,link,answer
2019,FI,,Q7,1007,Suomen ruotsalainen kansanpuolue (RKP),Ruotsalainen Kansanpuolue / Svenska Folkepartiet i Finland,1229,link,answer
2019,FI,,Q7,1008,Suomen Kristillisdemokraatit (KD),Kristillisdemokraatit,703,link,answer
2019,FI,,Q7,1009,Sininen tulevaisuus,Uusi vaihtoehto / Sininen tulevaisuus,5859,name,answer
2019,FI,,Q9,90,Other party,other,,special,answer
2019,FI,,Q9,96,Did vote blanc or nil,blank-invalid,,special,answer
2019,FI,,Q9,97,Did not vote,did-not-vote,,special,answer
2019,FI,,Q9,98,Do not remember,dont-know,,special,answer
2019,FI,,Q9,1001,Suomen Sosialidemokraattinen Puolue (SDP),Suomen Sosialidemokraattinen Puolue,1303,link,answer
2019,FI,,Q9,1002,Perussuomalaiset (Perus/PS),Suomen Puolue / Perussuomalaiset,1689,link,answer
2019,FI,,Q9,1003,Kansallinen Kokoomus (KOK),Kansallinen Kokoomus,495,link,answer
2019,FI,,Q9,1004,Suomen Keskusta (KESK),Maalaisliitto / Keskusta,901,link,answer
2019,FI,,Q9,1005,Vihreä liitto (VIHR),Vihreä Liitto,479,name,answer
2019,FI,,Q9,1006,Vasemmistoliitto (VAS),Vasemmistoliitto,1044,link,answer
2019,FI,,Q9,1007,Suomen ruotsalainen kansanpuolue (RKP),Ruotsalainen Kansanpuolue / Svenska Folkepartiet i Finland,1229,link,answer
2019,FI,,Q9,1008,Suomen Kristillisdemokraatit (KD),Kristillisdemokraatit,703,link,answer
2019,FI,,Q9,1009,Sininen tulevaisuus (SIN),Uusi vaihtoehto / Sininen tulevaisuus,5859,name,answer
2019,FI,,Q9,1010,Piraattipuolue (PIR),Piraattipuolue / Piratpartiet,9148,hand,answer
2019,FI,,Q9,1011,Seitsemän tähden liike (STL),Seitsemän tähden liike (STL) [og],,hand,answer
2019,FI,,Q9,1012,Liberaalipuolue - Vapaus valita (LIBE),Liberaalipuolue - Vapaus valita (LIBE) [og],,hand,answer
2019,FI,,Q9,1013,Kansalaispuolue (KP),Kansalaispuolue (KP) [og],,hand,answer
2019,FI,,Q9,1014,Feministinen puolue (FP),Feministinen puolue (FP) [og],,hand,answer
2019,FI,,Q9,1015,Suomen Kommunistinen Puolue (SKP),Suomen Kommunistinen Puolue,7030,name,answer
2019,FI,,Q9,1016,Eläinoikeuspuolue (EOP),Eläinoikeuspuolue (EOP) [og],,hand,answer
2019,FI,,Q9,1017,Itsenäisyyspuolue (IPU),Itsenäisyyspuolue (IPU) [og],,hand,answer
2019,FI,,Q9,1018,Suomen Kansa Ensin (SKE),Suomen Kansa Ensin (SKE) [og],,hand,answer
2019,FI,,Q9,1019,Kommunistinen Työväenpuolue - Rauhan ja Sosialismin puolesta (KTP),Kommunistinen Työväenpuolue - Rauhan ja Sosialismin puolesta (KTP) [og],,hand,answer
2019,FI,,q10_1,1001,Suomen Sosialidemokraattinen Puolue (SDP),Suomen Sosialidemokraattinen Puolue,1303,link,battery
2019,FI,,q10_2,1002,Perussuomalaiset (Perus/PS),Suomen Puolue / Perussuomalaiset,1689,link,battery
2019,FI,,q10_3,1003,Kansallinen Kokoomus (KOK),Kansallinen Kokoomus,495,link,battery
2019,FI,,q10_4,1004,Suomen Keskusta (KESK),Maalaisliitto / Keskusta,901,link,battery
2019,FI,,q10_5,1005,Vihreä Liitto (VIHR),Vihreä Liitto,479,name,battery
2019,FI,,q10_6,1006,Vasemmistoliitto (VAS),Vasemmistoliitto,1044,link,battery
2019,FI,,q10_7,1007,Suomen ruotsalainen kansanpuolue (RKP),Ruotsalainen Kansanpuolue / Svenska Folkepartiet i Finland,1229,link,battery
2019,FI,,q13_1,1001,Suomen Sosialidemokraattinen Puolue (SDP),Suomen Sosialidemokraattinen Puolue,1303,link,battery
2019,FI,,q13_2,1002,Perussuomalaiset (Perus/PS),Suomen Puolue / Perussuomalaiset,1689,link,battery
2019,FI,,q13_3,1003,Kansallinen Kokoomus (KOK),Kansallinen Kokoomus,495,link,battery
2019,FI,,q13_4,1004,Suomen Keskusta (KESK),Maalaisliitto / Keskusta,901,link,battery
2019,FI,,q13_5,1005,Vihreä Liitto (VIHR),Vihreä Liitto,479,name,battery
2019,FI,,q13_6,1006,Vasemmistoliitto (VAS),Vasemmistoliitto,1044,link,battery
2019,FI,,q13_7,1007,Suomen ruotsalainen kansanpuolue (RKP),Ruotsalainen Kansanpuolue / Svenska Folkepartiet i Finland,1229,link,battery
2019,FI,,q24_1,1001,Suomen Sosialidemokraattinen Puolue (SDP),Suomen Sosialidemokraattinen Puolue,1303,link,battery
2019,FI,,q24_2,1002,Perussuomalaiset (Perus/PS),Suomen Puolue / Perussuomalaiset,1689,link,battery
2019,FI,,q24_3,1003,Kansallinen Kokoomus (KOK),Kansallinen Kokoomus,495,link,battery
2019,FI,,q24_4,1004,Suomen Keskusta (KESK),Maalaisliitto / Keskusta,901,link,battery
2019,FI,,q24_5,1005,Vihreä Liitto (VIHR),Vihreä Liitto,479,name,battery
2019,FI,,q24_6,1006,Vasemmistoliitto (VAS),Vasemmistoliitto,1044,link,battery
2019,FI,,q24_7,1007,Suomen ruotsalainen kansanpuolue (RKP),Ruotsalainen Kansanpuolue / Svenska Folkepartiet i Finland,1229,link,battery
2019,FR,,Q2,10,other party,other,,special,answer
2019,FR,,Q2,11,none of the parties,none,,special,answer
2019,FR,,Q2,98,Don't know,dont-know,,special,answer
2019,FR,,Q2,1101,Les Républicains (LR),Les Républicains,8168,hand,answer
2019,FR,,Q2,1102,Parti socialiste (PS),Parti socialiste,1478,link,answer
2019,FR,,Q2,1103,Rassemblement national (RN),Front National / Rassemblement national,433,link,answer
2019,FR,,Q2,1104,Europe Ecologie - Les Verts (EELV),Europe Écologie — Les Verts,5650,hand,answer
2019,FR,,Q2,1105,France insoumise (LFI),La France Insoumise,5858,link,answer
2019,FR,,Q2,1106,Génération.s,"Génération.s, le mouvement",7342,name,answer
2019,FR,,Q2,1107,La République en Marche (LRM),La République En Marche! / Renaissance,5857,link,answer
2019,FR,,Q2,9999,NA - has not been asked (Q1=DK),,,special,answer
2019,FR,,Q25,90,Other,other,,special,answer
2019,FR,,Q25,98,Don't know,dont-know,,special,answer
2019,FR,,Q25,1101,"Non, vous ne vous sentez pas proche d'un parti politique",none,,hand,answer
2019,FR,,Q25,1102,Les Républicains (LR),Les Républicains,8168,hand,answer
2019,FR,,Q25,1103,Parti socialiste (PS),Parti socialiste,1478,link,answer
2019,FR,,Q25,1104,Rassemblement national (RN),Front National / Rassemblement national,433,link,answer
2019,FR,,Q25,1105,Europe Ecologie - Les Verts (EELV),Europe Écologie — Les Verts,5650,hand,answer
2019,FR,,Q25,1106,France insoumise (LFI),La France Insoumise,5858,link,answer
2019,FR,,Q25,1107,Génération.s,"Génération.s, le mouvement",7342,name,answer
2019,FR,,Q25,1108,La République en Marche (LRM),La République En Marche! / Renaissance,5857,link,answer
2019,FR,,Q25,1109,Lutte ouvrière (LO),Lutte ouvrière,617,name,answer
2019,FR,,Q25,1110,Nouveau parti anticapitaliste (NPA),Nouveau Parti Anticapitaliste,6684,name,answer
2019,FR,,Q25,1111,Parti communiste (PCF),Parti communiste française,1251,name,answer
2019,FR,,Q25,1112,Place publique,Place publique [og],,hand,answer
2019,FR,,Q25,1113,Nouvelle donne,Nouvelle donne [og],,hand,answer
2019,FR,,Q25,1114,MoDem,Mouvement démocrate,496,hand,answer
2019,FR,,Q25,1115,Union des Démocrates et Indépendants (UDI),Union des démocrates et indépendants,3229,name,answer
2019,FR,,Q25,1116,Debout la France (DLF),Debout la France,3207,name,answer
2019,FR,,Q25,1118,Union populaire républicaine (UPR),Union Populaire Républicaine,7344,name,answer
2019,FR,,Q7,0,did not vote,did-not-vote,,special,answer
2019,FR,,Q7,90,other party,other,,special,answer
2019,FR,,Q7,96,did vote blanc or nil,blank-invalid,,special,answer
2019,FR,,Q7,98,do not remember,dont-know,,special,answer
2019,FR,,Q7,1101,"La liste de La France insoumise de Jean-Luc Mélanchon, menée par Manon Aubry",La France Insoumise,5858,link,answer
2019,FR,,Q7,1102,"La liste de la République en Marche et du MoDem, menée par Nathalie Loiseau",La République En Marche! / Renaissance,5857,link,answer
2019,FR,,Q7,1103,"La liste Patriote et Gilets jaunes, menée par Florian Philippot","La liste Patriote et Gilets jaunes, menée par Florian Philippot [og]",,hand,answer
2019,FR,,Q7,1104,"La liste Urgence écologie, menée par Dominique Bourg","La liste Urgence écologie, menée par Dominique Bourg [og]",,hand,answer
2019,FR,,Q7,1105,"La liste du Parti socialiste et de Place publique, menée par Raphaël Glucksman",Parti socialiste,1478,link,answer
2019,FR,,Q7,1106,"La liste Debout La France, menée par Nicolas Dupont-Aignan",Debout la France,3207,hand,answer
2019,FR,,Q7,1107,"La liste Lutte Ouvrirère, menée par Nathalie Arthaud",Lutte ouvrière,617,hand,answer
2019,FR,,Q7,1108,"La Liste du Parti communiste français, menée par Ian Brossat",Parti communiste française,1251,hand,answer
2019,FR,,Q7,1109,"La liste pour le Frexit, menée par François Asselineau",Union Populaire Républicaine,7344,hand,answer
2019,FR,,Q7,1110,"La liste Génération.s et Dème-Diem 25, menée par Benoît Hamon","La liste Génération.s et Dème-Diem 25, menée par Benoît Hamon [og]",,hand,answer
2019,FR,,Q7,1111,"La liste du Rassemblement National de Marine Le Pen, menée par Jordan Bardella",Front National / Rassemblement national,433,link,answer
2019,FR,,Q7,1112,"La Liste Alliance jaune, menée par Francis Lalanne","La Liste Alliance jaune, menée par Francis Lalanne [og]",,hand,answer
2019,FR,,Q7,1113,"La liste des Républicains, menée par François Xavier Bellamy",Les Républicains,8168,hand,answer
2019,FR,,Q7,1114,"La liste Europe Ecologie, menée par Yannick Jadot",Europe Écologie — Les Verts,5650,hand,answer
2019,FR,,Q9,90,Other party,other,,special,answer
2019,FR,,Q9,96,Did vote blanc or nil,blank-invalid,,special,answer
2019,FR,,Q9,97,Did not vote,did-not-vote,,special,answer
2019,FR,,Q9,98,Do not remember,dont-know,,special,answer
2019,FR,,Q9,1101,"Extrême gauche (LO, NPA)",extrême gauche,1594,name,answer
2019,FR,,Q9,1102,Parti communiste (PC),Parti communiste française,1251,name,answer
2019,FR,,Q9,1103,La France insoumise (LFI),La France Insoumise,5858,link,answer
2019,FR,,Q9,1104,Parti socialiste,Parti socialiste,1478,link,answer
2019,FR,,Q9,1105,Parti radical de gauche,Parti radical de gauche,1783,hand,answer
2019,FR,,Q9,1106,Divers gauche,divers gauche,126,name,answer
2019,FR,,Q9,1107,Europe Ecologie Les Verts (EELV),Europe Écologie — Les Verts,5650,hand,answer
2019,FR,,Q9,1108,La République en marche,La République En Marche! / Renaissance,5857,link,answer
2019,FR,,Q9,1109,MoDem,Mouvement démocrate,496,hand,answer
2019,FR,,Q9,1110,Union des Démocrates et Indépendants (UDI),Union des démocrates et indépendants,3229,name,answer
2019,FR,,Q9,1111,Les Républicains (LR),Les Républicains,8168,hand,answer
2019,FR,,Q9,1112,Divers droite,divers droite,1776,name,answer
2019,FR,,Q9,1113,Front National (FN),Front National / Rassemblement national,433,link,answer
2019,FR,,Q9,1114,Régionalistes,Régionalistes [og],,hand,answer
2019,FR,,q10_1,1113,"La liste des Républicains, menée par François Xavier Bellamy",Les Républicains,8168,hand,battery
2019,FR,,q10_2,1105,"La liste du Parti socialiste et de Place publique, menée par Raphaël Glucksman",Parti socialiste,1478,link,battery
2019,FR,,q10_3,1111,"La liste du Rassemblement National de Marine Le Pen, menée par Jordan Bardella",Front National / Rassemblement national,433,link,battery
2019,FR,,q10_4,1114,"La liste Europe Ecologie, menée par Yannick Jadot",Europe Écologie — Les Verts,5650,hand,battery
2019,FR,,q10_5,1101,"La liste de La France insoumise de Jean-Luc Mélanchon, menée par Manon Aubry",La France Insoumise,5858,link,battery
2019,FR,,q10_6,1110,"La liste Génération.s et Dème-Diem 25, menée par Benoît Hamon","La liste Génération.s et Dème-Diem 25, menée par Benoît Hamon [og]",,hand,battery
2019,FR,,q10_7,1102,"La liste de la République en Marche et du MoDem, menée par Nathalie Loiseau",La République En Marche! / Renaissance,5857,link,battery
2019,FR,,q13_1,1113,"La liste des Républicains, menée par François Xavier Bellamy",Les Républicains,8168,hand,battery
2019,FR,,q13_2,1105,"La liste du Parti socialiste et de Place publique, menée par Raphaël Glucksman",Parti socialiste,1478,link,battery
2019,FR,,q13_3,1111,"La liste du Rassemblement National de Marine Le Pen, menée par Jordan Bardella",Front National / Rassemblement national,433,link,battery
2019,FR,,q13_4,1114,"La liste Europe Ecologie, menée par Yannick Jadot",Europe Écologie — Les Verts,5650,hand,battery
2019,FR,,q13_5,1101,"La liste de La France insoumise de Jean-Luc Mélanchon, menée par Manon Aubry",La France Insoumise,5858,link,battery
2019,FR,,q13_6,1110,"La liste Génération.s et Dème-Diem 25, menée par Benoît Hamon","La liste Génération.s et Dème-Diem 25, menée par Benoît Hamon [og]",,hand,battery
2019,FR,,q13_7,1102,"La liste de la République en Marche et du MoDem, menée par Nathalie Loiseau",La République En Marche! / Renaissance,5857,link,battery
2019,FR,,q24_1,1113,"La liste des Républicains, menée par François Xavier Bellamy",Les Républicains,8168,hand,battery
2019,FR,,q24_2,1105,"La liste du Parti socialiste et de Place publique, menée par Raphaël Glucksman",Parti socialiste,1478,link,battery
2019,FR,,q24_3,1111,"La liste du Rassemblement National de Marine Le Pen, menée par Jordan Bardella",Front National / Rassemblement national,433,link,battery
2019,FR,,q24_4,1114,"La liste Europe Ecologie, menée par Yannick Jadot",Europe Écologie — Les Verts,5650,hand,battery
2019,FR,,q24_5,1101,"La liste de La France insoumise de Jean-Luc Mélanchon, menée par Manon Aubry",La France Insoumise,5858,link,battery
2019,FR,,q24_6,1110,"La liste Génération.s et Dème-Diem 25, menée par Benoît Hamon","La liste Génération.s et Dème-Diem 25, menée par Benoît Hamon [og]",,hand,battery
2019,FR,,q24_7,1102,"La liste de la République en Marche et du MoDem, menée par Nathalie Loiseau",La République En Marche! / Renaissance,5857,link,battery
2019,GB,,Q2,10,other party,other,,special,answer
2019,GB,,Q2,11,none of the parties,none,,special,answer
2019,GB,,Q2,98,Don't know,dont-know,,special,answer
2019,GB,,Q2,2801,Conservative Party,Conservatives,1567,link,answer
2019,GB,,Q2,2802,Labour Party,Labour Party,1516,link,answer
2019,GB,,Q2,2803,Liberal Democrats,Liberal Democrats,1388,link,answer
2019,GB,,Q2,2804,Green Party,Green Party of England and Wales,1794,link,answer
2019,GB,,Q2,2805,Scottish National Party,Scottish National Party,986,link,answer
2019,GB,,Q2,2806,United Kingdom Independent Party (UKIP),United Kingdom Independence Party,601,link,answer
2019,GB,,Q2,2807,The Brexit Party,Brexit Party,7364,name,answer
2019,GB,,Q2,2808,Change UK – The Independent Group,Change UK,7365,hand,answer
2019,GB,,Q2,9999,NA - has not been asked (Q1=DK),,,special,answer
2019,GB,,Q25,90,Other,other,,special,answer
2019,GB,,Q25,98,Don't know,dont-know,,special,answer
2019,GB,,Q25,2801,"No, you do not feel close to any party",none,,hand,answer
2019,GB,,Q25,2802,Conservative Party,Conservatives,1567,link,answer
2019,GB,,Q25,2803,Labour Party,Labour Party,1516,link,answer
2019,GB,,Q25,2804,Liberal Democrats,Liberal Democrats,1388,link,answer
2019,GB,,Q25,2805,Green Party,Green Party of England and Wales,1794,link,answer
2019,GB,,Q25,2806,Scottish National Party,Scottish National Party,986,link,answer
2019,GB,,Q25,2807,United Kingdom Independent Party (UKIP),United Kingdom Independence Party,601,link,answer
2019,GB,,Q25,2808,The Brexit Party,Brexit Party,7364,name,answer
2019,GB,,Q7,0,did not vote,did-not-vote,,special,answer
2019,GB,,Q7,90,other party,other,,special,answer
2019,GB,,Q7,96,did vote blanc or nil,blank-invalid,,special,answer
2019,GB,,Q7,98,do not remember,dont-know,,special,answer
2019,GB,,Q7,2801,Conservative Party,Conservatives,1567,link,answer
2019,GB,,Q7,2802,Labour Party,Labour Party,1516,link,answer
2019,GB,,Q7,2803,Liberal Democrats,Liberal Democrats,1388,link,answer
2019,GB,,Q7,2804,Green Party,Green Party of England and Wales,1794,link,answer
2019,GB,,Q7,2805,Scottish National Party,Scottish National Party,986,link,answer
2019,GB,,Q7,2806,United Kingdom Independent Party (UKIP),United Kingdom Independence Party,601,link,answer
2019,GB,,Q7,2807,The Brexit Party,Brexit Party,7364,name,answer
2019,GB,,Q7,2808,Change UK – The Independent Group,Change UK,7365,hand,answer
2019,GB,,Q7,2809,Plaid Cymru,Plaid Cymru,1002,link,answer
2019,GB,,Q7,2810,Sinn Féin,Sinn Féin,963,link,answer
2019,GB,,Q7,2811,Democratic Unionist Party,Democratic Unionist Party,335,link,answer
2019,GB,,Q7,2812,Ulster Unionist Party,Ulster Unionist Party,1366,name,answer
2019,GB,,Q7,2813,Social Democratic & Labour Party,Social Democratic and Labour Party,762,link,answer
2019,GB,,Q7,2814,Independent,independent,,hand,answer
2019,GB,,Q9,90,Other party,other,,special,answer
2019,GB,,Q9,96,Did vote blanc or nil,blank-invalid,,special,answer
2019,GB,,Q9,97,Did not vote,did-not-vote,,special,answer
2019,GB,,Q9,98,Do not remember,dont-know,,special,answer
2019,GB,,Q9,2801,Conservative Party,Conservatives,1567,link,answer
2019,GB,,Q9,2802,Labour Party,Labour Party,1516,link,answer
2019,GB,,Q9,2803,Liberal Democrats,Liberal Democrats,1388,link,answer
2019,GB,,Q9,2804,Green Party,Green Party of England and Wales,1794,link,answer
2019,GB,,Q9,2805,Scottish National Party,Scottish National Party,986,link,answer
2019,GB,,Q9,2806,United Kingdom Independent Party (UKIP),United Kingdom Independence Party,601,link,answer
2019,GB,,Q9,2809,Plaid Cymru,Plaid Cymru,1002,link,answer
2019,GB,,Q9,2810,Sinn Féin,Sinn Féin,963,link,answer
2019,GB,,Q9,2811,Democratic Unionist Party,Democratic Unionist Party,335,link,answer
2019,GB,,Q9,2812,Ulster Unionist Party,Ulster Unionist Party,1366,name,answer
2019,GB,,Q9,2813,Social Democratic & Labour Party,Social Democratic and Labour Party,762,link,answer
2019,GB,,Q9,2814,Independent,independent,,hand,answer
2019,GB,,q10_1,2801,Conservative Party,Conservatives,1567,link,battery
2019,GB,,q10_2,2802,Labour Party,Labour Party,1516,link,battery
2019,GB,,q10_3,2803,Liberal Democrats,Liberal Democrats,1388,link,battery
2019,GB,,q10_4,2804,Green Party,Green Party of England and Wales,1794,link,battery
2019,GB,,q10_5,2805,Scottish National Party,Scottish National Party,986,link,battery
2019,GB,,q10_6,2806,United Kingdom Independent Party (UKIP),United Kingdom Independence Party,601,link,battery
2019,GB,,q10_7,2807,The Brexit Party,Brexit Party,7364,name,battery
2019,GB,,q13_1,2801,Conservative Party,Conservatives,1567,link,battery
2019,GB,,q13_2,2802,Labour Party,Labour Party,1516,link,battery
2019,GB,,q13_3,2803,Liberal Democrats,Liberal Democrats,1388,link,battery
2019,GB,,q13_4,2804,Green Party,Green Party of England and Wales,1794,link,battery
2019,GB,,q13_5,2805,Scottish National Party,Scottish National Party,986,link,battery
2019,GB,,q13_6,2806,United Kingdom Independent Party (UKIP),United Kingdom Independence Party,601,link,battery
2019,GB,,q13_7,2807,The Brexit Party,Brexit Party,7364,name,battery
2019,GB,,q24_1,2801,Conservative Party,Conservatives,1567,link,battery
2019,GB,,q24_2,2802,Labour Party,Labour Party,1516,link,battery
2019,GB,,q24_3,2803,Liberal Democrats,Liberal Democrats,1388,link,battery
2019,GB,,q24_4,2804,Green Party,Green Party of England and Wales,1794,link,battery
2019,GB,,q24_5,2805,Scottish National Party,Scottish National Party,986,link,battery
2019,GB,,q24_6,2806,United Kingdom Independent Party (UKIP),United Kingdom Independence Party,601,link,battery
2019,GB,,q24_7,2807,The Brexit Party,Brexit Party,7364,name,battery
2019,GR,,Q2,10,other party,other,,special,answer
2019,GR,,Q2,11,none of the parties,none,,special,answer
2019,GR,,Q2,98,Don't know,dont-know,,special,answer
2019,GR,,Q2,1201,Συνασπισμός Ριζοσπαστικής Αριστεράς (ΣΥΡΙΖ,Synaspismós Rizospastikís Aristerás,301,hand,answer
2019,GR,,Q2,1202,Νέα Δημοκρατία (ΝΔ),Néa Đimokratía,794,hand,answer
2019,GR,,Q2,1203,Χρυσή Αυγή (ΧΑ),Laïkós Sýndesmos / Chrysí Avgí,1660,hand,answer
2019,GR,,Q2,1204,Κίνημα Αλλαγής (ΚΙΝΑΛ),Kinima Allagis,7909,hand,answer
2019,GR,,Q2,1205,Κομμουνιστικό Κόμμα Ελλάδας (ΚΚΕ),Kommounistikó Kómma Elládas,48,hand,answer
2019,GR,,Q2,9999,NA - has not been asked (Q1=DK),,,special,answer
2019,GR,,Q25,90,Other,other,,special,answer
2019,GR,,Q25,98,Don't know,dont-know,,special,answer
2019,GR,,Q25,1201,"Όχι, δεν βρίσκομαι κοντά σε κανένα κόμμα",none,,hand,answer
2019,GR,,Q25,1202,ΣΥΡΙΖΑ,Synaspismós Rizospastikís Aristerás,301,hand,answer
2019,GR,,Q25,1203,ΝΔ,Néa Đimokratía,794,hand,answer
2019,GR,,Q25,1204,ΧΡΥΣΗ ΑΥΓΗ,Laïkós Sýndesmos / Chrysí Avgí,1660,hand,answer
2019,GR,,Q25,1205,ΚΙΝΑΛ,Kinima Allagis,7909,hand,answer
2019,GR,,Q25,1206,ΚΚΕ,Kommounistikó Kómma Elládas,48,hand,answer
2019,GR,,Q25,1207,ΤΟ ΠΟΤΑΜΙ,To Potami,3118,hand,answer
2019,GR,,Q25,1208,ΑΝΕΞΑΡΤΗΤΟΙ ΕΛΛΗΝΕΣ,Anexartitoi Ellines,1651,hand,answer
2019,GR,,Q25,1209,ΕΝΩΣΗ ΚΕΝΤΡΩΝ,Enosi Kentroon,2510,hand,answer
2019,GR,,Q25,1210,ΛΑΙΚΗ ΕΝΟΤΗΤΑ,Laïkí Enótita,4512,hand,answer
2019,GR,,Q7,0,did not vote,did-not-vote,,special,answer
2019,GR,,Q7,90,other party,other,,special,answer
2019,GR,,Q7,96,did vote blanc or nil,blank-invalid,,special,answer
2019,GR,,Q7,98,do not remember,dont-know,,special,answer
2019,GR,,Q7,1201,Συνασπισμός Ριζοσπαστικής Αριστεράς (ΣΥΡΙΖ,Synaspismós Rizospastikís Aristerás,301,hand,answer
2019,GR,,Q7,1202,Νέα Δημοκρατία (ΝΔ),Néa Đimokratía,794,hand,answer
2019,GR,,Q7,1203,Χρυσή Αυγή (ΧΑ),Laïkós Sýndesmos / Chrysí Avgí,1660,hand,answer
2019,GR,,Q7,1204,Κίνημα Αλλαγής (ΚΙΝΑΛ),Kinima Allagis,7909,hand,answer
2019,GR,,Q7,1205,Κομμουνιστικό Κόμμα Ελλάδας (ΚΚΕ),Kommounistikó Kómma Elládas,48,hand,answer
2019,GR,,Q7,1206,Το Ποτάμι,To Potami,3118,hand,answer
2019,GR,,Q7,1207,Ανεξάρτητοι Έλληνες (ΑΝΕΛ),Anexartitoi Ellines,1651,hand,answer
2019,GR,,Q7,1208,Ένωση Κεντρώων (ΕΚ),Enosi Kentroon,2510,hand,answer
2019,GR,,Q7,1209,Λαϊκή Ενότητα (ΛΑΕ),Laïkí Enótita,4512,hand,answer
2019,GR,,Q7,1210,Οικολόγοι Πράσινοι,Oikologoi Prasinoi,378,hand,answer
2019,GR,,Q7,1211,Ελληνική Λύση,Elliniki Lisi,7347,hand,answer
2019,GR,,Q7,1212,Μέτωπο Ρεαλιστικής Ανυπακοής (ΜέΡΑ25),Métopo Evropaikís Realistikís Anypakoís,7348,link,answer
2019,GR,,Q9,90,Other party,other,,special,answer
2019,GR,,Q9,96,Did vote blanc or nil,blank-invalid,,special,answer
2019,GR,,Q9,97,Did not vote,did-not-vote,,special,answer
2019,GR,,Q9,98,Do not remember,dont-know,,special,answer
2019,GR,,Q9,1201,Συνασπισμός Ριζοσπαστικής Αριστεράς ( ΣΥΡΙ,Synaspismós Rizospastikís Aristerás,301,hand,answer
2019,GR,,Q9,1202,Νέα Δημοκρατία (ΝΔ),Néa Đimokratía,794,hand,answer
2019,GR,,Q9,1203,Λαϊκός Σύνδεσμος – Χρυσή Αυγή,Laïkós Sýndesmos / Chrysí Avgí,1660,hand,answer
2019,GR,,Q9,1204,Δημοκρατική Συμπαράταξη (ΔΗΣΥ),Δημοκρατική Συμπαράταξη (ΔΗΣΥ) [og],,hand,answer
2019,GR,,Q9,1205,Κομμουνιστικό Κόμμα Ελλάδας (ΚΚΕ),Kommounistikó Kómma Elládas,48,hand,answer
2019,GR,,Q9,1206,Το Ποτάμι,To Potami,3118,hand,answer
2019,GR,,Q9,1207,Ανεξάρτητοι Έλληνες- Εθνική Πατριωτική Συμ,Anexartitoi Ellines,1651,hand,answer
2019,GR,,Q9,1208,Ένωση Κεντρώων,Enosi Kentroon,2510,hand,answer
2019,GR,,Q9,1209,Λαϊκή Ενότητα (ΛΑΕ),Laïkí Enótita,4512,hand,answer
2019,GR,,q10_1,1201,Συνασπισμός Ριζοσπαστικής Αριστεράς (ΣΥΡΙΖ,Synaspismós Rizospastikís Aristerás,301,hand,battery
2019,GR,,q10_2,1202,Νέα Δημοκρατία (ΝΔ),Néa Đimokratía,794,hand,battery
2019,GR,,q10_3,1203,Χρυσή Αυγή (ΧΑ),Laïkós Sýndesmos / Chrysí Avgí,1660,hand,battery
2019,GR,,q10_4,1204,Κίνημα Αλλαγής (ΚΙΝΑΛ),Kinima Allagis,7909,hand,battery
2019,GR,,q10_5,1205,Κομμουνιστικό Κόμμα Ελλάδας (ΚΚΕ),Kommounistikó Kómma Elládas,48,hand,battery
2019,GR,,q10_6,1206,Το Ποτάμι,To Potami,3118,hand,battery
2019,GR,,q10_7,1207,Ανεξάρτητοι Έλληνες (ΑΝΕΛ),Anexartitoi Ellines,1651,hand,battery
2019,GR,,q13_1,1201,Συνασπισμός Ριζοσπαστικής Αριστεράς (ΣΥΡΙΖ,Synaspismós Rizospastikís Aristerás,301,hand,battery
2019,GR,,q13_2,1202,Νέα Δημοκρατία (ΝΔ),Néa Đimokratía,794,hand,battery
2019,GR,,q13_3,1203,Χρυσή Αυγή (ΧΑ),Laïkós Sýndesmos / Chrysí Avgí,1660,hand,battery
2019,GR,,q13_4,1204,Κίνημα Αλλαγής (ΚΙΝΑΛ),Kinima Allagis,7909,hand,battery
2019,GR,,q13_5,1205,Κομμουνιστικό Κόμμα Ελλάδας (ΚΚΕ),Kommounistikó Kómma Elládas,48,hand,battery
2019,GR,,q13_6,1206,Το Ποτάμι,To Potami,3118,hand,battery
2019,GR,,q13_7,1207,Ανεξάρτητοι Έλληνες (ΑΝΕΛ),Anexartitoi Ellines,1651,hand,battery
2019,GR,,q24_1,1201,Συνασπισμός Ριζοσπαστικής Αριστεράς (ΣΥΡΙΖ,Synaspismós Rizospastikís Aristerás,301,hand,battery
2019,GR,,q24_2,1202,Νέα Δημοκρατία (ΝΔ),Néa Đimokratía,794,hand,battery
2019,GR,,q24_3,1203,Χρυσή Αυγή (ΧΑ),Laïkós Sýndesmos / Chrysí Avgí,1660,hand,battery
2019,GR,,q24_4,1204,Κίνημα Αλλαγής (ΚΙΝΑΛ),Kinima Allagis,7909,hand,battery
2019,GR,,q24_5,1205,Κομμουνιστικό Κόμμα Ελλάδας (ΚΚΕ),Kommounistikó Kómma Elládas,48,hand,battery
2019,GR,,q24_6,1206,Το Ποτάμι,To Potami,3118,hand,battery
2019,GR,,q24_7,1207,Ανεξάρτητοι Έλληνες (ΑΝΕΛ),Anexartitoi Ellines,1651,hand,battery
2019,HR,,Q2,10,other party,other,,special,answer
2019,HR,,Q2,11,none of the parties,none,,special,answer
2019,HR,,Q2,98,Don't know,dont-know,,special,answer
2019,HR,,Q2,401,Socijaldemokratska partija Hrvatske (SDP),Socijaldemokratska partija Hrvatske,1475,link,answer
2019,HR,,Q2,402,Hrvatska demokratska zajednica (HDZ),Hrvatska demokratska zajednica,1431,link,answer
2019,HR,,Q2,403,Živi zid,Živi zid,4867,name,answer
2019,HR,,Q2,404,Amsterdamska koalicija,Amsterdamska koalicija [og],,hand,answer
2019,HR,,Q2,405,MOST,Most nezavisnih lista,4865,link,answer
2019,HR,,Q2,406,START,START [og],,hand,answer
2019,HR,,Q2,407,Bandić Milan 365,Bandić Milan 365 — Stranka rada i solidarnosti,5452,hand,answer
2019,HR,,Q2,9999,NA - has not been asked (Q1=DK),,,special,answer
2019,HR,,Q25,90,Other,other,,special,answer
2019,HR,,Q25,98,Don't know,dont-know,,special,answer
2019,HR,,Q25,401,Ne osjećam bliskost prema nijednoj političkoj stranci,none,,hand,answer
2019,HR,,Q25,402,Hrvatska demokratska zajednica (HDZ),Hrvatska demokratska zajednica,1431,link,answer
2019,HR,,Q25,403,Hrvatska seljačka stranka (HSS),Hrvatska seljačka stranka,72,link,answer
2019,HR,,Q25,404,Socijaldemokratska partija Hrvatske (SDP),Socijaldemokratska partija Hrvatske,1475,link,answer
2019,HR,,Q25,405,Hrvatska narodna stranka (HNS),Hrvatska narodna stranka — Liberalni Demokrati,799,name,answer
2019,HR,,Q25,406,Samostalna demokratska srpska stranka (SDSS),Samostalna demokratska srpska stranka,2348,hand,answer
2019,HR,,Q25,407,Bandić Milan 365 (BM),Bandić Milan 365 — Stranka rada i solidarnosti,5452,hand,answer
2019,HR,,Q25,408,Istarski demokratski sabor ALDE (IDS),Istarski demokratski sabor,513,link,answer
2019,HR,,Q25,409,Hrvatska socijalno liberalna stranka (HSLS),Hrvatska socijalno liberalna stranka,214,link,answer
2019,HR,,Q25,410,MOST,Most nezavisnih lista,4865,link,answer
2019,HR,,Q25,411,Živi zid,Živi zid,4867,name,answer
2019,HR,,Q25,412,START,START [og],,hand,answer
2019,HR,,Q25,413,Neovisni za Hrvatsku,Neovisni za Hrvatsku,7422,name,answer
2019,HR,,Q25,414,Hrast,Hrvatski rast,3138,name,answer
2019,HR,,Q25,415,Pametno,Pametno,7336,name,answer
2019,HR,,Q25,416,Možemo,Možemo! – politička platforma,8980,link,answer
2019,HR,,Q25,417,Glas,Građansko-liberalni savez,8178,name,answer
2019,HR,,Q25,418,Reformisti,Narodna stranka — Reformisti,4866,name,answer
2019,HR,,Q25,419,Hrvatska konzervativna stranka,Hrvatska konzervativna stranka,9085,name,answer
2019,HR,,Q7,0,did not vote,did-not-vote,,special,answer
2019,HR,,Q7,90,other party,other,,special,answer
2019,HR,,Q7,96,did vote blanc or nil,blank-invalid,,special,answer
2019,HR,,Q7,98,do not remember,dont-know,,special,answer
2019,HR,,Q7,401,"BANDIĆ MILAN 365 - STRANKA RADA I SOLIDARNOSTI"" (BM 365)",Bandić Milan 365 — Stranka rada i solidarnosti,5452,name,answer
2019,HR,,Q7,402,BRUNA ESIH - ZLATKO HASANBEGOVIĆ: NEOVISNI ZA HRVATSKU + HRVATSKA STRANKA PRAV,BRUNA ESIH - ZLATKO HASANBEGOVIĆ: NEOVISNI ZA HRVATSKU + HRVATSKA STRANKA PRAV [og],,hand,answer
2019,HR,,Q7,403,HRAST - POKRET ZA USPJEŠNU HRVATSKU + HRVATSKA KONZERVATIVNA STRANKA - HKS + H,Hrvatski suverenisti,9086,hand,answer
2019,HR,,Q7,404,HRVATSKA DEMOKRATSKA ZAJEDNICA – HDZ (HDZ),Hrvatska demokratska zajednica,1431,link,answer
2019,HR,,Q7,405,AMSTERDAMSKA KOALICIJA: HRVATSKA SELJAČKA STRANKA - HSS + GRAĐANSKO-LIBERALNI,Hrvatska seljačka stranka,72,link,answer
2019,HR,,Q7,406,MOST NEZAVISNIH LISTA (MOST),Most nezavisnih lista,4865,link,answer
2019,HR,,Q7,407,MOŽEMO! - POLITIČKA PLATFORMA+ NOVA LJEVICA + ODRŽIVI RAZVOJ HRVATSKE –,Možemo! – politička platforma,8980,link,answer
2019,HR,,Q7,408,NEZAVISNA LISTA MARIJANA PETIR,NEZAVISNA LISTA MARIJANA PETIR [og],,hand,answer
2019,HR,,Q7,409,NEZAVISNA LISTA MISLAV KOLAKUŠIĆ,NEZAVISNA LISTA MISLAV KOLAKUŠIĆ [og],,hand,answer
2019,HR,,Q7,410,PAMETNO + UNIJA KVARNERA,PAMETNO + UNIJA KVARNERA [og],,hand,answer
2019,HR,,Q7,411,SAMOSTALNA DEMOKRATSKA SRPSKA STRANKA (SDSS),Samostalna demokratska srpska stranka,2348,hand,answer
2019,HR,,Q7,412,SOCIJALDEMOKRATSKA PARTIJA HRVATSKE (SDP),Socijaldemokratska partija Hrvatske,1475,link,answer
2019,HR,,Q7,413,"START - STRANKA ANTIKORUPCIJE, RAZVOJA I TRANSPARENTNOSTI – START (START)","START - STRANKA ANTIKORUPCIJE, RAZVOJA I TRANSPARENTNOSTI – START (START) [og]",,hand,answer
2019,HR,,Q7,414,ŽIVI ZID,Živi zid,4867,name,answer
2019,HR,,Q9,90,Other party,other,,special,answer
2019,HR,,Q9,96,Did vote blanc or nil,blank-invalid,,special,answer
2019,HR,,Q9,97,Did not vote,did-not-vote,,special,answer
2019,HR,,Q9,98,Do not remember,dont-know,,special,answer
2019,HR,,Q9,401,Bandić Milan 365 i koalicijski partneri,Bandić Milan 365 i koalicijski partneri [og],,hand,answer
2019,HR,,Q9,402,Hrvatska demokratska zajednica (HDZ),Hrvatska demokratska zajednica,1431,link,answer
2019,HR,,Q9,403,Hrvatski demokratski savez Slavonije i Barabnje (HDSSB),Hrvatski demokratski savez Slavonije i Baranje,2347,link,answer
2019,HR,,Q9,404,Hrvatska stranka prava (HSP) i koalicijski partneri,Hrvatska stranka prava (HSP) i koalicijski partneri [og],,hand,answer
2019,HR,,Q9,405,Hrvatska stranka prava Ante Starčević (HSP AS) i koalicijski partneri,Hrvatska stranka prava dr. Ante Starčević,3706,link,answer
2019,HR,,Q9,406,Istarski demokratski sabor (IDS) i koalicijski partneri,Istarski demokratski sabor,513,link,answer
2019,HR,,Q9,407,Most nezavisnih lista,Most nezavisnih lista,4865,link,answer
2019,HR,,Q9,408,"Narodna koalicija (SDP, HNS, HSS, HSU)",Socijaldemokratska partija Hrvatske,1475,link,answer
2019,HR,,Q9,409,Živi zid,Živi zid,4867,name,answer
2019,HR,,q10_1,412,SOCIJALDEMOKRATSKA PARTIJA HRVATSKE (SDP),Socijaldemokratska partija Hrvatske,1475,link,battery
2019,HR,,q10_2,404,HRVATSKA DEMOKRATSKA ZAJEDNICA – HDZ (HDZ),Hrvatska demokratska zajednica,1431,link,battery
2019,HR,,q10_3,414,ŽIVI ZID,Živi zid,4867,name,battery
2019,HR,,q10_4,405,AMSTERDAMSKA KOALICIJA: HRVATSKA SELJAČKA STRANKA - HSS + GRAĐANSKO-LIBERALNI,Hrvatska seljačka stranka,72,link,battery
2019,HR,,q10_5,406,MOST NEZAVISNIH LISTA (MOST),Most nezavisnih lista,4865,link,battery
2019,HR,,q10_6,413,"START - STRANKA ANTIKORUPCIJE, RAZVOJA I TRANSPARENTNOSTI – START (START)","START - STRANKA ANTIKORUPCIJE, RAZVOJA I TRANSPARENTNOSTI – START (START) [og]",,hand,battery
2019,HR,,q10_7,401,"BANDIĆ MILAN 365 - STRANKA RADA I SOLIDARNOSTI"" (BM 365)",Bandić Milan 365 — Stranka rada i solidarnosti,5452,name,battery
2019,HR,,q13_1,412,SOCIJALDEMOKRATSKA PARTIJA HRVATSKE (SDP),Socijaldemokratska partija Hrvatske,1475,link,battery
2019,HR,,q13_2,404,HRVATSKA DEMOKRATSKA ZAJEDNICA – HDZ (HDZ),Hrvatska demokratska zajednica,1431,link,battery
2019,HR,,q13_3,414,ŽIVI ZID,Živi zid,4867,name,battery
2019,HR,,q13_4,405,AMSTERDAMSKA KOALICIJA: HRVATSKA SELJAČKA STRANKA - HSS + GRAĐANSKO-LIBERALNI,Hrvatska seljačka stranka,72,link,battery
2019,HR,,q13_5,406,MOST NEZAVISNIH LISTA (MOST),Most nezavisnih lista,4865,link,battery
2019,HR,,q13_6,413,"START - STRANKA ANTIKORUPCIJE, RAZVOJA I TRANSPARENTNOSTI – START (START)","START - STRANKA ANTIKORUPCIJE, RAZVOJA I TRANSPARENTNOSTI – START (START) [og]",,hand,battery
2019,HR,,q13_7,401,"BANDIĆ MILAN 365 - STRANKA RADA I SOLIDARNOSTI"" (BM 365)",Bandić Milan 365 — Stranka rada i solidarnosti,5452,name,battery
2019,HR,,q24_1,412,SOCIJALDEMOKRATSKA PARTIJA HRVATSKE (SDP),Socijaldemokratska partija Hrvatske,1475,link,battery
2019,HR,,q24_2,404,HRVATSKA DEMOKRATSKA ZAJEDNICA – HDZ (HDZ),Hrvatska demokratska zajednica,1431,link,battery
2019,HR,,q24_3,414,ŽIVI ZID,Živi zid,4867,name,battery
2019,HR,,q24_4,405,AMSTERDAMSKA KOALICIJA: HRVATSKA SELJAČKA STRANKA - HSS + GRAĐANSKO-LIBERALNI,Hrvatska seljačka stranka,72,link,battery
2019,HR,,q24_5,406,MOST NEZAVISNIH LISTA (MOST),Most nezavisnih lista,4865,link,battery
2019,HR,,q24_6,413,"START - STRANKA ANTIKORUPCIJE, RAZVOJA I TRANSPARENTNOSTI – START (START)","START - STRANKA ANTIKORUPCIJE, RAZVOJA I TRANSPARENTNOSTI – START (START) [og]",,hand,battery
2019,HR,,q24_7,401,"BANDIĆ MILAN 365 - STRANKA RADA I SOLIDARNOSTI"" (BM 365)",Bandić Milan 365 — Stranka rada i solidarnosti,5452,name,battery
2019,HU,,Q2,10,other party,other,,special,answer
2019,HU,,Q2,11,none of the parties,none,,special,answer
2019,HU,,Q2,98,Don't know,dont-know,,special,answer
2019,HU,,Q2,1301,Demokratikus Koalíció (DK),Demokratikus Koalíció,469,link,answer
2019,HU,,Q2,1302,Fidesz -Magyar Polgári Szövetség (FIDESZ),Fidesz — Magyar Polgári Szövetség,1691,hand,answer
2019,HU,,Q2,1303,Jobbik Magyarországért Mozgalom (JOBBIK),Jobbik Magyarországért Mozgalom,42,link,answer
2019,HU,,Q2,1304,Lehet Más a Politika (LMP),Lehet Más a Politika — LMP – Magyarország Zöld Pártja,1650,link,answer
2019,HU,,Q2,1305,Magyar Kétfarkú Kutya Párt (MkKP),Magyar Kétfarkú Kutya Párt,6129,link,answer
2019,HU,,Q2,1306,Magyar Szocialista Párt (MSZP),Magyar Szocialista Párt,1408,link,answer
2019,HU,,Q2,1307,Mi Hazánk Mozgalom,Mi Hazánk Mozgalom,7349,link,answer
2019,HU,,Q2,1308,Momentum Mozgalom,Momentum Mozgalom,8249,link,answer
2019,HU,,Q2,1309,Kereszténydemokrata Néppárt (KDNP),Kereszténydemokrata Néppárt,1412,name,answer
2019,HU,,Q2,9999,NA - has not been asked (Q1=DK),,,special,answer
2019,HU,,Q25,90,Other,other,,special,answer
2019,HU,,Q25,98,Don't know,dont-know,,special,answer
2019,HU,,Q25,1301,"Nem, nem érzem magam közelinek egy politikai párthoz sem",none,,hand,answer
2019,HU,,Q25,1302,Demokratikus Koalíció (DK),Demokratikus Koalíció,469,link,answer
2019,HU,,Q25,1303,Fidesz -Magyar Polgári Szövetség - Kereszténydemokrata Néppárt (FIDESZ-KDN,Fidesz — KDNP pártszövetség / Magyar Szolidaritás Szövetsége,6366,hand,answer
2019,HU,,Q25,1304,Jobbik Magyarországért Mozgalom (JOBBIK),Jobbik Magyarországért Mozgalom,42,link,answer
2019,HU,,Q25,1305,Magyar Kétfarkú Kutya Párt (MkKP),Magyar Kétfarkú Kutya Párt,6129,link,answer
2019,HU,,Q25,1306,Magyar Szocialista Párt (MSZP),Magyar Szocialista Párt,1408,link,answer
2019,HU,,Q25,1307,Mi Hazánk Mozgalom (MH),Mi Hazánk Mozgalom,7349,link,answer
2019,HU,,Q25,1308,Momentum Mozgalom,Momentum Mozgalom,8249,link,answer
2019,HU,,Q7,0,did not vote,did-not-vote,,special,answer
2019,HU,,Q7,90,other party,other,,special,answer
2019,HU,,Q7,96,did vote blanc or nil,blank-invalid,,special,answer
2019,HU,,Q7,98,do not remember,dont-know,,special,answer
2019,HU,,Q7,1301,Demokratikus Koalíció (DK),Demokratikus Koalíció,469,link,answer
2019,HU,,Q7,1302,Fidesz -Magyar Polgári Szövetség - Kereszténydemokrata Néppárt (FIDESZ-KDN,Fidesz — KDNP pártszövetség / Magyar Szolidaritás Szövetsége,6366,hand,answer
2019,HU,,Q7,1303,Jobbik Magyarországért Mozgalom (JOBBIK),Jobbik Magyarországért Mozgalom,42,link,answer
2019,HU,,Q7,1304,Lehet Más a Politika (LMP),Lehet Más a Politika — LMP – Magyarország Zöld Pártja,1650,link,answer
2019,HU,,Q7,1305,Magyar Kétfarkú Kutya Párt (MkKP),Magyar Kétfarkú Kutya Párt,6129,link,answer
2019,HU,,Q7,1306,Magyar Szocialista Párt -Párbeszéd (MSZP-P),Magyar Szocialista Párt,1408,link,answer
2019,HU,,Q7,1307,Mi Hazánk Mozgalom (MH),Mi Hazánk Mozgalom,7349,link,answer
2019,HU,,Q7,1308,Momentum Mozgalom,Momentum Mozgalom,8249,link,answer
2019,HU,,Q9,90,Other party,other,,special,answer
2019,HU,,Q9,96,Did vote blanc or nil,blank-invalid,,special,answer
2019,HU,,Q9,97,Did not vote,did-not-vote,,special,answer
2019,HU,,Q9,98,Do not remember,dont-know,,special,answer
2019,HU,,Q9,1301,Demokratikus Koalíció (DK),Demokratikus Koalíció,469,link,answer
2019,HU,,Q9,1302,Együtt – A Korszakváltók Pártja,Együtt — A Korszakváltók Pártja,2458,name,answer
2019,HU,,Q9,1303,Fidesz - Magyar Polgári Szövetség - Kereszténydemokrata Néppárt (FIDESZ-KD,Fidesz — KDNP pártszövetség / Magyar Szolidaritás Szövetsége,6366,hand,answer
2019,HU,,Q9,1304,Jobbik Magyarországért Mozgalom (JOBBIK),Jobbik Magyarországért Mozgalom,42,link,answer
2019,HU,,Q9,1305,Lehet Más a Politika (LMP),Lehet Más a Politika — LMP – Magyarország Zöld Pártja,1650,link,answer
2019,HU,,Q9,1306,Magyar Kétfarkú Kutya Párt,Magyar Kétfarkú Kutya Párt,6129,name,answer
2019,HU,,Q9,1307,Magyar Szocialista Párt - Párbeszéd (MSZP-P),Magyar Szocialista Párt - Párbeszéd (MSZP-P) [og],,hand,answer
2019,HU,,Q9,1308,Momentum Mozgalom,Momentum Mozgalom,8249,link,answer
2019,HU,,q10_1,1301,Demokratikus Koalíció (DK),Demokratikus Koalíció,469,link,battery
2019,HU,,q10_2,1302,Fidesz -Magyar Polgári Szövetség - Kereszténydemokrata Néppárt (FIDESZ-KDN,Fidesz — KDNP pártszövetség / Magyar Szolidaritás Szövetsége,6366,hand,battery
2019,HU,,q10_3,1303,Jobbik Magyarországért Mozgalom (JOBBIK),Jobbik Magyarországért Mozgalom,42,link,battery
2019,HU,,q10_4,1304,Lehet Más a Politika (LMP),Lehet Más a Politika — LMP – Magyarország Zöld Pártja,1650,link,battery
2019,HU,,q10_5,1306,Magyar Szocialista Párt -Párbeszéd (MSZP-P),Magyar Szocialista Párt,1408,link,battery
2019,HU,,q10_6,1307,Mi Hazánk Mozgalom (MH),Mi Hazánk Mozgalom,7349,link,battery
2019,HU,,q10_7,1308,Momentum Mozgalom,Momentum Mozgalom,8249,link,battery
2019,HU,,q13_1,1301,Demokratikus Koalíció (DK),Demokratikus Koalíció,469,link,battery
2019,HU,,q13_2,1302,Fidesz -Magyar Polgári Szövetség - Kereszténydemokrata Néppárt (FIDESZ-KDN,Fidesz — KDNP pártszövetség / Magyar Szolidaritás Szövetsége,6366,hand,battery
2019,HU,,q13_3,1303,Jobbik Magyarországért Mozgalom (JOBBIK),Jobbik Magyarországért Mozgalom,42,link,battery
2019,HU,,q13_4,1304,Lehet Más a Politika (LMP),Lehet Más a Politika — LMP – Magyarország Zöld Pártja,1650,link,battery
2019,HU,,q13_5,1306,Magyar Szocialista Párt -Párbeszéd (MSZP-P),Magyar Szocialista Párt,1408,link,battery
2019,HU,,q13_6,1307,Mi Hazánk Mozgalom (MH),Mi Hazánk Mozgalom,7349,link,battery
2019,HU,,q13_7,1308,Momentum Mozgalom,Momentum Mozgalom,8249,link,battery
2019,HU,,q24_1,1301,Demokratikus Koalíció (DK),Demokratikus Koalíció,469,link,battery
2019,HU,,q24_2,1302,Fidesz -Magyar Polgári Szövetség - Kereszténydemokrata Néppárt (FIDESZ-KDN,Fidesz — KDNP pártszövetség / Magyar Szolidaritás Szövetsége,6366,hand,battery
2019,HU,,q24_3,1303,Jobbik Magyarországért Mozgalom (JOBBIK),Jobbik Magyarországért Mozgalom,42,link,battery
2019,HU,,q24_4,1304,Lehet Más a Politika (LMP),Lehet Más a Politika — LMP – Magyarország Zöld Pártja,1650,link,battery
2019,HU,,q24_5,1306,Magyar Szocialista Párt -Párbeszéd (MSZP-P),Magyar Szocialista Párt,1408,link,battery
2019,HU,,q24_6,1307,Mi Hazánk Mozgalom (MH),Mi Hazánk Mozgalom,7349,link,battery
2019,HU,,q24_7,1308,Momentum Mozgalom,Momentum Mozgalom,8249,link,battery
2019,IE,,Q2,10,other party,other,,special,answer
2019,IE,,Q2,11,none of the parties,none,,special,answer
2019,IE,,Q2,98,Don't know,dont-know,,special,answer
2019,IE,,Q2,1401,Fine Gael (FG),Fine Gael,1288,link,answer
2019,IE,,Q2,1402,Labour Party (LP),Páirti Lucht Oibre,562,link,answer
2019,IE,,Q2,1403,Fianna Fáil (FF),Fianna Fáil,1055,link,answer
2019,IE,,Q2,1404,Green Party (GP),Green Party-Comhaontas Glas,1775,link,answer
2019,IE,,Q2,1405,Sinn Féin (SF),Sinn Féin (Provisional),4,hand,answer
2019,IE,,Q2,1406,Solidarity - People Before Profit,People Before Profit Alliance,242,link,answer
2019,IE,,Q2,9999,NA - has not been asked (Q1=DK),,,special,answer
2019,IE,,Q25,90,Other,other,,special,answer
2019,IE,,Q25,98,Don't know,dont-know,,special,answer
2019,IE,,Q25,1401,"No, you do not feel close to any party",none,,hand,answer
2019,IE,,Q25,1402,Fianna Fáil,Fianna Fáil,1055,link,answer
2019,IE,,Q25,1403,Fine Gael,Fine Gael,1288,link,answer
2019,IE,,Q25,1404,Labour Party,Páirti Lucht Oibre,562,link,answer
2019,IE,,Q25,1405,Green Party,Green Party-Comhaontas Glas,1775,link,answer
2019,IE,,Q25,1406,Sinn Féin,Sinn Féin (Provisional),4,hand,answer
2019,IE,,Q25,1407,Solidarity-People Before Profit,People Before Profit Alliance,242,link,answer
2019,IE,,Q25,1408,Social Democrats,Daonlathaigh Shóisialta,4870,name,answer
2019,IE,,Q7,0,did not vote,did-not-vote,,special,answer
2019,IE,,Q7,90,other party,other,,special,answer
2019,IE,,Q7,96,did vote blanc or nil,blank-invalid,,special,answer
2019,IE,,Q7,98,do not remember,dont-know,,special,answer
2019,IE,,Q7,1401,Fianna Fáil,Fianna Fáil,1055,link,answer
2019,IE,,Q7,1402,Fine Gael,Fine Gael,1288,link,answer
2019,IE,,Q7,1403,Labour Party,Páirti Lucht Oibre,562,link,answer
2019,IE,,Q7,1404,Green Party,Green Party-Comhaontas Glas,1775,link,answer
2019,IE,,Q7,1405,Sinn Féin,Sinn Féin (Provisional),4,hand,answer
2019,IE,,Q7,1406,Solidarity-People Before Profit,People Before Profit Alliance,242,link,answer
2019,IE,,Q7,1407,Social Democrats,Daonlathaigh Shóisialta,4870,name,answer
2019,IE,,Q7,1408,Independents 4 Change,Neamhspleáigh ar son an Athraithe,8181,name,answer
2019,IE,,Q7,1409,Independent,independent,,hand,answer
2019,IE,,Q9,90,Other party,other,,special,answer
2019,IE,,Q9,96,Did vote blanc or nil,blank-invalid,,special,answer
2019,IE,,Q9,97,Did not vote,did-not-vote,,special,answer
2019,IE,,Q9,98,Do not remember,dont-know,,special,answer
2019,IE,,Q9,1401,Fine Gael,Fine Gael,1288,link,answer
2019,IE,,Q9,1402,Labour Party,Páirti Lucht Oibre,562,link,answer
2019,IE,,Q9,1403,Fianna Fáil,Fianna Fáil,1055,link,answer
2019,IE,,Q9,1404,Green Party,Green Party-Comhaontas Glas,1775,link,answer
2019,IE,,Q9,1405,Sinn Féin,Sinn Féin (Provisional),4,hand,answer
2019,IE,,Q9,1406,Socialist Party,Páirtí Sóisialach,1448,name,answer
2019,IE,,Q9,1407,Anti Austerity Alliance,Anti-Austerity Alliance / Solidarity,8242,name,answer
2019,IE,,Q9,1408,Independent Alliance,Independent Alliance,8179,name,answer
2019,IE,,Q9,1409,Independents4Change,Neamhspleáigh ar son an Athraithe,8181,name,answer
2019,IE,,Q9,1410,Social Democrats,Daonlathaigh Shóisialta,4870,name,answer
2019,IE,,Q9,1411,Independent,independent,,hand,answer
2019,IE,,q10_1,1402,Fine Gael,Fine Gael,1288,link,battery
2019,IE,,q10_2,1403,Labour Party,Páirti Lucht Oibre,562,link,battery
2019,IE,,q10_3,1401,Fianna Fáil,Fianna Fáil,1055,link,battery
2019,IE,,q10_4,1404,Green Party,Green Party-Comhaontas Glas,1775,link,battery
2019,IE,,q10_5,1405,Sinn Féin,Sinn Féin (Provisional),4,hand,battery
2019,IE,,q10_6,1406,Solidarity-People Before Profit,People Before Profit Alliance,242,link,battery
2019,IE,,q13_1,1402,Fine Gael,Fine Gael,1288,link,battery
2019,IE,,q13_2,1403,Labour Party,Páirti Lucht Oibre,562,link,battery
2019,IE,,q13_3,1401,Fianna Fáil,Fianna Fáil,1055,link,battery
2019,IE,,q13_4,1404,Green Party,Green Party-Comhaontas Glas,1775,link,battery
2019,IE,,q13_5,1405,Sinn Féin,Sinn Féin (Provisional),4,hand,battery
2019,IE,,q13_6,1406,Solidarity-People Before Profit,People Before Profit Alliance,242,link,battery
2019,IE,,q24_1,1402,Fine Gael,Fine Gael,1288,link,battery
2019,IE,,q24_2,1403,Labour Party,Páirti Lucht Oibre,562,link,battery
2019,IE,,q24_3,1401,Fianna Fáil,Fianna Fáil,1055,link,battery
2019,IE,,q24_4,1404,Green Party,Green Party-Comhaontas Glas,1775,link,battery
2019,IE,,q24_5,1405,Sinn Féin,Sinn Féin (Provisional),4,hand,battery
2019,IE,,q24_6,1406,Solidarity-People Before Profit,People Before Profit Alliance,242,link,battery
2019,IT,,Q2,10,other party,other,,special,answer
2019,IT,,Q2,11,none of the parties,none,,special,answer
2019,IT,,Q2,98,Don't know,dont-know,,special,answer
2019,IT,,Q2,1501,Partito Democratico (PD),Partito Democratico,802,link,answer
2019,IT,,Q2,1502,Forza Italia (Fi),Forza Italia,1626,link,answer
2019,IT,,Q2,1503,Lega Salvini Premier,Lega Nord,1221,link,answer
2019,IT,,Q2,1504,Movimento 5 Stelle (MCS),Movimento 5 Stelle,2046,link,answer
2019,IT,,Q2,1505,"""+Europa""",Più Europa,6155,name,answer
2019,IT,,Q2,1506,Fratelli d'Italia - Centrodestra Nazionale,Fratelli d'Italia,2280,name,answer
2019,IT,,Q2,9999,NA - has not been asked (Q1=DK),,,special,answer
2019,IT,,Q25,90,Other,other,,special,answer
2019,IT,,Q25,98,Don't know,dont-know,,special,answer
2019,IT,,Q25,1501,"No, non mi sento vicino a nessun partito politico in particolare",none,,hand,answer
2019,IT,,Q25,1502,Partito Democratico (PD),Partito Democratico,802,link,answer
2019,IT,,Q25,1503,Forza Italia (Fi),Forza Italia,1626,link,answer
2019,IT,,Q25,1504,Lega Salvini Premier (Lega),Lega Nord,1221,link,answer
2019,IT,,Q25,1505,Movimento 5 Stelle (MCS),Movimento 5 Stelle,2046,link,answer
2019,IT,,Q25,1506,Rifondazione Comunista (Rc),Partito della Rifondazione Comunista,1404,name,answer
2019,IT,,Q25,1507,"""+Europa"" (UDC)",Più Europa,6155,name,answer
2019,IT,,Q25,1508,Fratelli d'Italia (FDI),Fratelli d'Italia,2280,link,answer
2019,IT,,Q25,1509,FEDERAZIONE DEI VERDI,Federazione dei Verdi,851,name,answer
2019,IT,,Q25,1510,"Südtiroler Volkspartei (Partito popolare sudtirolese), SVP",Südtiroler Volkspartei,1369,name,answer
2019,IT,,Q25,1512,Partito Comunista (PC),Partito Comunista (PC) [og],,hand,answer
2019,IT,,Q25,1513,Forza Nuova (Fn),Forza Nuova (Fn) [og],,hand,answer
2019,IT,,Q25,1514,Casa Pound,CasaPound Italia,8244,hand,answer
2019,IT,,Q7,0,did not vote,did-not-vote,,special,answer
2019,IT,,Q7,90,other party,other,,special,answer
2019,IT,,Q7,96,did vote blanc or nil,blank-invalid,,special,answer
2019,IT,,Q7,98,do not remember,dont-know,,special,answer
2019,IT,,Q7,1501,Partito Democratico (PD),Partito Democratico,802,link,answer
2019,IT,,Q7,1502,Forza Italia (Fi),Forza Italia,1626,link,answer
2019,IT,,Q7,1503,Lega Salvini Premier (Lega),Lega Nord,1221,link,answer
2019,IT,,Q7,1504,Movimento 5 Stelle (MCS),Movimento 5 Stelle,2046,link,answer
2019,IT,,Q7,1505,Sinistra (Rifondazione),Sinistra (Rifondazione) [og],,hand,answer
2019,IT,,Q7,1506,"""+Europa""",Più Europa,6155,name,answer
2019,IT,,Q7,1507,Fratelli d'Italia (FDI),Fratelli d'Italia,2280,link,answer
2019,IT,,Q7,1508,FEDERAZIONE DEI VERDI,Federazione dei Verdi,851,name,answer
2019,IT,,Q7,1509,Südtiroler Volkspartei (Partito popolare sudtirolese) (SVP),Südtiroler Volkspartei,1369,name,answer
2019,IT,,Q7,1510,POPOLARI PER L'ITALIA,POPOLARI PER L'ITALIA [og],,hand,answer
2019,IT,,Q7,1511,Partito Comunista,Partito Comunista [og],,hand,answer
2019,IT,,Q7,1512,Forza Nuova,Forza Nuova [og],,hand,answer
2019,IT,,Q7,1513,Casa Pound,CasaPound Italia,8244,hand,answer
2019,IT,,Q9,90,Other party,other,,special,answer
2019,IT,,Q9,96,Did vote blanc or nil,blank-invalid,,special,answer
2019,IT,,Q9,97,Did not vote,did-not-vote,,special,answer
2019,IT,,Q9,98,Do not remember,dont-know,,special,answer
2019,IT,,Q9,1501,Partito Democratico (PD),Partito Democratico,802,link,answer
2019,IT,,Q9,1502,Leu,Liberi e Uguali,8246,name,answer
2019,IT,,Q9,1503,"""+Europa""",Più Europa,6155,name,answer
2019,IT,,Q9,1504,Südtiroler Volkspartei Partito Autonomista Trentino Tirolese (SVP-Ptt),Südtiroler Volkspartei Partito Autonomista Trentino Tirolese (SVP-Ptt) [og],,hand,answer
2019,IT,,Q9,1505,Italia Europa Insieme,Insieme,7671,name,answer
2019,IT,,Q9,1506,Forza Italia (Fi),Forza Italia,1626,link,answer
2019,IT,,Q9,1507,Lega Salvini Premier (Lega),Lega Nord,1221,link,answer
2019,IT,,Q9,1508,Movimento 5 Stelle (MCS),Movimento 5 Stelle,2046,link,answer
2019,IT,,Q9,1509,Noi con L'Italia (Udc)_,Noi con l'Italia,9141,name,answer
2019,IT,,Q9,1510,Fratelli d'Italia (FDI),Fratelli d'Italia,2280,link,answer
2019,IT,,q10_1,1501,Partito Democratico (PD),Partito Democratico,802,link,battery
2019,IT,,q10_2,1502,Forza Italia (Fi),Forza Italia,1626,link,battery
2019,IT,,q10_3,1503,Lega Salvini Premier (Lega),Lega Nord,1221,link,battery
2019,IT,,q10_4,1504,Movimento 5 Stelle (MCS),Movimento 5 Stelle,2046,link,battery
2019,IT,,q10_5,1505,Sinistra (Rifondazione),Sinistra (Rifondazione) [og],,hand,battery
2019,IT,,q10_6,1506,"""+Europa""",Più Europa,6155,name,battery
2019,IT,,q10_7,1507,Fratelli d'Italia (FDI),Fratelli d'Italia,2280,link,battery
2019,IT,,q13_1,1501,Partito Democratico (PD),Partito Democratico,802,link,battery
2019,IT,,q13_2,1502,Forza Italia (Fi),Forza Italia,1626,link,battery
2019,IT,,q13_3,1503,Lega Salvini Premier (Lega),Lega Nord,1221,link,battery
2019,IT,,q13_4,1504,Movimento 5 Stelle (MCS),Movimento 5 Stelle,2046,link,battery
2019,IT,,q13_5,1505,Sinistra (Rifondazione),Sinistra (Rifondazione) [og],,hand,battery
2019,IT,,q13_6,1506,"""+Europa""",Più Europa,6155,name,battery
2019,IT,,q13_7,1507,Fratelli d'Italia (FDI),Fratelli d'Italia,2280,link,battery
2019,IT,,q24_1,1501,Partito Democratico (PD),Partito Democratico,802,link,battery
2019,IT,,q24_2,1502,Forza Italia (Fi),Forza Italia,1626,link,battery
2019,IT,,q24_3,1503,Lega Salvini Premier (Lega),Lega Nord,1221,link,battery
2019,IT,,q24_4,1504,Movimento 5 Stelle (MCS),Movimento 5 Stelle,2046,link,battery
2019,IT,,q24_5,1505,Sinistra (Rifondazione),Sinistra (Rifondazione) [og],,hand,battery
2019,IT,,q24_6,1506,"""+Europa""",Più Europa,6155,name,battery
2019,IT,,q24_7,1507,Fratelli d'Italia (FDI),Fratelli d'Italia,2280,link,battery
2019,LT,,Q2,10,other party,other,,special,answer
2019,LT,,Q2,11,none of the parties,none,,special,answer
2019,LT,,Q2,98,Don't know,dont-know,,special,answer
2019,LT,,Q2,1701,Darbo partija (DP),Darbo Partija,102,link,answer
2019,LT,,Q2,1702,Lietuvos lenkų rinkimų akcija - krikščioniškų šeimų sąjunga (LLRA-KŠS),Lietuvos lenkų rinkimų akcija,556,link,answer
2019,LT,,Q2,1703,Lietuvos Respublikos liberalų sąjūdis (LRLS),Lietuvos Respublikos Liberalų sąjūdis,1744,link,answer
2019,LT,,Q2,1704,Lietuvos socialdemokratų partija (LSDP),Lietuvos socialdemokratų partija,64,link,answer
2019,LT,,Q2,1705,Lietuvos valstiečių ir žaliųjų sąjunga (LVŽS),Lietuvos valstiečių ir žaliųjų sąjunga / Lietuvos valstiečių liaudininkų sąjunga,1490,hand,answer
2019,LT,,Q2,1706,Partija Tvarka ir teisingumas (TT),Tvarka ir teisingumas — Liberalų Demokratų Partija,237,link,answer
2019,LT,,Q2,1707,Tėvynės sąjunga - Lietuvos krikščionys demokratai (TS-LKD),Tėvynės sąjunga — Lietuvos krikščionys demokratai,193,link,answer
2019,LT,,Q2,9999,NA - has not been asked (Q1=DK),,,special,answer
2019,LT,,Q25,90,Other,other,,special,answer
2019,LT,,Q25,98,Don't know,dont-know,,special,answer
2019,LT,,Q25,1701,"Ne, nesijaučia artimas (-a) jokiai politinei partijai",none,,hand,answer
2019,LT,,Q25,1702,Darbo partija (DP),Darbo Partija,102,link,answer
2019,LT,,Q25,1703,Lietuvos lenkų rinkimų akcija - krikščioniškų šeimų sąjunga (LLRA),Lietuvos lenkų rinkimų akcija,556,link,answer
2019,LT,,Q25,1704,Lietuvos Respublikos liberalų sąjūdis (LRLS),Lietuvos Respublikos Liberalų sąjūdis,1744,link,answer
2019,LT,,Q25,1705,Lietuvos socialdemokratų partija (LSDP),Lietuvos socialdemokratų partija,64,link,answer
2019,LT,,Q25,1706,Lietuvos valstiečių ir žaliųjų sąjunga (LVŽS),Lietuvos valstiečių ir žaliųjų sąjunga / Lietuvos valstiečių liaudininkų sąjunga,1490,hand,answer
2019,LT,,Q25,1707,Partija Tvarka ir teisingumas (TT),Tvarka ir teisingumas — Liberalų Demokratų Partija,237,link,answer
2019,LT,,Q25,1708,Tėvynės sąjunga - Lietuvos krikščionys demokratai (TS-LKD),Tėvynės sąjunga — Lietuvos krikščionys demokratai,193,link,answer
2019,LT,,Q7,0,did not vote,did-not-vote,,special,answer
2019,LT,,Q7,90,other party,other,,special,answer
2019,LT,,Q7,96,did vote blanc or nil,blank-invalid,,special,answer
2019,LT,,Q7,98,do not remember,dont-know,,special,answer
2019,LT,,Q7,1701,Tėvynės sąjunga-Lietuvos krikščionys demokratai (TS-LKD),Tėvynės sąjunga — Lietuvos krikščionys demokratai,193,link,answer
2019,LT,,Q7,1702,Lietuvos valstiečių ir žaliųjų sąjunga (LVŽS),Lietuvos valstiečių ir žaliųjų sąjunga / Lietuvos valstiečių liaudininkų sąjunga,1490,hand,answer
2019,LT,,Q7,1703,Lietuvos socialdemokratų partija (LSDP),Lietuvos socialdemokratų partija,64,link,answer
2019,LT,,Q7,1704,Partija Tvarka ir teisingumas (TT),Tvarka ir teisingumas — Liberalų Demokratų Partija,237,link,answer
2019,LT,,Q7,1705,Darbo partija (DP),Darbo Partija,102,link,answer
2019,LT,,Q7,1706,Lietuvos Respublikos liberalų sąjūdis (LS),Lietuvos Respublikos Liberalų sąjūdis,1744,link,answer
2019,LT,,Q7,1707,"„Valdemaro Tomaševskio blokas"" – Krikščioniškų šeimų sąjungos ir Rus","„Valdemaro Tomaševskio blokas"" – Krikščioniškų šeimų sąjungos ir Rus [og]",,hand,answer
2019,LT,,Q7,1708,Lietuvos centro partija (LCP),Lietuvos Centro Partija,5455,name,answer
2019,LT,,Q7,1709,Lietuvos socialdemokratų darbo partija (LSDDP),Lietuvos socialdemokratų darbo partija — Lietuvos regionų partija,7352,link,answer
2019,LT,,Q7,1710,Lietuvos laisvės sąjunga (liberalai) (LLS),Lietuvos laisvės sąjunga,1410,name,answer
2019,LT,,Q7,1711,Lietuvos žaliųjų partija (LŽP),Lietuvos žalioji partija,1407,link,answer
2019,LT,,Q7,1712,"Visuomeninis rinkimų komitetas „Prezidento Rolando Pakso judėjimas""","Visuomeninis rinkimų komitetas „Prezidento Rolando Pakso judėjimas"" [og]",,hand,answer
2019,LT,,Q7,1713,"Visuomeninis rinkimų komitetas „Aušros Maldeikienės traukinys""","Visuomeninis rinkimų komitetas „Aušros Maldeikienės traukinys"" [og]",,hand,answer
2019,LT,,Q7,1714,Visuomeninis rinkimų komitetas „Vytautas Radžvilas: susigrąžinkime valstyb,Visuomeninis rinkimų komitetas „Vytautas Radžvilas: susigrąžinkime valstyb [og],,hand,answer
2019,LT,,Q7,1715,"Visuomeninis rinkimų komitetas „Stipri Lietuva vieningoje Europoje""","Visuomeninis rinkimų komitetas „Stipri Lietuva vieningoje Europoje"" [og]",,hand,answer
2019,LT,,Q7,1716,"Visuomeninis rinkimų komitetas „Lemiamas šuolis""","Visuomeninis rinkimų komitetas „Lemiamas šuolis"" [og]",,hand,answer
2019,LT,,Q9,90,Other party,other,,special,answer
2019,LT,,Q9,96,Did vote blanc or nil,blank-invalid,,special,answer
2019,LT,,Q9,97,Did not vote,did-not-vote,,special,answer
2019,LT,,Q9,98,Do not remember,dont-know,,special,answer
2019,LT,,Q9,1701,Tėvynės sąjunga-Lietuvos krikščionys demokratai (TS-LKD),Tėvynės sąjunga — Lietuvos krikščionys demokratai,193,link,answer
2019,LT,,Q9,1702,Lietuvos valstiečių ir žaliųjų sąjunga (LVŽS),Lietuvos valstiečių ir žaliųjų sąjunga / Lietuvos valstiečių liaudininkų sąjunga,1490,hand,answer
2019,LT,,Q9,1703,Lietuvos socialdemokratų partija (LSDP),Lietuvos socialdemokratų partija,64,link,answer
2019,LT,,Q9,1704,Lietuvos Respublikos liberalų sąjūdis (LS),Lietuvos Respublikos Liberalų sąjūdis,1744,link,answer
2019,LT,,Q9,1705,Lietuvos lenkų rinkimų akcija - krikščioniškų šeimų (LLRA),Lietuvos lenkų rinkimų akcija,556,link,answer
2019,LT,,Q9,1706,"Partija „Tvarka ir teisingumas"" „(TT)",Tvarka ir teisingumas — Liberalų Demokratų Partija,237,link,answer
2019,LT,,Q9,1707,"Antikorupcinė N. Puteikio ir K. Krivicko koalicija (Lietuvos centro partija, Li","Antikorupcinė N. Puteikio ir K. Krivicko koalicija (Lietuvos centro partija, Li [og]",,hand,answer
2019,LT,,Q9,1708,Darbo partija (DP),Darbo Partija,102,link,answer
2019,LT,,Q9,1709,Lietuvos laisvės sąjunga (liberalai),Lietuvos Laisvės Sąjunga (Liberalai),5456,hand,answer
2019,LT,,Q9,1710,Lietuvos žaliųjų partija,Lietuvos žalioji partija,1407,link,answer
2019,LT,,Q9,1711,"Politinė partija ""Lietuvos sąrašas""","Politinė partija ""Lietuvos sąrašas""",6738,name,answer
2019,LT,,Q9,1713,"S. Buškevičiaus ir Tautininkų koalicija „Prieš korupciją ir skurdą"" (Par","S. Buškevičiaus ir Tautininkų koalicija „Prieš korupciją ir skurdą"" (Par [og]",,hand,answer
2019,LT,,Q9,1714,"""Drąsos kelias"" politinė partija",Drąsos Kelias,74,name,answer
2019,LT,,q10_1,1701,Tėvynės sąjunga-Lietuvos krikščionys demokratai (TS-LKD),Tėvynės sąjunga — Lietuvos krikščionys demokratai,193,link,battery
2019,LT,,q10_2,1703,Lietuvos socialdemokratų partija (LSDP),Lietuvos socialdemokratų partija,64,link,battery
2019,LT,,q10_3,1706,Lietuvos Respublikos liberalų sąjūdis (LS),Lietuvos Respublikos Liberalų sąjūdis,1744,link,battery
2019,LT,,q10_4,1705,Darbo partija (DP),Darbo Partija,102,link,battery
2019,LT,,q10_5,1704,Partija Tvarka ir teisingumas (TT),Tvarka ir teisingumas — Liberalų Demokratų Partija,237,link,battery
2019,LT,,q10_6,1707,"„Valdemaro Tomaševskio blokas"" – Krikščioniškų šeimų sąjungos ir Rus","„Valdemaro Tomaševskio blokas"" – Krikščioniškų šeimų sąjungos ir Rus [og]",,hand,battery
2019,LT,,q10_7,1702,Lietuvos valstiečių ir žaliųjų sąjunga (LVŽS),Lietuvos valstiečių ir žaliųjų sąjunga / Lietuvos valstiečių liaudininkų sąjunga,1490,hand,battery
2019,LT,,q13_1,1701,Tėvynės sąjunga-Lietuvos krikščionys demokratai (TS-LKD),Tėvynės sąjunga — Lietuvos krikščionys demokratai,193,link,battery
2019,LT,,q13_2,1703,Lietuvos socialdemokratų partija (LSDP),Lietuvos socialdemokratų partija,64,link,battery
2019,LT,,q13_3,1706,Lietuvos Respublikos liberalų sąjūdis (LS),Lietuvos Respublikos Liberalų sąjūdis,1744,link,battery
2019,LT,,q13_4,1705,Darbo partija (DP),Darbo Partija,102,link,battery
2019,LT,,q13_5,1704,Partija Tvarka ir teisingumas (TT),Tvarka ir teisingumas — Liberalų Demokratų Partija,237,link,battery
2019,LT,,q13_6,1707,"„Valdemaro Tomaševskio blokas"" – Krikščioniškų šeimų sąjungos ir Rus","„Valdemaro Tomaševskio blokas"" – Krikščioniškų šeimų sąjungos ir Rus [og]",,hand,battery
2019,LT,,q13_7,1702,Lietuvos valstiečių ir žaliųjų sąjunga (LVŽS),Lietuvos valstiečių ir žaliųjų sąjunga / Lietuvos valstiečių liaudininkų sąjunga,1490,hand,battery
2019,LT,,q24_1,1701,Tėvynės sąjunga-Lietuvos krikščionys demokratai (TS-LKD),Tėvynės sąjunga — Lietuvos krikščionys demokratai,193,link,battery
2019,LT,,q24_2,1703,Lietuvos socialdemokratų partija (LSDP),Lietuvos socialdemokratų partija,64,link,battery
2019,LT,,q24_3,1706,Lietuvos Respublikos liberalų sąjūdis (LS),Lietuvos Respublikos Liberalų sąjūdis,1744,link,battery
2019,LT,,q24_4,1705,Darbo partija (DP),Darbo Partija,102,link,battery
2019,LT,,q24_5,1704,Partija Tvarka ir teisingumas (TT),Tvarka ir teisingumas — Liberalų Demokratų Partija,237,link,battery
2019,LT,,q24_6,1707,"„Valdemaro Tomaševskio blokas"" – Krikščioniškų šeimų sąjungos ir Rus","„Valdemaro Tomaševskio blokas"" – Krikščioniškų šeimų sąjungos ir Rus [og]",,hand,battery
2019,LT,,q24_7,1702,Lietuvos valstiečių ir žaliųjų sąjunga (LVŽS),Lietuvos valstiečių ir žaliųjų sąjunga / Lietuvos valstiečių liaudininkų sąjunga,1490,hand,battery
2019,LV,,Q2,10,other party,other,,special,answer
2019,LV,,Q2,11,none of the parties,none,,special,answer
2019,LV,,Q2,98,Don't know,dont-know,,special,answer
2019,LV,,Q2,1601,Zaļo un Zemnieku savienība,Zaļo un Zemnieku savienība,701,link,answer
2019,LV,,Q2,1602,Politiskā partija KPV LV,Kam pieder valsts? — Par cilvēcīgu Latviju,6356,name,answer
2019,LV,,Q2,1603,Jaunā konservatīvā partija,Jaunā konservatīvā partija,6355,name,answer
2019,LV,,Q2,1604,Attīstībai/Par!,Attīstībai/Par!,8393,link,answer
2019,LV,,Q2,1605,"""Saskaņa"" sociāldemokrātiskā partija","Sociāldemokrātiskā Partija ""Saskaņa""",5976,name,answer
2019,LV,,Q2,1606,"Nacionālā apvienība ""Visu Latvijai!""-""Tēvzemei un Brīvībai/LNNK""",Nacionālā apvienība,7619,hand,answer
2019,LV,,Q2,1607,Jaunā Vienotība,Jaunā Vienotība,9089,name,answer
2019,LV,,Q2,9999,NA - has not been asked (Q1=DK),,,special,answer
2019,LV,,Q25,90,Other,other,,special,answer
2019,LV,,Q25,98,Don't know,dont-know,,special,answer
2019,LV,,Q25,1601,"Nē, Jūs nejūtaties tuvs/-a nevienai politiskajai partijai",none,,hand,answer
2019,LV,,Q25,1602,Latvijas Krievu savienība,Latvijas Krievu savienība / Русский союз Латвии,5657,link,answer
2019,LV,,Q25,1603,Latviešu nacionālisti,Latviešu nacionālisti [og],,hand,answer
2019,LV,,Q25,1604,Latvijas Reģionu apvienība,Latvijas Reģionu apvienība,3194,name,answer
2019,LV,,Q25,1605,Zaļo un Zemnieku savienība,Zaļo un Zemnieku savienība,701,link,answer
2019,LV,,Q25,1606,Politiskā partija KPV LV,Kam pieder valsts? — Par cilvēcīgu Latviju,6356,name,answer
2019,LV,,Q25,1607,Progresīvie,Progresīvie,6357,link,answer
2019,LV,,Q25,1608,Jaunā Saskaņa,Dzimtene,897,name,answer
2019,LV,,Q25,1609,Jaunā konservatīvā partija,Jaunā konservatīvā partija,6355,name,answer
2019,LV,,Q25,1610,Attīstībai/Par!,Attīstībai/Par!,8393,link,answer
2019,LV,,Q25,1611,"""Saskaņa"" sociāldemokrātiskā partija","Sociāldemokrātiskā Partija ""Saskaņa""",5976,name,answer
2019,LV,,Q25,1612,"Nacionālā apvienība ""Visu Latvijai!""-""Tēvzemei un Brīvībai/LNNK""",Nacionālā apvienība,7619,hand,answer
2019,LV,,Q25,1614,Jaunā Vienotība,Jaunā Vienotība,9089,name,answer
2019,LV,,Q25,1616,Rīcības partija,Rīcības partija [og],,hand,answer
2019,LV,,Q7,0,did not vote,did-not-vote,,special,answer
2019,LV,,Q7,90,other party,other,,special,answer
2019,LV,,Q7,96,did vote blanc or nil,blank-invalid,,special,answer
2019,LV,,Q7,98,do not remember,dont-know,,special,answer
2019,LV,,Q7,1601,Latvijas Krievu savienība,Latvijas Krievu savienība / Русский союз Латвии,5657,link,answer
2019,LV,,Q7,1602,Latviešu nacionālisti,Latviešu nacionālisti [og],,hand,answer
2019,LV,,Q7,1603,Latvijas Reģionu apvienība,Latvijas Reģionu apvienība,3194,name,answer
2019,LV,,Q7,1604,Zaļo un Zemnieku savienība,Zaļo un Zemnieku savienība,701,link,answer
2019,LV,,Q7,1605,Politiskā partija KPV LV,Kam pieder valsts? — Par cilvēcīgu Latviju,6356,name,answer
2019,LV,,Q7,1606,Progresīvie,Progresīvie,6357,link,answer
2019,LV,,Q7,1607,Jaunā Saskaņa,Dzimtene,897,name,answer
2019,LV,,Q7,1608,Jaunā konservatīvā partija,Jaunā konservatīvā partija,6355,name,answer
2019,LV,,Q7,1609,Attīstībai/Par!,Attīstībai/Par!,8393,link,answer
2019,LV,,Q7,1610,"""Saskaņa"" sociāldemokrātiskā partija","Sociāldemokrātiskā Partija ""Saskaņa""",5976,name,answer
2019,LV,,Q7,1611,"Nacionālā apvienība ""Visu Latvijai!""-""Tēvzemei un Brīvībai/LNNK""",Nacionālā apvienība,7619,hand,answer
2019,LV,,Q7,1612,Rīcības partija,Rīcības partija [og],,hand,answer
2019,LV,,Q7,1613,Atmoda,No sirds Latvijai,3193,name,answer
2019,LV,,Q7,1616,Jaunā Vienotība,Jaunā Vienotība,9089,name,answer
2019,LV,,Q9,90,Other party,other,,special,answer
2019,LV,,Q9,96,Did vote blanc or nil,blank-invalid,,special,answer
2019,LV,,Q9,97,Did not vote,did-not-vote,,special,answer
2019,LV,,Q9,98,Do not remember,dont-know,,special,answer
2019,LV,,Q9,1601,Latvijas Krievu savienība,Latvijas Krievu savienība / Русский союз Латвии,5657,link,answer
2019,LV,,Q9,1602,Jaunā konservatīvā partija,Jaunā konservatīvā partija,6355,name,answer
2019,LV,,Q9,1604,"Nacionālā apvienība ""Visu Latvijai!""-""Tēvzemei un Brīvībai/LNNK""",Nacionālā apvienība,7619,hand,answer
2019,LV,,Q9,1605,Progresīvie,Progresīvie,6357,link,answer
2019,LV,,Q9,1606,Latvijas centriskā partija,Latvijas centriskā partija [og],,hand,answer
2019,LV,,Q9,1607,LSDSP/KDS/GKL,LSDSP/KDS/GKL [og],,hand,answer
2019,LV,,Q9,1608,No sirds Latvijai,No sirds Latvijai,3193,name,answer
2019,LV,,Q9,1609,"""Saskaņa"" sociāldemokrātiskā partija","Sociāldemokrātiskā Partija ""Saskaņa""",5976,name,answer
2019,LV,,Q9,1610,Attīstībai/Par!,Attīstībai/Par!,8393,link,answer
2019,LV,,Q9,1611,Latvijas Reģionu apvienība,Latvijas Reģionu apvienība,3194,name,answer
2019,LV,,Q9,1612,Latviešu nacionālisti,Latviešu nacionālisti [og],,hand,answer
2019,LV,,Q9,1613,Jaunā Vienotība,Jaunā Vienotība,9089,name,answer
2019,LV,,Q9,1614,Par Alternatīvu,Par Alternatīvu [og],,hand,answer
2019,LV,,Q9,1615,Politiskā partija KPV LV,Kam pieder valsts? — Par cilvēcīgu Latviju,6356,name,answer
2019,LV,,Q9,1616,Zaļo un Zemnieku savienība,Zaļo un Zemnieku savienība,701,link,answer
2019,LV,,q10_1,1611,"Nacionālā apvienība ""Visu Latvijai!""-""Tēvzemei un Brīvībai/LNNK""",Nacionālā apvienība,7619,hand,battery
2019,LV,,q10_2,1608,Jaunā konservatīvā partija,Jaunā konservatīvā partija,6355,name,battery
2019,LV,,q10_3,1609,Attīstībai/Par!,Attīstībai/Par!,8393,link,battery
2019,LV,,q10_4,1605,Politiskā partija KPV LV,Kam pieder valsts? — Par cilvēcīgu Latviju,6356,name,battery
2019,LV,,q10_5,1610,"""Saskaņa"" sociāldemokrātiskā partija","Sociāldemokrātiskā Partija ""Saskaņa""",5976,name,battery
2019,LV,,q10_6,1604,Zaļo un Zemnieku savienība,Zaļo un Zemnieku savienība,701,link,battery
2019,LV,,q10_7,1616,Jaunā Vienotība,Jaunā Vienotība,9089,name,battery
2019,LV,,q13_1,1611,"Nacionālā apvienība ""Visu Latvijai!""-""Tēvzemei un Brīvībai/LNNK""",Nacionālā apvienība,7619,hand,battery
2019,LV,,q13_2,1608,Jaunā konservatīvā partija,Jaunā konservatīvā partija,6355,name,battery
2019,LV,,q13_3,1609,Attīstībai/Par!,Attīstībai/Par!,8393,link,battery
2019,LV,,q13_4,1605,Politiskā partija KPV LV,Kam pieder valsts? — Par cilvēcīgu Latviju,6356,name,battery
2019,LV,,q13_5,1610,"""Saskaņa"" sociāldemokrātiskā partija","Sociāldemokrātiskā Partija ""Saskaņa""",5976,name,battery
2019,LV,,q13_6,1604,Zaļo un Zemnieku savienība,Zaļo un Zemnieku savienība,701,link,battery
2019,LV,,q13_7,1616,Jaunā Vienotība,Jaunā Vienotība,9089,name,battery
2019,LV,,q24_1,1611,"Nacionālā apvienība ""Visu Latvijai!""-""Tēvzemei un Brīvībai/LNNK""",Nacionālā apvienība,7619,hand,battery
2019,LV,,q24_2,1608,Jaunā konservatīvā partija,Jaunā konservatīvā partija,6355,name,battery
2019,LV,,q24_3,1609,Attīstībai/Par!,Attīstībai/Par!,8393,link,battery
2019,LV,,q24_4,1605,Politiskā partija KPV LV,Kam pieder valsts? — Par cilvēcīgu Latviju,6356,name,battery
2019,LV,,q24_5,1610,"""Saskaņa"" sociāldemokrātiskā partija","Sociāldemokrātiskā Partija ""Saskaņa""",5976,name,battery
2019,LV,,q24_6,1604,Zaļo un Zemnieku savienība,Zaļo un Zemnieku savienība,701,link,battery
2019,LV,,q24_7,1616,Jaunā Vienotība,Jaunā Vienotība,9089,name,battery
2019,NL,,Q2,10,other party,other,,special,answer
2019,NL,,Q2,11,none of the parties,none,,special,answer
2019,NL,,Q2,98,Don't know,dont-know,,special,answer
2019,NL,,Q2,2001,VVD,Volkspartij voor Vrijheid en Democratie,828,link,answer
2019,NL,,Q2,2002,PVV,Partij voor de Vrijheid,298,link,answer
2019,NL,,Q2,2003,CDA,Christen Democratisch Appèl,1157,link,answer
2019,NL,,Q2,2004,D66,Democraten 66,45,link,answer
2019,NL,,Q2,2005,GroenLinks,GroenLinks,1537,link,answer
2019,NL,,Q2,2006,SP,Socialistiese Partij,1363,link,answer
2019,NL,,Q2,2007,PvdA,Partij van de Arbeid,1234,link,answer
2019,NL,,Q2,2008,Christen Unie,ChristenUnie,1459,link,answer
2019,NL,,Q2,2009,Forum voor Democratie,Forum voor Democratie,5855,link,answer
2019,NL,,Q2,9999,NA - has not been asked (Q1=DK),,,special,answer
2019,NL,,Q25,90,Other,other,,special,answer
2019,NL,,Q25,98,Don't know,dont-know,,special,answer
2019,NL,,Q25,2001,"Nee, ik voel mij met geen enkele partij verbonden",none,,hand,answer
2019,NL,,Q25,2002,VVD,Volkspartij voor Vrijheid en Democratie,828,link,answer
2019,NL,,Q25,2003,PVV,Partij voor de Vrijheid,298,link,answer
2019,NL,,Q25,2004,CDA,Christen Democratisch Appèl,1157,link,answer
2019,NL,,Q25,2005,D66,Democraten 66,45,link,answer
2019,NL,,Q25,2006,GroenLinks,GroenLinks,1537,link,answer
2019,NL,,Q25,2007,SP,Socialistiese Partij,1363,link,answer
2019,NL,,Q25,2008,PvdA,Partij van de Arbeid,1234,link,answer
2019,NL,,Q25,2009,Christen Unie,ChristenUnie,1459,link,answer
2019,NL,,Q25,2010,SGP,Staatkundig Gereformeerde Partij,1178,name,answer
2019,NL,,Q25,2011,Partij voor de Dieren,Partij voor de Dieren,1467,link,answer
2019,NL,,Q25,2012,50Plus,50PLUS,714,name,answer
2019,NL,,Q25,2013,Denk,Beweging DENK,5856,name,answer
2019,NL,,Q25,2014,Forum voor Democratie,Forum voor Democratie,5855,link,answer
2019,NL,,Q7,0,did not vote,did-not-vote,,special,answer
2019,NL,,Q7,90,other party,other,,special,answer
2019,NL,,Q7,96,did vote blanc or nil,blank-invalid,,special,answer
2019,NL,,Q7,98,do not remember,dont-know,,special,answer
2019,NL,,Q7,2001,VVD,Volkspartij voor Vrijheid en Democratie,828,link,answer
2019,NL,,Q7,2002,PVV,Partij voor de Vrijheid,298,link,answer
2019,NL,,Q7,2003,CDA,Christen Democratisch Appèl,1157,link,answer
2019,NL,,Q7,2004,D66,Democraten 66,45,link,answer
2019,NL,,Q7,2005,GroenLinks,GroenLinks,1537,link,answer
2019,NL,,Q7,2006,SP,Socialistiese Partij,1363,link,answer
2019,NL,,Q7,2007,PvdA,Partij van de Arbeid,1234,link,answer
2019,NL,,Q7,2008,Christen Unie/ SGP,ChristenUnie,1459,link,answer
2019,NL,,Q7,2009,Partij voor de Dieren,Partij voor de Dieren,1467,link,answer
2019,NL,,Q7,2010,50Plus,50PLUS,714,name,answer
2019,NL,,Q7,2011,Denk,Beweging DENK,5856,name,answer
2019,NL,,Q7,2012,Forum voor Democratie,Forum voor Democratie,5855,link,answer
2019,NL,,Q7,2013,Volt Nederland,Volt Nederland,7355,name,answer
2019,NL,,Q7,2014,De Groenen,De Groenen,1533,name,answer
2019,NL,,Q7,2016,Jezus Leeft,Jezus Leeft [og],,hand,answer
2019,NL,,Q9,90,Other party,other,,special,answer
2019,NL,,Q9,96,Did vote blanc or nil,blank-invalid,,special,answer
2019,NL,,Q9,97,Did not vote,did-not-vote,,special,answer
2019,NL,,Q9,98,Do not remember,dont-know,,special,answer
2019,NL,,Q9,2001,VVD,Volkspartij voor Vrijheid en Democratie,828,link,answer
2019,NL,,Q9,2002,PVV,Partij voor de Vrijheid,298,link,answer
2019,NL,,Q9,2003,CDA,Christen Democratisch Appèl,1157,link,answer
2019,NL,,Q9,2004,D66,Democraten 66,45,link,answer
2019,NL,,Q9,2005,GroenLinks,GroenLinks,1537,link,answer
2019,NL,,Q9,2006,SP,Socialistiese Partij,1363,link,answer
2019,NL,,Q9,2007,PvdA,Partij van de Arbeid,1234,link,answer
2019,NL,,Q9,2008,Christen Unie,ChristenUnie,1459,link,answer
2019,NL,,Q9,2009,SGP,Staatkundig Gereformeerde Partij,1178,name,answer
2019,NL,,Q9,2010,Partij voor de Dieren,Partij voor de Dieren,1467,link,answer
2019,NL,,Q9,2011,50Plus,50PLUS,714,name,answer
2019,NL,,Q9,2012,Denk,Beweging DENK,5856,name,answer
2019,NL,,Q9,2013,Forum voor Democratie,Forum voor Democratie,5855,link,answer
2019,NL,,q10_1,2001,VVD,Volkspartij voor Vrijheid en Democratie,828,link,battery
2019,NL,,q10_2,2002,PVV,Partij voor de Vrijheid,298,link,battery
2019,NL,,q10_3,2003,CDA,Christen Democratisch Appèl,1157,link,battery
2019,NL,,q10_4,2004,D66,Democraten 66,45,link,battery
2019,NL,,q10_5,2005,GroenLinks,GroenLinks,1537,link,battery
2019,NL,,q10_6,2006,SP,Socialistiese Partij,1363,link,battery
2019,NL,,q10_7,2007,PvdA,Partij van de Arbeid,1234,link,battery
2019,NL,,q10_8,2008,Christen Unie/ SGP,ChristenUnie,1459,link,battery
2019,NL,,q10_9,2012,Forum voor Democratie,Forum voor Democratie,5855,link,battery
2019,NL,,q13_1,2001,VVD,Volkspartij voor Vrijheid en Democratie,828,link,battery
2019,NL,,q13_2,2002,PVV,Partij voor de Vrijheid,298,link,battery
2019,NL,,q13_3,2003,CDA,Christen Democratisch Appèl,1157,link,battery
2019,NL,,q13_4,2004,D66,Democraten 66,45,link,battery
2019,NL,,q13_5,2005,GroenLinks,GroenLinks,1537,link,battery
2019,NL,,q13_6,2006,SP,Socialistiese Partij,1363,link,battery
2019,NL,,q13_7,2007,PvdA,Partij van de Arbeid,1234,link,battery
2019,NL,,q13_8,2008,Christen Unie/ SGP,ChristenUnie,1459,link,battery
2019,NL,,q13_9,2012,Forum voor Democratie,Forum voor Democratie,5855,link,battery
2019,NL,,q24_1,2001,VVD,Volkspartij voor Vrijheid en Democratie,828,link,battery
2019,NL,,q24_2,2002,PVV,Partij voor de Vrijheid,298,link,battery
2019,NL,,q24_3,2003,CDA,Christen Democratisch Appèl,1157,link,battery
2019,NL,,q24_4,2004,D66,Democraten 66,45,link,battery
2019,NL,,q24_5,2005,GroenLinks,GroenLinks,1537,link,battery
2019,NL,,q24_6,2006,SP,Socialistiese Partij,1363,link,battery
2019,NL,,q24_7,2007,PvdA,Partij van de Arbeid,1234,link,battery
2019,NL,,q24_8,2008,Christen Unie/ SGP,ChristenUnie,1459,link,battery
2019,NL,,q24_9,2012,Forum voor Democratie,Forum voor Democratie,5855,link,battery
2019,PL,,Q2,10,other party,other,,special,answer
2019,PL,,Q2,11,none of the parties,none,,special,answer
2019,PL,,Q2,98,Don't know,dont-know,,special,answer
2019,PL,,Q2,2101,Platforma Obywatelska (PO),Platforma Obywatelska,1117,name,answer
2019,PL,,Q2,2102,Polskie Stronnictwo Ludowe (PSL),Polskie Stronnictwo Ludowe,602,hand,answer
2019,PL,,Q2,2103,Sojusz Lewicy Demokratycznej (SLD),Sojusz Lewicy Demokratycznej,57,link,answer
2019,PL,,Q2,2104,Prawo i Sprawiedliwość (PIS),Prawo i Sprawiedliwość,1565,link,answer
2019,PL,,Q2,2105,Kukiz'15,Kukiz'15,4631,name,answer
2019,PL,,Q2,2106,Wiosna Roberta Biedronia,Wiosna,7356,hand,answer
2019,PL,,Q2,2107,Razem,[Lewica] Razem,4871,name,answer
2019,PL,,Q2,9999,NA - has not been asked (Q1=DK),,,special,answer
2019,PL,,Q25,90,Other,other,,special,answer
2019,PL,,Q25,98,Don't know,dont-know,,special,answer
2019,PL,,Q25,2101,"Nie, żadna partia polityczna nie jest Panu(i) bliska",none,,hand,answer
2019,PL,,Q25,2102,Sojusz Lewicy Demokratycznej(SLD),Sojusz Lewicy Demokratycznej,57,link,answer
2019,PL,,Q25,2103,Platforma Obywatelska(PO),Platforma Obywatelska,1117,name,answer
2019,PL,,Q25,2104,Nowoczesna (.N),Nowoczesna,4630,name,answer
2019,PL,,Q25,2105,Polskie Stronnictwo Ludowe(PSL),Polskie Stronnictwo Ludowe,602,link,answer
2019,PL,,Q25,2106,Korwin,Koalicja Odnowy Rzeczypospolitej Wolność i Nadzieja KORWiN,4629,name,answer
2019,PL,,Q25,2107,Prawo i Sprawiedliwość(PiS),Prawo i Sprawiedliwość,1565,link,answer
2019,PL,,Q25,2108,Kukiz'15,Kukiz'15,4631,name,answer
2019,PL,,Q25,2109,Wiosna Roberta Biedronia,Wiosna,7356,hand,answer
2019,PL,,Q25,2110,Razem,[Lewica] Razem,4871,name,answer
2019,PL,,Q7,0,did not vote,did-not-vote,,special,answer
2019,PL,,Q7,90,other party,other,,special,answer
2019,PL,,Q7,96,did vote blanc or nil,blank-invalid,,special,answer
2019,PL,,Q7,98,do not remember,dont-know,,special,answer
2019,PL,,Q7,2101,Konfederacja Korwin Braun Liroy Narodowcy(KKBLN),Konfederacja Wolność i Niepodległość,9026,hand,answer
2019,PL,,Q7,2102,Wiosna RobertaBiedronia(WRB),Wiosna,7356,hand,answer
2019,PL,,Q7,2103,Koalicja Europejska PO PSL SLD .N Zieloni (KE ),Koalicja Europejska PO PSL SLD .N Zieloni (KE ) [og],,hand,answer
2019,PL,,Q7,2104,Prawo i Sprawiedliwość (PiS),Prawo i Sprawiedliwość,1565,link,answer
2019,PL,,Q7,2105,Lewica Razem(LR),[Lewica] Razem,4871,hand,answer
2019,PL,,Q7,2106,Kukiz'15(K'15),Kukiz'15,4631,name,answer
2019,PL,,Q7,2107,Polska Fair Play bezpartyjni Gwiazdowski(PFP),Polska Fair Play bezpartyjni Gwiazdowski(PFP) [og],,hand,answer
2019,PL,,Q7,2109,Polexit-Koalicja(P-K),Polexit-Koalicja(P-K) [og],,hand,answer
2019,PL,,Q9,90,Other party,other,,special,answer
2019,PL,,Q9,96,Did vote blanc or nil,blank-invalid,,special,answer
2019,PL,,Q9,97,Did not vote,did-not-vote,,special,answer
2019,PL,,Q9,98,Do not remember,dont-know,,special,answer
2019,PL,,Q9,2101,Platforma Obywatelska,Platforma Obywatelska,1117,name,answer
2019,PL,,Q9,2102,Polskie Stronnictwo Ludowe,Polskie Stronnictwo Ludowe,602,link,answer
2019,PL,,Q9,2103,Zjednoczona Lewica SLD+TR+PPS+UP+Zieloni,Sojusz Lewicy Demokratycznej,57,link,answer
2019,PL,,Q9,2104,Prawo i Sprawiedliwość,Prawo i Sprawiedliwość,1565,link,answer
2019,PL,,Q9,2105,Kukiz'15,Kukiz'15,4631,name,answer
2019,PL,,Q9,2106,Nowoczesna Ryszarda Petru,Nowoczesna,4630,hand,answer
2019,PL,,Q9,2107,Razem,[Lewica] Razem,4871,name,answer
2019,PL,,Q9,2108,KORWiN,Koalicja Odnowy Rzeczypospolitej Wolność i Nadzieja KORWiN,4629,name,answer
2019,PL,,"mean (q10_1, q10_2, q10_3)",2103,Koalicja Europejska PO PSL SLD .N Zieloni (KE ),Koalicja Europejska PO PSL SLD .N Zieloni (KE ) [og],,hand,battery
2019,PL,,"mean (q13_1, q13_2, q13_3)",2103,Koalicja Europejska PO PSL SLD .N Zieloni (KE ),Koalicja Europejska PO PSL SLD .N Zieloni (KE ) [og],,hand,battery
2019,PL,,"mean (q24_1, q24_2, q24_3)",2103,Koalicja Europejska PO PSL SLD .N Zieloni (KE ),Koalicja Europejska PO PSL SLD .N Zieloni (KE ) [og],,hand,battery
2019,PL,,q10_1,,Platforma Obywatelska (PO),Platforma Obywatelska,1117,name,battery
2019,PL,,q10_2,,Polskie Stronnictwo Ludowe (PSL),Polskie Stronnictwo Ludowe,602,hand,battery
2019,PL,,q10_3,,Sojusz Lewicy Demokratycznej (SLD),Sojusz Lewicy Demokratycznej,57,link,battery
2019,PL,,q10_4,2104,Prawo i Sprawiedliwość (PiS),Prawo i Sprawiedliwość,1565,link,battery
2019,PL,,q10_5,2106,Kukiz'15(K'15),Kukiz'15,4631,name,battery
2019,PL,,q10_6,2102,Wiosna RobertaBiedronia(WRB),Wiosna,7356,hand,battery
2019,PL,,q10_7,2105,Lewica Razem(LR),[Lewica] Razem,4871,hand,battery
2019,PL,,q13_1,,Platforma Obywatelska (PO),Platforma Obywatelska,1117,name,battery
2019,PL,,q13_2,,Polskie Stronnictwo Ludowe (PSL),Polskie Stronnictwo Ludowe,602,hand,battery
2019,PL,,q13_3,,Sojusz Lewicy Demokratycznej (SLD),Sojusz Lewicy Demokratycznej,57,link,battery
2019,PL,,q13_4,2104,Prawo i Sprawiedliwość (PiS),Prawo i Sprawiedliwość,1565,link,battery
2019,PL,,q13_5,2106,Kukiz'15(K'15),Kukiz'15,4631,name,battery
2019,PL,,q13_6,2102,Wiosna RobertaBiedronia(WRB),Wiosna,7356,hand,battery
2019,PL,,q13_7,2105,Lewica Razem(LR),[Lewica] Razem,4871,hand,battery
2019,PL,,q24_1,,Platforma Obywatelska (PO),Platforma Obywatelska,1117,name,battery
2019,PL,,q24_2,,Polskie Stronnictwo Ludowe (PSL),Polskie Stronnictwo Ludowe,602,hand,battery
2019,PL,,q24_3,,Sojusz Lewicy Demokratycznej (SLD),Sojusz Lewicy Demokratycznej,57,link,battery
2019,PL,,q24_4,2104,Prawo i Sprawiedliwość (PiS),Prawo i Sprawiedliwość,1565,link,battery
2019,PL,,q24_5,2106,Kukiz'15(K'15),Kukiz'15,4631,name,battery
2019,PL,,q24_6,2102,Wiosna RobertaBiedronia(WRB),Wiosna,7356,hand,battery
2019,PL,,q24_7,2105,Lewica Razem(LR),[Lewica] Razem,4871,hand,battery
2019,PT,,Q2,10,other party,other,,special,answer
2019,PT,,Q2,11,none of the parties,none,,special,answer
2019,PT,,Q2,98,Don't know,dont-know,,special,answer
2019,PT,,Q2,2201,Partido Social Democrata (PSD),Partido Popular Democrático / Partido Social Democrata,1359,link,answer
2019,PT,,Q2,2202,Centro Democrático e Social - Partido Popular (CDS-PP),Centro Democrático e Social / Partido Popular,1308,link,answer
2019,PT,,Q2,2203,Partido Socialista (PS),Partido Socialista,655,name,answer
2019,PT,,Q2,2204,Coligação Democrática Unitária (CDU),Coligação Democrática Unitária,284,link,answer
2019,PT,,Q2,2205,Bloco de Esquerda (BE),Bloco de Esquerda,1310,link,answer
2019,PT,,Q2,2206,"Pessoas, Animais, Natureza (PAN)",Partido pelos Animais e pela Natureza,97,link,answer
2019,PT,,Q2,9999,NA - has not been asked (Q1=DK),,,special,answer
2019,PT,,Q25,90,Other,other,,special,answer
2019,PT,,Q25,98,Don't know,dont-know,,special,answer
2019,PT,,Q25,2201,"Não, não se sente próximo de nenhum partido político",none,,hand,answer
2019,PT,,Q25,2202,Partido Socialista (PS),Partido Socialista,655,name,answer
2019,PT,,Q25,2203,Partido Social Democrata (PSD),Partido Popular Democrático / Partido Social Democrata,1359,link,answer
2019,PT,,Q25,2204,Partido Comunista Português (PCP),Coligação Democrática Unitária,284,link,answer
2019,PT,,Q25,2205,Partido Ecologista os Verdes (PEV),Coligação Democrática Unitária,284,link,answer
2019,PT,,Q25,2206,Centro Democrático Social/Partido Popular (CDS/PP),Centro Democrático e Social / Partido Popular,1308,link,answer
2019,PT,,Q25,2207,Partido da Terra (MPT),Movimento Partido da Terra / Partido da Terra,3226,link,answer
2019,PT,,Q25,2208,Bloco de Esquerda,Bloco de Esquerda,1310,link,answer
2019,PT,,Q25,2209,Partido Democrático Republicano (PDR),Partido Democrático Republicano,4513,name,answer
2019,PT,,Q25,2210,"Pessoas, Animais, Natureza (PAN)",Partido pelos Animais e pela Natureza,97,link,answer
2019,PT,,Q25,2211,Aliança (Aliança),Aliança,7357,name,answer
2019,PT,,Q7,0,did not vote,did-not-vote,,special,answer
2019,PT,,Q7,90,other party,other,,special,answer
2019,PT,,Q7,96,did vote blanc or nil,blank-invalid,,special,answer
2019,PT,,Q7,98,do not remember,dont-know,,special,answer
2019,PT,,Q7,2201,Partido Socialista (PS),Partido Socialista,655,name,answer
2019,PT,,Q7,2202,Partido Social Democrata (PSD),Partido Popular Democrático / Partido Social Democrata,1359,link,answer
2019,PT,,Q7,2203,Coligação Democrática Unitária (CDU),Coligação Democrática Unitária,284,link,answer
2019,PT,,Q7,2204,Centro Democrático Social/Partido Popular (CDS/PP),Centro Democrático e Social / Partido Popular,1308,link,answer
2019,PT,,Q7,2205,Partido da Terra (MPT),Movimento Partido da Terra / Partido da Terra,3226,link,answer
2019,PT,,Q7,2206,Bloco de Esquerda (B.E.),Bloco de Esquerda,1310,link,answer
2019,PT,,Q7,2207,Partido Democrático Republicano (PDR),Partido Democrático Republicano,4513,name,answer
2019,PT,,Q7,2208,"Pessoas, Animais, Natureza (PAN)",Partido pelos Animais e pela Natureza,97,link,answer
2019,PT,,Q7,2209,Aliança,Aliança,7357,name,answer
2019,PT,,Q9,90,Other party,other,,special,answer
2019,PT,,Q9,96,Did vote blanc or nil,blank-invalid,,special,answer
2019,PT,,Q9,97,Did not vote,did-not-vote,,special,answer
2019,PT,,Q9,98,Do not remember,dont-know,,special,answer
2019,PT,,Q9,2201,Coligação Portugal à Frente (Partido Social Democrata + Centro Democrático S,Partido Popular Democrático / Partido Social Democrata,1359,link,answer
2019,PT,,Q9,2202,Partido Socialista (PS),Partido Socialista,655,name,answer
2019,PT,,Q9,2203,Bloco de Esquerda (BE),Bloco de Esquerda,1310,link,answer
2019,PT,,Q9,2204,Coligação Democrática Unitária (CDU),Coligação Democrática Unitária,284,link,answer
2019,PT,,Q9,2205,"Pessoas, Animais, Natureza (PAN)",Partido pelos Animais e pela Natureza,97,link,answer
2019,PT,,Q9,2206,Partido Democrático Republicano (PDR),Partido Democrático Republicano,4513,name,answer
2019,PT,,Q9,2207,Partido Comunista dos Trabalhadores Portugueses/Movimento Reorganizativo do Part,Comunista dos Trabalhadores Portugueses / Movimento Reorganizativo do Partido do Proletariado,857,hand,answer
2019,PT,,q10_1,2202,Partido Social Democrata (PSD),Partido Popular Democrático / Partido Social Democrata,1359,link,battery
2019,PT,,q10_2,2204,Centro Democrático Social/Partido Popular (CDS/PP),Centro Democrático e Social / Partido Popular,1308,link,battery
2019,PT,,q10_3,2201,Partido Socialista (PS),Partido Socialista,655,name,battery
2019,PT,,q10_4,2203,Coligação Democrática Unitária (CDU),Coligação Democrática Unitária,284,link,battery
2019,PT,,q10_5,2206,Bloco de Esquerda (B.E.),Bloco de Esquerda,1310,link,battery
2019,PT,,q10_6,2208,"Pessoas, Animais, Natureza (PAN)",Partido pelos Animais e pela Natureza,97,link,battery
2019,PT,,q13_1,2202,Partido Social Democrata (PSD),Partido Popular Democrático / Partido Social Democrata,1359,link,battery
2019,PT,,q13_2,2204,Centro Democrático Social/Partido Popular (CDS/PP),Centro Democrático e Social / Partido Popular,1308,link,battery
2019,PT,,q13_3,2201,Partido Socialista (PS),Partido Socialista,655,name,battery
2019,PT,,q13_4,2203,Coligação Democrática Unitária (CDU),Coligação Democrática Unitária,284,link,battery
2019,PT,,q13_5,2206,Bloco de Esquerda (B.E.),Bloco de Esquerda,1310,link,battery
2019,PT,,q13_6,2208,"Pessoas, Animais, Natureza (PAN)",Partido pelos Animais e pela Natureza,97,link,battery
2019,PT,,q24_1,2202,Partido Social Democrata (PSD),Partido Popular Democrático / Partido Social Democrata,1359,link,battery
2019,PT,,q24_2,2204,Centro Democrático Social/Partido Popular (CDS/PP),Centro Democrático e Social / Partido Popular,1308,link,battery
2019,PT,,q24_3,2201,Partido Socialista (PS),Partido Socialista,655,name,battery
2019,PT,,q24_4,2203,Coligação Democrática Unitária (CDU),Coligação Democrática Unitária,284,link,battery
2019,PT,,q24_5,2206,Bloco de Esquerda (B.E.),Bloco de Esquerda,1310,link,battery
2019,PT,,q24_6,2208,"Pessoas, Animais, Natureza (PAN)",Partido pelos Animais e pela Natureza,97,link,battery
2019,RO,,Q2,10,other party,other,,special,answer
2019,RO,,Q2,11,none of the parties,none,,special,answer
2019,RO,,Q2,98,Don't know,dont-know,,special,answer
2019,RO,,Q2,2301,Partidul Social Democrat (PSD),Partidul Social Democrat,120,link,answer
2019,RO,,Q2,2302,Uniunea Salvați România (USR),Uniunea Salvați România,5969,link,answer
2019,RO,,Q2,2303,Partidul Alianța Liberalilor și Democraților (ALDE),Alianța Liberalilor și Democraților,5662,name,answer
2019,RO,,Q2,2304,Partidul Pro România (PPR),PRO România,7359,link,answer
2019,RO,,Q2,2305,Partidul Național Liberal (PNL),Partidul Naţional Liberal,481,link,answer
2019,RO,,Q2,2306,Uniunea Democrată Maghiară din România (UDMR),Uniunea Democrată Maghiară din România / Romániai Magyar Demokrata Szövetség,1105,link,answer
2019,RO,,Q2,2307,Partidul Mișcarea Populară (PMP),Partidul Mișcarea Populară,3210,link,answer
2019,RO,,Q2,2308,+PLUS,+PLUS [og],,hand,answer
2019,RO,,Q2,9999,NA - has not been asked (Q1=DK),,,special,answer
2019,RO,,Q25,90,Other,other,,special,answer
2019,RO,,Q25,98,Don't know,dont-know,,special,answer
2019,RO,,Q25,2301,"Nu, nu vă consideraţi apropiat(ă) de niciun partid politic",none,,hand,answer
2019,RO,,Q25,2302,Partidul Social Democrat (PSD),Partidul Social Democrat,120,link,answer
2019,RO,,Q25,2303,Uniunea Salvați România (USR),Uniunea Salvați România,5969,link,answer
2019,RO,,Q25,2304,"Partidul Libertate, Unitate și Solidaritate (PLUS)","Partidul Libertate, Unitate și Solidaritate (PLUS) [og]",,hand,answer
2019,RO,,Q25,2305,Partidul Alianța Liberalilor și Democraților (ALDE),Alianța Liberalilor și Democraților,5662,name,answer
2019,RO,,Q25,2306,Partidul Pro România (PPR),PRO România,7359,link,answer
2019,RO,,Q25,2307,Partidul Național Liberal (PNL),Partidul Naţional Liberal,481,link,answer
2019,RO,,Q25,2308,Uniunea Democrată Maghiară din România (UDMR),Uniunea Democrată Maghiară din România / Romániai Magyar Demokrata Szövetség,1105,link,answer
2019,RO,,Q25,2309,Partidul Mișcarea Populară (PMP),Partidul Mișcarea Populară,3210,link,answer
2019,RO,,Q25,2310,Partidul România Mare,Partidul România Mare,1305,link,answer
2019,RO,,Q25,2311,Partidul România Unită,Partidul România Unită,5854,name,answer
2019,RO,,Q25,2313,Partidul Uniunea Națională pentru Progresul României (UNPR),Uniunea Naţională pentru Progresul României,1541,hand,answer
2019,RO,,Q7,0,did not vote,did-not-vote,,special,answer
2019,RO,,Q7,90,other party,other,,special,answer
2019,RO,,Q7,96,did vote blanc or nil,blank-invalid,,special,answer
2019,RO,,Q7,98,do not remember,dont-know,,special,answer
2019,RO,,Q7,2301,Partidul Social Democrat (PSD),Partidul Social Democrat,120,link,answer
2019,RO,,Q7,2302,Alianța 2020 USR PLUS (2020 USR PLUS),Alianța 2020 USR PLUS (2020 USR PLUS) [og],,hand,answer
2019,RO,,Q7,2303,Partidul Alianța Liberalilor și Democraților,Alianța Liberalilor și Democraților,5662,name,answer
2019,RO,,Q7,2304,Partidul Uniunea Națională pentru Progresul României (UNPR),Uniunea Naţională pentru Progresul României,1541,hand,answer
2019,RO,,Q7,2305,Partidul Pro România (PPR),PRO România,7359,link,answer
2019,RO,,Q7,2306,Partidul Național Liberal (PNL),Partidul Naţional Liberal,481,link,answer
2019,RO,,Q7,2307,Uniunea Democrată Maghiară din România,Uniunea Democrată Maghiară din România / Romániai Magyar Demokrata Szövetség,1105,link,answer
2019,RO,,Q7,2308,Partidul Mișcarea Populară (PMP),Partidul Mișcarea Populară,3210,link,answer
2019,RO,,Q7,2309,Partidul România Mare (PRM),Partidul România Mare,1305,link,answer
2019,RO,,Q7,2310,Partidul România Unită (PRU),Partidul România Unită,5854,name,answer
2019,RO,,Q7,2311,Partidul Democrației și Solidarității – Demos (Demos),Partidul Democrației și Solidarității – Demos (Demos) [og],,hand,answer
2019,RO,,Q9,90,Other party,other,,special,answer
2019,RO,,Q9,96,Did vote blanc or nil,blank-invalid,,special,answer
2019,RO,,Q9,97,Did not vote,did-not-vote,,special,answer
2019,RO,,Q9,98,Do not remember,dont-know,,special,answer
2019,RO,,Q9,2301,Partidul Social Democrat (PSD),Partidul Social Democrat,120,link,answer
2019,RO,,Q9,2302,Partidul Național Liberal (PNL),Partidul Naţional Liberal,481,link,answer
2019,RO,,Q9,2303,Uniunea Salvați România (USR),Uniunea Salvați România,5969,link,answer
2019,RO,,Q9,2304,Uniunea Democrată Maghiară din România (UDMR),Uniunea Democrată Maghiară din România / Romániai Magyar Demokrata Szövetség,1105,link,answer
2019,RO,,Q9,2305,Partidul Alianța Liberalilor și Democraților (ALDE),Alianța Liberalilor și Democraților,5662,name,answer
2019,RO,,Q9,2306,Partidul Mișcarea Populară (PMP),Partidul Mișcarea Populară,3210,link,answer
2019,RO,,Q9,2307,Partidul România Unită (PRU),Partidul România Unită,5854,name,answer
2019,RO,,Q9,2308,Partidul România Mare (PRM),Partidul România Mare,1305,link,answer
2019,RO,,"mean (q10_2, q10_8)",2302,Alianța 2020 USR PLUS (2020 USR PLUS),Alianța 2020 USR PLUS (2020 USR PLUS) [og],,hand,battery
2019,RO,,"mean (q13_2, q13_8)",2302,Alianța 2020 USR PLUS (2020 USR PLUS),Alianța 2020 USR PLUS (2020 USR PLUS) [og],,hand,battery
2019,RO,,"mean (q24_2, q24_8)",2302,Alianța 2020 USR PLUS (2020 USR PLUS),Alianța 2020 USR PLUS (2020 USR PLUS) [og],,hand,battery
2019,RO,,q10_1,2301,Partidul Social Democrat (PSD),Partidul Social Democrat,120,link,battery
2019,RO,,q10_2,,Uniunea Salva?i România  (USR),Uniunea Salvați România,5969,hand,battery
2019,RO,,q10_3,2303,Partidul Alianța Liberalilor și Democraților,Alianța Liberalilor și Democraților,5662,name,battery
2019,RO,,q10_4,2305,Partidul Pro România (PPR),PRO România,7359,link,battery
2019,RO,,q10_5,2306,Partidul Național Liberal (PNL),Partidul Naţional Liberal,481,link,battery
2019,RO,,q10_6,2307,Uniunea Democrată Maghiară din România,Uniunea Democrată Maghiară din România / Romániai Magyar Demokrata Szövetség,1105,link,battery
2019,RO,,q10_7,2308,Partidul Mișcarea Populară (PMP),Partidul Mișcarea Populară,3210,link,battery
2019,RO,,q10_8,,+PLUS,+PLUS [og],,hand,battery
2019,RO,,q13_1,2301,Partidul Social Democrat (PSD),Partidul Social Democrat,120,link,battery
2019,RO,,q13_2,,Uniunea Salva?i România  (USR),Uniunea Salvați România,5969,hand,battery
2019,RO,,q13_3,2303,Partidul Alianța Liberalilor și Democraților,Alianța Liberalilor și Democraților,5662,name,battery
2019,RO,,q13_4,2305,Partidul Pro România (PPR),PRO România,7359,link,battery
2019,RO,,q13_5,2306,Partidul Național Liberal (PNL),Partidul Naţional Liberal,481,link,battery
2019,RO,,q13_6,2307,Uniunea Democrată Maghiară din România,Uniunea Democrată Maghiară din România / Romániai Magyar Demokrata Szövetség,1105,link,battery
2019,RO,,q13_7,2308,Partidul Mișcarea Populară (PMP),Partidul Mișcarea Populară,3210,link,battery
2019,RO,,q13_8,,+PLUS,+PLUS [og],,hand,battery
2019,RO,,q24_1,2301,Partidul Social Democrat (PSD),Partidul Social Democrat,120,link,battery
2019,RO,,q24_2,,Uniunea Salva?i România  (USR),Uniunea Salvați România,5969,hand,battery
2019,RO,,q24_3,2303,Partidul Alianța Liberalilor și Democraților,Alianța Liberalilor și Democraților,5662,name,battery
2019,RO,,q24_4,2305,Partidul Pro România (PPR),PRO România,7359,link,battery
2019,RO,,q24_5,2306,Partidul Național Liberal (PNL),Partidul Naţional Liberal,481,link,battery
2019,RO,,q24_6,2307,Uniunea Democrată Maghiară din România,Uniunea Democrată Maghiară din România / Romániai Magyar Demokrata Szövetség,1105,link,battery
2019,RO,,q24_7,2308,Partidul Mișcarea Populară (PMP),Partidul Mișcarea Populară,3210,link,battery
2019,RO,,q24_8,,+PLUS,+PLUS [og],,hand,battery
2019,SE,,Q2,10,other party,other,,special,answer
2019,SE,,Q2,11,none of the parties,none,,special,answer
2019,SE,,Q2,98,Don't know,dont-know,,special,answer
2019,SE,,Q2,2701,Socialdemokraterna,Socialdemokraterna / Sveriges socialdemokratiska arbetareparti,487,name,answer
2019,SE,,Q2,2702,Moderaterna,Allmänna valmansförbundet / Högern / Högerpartiet / Moderata samlingspartiet,690,link,answer
2019,SE,,Q2,2703,Miljöpartiet de gröna,Miljöpartiet de gröna,456,link,answer
2019,SE,,Q2,2704,Liberalerna,Folkpartiet liberalerna / Liberalerna,1274,link,answer
2019,SE,,Q2,2705,Centerpartiet,Bondeförbundet / Centerpartiet,199,link,answer
2019,SE,,Q2,2706,Sverigedemokraterna,Sverigedemokraterna,409,link,answer
2019,SE,,Q2,2707,Kristdemokraterna,Kristdemokraterna,651,link,answer
2019,SE,,Q2,2708,Vänsterpartiet,Vänsterpartiet / Sveriges Komunistiska Parti,830,link,answer
2019,SE,,Q2,2709,Feministiskt initiativ,Feministiskt initiativ,1240,link,answer
2019,SE,,Q2,9999,NA - has not been asked (Q1=DK),,,special,answer
2019,SE,,Q25,90,Other,other,,special,answer
2019,SE,,Q25,98,Don't know,dont-know,,special,answer
2019,SE,,Q25,2701,"Nej, jag anser mig inte stå nära något politiskt parti",none,,hand,answer
2019,SE,,Q25,2702,Vänsterpartiet,Vänsterpartiet / Sveriges Komunistiska Parti,830,link,answer
2019,SE,,Q25,2703,Socialdemokraterna,Socialdemokraterna / Sveriges socialdemokratiska arbetareparti,487,name,answer
2019,SE,,Q25,2704,Centerpartiet,Bondeförbundet / Centerpartiet,199,link,answer
2019,SE,,Q25,2705,Liberalerna,Folkpartiet liberalerna / Liberalerna,1274,link,answer
2019,SE,,Q25,2706,Moderaterna,Allmänna valmansförbundet / Högern / Högerpartiet / Moderata samlingspartiet,690,link,answer
2019,SE,,Q25,2707,Kristdemokraterna,Kristdemokraterna,651,link,answer
2019,SE,,Q25,2708,Miljöpartiet,Miljöpartiet de gröna,456,link,answer
2019,SE,,Q25,2709,Sverigedemokraterna,Sverigedemokraterna,409,link,answer
2019,SE,,Q25,2710,Feministiskt initiativ,Feministiskt initiativ,1240,link,answer
2019,SE,,Q7,0,did not vote,did-not-vote,,special,answer
2019,SE,,Q7,90,other party,other,,special,answer
2019,SE,,Q7,96,did vote blanc or nil,blank-invalid,,special,answer
2019,SE,,Q7,98,do not remember,dont-know,,special,answer
2019,SE,,Q7,2701,Vänsterpartiet (V),Vänsterpartiet / Sveriges Komunistiska Parti,830,link,answer
2019,SE,,Q7,2702,Socialdemokraterna (S),Socialdemokraterna / Sveriges socialdemokratiska arbetareparti,487,link,answer
2019,SE,,Q7,2703,Centerpartiet (C),Bondeförbundet / Centerpartiet,199,link,answer
2019,SE,,Q7,2704,Liberalerna (L),Folkpartiet liberalerna / Liberalerna,1274,link,answer
2019,SE,,Q7,2705,Moderaterna (M),Allmänna valmansförbundet / Högern / Högerpartiet / Moderata samlingspartiet,690,link,answer
2019,SE,,Q7,2706,Kristdemokraterna (KD),Kristdemokraterna,651,link,answer
2019,SE,,Q7,2707,Miljöpartiet de gröna (MP),Miljöpartiet de gröna,456,link,answer
2019,SE,,Q7,2708,Sverigedemokraterna (SD),Sverigedemokraterna,409,link,answer
2019,SE,,Q7,2709,Feministiskt initiativ (FI),Feministiskt initiativ,1240,link,answer
2019,SE,,Q9,90,Other party,other,,special,answer
2019,SE,,Q9,96,Did vote blanc or nil,blank-invalid,,special,answer
2019,SE,,Q9,97,Did not vote,did-not-vote,,special,answer
2019,SE,,Q9,98,Do not remember,dont-know,,special,answer
2019,SE,,Q9,2701,Vänsterpartiet (V),Vänsterpartiet / Sveriges Komunistiska Parti,830,link,answer
2019,SE,,Q9,2702,Socialdemokraterna (S),Socialdemokraterna / Sveriges socialdemokratiska arbetareparti,487,link,answer
2019,SE,,Q9,2703,Centerpartiet (C),Bondeförbundet / Centerpartiet,199,link,answer
2019,SE,,Q9,2704,Liberalerna (L),Folkpartiet liberalerna / Liberalerna,1274,link,answer
2019,SE,,Q9,2705,Moderaterna (M),Allmänna valmansförbundet / Högern / Högerpartiet / Moderata samlingspartiet,690,link,answer
2019,SE,,Q9,2706,Kristdemokraterna (KD),Kristdemokraterna,651,link,answer
2019,SE,,Q9,2707,Miljöpartiet de gröna (MP),Miljöpartiet de gröna,456,link,answer
2019,SE,,Q9,2708,Sverigedemokraterna (SD),Sverigedemokraterna,409,link,answer
2019,SE,,Q9,2709,Feministiskt initiativ (FI),Feministiskt initiativ,1240,link,answer
2019,SE,,q10_1,2702,Socialdemokraterna (S),Socialdemokraterna / Sveriges socialdemokratiska arbetareparti,487,link,battery
2019,SE,,q10_2,2705,Moderaterna (M),Allmänna valmansförbundet / Högern / Högerpartiet / Moderata samlingspartiet,690,link,battery
2019,SE,,q10_3,2707,Miljöpartiet de gröna (MP),Miljöpartiet de gröna,456,link,battery
2019,SE,,q10_4,2704,Liberalerna (L),Folkpartiet liberalerna / Liberalerna,1274,link,battery
2019,SE,,q10_5,2703,Centerpartiet (C),Bondeförbundet / Centerpartiet,199,link,battery
2019,SE,,q10_6,2708,Sverigedemokraterna (SD),Sverigedemokraterna,409,link,battery
2019,SE,,q10_7,2706,Kristdemokraterna (KD),Kristdemokraterna,651,link,battery
2019,SE,,q10_8,2701,Vänsterpartiet (V),Vänsterpartiet / Sveriges Komunistiska Parti,830,link,battery
2019,SE,,q13_1,2702,Socialdemokraterna (S),Socialdemokraterna / Sveriges socialdemokratiska arbetareparti,487,link,battery
2019,SE,,q13_2,2705,Moderaterna (M),Allmänna valmansförbundet / Högern / Högerpartiet / Moderata samlingspartiet,690,link,battery
2019,SE,,q13_3,2707,Miljöpartiet de gröna (MP),Miljöpartiet de gröna,456,link,battery
2019,SE,,q13_4,2704,Liberalerna (L),Folkpartiet liberalerna / Liberalerna,1274,link,battery
2019,SE,,q13_5,2703,Centerpartiet (C),Bondeförbundet / Centerpartiet,199,link,battery
2019,SE,,q13_6,2708,Sverigedemokraterna (SD),Sverigedemokraterna,409,link,battery
2019,SE,,q13_7,2706,Kristdemokraterna (KD),Kristdemokraterna,651,link,battery
2019,SE,,q13_8,2701,Vänsterpartiet (V),Vänsterpartiet / Sveriges Komunistiska Parti,830,link,battery
2019,SE,,q24_1,2702,Socialdemokraterna (S),Socialdemokraterna / Sveriges socialdemokratiska arbetareparti,487,link,battery
2019,SE,,q24_2,2705,Moderaterna (M),Allmänna valmansförbundet / Högern / Högerpartiet / Moderata samlingspartiet,690,link,battery
2019,SE,,q24_3,2707,Miljöpartiet de gröna (MP),Miljöpartiet de gröna,456,link,battery
2019,SE,,q24_4,2704,Liberalerna (L),Folkpartiet liberalerna / Liberalerna,1274,link,battery
2019,SE,,q24_5,2703,Centerpartiet (C),Bondeförbundet / Centerpartiet,199,link,battery
2019,SE,,q24_6,2708,Sverigedemokraterna (SD),Sverigedemokraterna,409,link,battery
2019,SE,,q24_7,2706,Kristdemokraterna (KD),Kristdemokraterna,651,link,battery
2019,SE,,q24_8,2701,Vänsterpartiet (V),Vänsterpartiet / Sveriges Komunistiska Parti,830,link,battery
2019,SI,,Q2,10,other party,other,,special,answer
2019,SI,,Q2,11,none of the parties,none,,special,answer
2019,SI,,Q2,98,Don't know,dont-know,,special,answer
2019,SI,,Q2,2401,Slovenska demokratska stranka in Slovenska ljudska stranka (SDS in SLS),Slovenska demokratska stranka in Slovenska ljudska stranka (SDS in SLS) [og],,hand,answer
2019,SI,,Q2,2402,Lista Marjana Šarca (LMŠ),Lista Marjana Šarca,6132,link,answer
2019,SI,,Q2,2403,Socialni demokrati (SD),Socialni demokrati / Združena lista socialnih demokratov,1403,link,answer
2019,SI,,Q2,2404,Nova Slovenija - krščanski demokrati (NSI),Nova Slovenija — Krščanska ljudska stranka,1618,link,answer
2019,SI,,Q2,2405,Levica,Levica,6131,link,answer
2019,SI,,Q2,2406,Slovenska nacionalna stranka (SNS),Slovenska nacionalna stranka,96,link,answer
2019,SI,,Q2,2407,Stranka modernega centra (SMC),Stranka Mira Cerarja / Stranka modernega centra,3098,name,answer
2019,SI,,Q2,2408,Stranka Alenke Bratušek (SAB),Zavezništvo Alenke Bratušek / Stranka Alenke Bratušek,3114,link,answer
2019,SI,,Q2,2409,Demokratična stranka upokojencev Slovenije (DESUS),Demokratična stranka upokojencev Slovenije,467,link,answer
2019,SI,,Q2,9999,NA - has not been asked (Q1=DK),,,special,answer
2019,SI,,Q25,90,Other,other,,special,answer
2019,SI,,Q25,98,Don't know,dont-know,,special,answer
2019,SI,,Q25,2401,Ne počutitm se blizu nobeni politični stranki,none,,hand,answer
2019,SI,,Q25,2402,Slovenski demokratski stranki (SDS),Slovenska demokratska stranka,472,link,answer
2019,SI,,Q25,2403,Listi Marjana Šarla (LMŠ),Lista Marjana Šarca,6132,link,answer
2019,SI,,Q25,2404,Socialnim demokratom (SD),Socialni demokrati / Združena lista socialnih demokratov,1403,link,answer
2019,SI,,Q25,2405,Novi Sloveniji - krščanskim demokratom (NSI),Nova Slovenija — Krščanska ljudska stranka,1618,link,answer
2019,SI,,Q25,2406,Levici,Levica,6131,hand,answer
2019,SI,,Q25,2407,Slovenski nacionalni stranka (SNS),Slovenska nacionalna stranka,96,link,answer
2019,SI,,Q25,2408,Stranki modernega centra (SMC),Stranka Mira Cerarja / Stranka modernega centra,3098,hand,answer
2019,SI,,Q25,2409,Stranki Alenke Bratušek (SAB),Zavezništvo Alenke Bratušek / Stranka Alenke Bratušek,3114,link,answer
2019,SI,,Q25,2410,Demokratični stranki upokojencev Slovenije (DESUS),Demokratična stranka upokojencev Slovenije,467,link,answer
2019,SI,,Q25,2411,Slovenski ljudski stranki (SLS),Slovenska ljudska stranka,764,hand,answer
2019,SI,,Q25,2412,Dobri državi (DD),Dobra Drzava,6133,hand,answer
2019,SI,,Q25,2413,Piratski stranki Slovenije,Piratska stranka Slovenije,3099,hand,answer
2019,SI,,Q25,2414,Dom - domovinski ligi (DOM),Domovinska liga,7362,hand,answer
2019,SI,,Q25,2415,Zelenim Slovenije,Zeleni Slovenije,1494,hand,answer
2019,SI,,Q25,2416,ZPovežimo se,Povežimo se,7363,hand,answer
2019,SI,,Q7,0,did not vote,did-not-vote,,special,answer
2019,SI,,Q7,90,other party,other,,special,answer
2019,SI,,Q7,96,did vote blanc or nil,blank-invalid,,special,answer
2019,SI,,Q7,98,do not remember,dont-know,,special,answer
2019,SI,,Q7,2401,Slovenska demokratska stranka in Slovenska ljudska stranka(SDS+SLS),Slovenska demokratska stranka in Slovenska ljudska stranka(SDS+SLS) [og],,hand,answer
2019,SI,,Q7,2402,Lista Marjna Šarca (LMŠ),Lista Marjana Šarca,6132,link,answer
2019,SI,,Q7,2403,Socialni demokrati(SD),Socialni demokrati / Združena lista socialnih demokratov,1403,link,answer
2019,SI,,Q7,2404,Nova Slovenija - krščanski demokrati (Nsi),Nova Slovenija — Krščanska ljudska stranka,1618,link,answer
2019,SI,,Q7,2405,Levica,Levica,6131,link,answer
2019,SI,,Q7,2406,Slovenska nacionalna stranka (SNS),Slovenska nacionalna stranka,96,link,answer
2019,SI,,Q7,2407,Stranka modernega centra (SMC),Stranka Mira Cerarja / Stranka modernega centra,3098,name,answer
2019,SI,,Q7,2408,Stranka Alenke Bratušek (SAB),Zavezništvo Alenke Bratušek / Stranka Alenke Bratušek,3114,link,answer
2019,SI,,Q7,2409,Demokratična stranka upokojencev Slovenije (DESUS),Demokratična stranka upokojencev Slovenije,467,link,answer
2019,SI,,Q7,2410,Dom - domovinska liga (DOM),Domovinska liga,7362,hand,answer
2019,SI,,Q7,2411,Zeleni Slovenije,Zeleni Slovenije,1494,name,answer
2019,SI,,Q7,2412,Povežimo se,Povežimo se,7363,name,answer
2019,SI,,Q9,90,Other party,other,,special,answer
2019,SI,,Q9,96,Did vote blanc or nil,blank-invalid,,special,answer
2019,SI,,Q9,97,Did not vote,did-not-vote,,special,answer
2019,SI,,Q9,98,Do not remember,dont-know,,special,answer
2019,SI,,Q9,2401,Slovenska demokratska stranka (SDS),Slovenska demokratska stranka,472,link,answer
2019,SI,,Q9,2402,Lista Marjana Šarca (LMŠ),Lista Marjana Šarca,6132,link,answer
2019,SI,,Q9,2403,Socialni demokrati (SD),Socialni demokrati / Združena lista socialnih demokratov,1403,link,answer
2019,SI,,Q9,2404,Stranka modernega centra (SMC),Stranka Mira Cerarja / Stranka modernega centra,3098,name,answer
2019,SI,,Q9,2405,Levica,Levica,6131,link,answer
2019,SI,,Q9,2406,Nova Slovenija - krščanski demokrati (NSI),Nova Slovenija — Krščanska ljudska stranka,1618,link,answer
2019,SI,,Q9,2407,Stranka Alenke Bratušek (SAB),Zavezništvo Alenke Bratušek / Stranka Alenke Bratušek,3114,link,answer
2019,SI,,Q9,2408,Demokratična stranka upokojencev Slovenije (DESUS),Demokratična stranka upokojencev Slovenije,467,link,answer
2019,SI,,Q9,2409,Slovenska nacionalna stranka (SNS),Slovenska nacionalna stranka,96,link,answer
2019,SI,,Q9,2410,Slovenska ljudska stranka (SLS),Slovenska ljudska stranka,764,hand,answer
2019,SI,,Q9,2411,Piratska stranka Slovenije,Piratska stranka Slovenije,3099,name,answer
2019,SI,,Q9,2412,Dobra država (DD),Dobra Drzava,6133,name,answer
2019,SI,,Q9,2413,Andrej Čuš in Zeleni Slovenije,Zeleni Slovenije,1494,name,answer
2019,SI,,q10_1,2401,Slovenska demokratska stranka in Slovenska ljudska stranka(SDS+SLS),Slovenska demokratska stranka in Slovenska ljudska stranka(SDS+SLS) [og],,hand,battery
2019,SI,,q10_2,2402,Lista Marjna Šarca (LMŠ),Lista Marjana Šarca,6132,link,battery
2019,SI,,q10_3,2403,Socialni demokrati(SD),Socialni demokrati / Združena lista socialnih demokratov,1403,link,battery
2019,SI,,q10_4,2404,Nova Slovenija - krščanski demokrati (Nsi),Nova Slovenija — Krščanska ljudska stranka,1618,link,battery
2019,SI,,q10_5,2405,Levica,Levica,6131,link,battery
2019,SI,,q10_6,2406,Slovenska nacionalna stranka (SNS),Slovenska nacionalna stranka,96,link,battery
2019,SI,,q10_7,2407,Stranka modernega centra (SMC),Stranka Mira Cerarja / Stranka modernega centra,3098,name,battery
2019,SI,,q10_8,2408,Stranka Alenke Bratušek (SAB),Zavezništvo Alenke Bratušek / Stranka Alenke Bratušek,3114,link,battery
2019,SI,,q10_9,2409,Demokratična stranka upokojencev Slovenije (DESUS),Demokratična stranka upokojencev Slovenije,467,link,battery
2019,SI,,q13_1,2401,Slovenska demokratska stranka in Slovenska ljudska stranka(SDS+SLS),Slovenska demokratska stranka in Slovenska ljudska stranka(SDS+SLS) [og],,hand,battery
2019,SI,,q13_2,2402,Lista Marjna Šarca (LMŠ),Lista Marjana Šarca,6132,link,battery
2019,SI,,q13_3,2403,Socialni demokrati(SD),Socialni demokrati / Združena lista socialnih demokratov,1403,link,battery
2019,SI,,q13_4,2404,Nova Slovenija - krščanski demokrati (Nsi),Nova Slovenija — Krščanska ljudska stranka,1618,link,battery
2019,SI,,q13_5,2405,Levica,Levica,6131,link,battery
2019,SI,,q13_6,2406,Slovenska nacionalna stranka (SNS),Slovenska nacionalna stranka,96,link,battery
2019,SI,,q13_7,2407,Stranka modernega centra (SMC),Stranka Mira Cerarja / Stranka modernega centra,3098,name,battery
2019,SI,,q13_8,2408,Stranka Alenke Bratušek (SAB),Zavezništvo Alenke Bratušek / Stranka Alenke Bratušek,3114,link,battery
2019,SI,,q13_9,2409,Demokratična stranka upokojencev Slovenije (DESUS),Demokratična stranka upokojencev Slovenije,467,link,battery
2019,SI,,q24_1,2401,Slovenska demokratska stranka in Slovenska ljudska stranka(SDS+SLS),Slovenska demokratska stranka in Slovenska ljudska stranka(SDS+SLS) [og],,hand,battery
2019,SI,,q24_2,2402,Lista Marjna Šarca (LMŠ),Lista Marjana Šarca,6132,link,battery
2019,SI,,q24_3,2403,Socialni demokrati(SD),Socialni demokrati / Združena lista socialnih demokratov,1403,link,battery
2019,SI,,q24_4,2404,Nova Slovenija - krščanski demokrati (Nsi),Nova Slovenija — Krščanska ljudska stranka,1618,link,battery
2019,SI,,q24_5,2405,Levica,Levica,6131,link,battery
2019,SI,,q24_6,2406,Slovenska nacionalna stranka (SNS),Slovenska nacionalna stranka,96,link,battery
2019,SI,,q24_7,2407,Stranka modernega centra (SMC),Stranka Mira Cerarja / Stranka modernega centra,3098,name,battery
2019,SI,,q24_8,2408,Stranka Alenke Bratušek (SAB),Zavezništvo Alenke Bratušek / Stranka Alenke Bratušek,3114,link,battery
2019,SI,,q24_9,2409,Demokratična stranka upokojencev Slovenije (DESUS),Demokratična stranka upokojencev Slovenije,467,link,battery
2019,SK,,Q2,10,other party,other,,special,answer
2019,SK,,Q2,11,none of the parties,none,,special,answer
2019,SK,,Q2,98,Don't know,dont-know,,special,answer
2019,SK,,Q2,2501,Kresťanskodemokratické hnutie (KDH),Kresťanskodemokratické hnutie,63,link,answer
2019,SK,,Q2,2502,Ľudová strana- Naše Slovensko (ĽSNS),Ľudová strana Naše Slovensko,656,link,answer
2019,SK,,Q2,2503,Sme rodina,Sme Rodina — Boris Kollár,4873,name,answer
2019,SK,,Q2,2504,Smer–sociálna demokracia (Smer-SD),Smer — sociálna demokracia,311,link,answer
2019,SK,,Q2,2505,Sloboda a Solidarita (SaS),Sloboda a Solidarita,1386,link,answer
2019,SK,,Q2,2506,Obyčajní Ľudia a nezávislé osobnosti (OĽaNO),Obyčajní Ľudia a Nezávislé Osobnosti,2130,link,answer
2019,SK,,Q2,2507,Progressive Slovakia – Together (Progresivne Slovensko-SPOLU),Progressive Slovakia – Together (Progresivne Slovensko-SPOLU) [og],,hand,answer
2019,SK,,Q2,2508,Slovenská národná strana (SNS),Slovenská národná strana,730,link,answer
2019,SK,,Q2,2509,Most–Híd,MOST-HID,258,link,answer
2019,SK,,Q2,9999,NA - has not been asked (Q1=DK),,,special,answer
2019,SK,,Q25,90,Other,other,,special,answer
2019,SK,,Q25,98,Don't know,dont-know,,special,answer
2019,SK,,Q25,2501,"Nie, necítite sa byť blízko ku žiadnej politickej strane",none,,hand,answer
2019,SK,,Q25,2502,Kresťanskodemokratické hnutie (KDH),Kresťanskodemokratické hnutie,63,link,answer
2019,SK,,Q25,2503,Ľudová strana- Naše Slovensko (ĽSNS),Ľudová strana Naše Slovensko,656,link,answer
2019,SK,,Q25,2504,Sme rodina,Sme Rodina — Boris Kollár,4873,name,answer
2019,SK,,Q25,2505,Smer–sociálna demokracia (Smer-SD),Smer — sociálna demokracia,311,link,answer
2019,SK,,Q25,2506,Sloboda a Solidarita (SaS),Sloboda a Solidarita,1386,link,answer
2019,SK,,Q25,2507,Obyčajní ľudia a nezávislé osobnosti (OĽaNO),Obyčajní Ľudia a Nezávislé Osobnosti,2130,link,answer
2019,SK,,Q25,2508,Progresívne Slovensko/ SPOLU,Progresívne Slovensko/ SPOLU [og],,hand,answer
2019,SK,,Q25,2509,Slovenská národná strana (SNS),Slovenská národná strana,730,link,answer
2019,SK,,Q25,2510,Most-Híd,MOST-HID,258,link,answer
2019,SK,,Q7,0,did not vote,did-not-vote,,special,answer
2019,SK,,Q7,90,other party,other,,special,answer
2019,SK,,Q7,96,did vote blanc or nil,blank-invalid,,special,answer
2019,SK,,Q7,98,do not remember,dont-know,,special,answer
2019,SK,,Q7,2501,Ľudová strana- Naše Slovensko (ĽSNS),Ľudová strana Naše Slovensko,656,link,answer
2019,SK,,Q7,2502,Strana mad'arskej koalície - Magyar Koalíció Pártja (SMK–MKP),Strana maďarskej koalície / Strana maďarskej komunity,349,link,answer
2019,SK,,Q7,2503,Smer–sociálna demokracia (Smer-SD),Smer — sociálna demokracia,311,link,answer
2019,SK,,Q7,2504,Slovenská národná strana (SNS),Slovenská národná strana,730,link,answer
2019,SK,,Q7,2505,Sloboda a Solidarita (SaS),Sloboda a Solidarita,1386,link,answer
2019,SK,,Q7,2506,Obyčajní Ľudia a nezávislé osobnosti (OĽaNO),Obyčajní Ľudia a Nezávislé Osobnosti,2130,link,answer
2019,SK,,Q7,2507,Most–Híd,MOST-HID,258,link,answer
2019,SK,,Q7,2508,Progresivne Slovensko-SPOLU,Progresivne Slovensko-SPOLU [og],,hand,answer
2019,SK,,Q7,2509,Sme rodina,Sme Rodina — Boris Kollár,4873,name,answer
2019,SK,,Q7,2510,Kresťanskodemokratické hnutie (KDH),Kresťanskodemokratické hnutie,63,link,answer
2019,SK,,Q7,2511,Komunistická strana Slovenska (KSS),Komunistická strana Slovenska,340,link,answer
2019,SK,,Q9,90,Other party,other,,special,answer
2019,SK,,Q9,96,Did vote blanc or nil,blank-invalid,,special,answer
2019,SK,,Q9,97,Did not vote,did-not-vote,,special,answer
2019,SK,,Q9,98,Do not remember,dont-know,,special,answer
2019,SK,,Q9,2501,OBYČAJNÍ ĽUDIA a nezávislé osobnosti (OĽaNO),Obyčajní Ľudia a Nezávislé Osobnosti,2130,link,answer
2019,SK,,Q9,2502,Sme rodina - Boris Kollár,Sme Rodina — Boris Kollár,4873,name,answer
2019,SK,,Q9,2503,MOST - HÍD,MOST-HID,258,link,answer
2019,SK,,Q9,2504,Slovenská národná strana (SNS),Slovenská národná strana,730,link,answer
2019,SK,,Q9,2505,SMER - sociálna demokracia,Smer — sociálna demokracia,311,name,answer
2019,SK,,Q9,2506,Kresťanskodemokratické hnutie (KDH),Kresťanskodemokratické hnutie,63,link,answer
2019,SK,,Q9,2507,Kotleba - Ľudová strana Naše Slovensko (ĽS Naše Slovensko),Ľudová strana Naše Slovensko,656,link,answer
2019,SK,,Q9,2508,#SIEŤ,Sieť — Slovenská konzervatívna strana,4872,name,answer
2019,SK,,Q9,2509,Sloboda a Solidarita (SaS),Sloboda a Solidarita,1386,link,answer
2019,SK,,Q9,2510,Strana maďarskej komunity - Magyar Közösség Pártja (SMK-MKP),Strana maďarskej koalície / Strana maďarskej komunity,349,name,answer
2019,SK,,q10_1,2510,Kresťanskodemokratické hnutie (KDH),Kresťanskodemokratické hnutie,63,link,battery
2019,SK,,q10_2,2501,Ľudová strana- Naše Slovensko (ĽSNS),Ľudová strana Naše Slovensko,656,link,battery
2019,SK,,q10_3,2509,Sme rodina,Sme Rodina — Boris Kollár,4873,name,battery
2019,SK,,q10_4,2503,Smer–sociálna demokracia (Smer-SD),Smer — sociálna demokracia,311,link,battery
2019,SK,,q10_5,2505,Sloboda a Solidarita (SaS),Sloboda a Solidarita,1386,link,battery
2019,SK,,q10_6,2506,Obyčajní Ľudia a nezávislé osobnosti (OĽaNO),Obyčajní Ľudia a Nezávislé Osobnosti,2130,link,battery
2019,SK,,q10_7,2508,Progresivne Slovensko-SPOLU,Progresivne Slovensko-SPOLU [og],,hand,battery
2019,SK,,q10_8,2504,Slovenská národná strana (SNS),Slovenská národná strana,730,link,battery
2019,SK,,q10_9,2507,Most–Híd,MOST-HID,258,link,battery
2019,SK,,q13_1,2510,Kresťanskodemokratické hnutie (KDH),Kresťanskodemokratické hnutie,63,link,battery
2019,SK,,q13_2,2501,Ľudová strana- Naše Slovensko (ĽSNS),Ľudová strana Naše Slovensko,656,link,battery
2019,SK,,q13_3,2509,Sme rodina,Sme Rodina — Boris Kollár,4873,name,battery
2019,SK,,q13_4,2503,Smer–sociálna demokracia (Smer-SD),Smer — sociálna demokracia,311,link,battery
2019,SK,,q13_5,2505,Sloboda a Solidarita (SaS),Sloboda a Solidarita,1386,link,battery
2019,SK,,q13_6,2506,Obyčajní Ľudia a nezávislé osobnosti (OĽaNO),Obyčajní Ľudia a Nezávislé Osobnosti,2130,link,battery
2019,SK,,q13_7,2508,Progresivne Slovensko-SPOLU,Progresivne Slovensko-SPOLU [og],,hand,battery
2019,SK,,q13_8,2504,Slovenská národná strana (SNS),Slovenská národná strana,730,link,battery
2019,SK,,q13_9,2507,Most–Híd,MOST-HID,258,link,battery
2019,SK,,q24_1,2510,Kresťanskodemokratické hnutie (KDH),Kresťanskodemokratické hnutie,63,link,battery
2019,SK,,q24_2,2501,Ľudová strana- Naše Slovensko (ĽSNS),Ľudová strana Naše Slovensko,656,link,battery
2019,SK,,q24_3,2509,Sme rodina,Sme Rodina — Boris Kollár,4873,name,battery
2019,SK,,q24_4,2503,Smer–sociálna demokracia (Smer-SD),Smer — sociálna demokracia,311,link,battery
2019,SK,,q24_5,2505,Sloboda a Solidarita (SaS),Sloboda a Solidarita,1386,link,battery
2019,SK,,q24_6,2506,Obyčajní Ľudia a nezávislé osobnosti (OĽaNO),Obyčajní Ľudia a Nezávislé Osobnosti,2130,link,battery
2019,SK,,q24_7,2508,Progresivne Slovensko-SPOLU,Progresivne Slovensko-SPOLU [og],,hand,battery
2019,SK,,q24_8,2504,Slovenská národná strana (SNS),Slovenská národná strana,730,link,battery
2019,SK,,q24_9,2507,Most–Híd,MOST-HID,258,link,battery
2024,AT,,q11_1,4002,Österreichische Volkspartei,Österreichische Volkspartei,1329,link,battery
2024,AT,,q11_2,4003,Sozialdemokratische Partei Österreichs,Sozialdemokratische Partei Österreichs,1384,link,battery
2024,AT,,q11_3,4005,NEOS – Das neue Europa,NEOS — Das Neue Österreich,1970,link,battery
2024,AT,,q11_4,4004,Die Grünen – Die Grüne Alternative,Die Grünen — Die grüne Alternative,1659,link,battery
2024,AT,,q11_5,4001,Freiheitliche Partei Österreichs,Freiheitliche Partei Österreichs,463,link,battery
2024,AT,,q11_6,4006,Kommunistische Partei Österreichs,Kommunistische Partei Österreichs,996,link,battery
2024,AT,,q11_7,4008,Die Bierpartei,Die Bierpartei [og],,hand,battery
2024,AT,,q18_1,4002,Österreichische Volkspartei,Österreichische Volkspartei,1329,link,battery
2024,AT,,q18_2,4003,Sozialdemokratische Partei Österreichs,Sozialdemokratische Partei Österreichs,1384,link,battery
2024,AT,,q18_3,4005,NEOS – Das neue Europa,NEOS — Das Neue Österreich,1970,link,battery
2024,AT,,q18_4,4004,Die Grünen – Die Grüne Alternative,Die Grünen — Die grüne Alternative,1659,link,battery
2024,AT,,q18_5,4001,Freiheitliche Partei Österreichs,Freiheitliche Partei Österreichs,463,link,battery
2024,AT,,q18_6,4006,Kommunistische Partei Österreichs,Kommunistische Partei Österreichs,996,link,battery
2024,AT,,q18_7,4008,Die Bierpartei,Die Bierpartei [og],,hand,battery
2024,AT,,q19_recoded,88,,none,,special,answer
2024,AT,,q19_recoded,90,,other,,special,answer
2024,AT,,q19_recoded,98,,dont-know,,special,answer
2024,AT,,q19_recoded,4001,Freiheitliche Partei Österreichs,Freiheitliche Partei Österreichs,463,link,answer
2024,AT,,q19_recoded,4002,Österreichische Volkspartei,Österreichische Volkspartei,1329,link,answer
2024,AT,,q19_recoded,4003,Sozialdemokratische Partei Österreichs,Sozialdemokratische Partei Österreichs,1384,link,answer
2024,AT,,q19_recoded,4004,Die Grünen – Die Grüne Alternative,Die Grünen — Die grüne Alternative,1659,link,answer
2024,AT,,q19_recoded,4005,NEOS – Das neue Europa,NEOS — Das Neue Österreich,1970,link,answer
2024,AT,,q19_recoded,4006,Kommunistische Partei Österreichs,Kommunistische Partei Österreichs,996,link,answer
2024,AT,,q19_recoded,4007,Demokratisch – Neutral – Authentisch,Demokratisch – Neutral – Authentisch,9810,name,answer
2024,AT,,q19_recoded,4008,Die Bierpartei,Die Bierpartei [og],,hand,answer
2024,AT,,q1a_recoded,88,,none,,special,answer
2024,AT,,q1a_recoded,90,,other,,special,answer
2024,AT,,q1a_recoded,96,,,,special,answer
2024,AT,,q1a_recoded,98,,dont-know,,special,answer
2024,AT,,q1a_recoded,4001,Freiheitliche Partei Österreichs,Freiheitliche Partei Österreichs,463,link,answer
2024,AT,,q1a_recoded,4002,Österreichische Volkspartei,Österreichische Volkspartei,1329,link,answer
2024,AT,,q1a_recoded,4003,Sozialdemokratische Partei Österreichs,Sozialdemokratische Partei Österreichs,1384,link,answer
2024,AT,,q1a_recoded,4004,Die Grünen – Die Grüne Alternative,Die Grünen — Die grüne Alternative,1659,link,answer
2024,AT,,q1a_recoded,4005,NEOS – Das neue Europa,NEOS — Das Neue Österreich,1970,link,answer
2024,AT,,q1a_recoded,4006,Kommunistische Partei Österreichs,Kommunistische Partei Österreichs,996,link,answer
2024,AT,,q1a_recoded,4008,Die Bierpartei,Die Bierpartei [og],,hand,answer
2024,AT,,q1a_recoded,4011,MFG - Österreich Menschen - Freiheit - Grundrechte,Menschen Freiheit Grundrechte,9022,name,answer
2024,AT,,q20_1,4002,Österreichische Volkspartei,Österreichische Volkspartei,1329,link,battery
2024,AT,,q20_2,4003,Sozialdemokratische Partei Österreichs,Sozialdemokratische Partei Österreichs,1384,link,battery
2024,AT,,q20_3,4005,NEOS – Das neue Europa,NEOS — Das Neue Österreich,1970,link,battery
2024,AT,,q20_4,4004,Die Grünen – Die Grüne Alternative,Die Grünen — Die grüne Alternative,1659,link,battery
2024,AT,,q20_5,4001,Freiheitliche Partei Österreichs,Freiheitliche Partei Österreichs,463,link,battery
2024,AT,,q20_6,4006,Kommunistische Partei Österreichs,Kommunistische Partei Österreichs,996,link,battery
2024,AT,,q20_7,4008,Die Bierpartei,Die Bierpartei [og],,hand,battery
2024,AT,,q6_recoded,90,,other,,special,answer
2024,AT,,q6_recoded,91,,blank-invalid,,special,answer
2024,AT,,q6_recoded,96,,did-not-vote,,special,answer
2024,AT,,q6_recoded,98,,dont-know,,special,answer
2024,AT,,q6_recoded,4001,Freiheitliche Partei Österreichs,Freiheitliche Partei Österreichs,463,link,answer
2024,AT,,q6_recoded,4002,Österreichische Volkspartei,Österreichische Volkspartei,1329,link,answer
2024,AT,,q6_recoded,4003,Sozialdemokratische Partei Österreichs,Sozialdemokratische Partei Österreichs,1384,link,answer
2024,AT,,q6_recoded,4004,Die Grünen – Die Grüne Alternative,Die Grünen — Die grüne Alternative,1659,link,answer
2024,AT,,q6_recoded,4005,NEOS – Das neue Europa,NEOS — Das Neue Österreich,1970,link,answer
2024,AT,,q6_recoded,4006,Kommunistische Partei Österreichs,Kommunistische Partei Österreichs,996,link,answer
2024,AT,,q6_recoded,4007,Demokratisch – Neutral – Authentisch,Demokratisch – Neutral – Authentisch,9810,name,answer
2024,AT,,q8_recoded,90,,other,,special,answer
2024,AT,,q8_recoded,91,,blank-invalid,,special,answer
2024,AT,,q8_recoded,96,,did-not-vote,,special,answer
2024,AT,,q8_recoded,98,,dont-know,,special,answer
2024,AT,,q8_recoded,4001,Freiheitliche Partei Österreichs,Freiheitliche Partei Österreichs,463,link,answer
2024,AT,,q8_recoded,4002,Österreichische Volkspartei,Österreichische Volkspartei,1329,link,answer
2024,AT,,q8_recoded,4003,Sozialdemokratische Partei Österreichs,Sozialdemokratische Partei Österreichs,1384,link,answer
2024,AT,,q8_recoded,4004,Die Grünen – Die Grüne Alternative,Die Grünen — Die grüne Alternative,1659,link,answer
2024,AT,,q8_recoded,4005,NEOS – Das neue Europa,NEOS — Das Neue Österreich,1970,link,answer
2024,AT,,q8_recoded,4006,Kommunistische Partei Österreichs,Kommunistische Partei Österreichs,996,link,answer
2024,AT,,q8_recoded,4007,Demokratisch – Neutral – Authentisch,Demokratisch – Neutral – Authentisch,9810,name,answer
2024,AT,,q8_recoded,4008,Die Bierpartei,Die Bierpartei [og],,hand,answer
2024,AT,,q8_recoded,4009,JETZT – Liste Pilz,Liste Peter Pilz,6137,link,answer
2024,AT,,q8_recoded,4010,Wandel,Wandel [og],,hand,answer
2024,AT,,q9_1,4002,Österreichische Volkspartei,Österreichische Volkspartei,1329,link,battery
2024,AT,,q9_2,4003,Sozialdemokratische Partei Österreichs,Sozialdemokratische Partei Österreichs,1384,link,battery
2024,AT,,q9_3,4005,NEOS – Das neue Europa,NEOS — Das Neue Österreich,1970,link,battery
2024,AT,,q9_4,4004,Die Grünen – Die Grüne Alternative,Die Grünen — Die grüne Alternative,1659,link,battery
2024,AT,,q9_5,4001,Freiheitliche Partei Österreichs,Freiheitliche Partei Österreichs,463,link,battery
2024,AT,,q9_6,4006,Kommunistische Partei Österreichs,Kommunistische Partei Österreichs,996,link,battery
2024,AT,,q9_7,4008,Die Bierpartei,Die Bierpartei [og],,hand,battery
2024,BE,Flanders,q11_1,5601,Vlaams Belang,Vlaams Belang,1968,link,battery
2024,BE,Flanders,q11_2,5602,Nieuw-Vlaamse Alliantie,Nieuw-Vlaamse Alliantie,36,link,battery
2024,BE,Flanders,q11_3,5604,Vooruit,Socialistische Partij Anders — Vooruit,1680,link,battery
2024,BE,Flanders,q11_4,5605,Groen,Agalev — Groen,528,link,battery
2024,BE,Flanders,q11_5,5603,Christen-Democratisch en Vlaams,Christen-Democratisch en Vlaams,604,link,battery
2024,BE,Flanders,q11_6,5607,Partij van de Arbeid van België,Partij van de Arbeid van België — Parti du Travail de Belgique,1753,link,battery
2024,BE,Flanders,q11_7,5606,Open Vlaamse Liberalen en Democraten,Partij voor Vrijheid en Vooruitgang — Open Vlaamse Liberalen en Democraten,49,link,battery
2024,BE,Flanders,q18_1,5601,Vlaams Belang,Vlaams Belang,1968,link,battery
2024,BE,Flanders,q18_2,5602,Nieuw-Vlaamse Alliantie,Nieuw-Vlaamse Alliantie,36,link,battery
2024,BE,Flanders,q18_3,5604,Vooruit,Socialistische Partij Anders — Vooruit,1680,link,battery
2024,BE,Flanders,q18_4,5605,Groen,Agalev — Groen,528,link,battery
2024,BE,Flanders,q18_5,5603,Christen-Democratisch en Vlaams,Christen-Democratisch en Vlaams,604,link,battery
2024,BE,Flanders,q18_6,5607,Partij van de Arbeid van België,Partij van de Arbeid van België — Parti du Travail de Belgique,1753,link,battery
2024,BE,Flanders,q18_7,5606,Open Vlaamse Liberalen en Democraten,Partij voor Vrijheid en Vooruitgang — Open Vlaamse Liberalen en Democraten,49,link,battery
2024,BE,Flanders,q19_recoded,88,,none,,special,answer
2024,BE,Flanders,q19_recoded,98,,dont-know,,special,answer
2024,BE,Flanders,q19_recoded,5601,Vlaams Belang,Vlaams Belang,1968,link,answer
2024,BE,Flanders,q19_recoded,5602,Nieuw-Vlaamse Alliantie,Nieuw-Vlaamse Alliantie,36,link,answer
2024,BE,Flanders,q19_recoded,5603,Christen-Democratisch en Vlaams,Christen-Democratisch en Vlaams,604,link,answer
2024,BE,Flanders,q19_recoded,5604,Vooruit,Socialistische Partij Anders — Vooruit,1680,link,answer
2024,BE,Flanders,q19_recoded,5605,Groen,Agalev — Groen,528,link,answer
2024,BE,Flanders,q19_recoded,5606,Open Vlaamse Liberalen en Democraten,Partij voor Vrijheid en Vooruitgang — Open Vlaamse Liberalen en Democraten,49,link,answer
2024,BE,Flanders,q19_recoded,5607,Partij van de Arbeid van België,Partij van de Arbeid van België — Parti du Travail de Belgique,1753,link,answer
2024,BE,Flanders,q1a_recoded,88,,none,,special,answer
2024,BE,Flanders,q1a_recoded,90,,other,,special,answer
2024,BE,Flanders,q1a_recoded,96,,,,special,answer
2024,BE,Flanders,q1a_recoded,98,,dont-know,,special,answer
2024,BE,Flanders,q1a_recoded,5601,Vlaams Belang,Vlaams Belang,1968,link,answer
2024,BE,Flanders,q1a_recoded,5602,Nieuw-Vlaamse Alliantie,Nieuw-Vlaamse Alliantie,36,link,answer
2024,BE,Flanders,q1a_recoded,5603,Christen-Democratisch en Vlaams,Christen-Democratisch en Vlaams,604,link,answer
2024,BE,Flanders,q1a_recoded,5604,Vooruit,Socialistische Partij Anders — Vooruit,1680,link,answer
2024,BE,Flanders,q1a_recoded,5605,Groen,Agalev — Groen,528,link,answer
2024,BE,Flanders,q1a_recoded,5606,Open Vlaamse Liberalen en Democraten,Partij voor Vrijheid en Vooruitgang — Open Vlaamse Liberalen en Democraten,49,link,answer
2024,BE,Flanders,q1a_recoded,5607,Partij van de Arbeid van België,Partij van de Arbeid van België — Parti du Travail de Belgique,1753,link,answer
2024,BE,Flanders,q20_1,5601,Vlaams Belang,Vlaams Belang,1968,link,battery
2024,BE,Flanders,q20_2,5602,Nieuw-Vlaamse Alliantie,Nieuw-Vlaamse Alliantie,36,link,battery
2024,BE,Flanders,q20_3,5604,Vooruit,Socialistische Partij Anders — Vooruit,1680,link,battery
2024,BE,Flanders,q20_4,5605,Groen,Agalev — Groen,528,link,battery
2024,BE,Flanders,q20_5,5603,Christen-Democratisch en Vlaams,Christen-Democratisch en Vlaams,604,link,battery
2024,BE,Flanders,q20_6,5607,Partij van de Arbeid van België,Partij van de Arbeid van België — Parti du Travail de Belgique,1753,link,battery
2024,BE,Flanders,q20_7,5606,Open Vlaamse Liberalen en Democraten,Partij voor Vrijheid en Vooruitgang — Open Vlaamse Liberalen en Democraten,49,link,battery
2024,BE,Flanders,q6_recoded,90,,other,,special,answer
2024,BE,Flanders,q6_recoded,91,,blank-invalid,,special,answer
2024,BE,Flanders,q6_recoded,96,,did-not-vote,,special,answer
2024,BE,Flanders,q6_recoded,98,,dont-know,,special,answer
2024,BE,Flanders,q6_recoded,5601,Vlaams Belang,Vlaams Belang,1968,link,answer
2024,BE,Flanders,q6_recoded,5602,Nieuw-Vlaamse Alliantie,Nieuw-Vlaamse Alliantie,36,link,answer
2024,BE,Flanders,q6_recoded,5603,Christen-Democratisch en Vlaams,Christen-Democratisch en Vlaams,604,link,answer
2024,BE,Flanders,q6_recoded,5604,Vooruit,Socialistische Partij Anders — Vooruit,1680,link,answer
2024,BE,Flanders,q6_recoded,5605,Groen,Agalev — Groen,528,link,answer
2024,BE,Flanders,q6_recoded,5606,Open Vlaamse Liberalen en Democraten,Partij voor Vrijheid en Vooruitgang — Open Vlaamse Liberalen en Democraten,49,link,answer
2024,BE,Flanders,q6_recoded,5607,Partij van de Arbeid van België,Partij van de Arbeid van België — Parti du Travail de Belgique,1753,link,answer
2024,BE,Flanders,q6_recoded,5608,Volt Europa,Volt Europa [og],,hand,answer
2024,BE,Flanders,q8_recoded,90,,other,,special,answer
2024,BE,Flanders,q8_recoded,91,,blank-invalid,,special,answer
2024,BE,Flanders,q8_recoded,96,,did-not-vote,,special,answer
2024,BE,Flanders,q8_recoded,98,,dont-know,,special,answer
2024,BE,Flanders,q8_recoded,5601,Vlaams Belang,Vlaams Belang,1968,link,answer
2024,BE,Flanders,q8_recoded,5602,Nieuw-Vlaamse Alliantie,Nieuw-Vlaamse Alliantie,36,link,answer
2024,BE,Flanders,q8_recoded,5603,Christen-Democratisch en Vlaams,Christen-Democratisch en Vlaams,604,link,answer
2024,BE,Flanders,q8_recoded,5604,Vooruit,Socialistische Partij Anders — Vooruit,1680,link,answer
2024,BE,Flanders,q8_recoded,5605,Groen,Agalev — Groen,528,link,answer
2024,BE,Flanders,q8_recoded,5606,Open Vlaamse Liberalen en Democraten,Partij voor Vrijheid en Vooruitgang — Open Vlaamse Liberalen en Democraten,49,link,answer
2024,BE,Flanders,q8_recoded,5607,Partij van de Arbeid van België,Partij van de Arbeid van België — Parti du Travail de Belgique,1753,link,answer
2024,BE,Flanders,q9_1,5601,Vlaams Belang,Vlaams Belang,1968,link,battery
2024,BE,Flanders,q9_2,5602,Nieuw-Vlaamse Alliantie,Nieuw-Vlaamse Alliantie,36,link,battery
2024,BE,Flanders,q9_3,5604,Vooruit,Socialistische Partij Anders — Vooruit,1680,link,battery
2024,BE,Flanders,q9_4,5605,Groen,Agalev — Groen,528,link,battery
2024,BE,Flanders,q9_5,5603,Christen-Democratisch en Vlaams,Christen-Democratisch en Vlaams,604,link,battery
2024,BE,Flanders,q9_6,5607,Partij van de Arbeid van België,Partij van de Arbeid van België — Parti du Travail de Belgique,1753,link,battery
2024,BE,Flanders,q9_7,5606,Open Vlaamse Liberalen en Democraten,Partij voor Vrijheid en Vooruitgang — Open Vlaamse Liberalen en Democraten,49,link,battery
2024,BE,Wallonia,q11_1,5691,Parti Socialiste,Parti Socialiste,500,link,battery
2024,BE,Wallonia,q11_2,5692,Les Engagés,Parti Social Chrétien — Centre démocrate humaniste,633,name,battery
2024,BE,Wallonia,q11_3,5693,Parti du travail de Belgique,Partij van de Arbeid van België — Parti du Travail de Belgique,1753,link,battery
2024,BE,Wallonia,q11_4,5694,Écologistes Confédérés pour l'organisation de luttes originales,Écologistes Confédérés pour l'organisation de luttes originales,1563,link,battery
2024,BE,Wallonia,q11_5,5695,Démocrate fédéraliste indépendant,Front Démocratique des Francophones / DéFI,698,link,battery
2024,BE,Wallonia,q11_6,5690,Mouvement Réformateur,Mouvement Réformateur,789,link,battery
2024,BE,Wallonia,q11_7,5697,Chez Nous,Chez Nous [og],,hand,battery
2024,BE,Wallonia,q18_1,5691,Parti Socialiste,Parti Socialiste,500,link,battery
2024,BE,Wallonia,q18_2,5692,Les Engagés,Parti Social Chrétien — Centre démocrate humaniste,633,name,battery
2024,BE,Wallonia,q18_3,5693,Parti du travail de Belgique,Partij van de Arbeid van België — Parti du Travail de Belgique,1753,link,battery
2024,BE,Wallonia,q18_4,5694,Écologistes Confédérés pour l'organisation de luttes originales,Écologistes Confédérés pour l'organisation de luttes originales,1563,link,battery
2024,BE,Wallonia,q18_5,5695,Démocrate fédéraliste indépendant,Front Démocratique des Francophones / DéFI,698,link,battery
2024,BE,Wallonia,q18_6,5690,Mouvement Réformateur,Mouvement Réformateur,789,link,battery
2024,BE,Wallonia,q18_7,5697,Chez Nous,Chez Nous [og],,hand,battery
2024,BE,Wallonia,q19_recoded,88,,none,,special,answer
2024,BE,Wallonia,q19_recoded,90,,other,,special,answer
2024,BE,Wallonia,q19_recoded,98,,dont-know,,special,answer
2024,BE,Wallonia,q19_recoded,5602,Nieuw-Vlaamse Alliantie,Nieuw-Vlaamse Alliantie,36,link,answer
2024,BE,Wallonia,q19_recoded,5690,Mouvement Réformateur,Mouvement Réformateur,789,link,answer
2024,BE,Wallonia,q19_recoded,5691,Parti Socialiste,Parti Socialiste,500,link,answer
2024,BE,Wallonia,q19_recoded,5692,Les Engagés,Parti Social Chrétien — Centre démocrate humaniste,633,name,answer
2024,BE,Wallonia,q19_recoded,5693,Parti du travail de Belgique,Partij van de Arbeid van België — Parti du Travail de Belgique,1753,link,answer
2024,BE,Wallonia,q19_recoded,5694,Écologistes Confédérés pour l'organisation de luttes originales,Écologistes Confédérés pour l'organisation de luttes originales,1563,link,answer
2024,BE,Wallonia,q19_recoded,5695,Démocrate fédéraliste indépendant,Front Démocratique des Francophones / DéFI,698,link,answer
2024,BE,Wallonia,q19_recoded,5697,Chez Nous,Chez Nous [og],,hand,answer
2024,BE,Wallonia,q1a_recoded,88,,none,,special,answer
2024,BE,Wallonia,q1a_recoded,90,,other,,special,answer
2024,BE,Wallonia,q1a_recoded,96,,,,special,answer
2024,BE,Wallonia,q1a_recoded,98,,dont-know,,special,answer
2024,BE,Wallonia,q1a_recoded,5601,Vlaams Belang,Vlaams Belang,1968,link,answer
2024,BE,Wallonia,q1a_recoded,5602,Nieuw-Vlaamse Alliantie,Nieuw-Vlaamse Alliantie,36,link,answer
2024,BE,Wallonia,q1a_recoded,5603,Christen-Democratisch en Vlaams,Christen-Democratisch en Vlaams,604,link,answer
2024,BE,Wallonia,q1a_recoded,5690,Mouvement Réformateur,Mouvement Réformateur,789,link,answer
2024,BE,Wallonia,q1a_recoded,5691,Parti Socialiste,Parti Socialiste,500,link,answer
2024,BE,Wallonia,q1a_recoded,5692,Les Engagés,Parti Social Chrétien — Centre démocrate humaniste,633,name,answer
2024,BE,Wallonia,q1a_recoded,5693,Parti du travail de Belgique,Partij van de Arbeid van België — Parti du Travail de Belgique,1753,link,answer
2024,BE,Wallonia,q1a_recoded,5694,Écologistes Confédérés pour l'organisation de luttes originales,Écologistes Confédérés pour l'organisation de luttes originales,1563,link,answer
2024,BE,Wallonia,q1a_recoded,5695,Démocrate fédéraliste indépendant,Front Démocratique des Francophones / DéFI,698,link,answer
2024,BE,Wallonia,q1a_recoded,5697,Chez Nous,Chez Nous [og],,hand,answer
2024,BE,Wallonia,q20_1,5691,Parti Socialiste,Parti Socialiste,500,link,battery
2024,BE,Wallonia,q20_2,5692,Les Engagés,Parti Social Chrétien — Centre démocrate humaniste,633,name,battery
2024,BE,Wallonia,q20_3,5693,Parti du travail de Belgique,Partij van de Arbeid van België — Parti du Travail de Belgique,1753,link,battery
2024,BE,Wallonia,q20_4,5694,Écologistes Confédérés pour l'organisation de luttes originales,Écologistes Confédérés pour l'organisation de luttes originales,1563,link,battery
2024,BE,Wallonia,q20_5,5695,Démocrate fédéraliste indépendant,Front Démocratique des Francophones / DéFI,698,link,battery
2024,BE,Wallonia,q20_6,5690,Mouvement Réformateur,Mouvement Réformateur,789,link,battery
2024,BE,Wallonia,q20_7,5697,Chez Nous,Chez Nous [og],,hand,battery
2024,BE,Wallonia,q6_recoded,90,,other,,special,answer
2024,BE,Wallonia,q6_recoded,91,,blank-invalid,,special,answer
2024,BE,Wallonia,q6_recoded,96,,did-not-vote,,special,answer
2024,BE,Wallonia,q6_recoded,97,,refused,,special,answer
2024,BE,Wallonia,q6_recoded,98,,dont-know,,special,answer
2024,BE,Wallonia,q6_recoded,5601,Vlaams Belang,Vlaams Belang,1968,link,answer
2024,BE,Wallonia,q6_recoded,5602,Nieuw-Vlaamse Alliantie,Nieuw-Vlaamse Alliantie,36,link,answer
2024,BE,Wallonia,q6_recoded,5603,Christen-Democratisch en Vlaams,Christen-Democratisch en Vlaams,604,link,answer
2024,BE,Wallonia,q6_recoded,5604,Vooruit,Socialistische Partij Anders — Vooruit,1680,link,answer
2024,BE,Wallonia,q6_recoded,5606,Open Vlaamse Liberalen en Democraten,Partij voor Vrijheid en Vooruitgang — Open Vlaamse Liberalen en Democraten,49,link,answer
2024,BE,Wallonia,q6_recoded,5607,Partij van de Arbeid van België,Partij van de Arbeid van België — Parti du Travail de Belgique,1753,link,answer
2024,BE,Wallonia,q6_recoded,5690,Mouvement Réformateur,Mouvement Réformateur,789,link,answer
2024,BE,Wallonia,q6_recoded,5691,Parti Socialiste,Parti Socialiste,500,link,answer
2024,BE,Wallonia,q6_recoded,5692,Les Engagés,Parti Social Chrétien — Centre démocrate humaniste,633,name,answer
2024,BE,Wallonia,q6_recoded,5693,Parti du travail de Belgique,Partij van de Arbeid van België — Parti du Travail de Belgique,1753,link,answer
2024,BE,Wallonia,q6_recoded,5694,Écologistes Confédérés pour l'organisation de luttes originales,Écologistes Confédérés pour l'organisation de luttes originales,1563,link,answer
2024,BE,Wallonia,q6_recoded,5695,Démocrate fédéraliste indépendant,Front Démocratique des Francophones / DéFI,698,link,answer
2024,BE,Wallonia,q6_recoded,5696,Anticapitalistes,Anticapitalistes [og],,hand,answer
2024,BE,Wallonia,q6_recoded,5697,Chez Nous,Chez Nous [og],,hand,answer
2024,BE,Wallonia,q6_recoded,5698,Parti BLANCO,Parti BLANCO [og],,hand,answer
2024,BE,Wallonia,q6_recoded,5699,Collectif Citoyen,Collectif Citoyen [og],,hand,answer
2024,BE,Wallonia,q8_recoded,90,,other,,special,answer
2024,BE,Wallonia,q8_recoded,91,,blank-invalid,,special,answer
2024,BE,Wallonia,q8_recoded,96,,did-not-vote,,special,answer
2024,BE,Wallonia,q8_recoded,98,,dont-know,,special,answer
2024,BE,Wallonia,q8_recoded,5602,Nieuw-Vlaamse Alliantie,Nieuw-Vlaamse Alliantie,36,link,answer
2024,BE,Wallonia,q8_recoded,5603,Christen-Democratisch en Vlaams,Christen-Democratisch en Vlaams,604,link,answer
2024,BE,Wallonia,q8_recoded,5604,Vooruit,Socialistische Partij Anders — Vooruit,1680,link,answer
2024,BE,Wallonia,q8_recoded,5606,Open Vlaamse Liberalen en Democraten,Partij voor Vrijheid en Vooruitgang — Open Vlaamse Liberalen en Democraten,49,link,answer
2024,BE,Wallonia,q8_recoded,5607,Partij van de Arbeid van België,Partij van de Arbeid van België — Parti du Travail de Belgique,1753,link,answer
2024,BE,Wallonia,q8_recoded,5690,Mouvement Réformateur,Mouvement Réformateur,789,link,answer
2024,BE,Wallonia,q8_recoded,5691,Parti Socialiste,Parti Socialiste,500,link,answer
2024,BE,Wallonia,q8_recoded,5692,Les Engagés,Parti Social Chrétien — Centre démocrate humaniste,633,name,answer
2024,BE,Wallonia,q8_recoded,5693,Parti du travail de Belgique,Partij van de Arbeid van België — Parti du Travail de Belgique,1753,link,answer
2024,BE,Wallonia,q8_recoded,5694,Écologistes Confédérés pour l'organisation de luttes originales,Écologistes Confédérés pour l'organisation de luttes originales,1563,link,answer
2024,BE,Wallonia,q8_recoded,5695,Démocrate fédéraliste indépendant,Front Démocratique des Francophones / DéFI,698,link,answer
2024,BE,Wallonia,q9_1,5691,Parti Socialiste,Parti Socialiste,500,link,battery
2024,BE,Wallonia,q9_2,5692,Les Engagés,Parti Social Chrétien — Centre démocrate humaniste,633,name,battery
2024,BE,Wallonia,q9_3,5693,Parti du travail de Belgique,Partij van de Arbeid van België — Parti du Travail de Belgique,1753,link,battery
2024,BE,Wallonia,q9_4,5694,Écologistes Confédérés pour l'organisation de luttes originales,Écologistes Confédérés pour l'organisation de luttes originales,1563,link,battery
2024,BE,Wallonia,q9_5,5695,Démocrate fédéraliste indépendant,Front Démocratique des Francophones / DéFI,698,link,battery
2024,BE,Wallonia,q9_6,5690,Mouvement Réformateur,Mouvement Réformateur,789,link,battery
2024,BE,Wallonia,q9_7,5697,Chez Nous,Chez Nous [og],,hand,battery
2024,BG,,q11_1,10022,Grazhdani za Evropeisko Razvitie Balgariya,Grazhdani za evropeysko razvitie na Balgariya,760,link,battery
2024,BG,,q11_2,10023,Prodalzhavame promyanata,Prodalzhavame promyanata,8994,link,battery
2024,BG,,q11_3,10024,Demokratichna Bŭlgariya,Demokratichna Bulgaria,9083,hand,battery
2024,BG,,q11_4,10002,Dvizhenie za prava i svobodi,Dvizhenie za prava i svobodi,982,link,battery
2024,BG,,q11_5,10025,Bulgarska sotsialisticheska partiya,Bălgarska Socialističeska Partija,757,hand,battery
2024,BG,,q11_6,10006,Ima Takŭv Narod,Ima takav narod,8992,hand,battery
2024,BG,,q11_7,10004,Vazrazhdane,Vazrazhdane,5862,link,battery
2024,BG,,q18_1,10022,Grazhdani za Evropeisko Razvitie Balgariya,Grazhdani za evropeysko razvitie na Balgariya,760,link,battery
2024,BG,,q18_2,10023,Prodalzhavame promyanata,Prodalzhavame promyanata,8994,link,battery
2024,BG,,q18_3,10024,Demokratichna Bŭlgariya,Demokratichna Bulgaria,9083,hand,battery
2024,BG,,q18_4,10002,Dvizhenie za prava i svobodi,Dvizhenie za prava i svobodi,982,link,battery
2024,BG,,q18_5,10025,Bulgarska sotsialisticheska partiya,Bălgarska Socialističeska Partija,757,hand,battery
2024,BG,,q18_6,10006,Ima Takŭv Narod,Ima takav narod,8992,hand,battery
2024,BG,,q18_7,10004,Vazrazhdane,Vazrazhdane,5862,link,battery
2024,BG,,q19_recoded,88,,none,,special,answer
2024,BG,,q19_recoded,90,,other,,special,answer
2024,BG,,q19_recoded,98,,dont-know,,special,answer
2024,BG,,q19_recoded,10002,Dvizhenie za prava i svobodi,Dvizhenie za prava i svobodi,982,link,answer
2024,BG,,q19_recoded,10004,Vazrazhdane,Vazrazhdane,5862,link,answer
2024,BG,,q19_recoded,10006,Ima Takŭv Narod,Ima takav narod,8992,hand,answer
2024,BG,,q19_recoded,10016,Balgarski vazhod,Balgarski vazhod,9060,link,answer
2024,BG,,q19_recoded,10022,Grazhdani za Evropeisko Razvitie Balgariya,Grazhdani za evropeysko razvitie na Balgariya,760,link,answer
2024,BG,,q19_recoded,10023,Prodalzhavame promyanata,Prodalzhavame promyanata,8994,link,answer
2024,BG,,q19_recoded,10024,Demokratichna Bŭlgariya,Demokratichna Bulgaria,9083,hand,answer
2024,BG,,q19_recoded,10025,Bulgarska sotsialisticheska partiya,Bălgarska Socialističeska Partija,757,hand,answer
2024,BG,,q1a_recoded,88,,none,,special,answer
2024,BG,,q1a_recoded,90,,other,,special,answer
2024,BG,,q1a_recoded,96,,,,special,answer
2024,BG,,q1a_recoded,98,,dont-know,,special,answer
2024,BG,,q1a_recoded,10002,Dvizhenie za prava i svobodi,Dvizhenie za prava i svobodi,982,link,answer
2024,BG,,q1a_recoded,10004,Vazrazhdane,Vazrazhdane,5862,link,answer
2024,BG,,q1a_recoded,10006,Ima Takŭv Narod,Ima takav narod,8992,hand,answer
2024,BG,,q1a_recoded,10022,Grazhdani za Evropeisko Razvitie Balgariya,Grazhdani za evropeysko razvitie na Balgariya,760,link,answer
2024,BG,,q1a_recoded,10023,Prodalzhavame promyanata,Prodalzhavame promyanata,8994,link,answer
2024,BG,,q1a_recoded,10024,Demokratichna Bŭlgariya,Demokratichna Bulgaria,9083,hand,answer
2024,BG,,q1a_recoded,10025,Bulgarska sotsialisticheska partiya,Bălgarska Socialističeska Partija,757,hand,answer
2024,BG,,q20_1,10022,Grazhdani za Evropeisko Razvitie Balgariya,Grazhdani za evropeysko razvitie na Balgariya,760,link,battery
2024,BG,,q20_2,10023,Prodalzhavame promyanata,Prodalzhavame promyanata,8994,link,battery
2024,BG,,q20_3,10024,Demokratichna Bŭlgariya,Demokratichna Bulgaria,9083,hand,battery
2024,BG,,q20_4,10002,Dvizhenie za prava i svobodi,Dvizhenie za prava i svobodi,982,link,battery
2024,BG,,q20_5,10025,Bulgarska sotsialisticheska partiya,Bălgarska Socialističeska Partija,757,hand,battery
2024,BG,,q20_6,10006,Ima Takŭv Narod,Ima takav narod,8992,hand,battery
2024,BG,,q20_7,10004,Vazrazhdane,Vazrazhdane,5862,link,battery
2024,BG,,q6_recoded,89,,independent,,special,answer
2024,BG,,q6_recoded,90,,other,,special,answer
2024,BG,,q6_recoded,91,,blank-invalid,,special,answer
2024,BG,,q6_recoded,96,,did-not-vote,,special,answer
2024,BG,,q6_recoded,97,,refused,,special,answer
2024,BG,,q6_recoded,98,,dont-know,,special,answer
2024,BG,,q6_recoded,10001,Grazhdani za Evropeisko Razvitie Balgariya - Sayuz na demokratichnite sili (GERB- SDS),Grazhdani za Evropeisko Razvitie Balgariya - Sayuz na demokratichnite sili (GERB- SDS) [og],,hand,answer
2024,BG,,q6_recoded,10002,Dvizhenie za prava i svobodi,Dvizhenie za prava i svobodi,982,link,answer
2024,BG,,q6_recoded,10003,Prodalzhavame promyanata - Demokratichna Balgariya,Prodalzhavame promyanata - Demokratichna Balgariya [og],,hand,answer
2024,BG,,q6_recoded,10004,Vazrazhdane,Vazrazhdane,5862,link,answer
2024,BG,,q6_recoded,10005,BSP za Bŭlgariya,Bălgarska Socialističeska Partija,757,link,answer
2024,BG,,q6_recoded,10006,Ima Takŭv Narod,Ima takav narod,8992,hand,answer
2024,BG,,q6_recoded,10007,Velichie,Velichie,9811,name,answer
2024,BG,,q6_recoded,10008,,,,undocumented,answer
2024,BG,,q6_recoded,10009,Bulgarsko Natsionalno Dvizhenie,VMRO — Bulgarsko Natsionalno Dvizhenie,2056,link,answer
2024,BG,,q6_recoded,10010,Sinya Bŭlgariya,Sinya Bŭlgariya [og],,hand,answer
2024,BG,,q6_recoded,10011,Solidarna Bŭlgariya,Solidarna Bŭlgariya [og],,hand,answer
2024,BG,,q6_recoded,10012,Tsentŭr,Tsentŭr [og],,hand,answer
2024,BG,,q6_recoded,10013,,,,undocumented,answer
2024,BG,,q6_recoded,10014,Kuzman Iliev,independent,,hand,answer
2024,BG,,q6_recoded,10015,Levitsata!,Levitsata! [og],,hand,answer
2024,BG,,q6_recoded,10016,Balgarski vazhod,Balgarski vazhod,9060,link,answer
2024,BG,,q6_recoded,10017,Zeleno dvizhenie,Zeleno dvizhenie [og],,hand,answer
2024,BG,,q6_recoded,10018,Glas naroden,Glas Naroden,2024,name,answer
2024,BG,,q6_recoded,10019,Pryaka demokratsiya,Pryaka demokratsiya [og],,hand,answer
2024,BG,,q6_recoded,10020,Nie idvame,Nie idvame [og],,hand,answer
2024,BG,,q6_recoded,10021,,,,undocumented,answer
2024,BG,,q8_recoded,90,,other,,special,answer
2024,BG,,q8_recoded,91,,blank-invalid,,special,answer
2024,BG,,q8_recoded,96,,did-not-vote,,special,answer
2024,BG,,q8_recoded,98,,dont-know,,special,answer
2024,BG,,q8_recoded,10001,Grazhdani za Evropeisko Razvitie Balgariya - Sayuz na demokratichnite sili (GERB- SDS),Grazhdani za Evropeisko Razvitie Balgariya - Sayuz na demokratichnite sili (GERB- SDS) [og],,hand,answer
2024,BG,,q8_recoded,10002,Dvizhenie za prava i svobodi,Dvizhenie za prava i svobodi,982,link,answer
2024,BG,,q8_recoded,10003,Prodalzhavame promyanata - Demokratichna Balgariya,Prodalzhavame promyanata - Demokratichna Balgariya [og],,hand,answer
2024,BG,,q8_recoded,10004,Vazrazhdane,Vazrazhdane,5862,link,answer
2024,BG,,q8_recoded,10005,BSP za Bŭlgariya,Bălgarska Socialističeska Partija,757,link,answer
2024,BG,,q8_recoded,10006,Ima Takŭv Narod,Ima takav narod,8992,hand,answer
2024,BG,,q8_recoded,10016,Balgarski vazhod,Balgarski vazhod,9060,link,answer
2024,BG,,q9_1,10022,Grazhdani za Evropeisko Razvitie Balgariya,Grazhdani za evropeysko razvitie na Balgariya,760,link,battery
2024,BG,,q9_2,10023,Prodalzhavame promyanata,Prodalzhavame promyanata,8994,link,battery
2024,BG,,q9_3,10024,Demokratichna Bŭlgariya,Demokratichna Bulgaria,9083,hand,battery
2024,BG,,q9_4,10002,Dvizhenie za prava i svobodi,Dvizhenie za prava i svobodi,982,link,battery
2024,BG,,q9_5,10025,Bulgarska sotsialisticheska partiya,Bălgarska Socialističeska Partija,757,hand,battery
2024,BG,,q9_6,10006,Ima Takŭv Narod,Ima takav narod,8992,hand,battery
2024,BG,,q9_7,10004,Vazrazhdane,Vazrazhdane,5862,link,battery
2024,CZ,,q11_1,20301,Akce nespokojených občanů,Akce nespokojených občanů,2141,link,battery
2024,CZ,,q11_2,20319,Občanská demokratická strana,Občanská demokratická strana,466,link,battery
2024,CZ,,q11_3,20306,Pirátská strana,Ceska piratska strana,2047,link,battery
2024,CZ,,q11_4,20323,Strana přímé demokracie Tomio Okamura,Svoboda a přímá demokracie,6125,hand,battery
2024,CZ,,q11_5,20305,Starostové a osobnosti pro Evropu,Starostové a nezávislí,1707,hand,battery
2024,CZ,,q11_6,20320,Tradice Odpovědnost Prosperita 09,Tradice Odpovědnost Prosperita 09,223,link,battery
2024,CZ,,q11_7,20309,Sociální demokracie,Česká strana sociálně demokratická,177,link,battery
2024,CZ,,q11_8,20322,Komunistická strana Čech a Moravy,Komunistická strana Cech a Moravy,1728,link,battery
2024,CZ,,q18_1,20301,Akce nespokojených občanů,Akce nespokojených občanů,2141,link,battery
2024,CZ,,q18_2,20319,Občanská demokratická strana,Občanská demokratická strana,466,link,battery
2024,CZ,,q18_3,20306,Pirátská strana,Ceska piratska strana,2047,link,battery
2024,CZ,,q18_4,20323,Strana přímé demokracie Tomio Okamura,Svoboda a přímá demokracie,6125,hand,battery
2024,CZ,,q18_5,20305,Starostové a osobnosti pro Evropu,Starostové a nezávislí,1707,hand,battery
2024,CZ,,q18_6,20320,Tradice Odpovědnost Prosperita 09,Tradice Odpovědnost Prosperita 09,223,link,battery
2024,CZ,,q18_7,20309,Sociální demokracie,Česká strana sociálně demokratická,177,link,battery
2024,CZ,,q18_8,20322,Komunistická strana Čech a Moravy,Komunistická strana Cech a Moravy,1728,link,battery
2024,CZ,,q19_recoded,88,,none,,special,answer
2024,CZ,,q19_recoded,90,,other,,special,answer
2024,CZ,,q19_recoded,98,,dont-know,,special,answer
2024,CZ,,q19_recoded,20301,Akce nespokojených občanů,Akce nespokojených občanů,2141,link,answer
2024,CZ,,q19_recoded,20303,Přísaha a Motoristé,Přísaha,9002,name,answer
2024,CZ,,q19_recoded,20304,"Koalice Stačilo (KSČM+ČSNS, SD-SN)","Koalice Stačilo (KSČM+ČSNS, SD-SN) [og]",,hand,answer
2024,CZ,,q19_recoded,20305,Starostové a osobnosti pro Evropu,Starostové a nezávislí,1707,hand,answer
2024,CZ,,q19_recoded,20306,Pirátská strana,Ceska piratska strana,2047,link,answer
2024,CZ,,q19_recoded,20308,Právo Respekt Odbornost,Právo Respekt Odbornost,9813,name,answer
2024,CZ,,q19_recoded,20309,Sociální demokracie,Česká strana sociálně demokratická,177,link,answer
2024,CZ,,q19_recoded,20310,Svobodní,Strana svobodných občanů,254,name,answer
2024,CZ,,q19_recoded,20311,Strana zelených,Strana zelených,1554,name,answer
2024,CZ,,q19_recoded,20316,Česká republika na 199 místě!,Česká republika na 199 místě! [og],,hand,answer
2024,CZ,,q19_recoded,20318,Liberální aliance nezávislých občanů,Liberální aliance nezávislých občanů [og],,hand,answer
2024,CZ,,q19_recoded,20319,Občanská demokratická strana,Občanská demokratická strana,466,link,answer
2024,CZ,,q19_recoded,20320,Tradice Odpovědnost Prosperita 09,Tradice Odpovědnost Prosperita 09,223,link,answer
2024,CZ,,q19_recoded,20321,Křesťanská a Demokratická Unie – Československá Strana Lidová,Křesťanská a demokratická unie / Československá strana lidová,676,link,answer
2024,CZ,,q19_recoded,20322,Komunistická strana Čech a Moravy,Komunistická strana Cech a Moravy,1728,link,answer
2024,CZ,,q19_recoded,20323,Strana přímé demokracie Tomio Okamura,Svoboda a přímá demokracie,6125,hand,answer
2024,CZ,,q19_recoded,20325,PŘÍSAHA občanské hnutí,Přísaha,9002,link,answer
2024,CZ,,q19_recoded,20327,Moravané,Moravané [og],,hand,answer
2024,CZ,,q19_recoded,20330,Motoristé sobě,Motoristé sobě [og],,hand,answer
2024,CZ,,q19_recoded,20331,Aliance národních sil,Aliance národních sil [og],,hand,answer
2024,CZ,,q1a_recoded,88,,none,,special,answer
2024,CZ,,q1a_recoded,90,,other,,special,answer
2024,CZ,,q1a_recoded,96,,,,special,answer
2024,CZ,,q1a_recoded,98,,dont-know,,special,answer
2024,CZ,,q1a_recoded,20301,Akce nespokojených občanů,Akce nespokojených občanů,2141,link,answer
2024,CZ,,q1a_recoded,20302,SPOLU (ODS+TOP 09+KDU-ČSL),SPOLU (ODS+TOP 09+KDU-ČSL) [og],,hand,answer
2024,CZ,,q1a_recoded,20303,Přísaha a Motoristé,Přísaha,9002,name,answer
2024,CZ,,q1a_recoded,20304,"Koalice Stačilo (KSČM+ČSNS, SD-SN)","Koalice Stačilo (KSČM+ČSNS, SD-SN) [og]",,hand,answer
2024,CZ,,q1a_recoded,20305,Starostové a osobnosti pro Evropu,Starostové a nezávislí,1707,hand,answer
2024,CZ,,q1a_recoded,20306,Pirátská strana,Ceska piratska strana,2047,link,answer
2024,CZ,,q1a_recoded,20308,Právo Respekt Odbornost,Právo Respekt Odbornost,9813,name,answer
2024,CZ,,q1a_recoded,20309,Sociální demokracie,Česká strana sociálně demokratická,177,link,answer
2024,CZ,,q1a_recoded,20310,Svobodní,Strana svobodných občanů,254,name,answer
2024,CZ,,q1a_recoded,20311,Strana zelených,Strana zelených,1554,name,answer
2024,CZ,,q1a_recoded,20316,Česká republika na 199 místě!,Česká republika na 199 místě! [og],,hand,answer
2024,CZ,,q1a_recoded,20318,Liberální aliance nezávislých občanů,Liberální aliance nezávislých občanů [og],,hand,answer
2024,CZ,,q1a_recoded,20319,Občanská demokratická strana,Občanská demokratická strana,466,link,answer
2024,CZ,,q1a_recoded,20320,Tradice Odpovědnost Prosperita 09,Tradice Odpovědnost Prosperita 09,223,link,answer
2024,CZ,,q1a_recoded,20321,Křesťanská a Demokratická Unie – Československá Strana Lidová,Křesťanská a demokratická unie / Československá strana lidová,676,link,answer
2024,CZ,,q1a_recoded,20322,Komunistická strana Čech a Moravy,Komunistická strana Cech a Moravy,1728,link,answer
2024,CZ,,q1a_recoded,20323,Strana přímé demokracie Tomio Okamura,Svoboda a přímá demokracie,6125,hand,answer
2024,CZ,,q1a_recoded,20325,PŘÍSAHA občanské hnutí,Přísaha,9002,link,answer
2024,CZ,,q1a_recoded,20330,Motoristé sobě,Motoristé sobě [og],,hand,answer
2024,CZ,,q20_1,20301,Akce nespokojených občanů,Akce nespokojených občanů,2141,link,battery
2024,CZ,,q20_2,20319,Občanská demokratická strana,Občanská demokratická strana,466,link,battery
2024,CZ,,q20_3,20306,Pirátská strana,Ceska piratska strana,2047,link,battery
2024,CZ,,q20_4,20323,Strana přímé demokracie Tomio Okamura,Svoboda a přímá demokracie,6125,hand,battery
2024,CZ,,q20_5,20305,Starostové a osobnosti pro Evropu,Starostové a nezávislí,1707,hand,battery
2024,CZ,,q20_6,20320,Tradice Odpovědnost Prosperita 09,Tradice Odpovědnost Prosperita 09,223,link,battery
2024,CZ,,q20_7,20309,Sociální demokracie,Česká strana sociálně demokratická,177,link,battery
2024,CZ,,q20_8,20322,Komunistická strana Čech a Moravy,Komunistická strana Cech a Moravy,1728,link,battery
2024,CZ,,q6_recoded,90,,other,,special,answer
2024,CZ,,q6_recoded,91,,blank-invalid,,special,answer
2024,CZ,,q6_recoded,96,,did-not-vote,,special,answer
2024,CZ,,q6_recoded,98,,dont-know,,special,answer
2024,CZ,,q6_recoded,20301,Akce nespokojených občanů,Akce nespokojených občanů,2141,link,answer
2024,CZ,,q6_recoded,20302,SPOLU (ODS+TOP 09+KDU-ČSL),SPOLU (ODS+TOP 09+KDU-ČSL) [og],,hand,answer
2024,CZ,,q6_recoded,20303,Přísaha a Motoristé,Přísaha,9002,name,answer
2024,CZ,,q6_recoded,20304,"Koalice Stačilo (KSČM+ČSNS, SD-SN)","Koalice Stačilo (KSČM+ČSNS, SD-SN) [og]",,hand,answer
2024,CZ,,q6_recoded,20305,Starostové a osobnosti pro Evropu,Starostové a nezávislí,1707,hand,answer
2024,CZ,,q6_recoded,20306,Pirátská strana,Ceska piratska strana,2047,link,answer
2024,CZ,,q6_recoded,20307,Koalice SPD + Trikolora,Koalice SPD + Trikolora [og],,hand,answer
2024,CZ,,q6_recoded,20308,Právo Respekt Odbornost,Právo Respekt Odbornost,9813,name,answer
2024,CZ,,q6_recoded,20309,Sociální demokracie,Česká strana sociálně demokratická,177,link,answer
2024,CZ,,q6_recoded,20310,Svobodní,Strana svobodných občanů,254,name,answer
2024,CZ,,q6_recoded,20311,Strana zelených,Strana zelených,1554,name,answer
2024,CZ,,q6_recoded,20312,Aliance za nezávislost ČR,Aliance za nezávislost ČR [og],,hand,answer
2024,CZ,,q6_recoded,20313,Demokratická strana zelených – Za práva zvířat,Demokratická strana zelených – Za práva zvířat [og],,hand,answer
2024,CZ,,q6_recoded,20314,Sen21 & Volt Česká republika,Sen21 & Volt Česká republika [og],,hand,answer
2024,CZ,,q6_recoded,20315,ČSSD – Česká suverenita sociální demokracie,Suverenita — blok Jany Bobošíkové,293,hand,answer
2024,CZ,,q6_recoded,20316,Česká republika na 199 místě!,Česká republika na 199 místě! [og],,hand,answer
2024,CZ,,q6_recoded,20317,Mourek - politická strana,Mourek - politická strana [og],,hand,answer
2024,CZ,,q6_recoded,20318,Liberální aliance nezávislých občanů,Liberální aliance nezávislých občanů [og],,hand,answer
2024,CZ,,q8_recoded,90,,other,,special,answer
2024,CZ,,q8_recoded,91,,blank-invalid,,special,answer
2024,CZ,,q8_recoded,96,,did-not-vote,,special,answer
2024,CZ,,q8_recoded,98,,dont-know,,special,answer
2024,CZ,,q8_recoded,20301,Akce nespokojených občanů,Akce nespokojených občanů,2141,link,answer
2024,CZ,,q8_recoded,20302,SPOLU (ODS+TOP 09+KDU-ČSL),SPOLU (ODS+TOP 09+KDU-ČSL) [og],,hand,answer
2024,CZ,,q8_recoded,20308,Právo Respekt Odbornost,Právo Respekt Odbornost,9813,name,answer
2024,CZ,,q8_recoded,20309,Sociální demokracie,Česká strana sociálně demokratická,177,link,answer
2024,CZ,,q8_recoded,20311,Strana zelených,Strana zelených,1554,name,answer
2024,CZ,,q8_recoded,20313,Demokratická strana zelených – Za práva zvířat,Demokratická strana zelených – Za práva zvířat [og],,hand,answer
2024,CZ,,q8_recoded,20315,ČSSD – Česká suverenita sociální demokracie,Suverenita — blok Jany Bobošíkové,293,hand,answer
2024,CZ,,q8_recoded,20322,Komunistická strana Čech a Moravy,Komunistická strana Cech a Moravy,1728,link,answer
2024,CZ,,q8_recoded,20323,Strana přímé demokracie Tomio Okamura,Svoboda a přímá demokracie,6125,hand,answer
2024,CZ,,q8_recoded,20324,"Koalice PirSTAN (Piráti, STAN)","Koalice PirSTAN (Piráti, STAN) [og]",,hand,answer
2024,CZ,,q8_recoded,20325,PŘÍSAHA občanské hnutí,Přísaha,9002,link,answer
2024,CZ,,q8_recoded,20326,Tricolor-Svobodni-Soukromníci,Tricolor-Svobodni-Soukromníci [og],,hand,answer
2024,CZ,,q8_recoded,20327,Moravané,Moravané [og],,hand,answer
2024,CZ,,q8_recoded,20328,"Koruna Česká (monarchistická strana Čech, Moravy a Slezska","Koruna Česká (monarchistická strana Čech, Moravy a Slezska [og]",,hand,answer
2024,CZ,,q8_recoded,20329,Nevolte Urza.cz,Nevolte Urza.cz [og],,hand,answer
2024,CZ,,q9_1,20301,Akce nespokojených občanů,Akce nespokojených občanů,2141,link,battery
2024,CZ,,q9_2,20319,Občanská demokratická strana,Občanská demokratická strana,466,link,battery
2024,CZ,,q9_3,20306,Pirátská strana,Ceska piratska strana,2047,link,battery
2024,CZ,,q9_4,20323,Strana přímé demokracie Tomio Okamura,Svoboda a přímá demokracie,6125,hand,battery
2024,CZ,,q9_5,20305,Starostové a osobnosti pro Evropu,Starostové a nezávislí,1707,hand,battery
2024,CZ,,q9_6,20320,Tradice Odpovědnost Prosperita 09,Tradice Odpovědnost Prosperita 09,223,link,battery
2024,CZ,,q9_7,20309,Sociální demokracie,Česká strana sociálně demokratická,177,link,battery
2024,CZ,,q9_8,20322,Komunistická strana Čech a Moravy,Komunistická strana Cech a Moravy,1728,link,battery
2024,DE,,q11_1,27601,Christlich Demokratische Union / Christlich Soziale Union,Christlich Demokratische Union / Christlich Soziale Union,211,link,battery
2024,DE,,q11_2,27603,Sozialdemokratische Partei Deutschlands,Sozialdemokratische Partei Deutschlands,383,link,battery
2024,DE,,q11_3,27606,Freie Demokratische Partei,Freie Demokratische Partei,573,link,battery
2024,DE,,q11_4,27604,Bündnis 90/Die Grünen,Bündnis 90 / Die Grünen,1816,link,battery
2024,DE,,q11_5,27607,Die Linke,Die Linke,1545,link,battery
2024,DE,,q11_6,27602,Alternative für Deutschland,Alternative für Deutschland,1976,link,battery
2024,DE,,q11_7,27605,Bündnis Sahra Wagenknecht,Bündnis Sahra Wagenknecht,9646,name,battery
2024,DE,,q18_1,27601,Christlich Demokratische Union / Christlich Soziale Union,Christlich Demokratische Union / Christlich Soziale Union,211,link,battery
2024,DE,,q18_2,27603,Sozialdemokratische Partei Deutschlands,Sozialdemokratische Partei Deutschlands,383,link,battery
2024,DE,,q18_3,27606,Freie Demokratische Partei,Freie Demokratische Partei,573,link,battery
2024,DE,,q18_4,27604,Bündnis 90/Die Grünen,Bündnis 90 / Die Grünen,1816,link,battery
2024,DE,,q18_5,27607,Die Linke,Die Linke,1545,link,battery
2024,DE,,q18_6,27602,Alternative für Deutschland,Alternative für Deutschland,1976,link,battery
2024,DE,,q18_7,27605,Bündnis Sahra Wagenknecht,Bündnis Sahra Wagenknecht,9646,name,battery
2024,DE,,q19_recoded,88,,none,,special,answer
2024,DE,,q19_recoded,90,,other,,special,answer
2024,DE,,q19_recoded,97,,refused,,special,answer
2024,DE,,q19_recoded,98,,dont-know,,special,answer
2024,DE,,q19_recoded,27601,Christlich Demokratische Union / Christlich Soziale Union,Christlich Demokratische Union / Christlich Soziale Union,211,link,answer
2024,DE,,q19_recoded,27602,Alternative für Deutschland,Alternative für Deutschland,1976,link,answer
2024,DE,,q19_recoded,27603,Sozialdemokratische Partei Deutschlands,Sozialdemokratische Partei Deutschlands,383,link,answer
2024,DE,,q19_recoded,27604,Bündnis 90/Die Grünen,Bündnis 90 / Die Grünen,1816,link,answer
2024,DE,,q19_recoded,27605,Bündnis Sahra Wagenknecht,Bündnis Sahra Wagenknecht,9646,name,answer
2024,DE,,q19_recoded,27606,Freie Demokratische Partei,Freie Demokratische Partei,573,link,answer
2024,DE,,q19_recoded,27607,Die Linke,Die Linke,1545,link,answer
2024,DE,,q19_recoded,27608,Freie Wähler,Freie Wähler,1090,link,answer
2024,DE,,q19_recoded,27609,Volt Deutschland,Volt Deutschland [og],,hand,answer
2024,DE,,q19_recoded,27610,Die PARTEI,Die PARTEI,6126,link,answer
2024,DE,,q19_recoded,27611,Tierschutzpartei,Tierschutzpartei,749,link,answer
2024,DE,,q19_recoded,27612,Ökologisch-Demokratische Partei,Ökologisch-Demokratische Partei,7345,link,answer
2024,DE,,q19_recoded,27615,Piratenpartei,Piratenpartei Deutschland,1287,link,answer
2024,DE,,q19_recoded,27616,Bündnis Deutschland,Bündnis Deutschland [og],,hand,answer
2024,DE,,q19_recoded,27617,Demokratische Allianz für Vielfalt und Aufbruch,Demokratische Allianz für Vielfalt und Aufbruch [og],,hand,answer
2024,DE,,q19_recoded,27618,MERA25,MERA25 [og],,hand,answer
2024,DE,,q19_recoded,27620,Basisdemokratische Partei Deutschland,Basisdemokratische Partei Deutschland,8993,link,answer
2024,DE,,q19_recoded,27622,Bündnis C - Christen für Deutschland,Bündnis C - Christen für Deutschland [og],,hand,answer
2024,DE,,q19_recoded,27625,Deutsche Kommunistische Partei,Deutschkonservative Partei,2125,name,answer
2024,DE,,q19_recoded,27627,Südschleswigscher Wählerverband,Südschleswigscher Wählerverband,50,name,answer
2024,DE,,q1a_recoded,88,,none,,special,answer
2024,DE,,q1a_recoded,90,,other,,special,answer
2024,DE,,q1a_recoded,96,,,,special,answer
2024,DE,,q1a_recoded,98,,dont-know,,special,answer
2024,DE,,q1a_recoded,27601,Christlich Demokratische Union / Christlich Soziale Union,Christlich Demokratische Union / Christlich Soziale Union,211,link,answer
2024,DE,,q1a_recoded,27602,Alternative für Deutschland,Alternative für Deutschland,1976,link,answer
2024,DE,,q1a_recoded,27603,Sozialdemokratische Partei Deutschlands,Sozialdemokratische Partei Deutschlands,383,link,answer
2024,DE,,q1a_recoded,27604,Bündnis 90/Die Grünen,Bündnis 90 / Die Grünen,1816,link,answer
2024,DE,,q1a_recoded,27605,Bündnis Sahra Wagenknecht,Bündnis Sahra Wagenknecht,9646,name,answer
2024,DE,,q1a_recoded,27606,Freie Demokratische Partei,Freie Demokratische Partei,573,link,answer
2024,DE,,q1a_recoded,27607,Die Linke,Die Linke,1545,link,answer
2024,DE,,q1a_recoded,27609,Volt Deutschland,Volt Deutschland [og],,hand,answer
2024,DE,,q1a_recoded,27610,Die PARTEI,Die PARTEI,6126,link,answer
2024,DE,,q1a_recoded,27611,Tierschutzpartei,Tierschutzpartei,749,link,answer
2024,DE,,q1a_recoded,27615,Piratenpartei,Piratenpartei Deutschland,1287,link,answer
2024,DE,,q1a_recoded,27616,Bündnis Deutschland,Bündnis Deutschland [og],,hand,answer
2024,DE,,q1a_recoded,27621,Partei der Humanisten,Partei der Humanisten [og],,hand,answer
2024,DE,,q1a_recoded,27622,Bündnis C - Christen für Deutschland,Bündnis C - Christen für Deutschland [og],,hand,answer
2024,DE,,q1a_recoded,27626,Die Gerechtigkeitspartei – Team Todenhöfer,Die Gerechtigkeitspartei – Team Todenhöfer [og],,hand,answer
2024,DE,,q20_1,27601,Christlich Demokratische Union / Christlich Soziale Union,Christlich Demokratische Union / Christlich Soziale Union,211,link,battery
2024,DE,,q20_2,27603,Sozialdemokratische Partei Deutschlands,Sozialdemokratische Partei Deutschlands,383,link,battery
2024,DE,,q20_3,27606,Freie Demokratische Partei,Freie Demokratische Partei,573,link,battery
2024,DE,,q20_4,27604,Bündnis 90/Die Grünen,Bündnis 90 / Die Grünen,1816,link,battery
2024,DE,,q20_5,27607,Die Linke,Die Linke,1545,link,battery
2024,DE,,q20_6,27602,Alternative für Deutschland,Alternative für Deutschland,1976,link,battery
2024,DE,,q20_7,27605,Bündnis Sahra Wagenknecht,Bündnis Sahra Wagenknecht,9646,name,battery
2024,DE,,q6_recoded,90,,other,,special,answer
2024,DE,,q6_recoded,91,,blank-invalid,,special,answer
2024,DE,,q6_recoded,96,,did-not-vote,,special,answer
2024,DE,,q6_recoded,97,,refused,,special,answer
2024,DE,,q6_recoded,98,,dont-know,,special,answer
2024,DE,,q6_recoded,27601,Christlich Demokratische Union / Christlich Soziale Union,Christlich Demokratische Union / Christlich Soziale Union,211,link,answer
2024,DE,,q6_recoded,27602,Alternative für Deutschland,Alternative für Deutschland,1976,link,answer
2024,DE,,q6_recoded,27603,Sozialdemokratische Partei Deutschlands,Sozialdemokratische Partei Deutschlands,383,link,answer
2024,DE,,q6_recoded,27604,Bündnis 90/Die Grünen,Bündnis 90 / Die Grünen,1816,link,answer
2024,DE,,q6_recoded,27605,Bündnis Sahra Wagenknecht,Bündnis Sahra Wagenknecht,9646,name,answer
2024,DE,,q6_recoded,27606,Freie Demokratische Partei,Freie Demokratische Partei,573,link,answer
2024,DE,,q6_recoded,27607,Die Linke,Die Linke,1545,link,answer
2024,DE,,q6_recoded,27608,Freie Wähler,Freie Wähler,1090,link,answer
2024,DE,,q6_recoded,27609,Volt Deutschland,Volt Deutschland [og],,hand,answer
2024,DE,,q6_recoded,27610,Die PARTEI,Die PARTEI,6126,link,answer
2024,DE,,q6_recoded,27611,Tierschutzpartei,Tierschutzpartei,749,link,answer
2024,DE,,q6_recoded,27612,Ökologisch-Demokratische Partei,Ökologisch-Demokratische Partei,7345,link,answer
2024,DE,,q6_recoded,27613,Familien-Partei,Familien-Partei [og],,hand,answer
2024,DE,,q6_recoded,27614,Partei des Fortschritts,Partei des Fortschritts [og],,hand,answer
2024,DE,,q6_recoded,27615,Piratenpartei,Piratenpartei Deutschland,1287,link,answer
2024,DE,,q6_recoded,27616,Bündnis Deutschland,Bündnis Deutschland [og],,hand,answer
2024,DE,,q6_recoded,27617,Demokratische Allianz für Vielfalt und Aufbruch,Demokratische Allianz für Vielfalt und Aufbruch [og],,hand,answer
2024,DE,,q6_recoded,27619,Parlament aufmischen – Stimme der Letzten Generation,Parlament aufmischen – Stimme der Letzten Generation [og],,hand,answer
2024,DE,,q6_recoded,27620,Basisdemokratische Partei Deutschland,Basisdemokratische Partei Deutschland,8993,link,answer
2024,DE,,q6_recoded,27621,Partei der Humanisten,Partei der Humanisten [og],,hand,answer
2024,DE,,q6_recoded,27622,Bündnis C - Christen für Deutschland,Bündnis C - Christen für Deutschland [og],,hand,answer
2024,DE,,q6_recoded,27623,Menschliche Welt,Menschliche Welt [og],,hand,answer
2024,DE,,q6_recoded,27624,Die Heimat,Nationaldemokratische Partei Deutschlands,1723,hand,answer
2024,DE,,q6_recoded,27626,Die Gerechtigkeitspartei – Team Todenhöfer,Die Gerechtigkeitspartei – Team Todenhöfer [og],,hand,answer
2024,DE,,q8_recoded,90,,other,,special,answer
2024,DE,,q8_recoded,91,,blank-invalid,,special,answer
2024,DE,,q8_recoded,96,,did-not-vote,,special,answer
2024,DE,,q8_recoded,98,,dont-know,,special,answer
2024,DE,,q8_recoded,27601,Christlich Demokratische Union / Christlich Soziale Union,Christlich Demokratische Union / Christlich Soziale Union,211,link,answer
2024,DE,,q8_recoded,27602,Alternative für Deutschland,Alternative für Deutschland,1976,link,answer
2024,DE,,q8_recoded,27603,Sozialdemokratische Partei Deutschlands,Sozialdemokratische Partei Deutschlands,383,link,answer
2024,DE,,q8_recoded,27604,Bündnis 90/Die Grünen,Bündnis 90 / Die Grünen,1816,link,answer
2024,DE,,q8_recoded,27606,Freie Demokratische Partei,Freie Demokratische Partei,573,link,answer
2024,DE,,q8_recoded,27607,Die Linke,Die Linke,1545,link,answer
2024,DE,,q8_recoded,27608,Freie Wähler,Freie Wähler,1090,link,answer
2024,DE,,q8_recoded,27611,Tierschutzpartei,Tierschutzpartei,749,link,answer
2024,DE,,q8_recoded,27620,Basisdemokratische Partei Deutschland,Basisdemokratische Partei Deutschland,8993,link,answer
2024,DE,,q9_1,27601,Christlich Demokratische Union / Christlich Soziale Union,Christlich Demokratische Union / Christlich Soziale Union,211,link,battery
2024,DE,,q9_2,27603,Sozialdemokratische Partei Deutschlands,Sozialdemokratische Partei Deutschlands,383,link,battery
2024,DE,,q9_3,27606,Freie Demokratische Partei,Freie Demokratische Partei,573,link,battery
2024,DE,,q9_4,27604,Bündnis 90/Die Grünen,Bündnis 90 / Die Grünen,1816,link,battery
2024,DE,,q9_5,27607,Die Linke,Die Linke,1545,link,battery
2024,DE,,q9_6,27602,Alternative für Deutschland,Alternative für Deutschland,1976,link,battery
2024,DE,,q9_7,27605,Bündnis Sahra Wagenknecht,Bündnis Sahra Wagenknecht,9646,name,battery
2024,DK,,q11_1,20802,Socialdemokratiet,Socialdemokraterne,379,link,battery
2024,DK,,q11_2,20804,Det Konservative Folkeparti,Konservative Folkeparti,536,link,battery
2024,DK,,q11_3,20801,Socialistisk Folkeparti,Socialistisk Folkeparti,329,link,battery
2024,DK,,q11_4,20808,Liberal Alliance,[Ny] Liberal Alliance,212,link,battery
2024,DK,,q11_5,20809,Dansk Folkeparti,Dansk Folkeparti,1022,link,battery
2024,DK,,q11_6,20803,Venstre – Danmarks Liberale Parti,Venstre,1204,link,battery
2024,DK,,q11_7,20805,Danmarksdemokraterne - Inger Støjberg,Danmarksdemokraterne,9062,link,battery
2024,DK,,q11_8,20807,Enhedslisten – De Rød-Grønne,Enhedslisten / De Rød-Grønne,1527,link,battery
2024,DK,,q18_1,20802,Socialdemokratiet,Socialdemokraterne,379,link,battery
2024,DK,,q18_2,20804,Det Konservative Folkeparti,Konservative Folkeparti,536,link,battery
2024,DK,,q18_3,20801,Socialistisk Folkeparti,Socialistisk Folkeparti,329,link,battery
2024,DK,,q18_4,20808,Liberal Alliance,[Ny] Liberal Alliance,212,link,battery
2024,DK,,q18_5,20809,Dansk Folkeparti,Dansk Folkeparti,1022,link,battery
2024,DK,,q18_6,20803,Venstre – Danmarks Liberale Parti,Venstre,1204,link,battery
2024,DK,,q18_7,20805,Danmarksdemokraterne - Inger Støjberg,Danmarksdemokraterne,9062,link,battery
2024,DK,,q18_8,20807,Enhedslisten – De Rød-Grønne,Enhedslisten / De Rød-Grønne,1527,link,battery
2024,DK,,q19_recoded,88,,none,,special,answer
2024,DK,,q19_recoded,90,,other,,special,answer
2024,DK,,q19_recoded,98,,dont-know,,special,answer
2024,DK,,q19_recoded,20801,Socialistisk Folkeparti,Socialistisk Folkeparti,329,link,answer
2024,DK,,q19_recoded,20802,Socialdemokratiet,Socialdemokraterne,379,link,answer
2024,DK,,q19_recoded,20803,Venstre – Danmarks Liberale Parti,Venstre,1204,link,answer
2024,DK,,q19_recoded,20804,Det Konservative Folkeparti,Konservative Folkeparti,536,link,answer
2024,DK,,q19_recoded,20805,Danmarksdemokraterne - Inger Støjberg,Danmarksdemokraterne,9062,link,answer
2024,DK,,q19_recoded,20806,Radikale Venstre,Venstre,1204,link,answer
2024,DK,,q19_recoded,20807,Enhedslisten – De Rød-Grønne,Enhedslisten / De Rød-Grønne,1527,link,answer
2024,DK,,q19_recoded,20808,Liberal Alliance,[Ny] Liberal Alliance,212,link,answer
2024,DK,,q19_recoded,20809,Dansk Folkeparti,Dansk Folkeparti,1022,link,answer
2024,DK,,q19_recoded,20810,Moderaterne,Moderaterne,9063,link,answer
2024,DK,,q19_recoded,20811,Alternativet,Alternativet,4070,link,answer
2024,DK,,q19_recoded,20812,Nye Borgerlige,Nye Borgerlige,7339,link,answer
2024,DK,,q19_recoded,20813,Kristendemokraterne,Kristeligt Folkeparti / Kristendemokraterne,53,link,answer
2024,DK,,q19_recoded,20816,Danmarks Kommunistiske Parti,Danmarks Kommunistiske Parti,277,link,answer
2024,DK,,q1a_recoded,88,,none,,special,answer
2024,DK,,q1a_recoded,90,,other,,special,answer
2024,DK,,q1a_recoded,96,,,,special,answer
2024,DK,,q1a_recoded,98,,dont-know,,special,answer
2024,DK,,q1a_recoded,20801,Socialistisk Folkeparti,Socialistisk Folkeparti,329,link,answer
2024,DK,,q1a_recoded,20802,Socialdemokratiet,Socialdemokraterne,379,link,answer
2024,DK,,q1a_recoded,20803,Venstre – Danmarks Liberale Parti,Venstre,1204,link,answer
2024,DK,,q1a_recoded,20804,Det Konservative Folkeparti,Konservative Folkeparti,536,link,answer
2024,DK,,q1a_recoded,20805,Danmarksdemokraterne - Inger Støjberg,Danmarksdemokraterne,9062,link,answer
2024,DK,,q1a_recoded,20806,Radikale Venstre,Venstre,1204,link,answer
2024,DK,,q1a_recoded,20807,Enhedslisten – De Rød-Grønne,Enhedslisten / De Rød-Grønne,1527,link,answer
2024,DK,,q1a_recoded,20808,Liberal Alliance,[Ny] Liberal Alliance,212,link,answer
2024,DK,,q1a_recoded,20809,Dansk Folkeparti,Dansk Folkeparti,1022,link,answer
2024,DK,,q1a_recoded,20810,Moderaterne,Moderaterne,9063,link,answer
2024,DK,,q1a_recoded,20811,Alternativet,Alternativet,4070,link,answer
2024,DK,,q1a_recoded,20812,Nye Borgerlige,Nye Borgerlige,7339,link,answer
2024,DK,,q1a_recoded,20813,Kristendemokraterne,Kristeligt Folkeparti / Kristendemokraterne,53,link,answer
2024,DK,,q1a_recoded,20816,Danmarks Kommunistiske Parti,Danmarks Kommunistiske Parti,277,link,answer
2024,DK,,q1a_recoded,20817,Stabilt Demokrati,Stabilt Demokrati [og],,hand,answer
2024,DK,,q20_1,20802,Socialdemokratiet,Socialdemokraterne,379,link,battery
2024,DK,,q20_2,20804,Det Konservative Folkeparti,Konservative Folkeparti,536,link,battery
2024,DK,,q20_3,20801,Socialistisk Folkeparti,Socialistisk Folkeparti,329,link,battery
2024,DK,,q20_4,20808,Liberal Alliance,[Ny] Liberal Alliance,212,link,battery
2024,DK,,q20_5,20809,Dansk Folkeparti,Dansk Folkeparti,1022,link,battery
2024,DK,,q20_6,20803,Venstre – Danmarks Liberale Parti,Venstre,1204,link,battery
2024,DK,,q20_7,20805,Danmarksdemokraterne - Inger Støjberg,Danmarksdemokraterne,9062,link,battery
2024,DK,,q20_8,20807,Enhedslisten – De Rød-Grønne,Enhedslisten / De Rød-Grønne,1527,link,battery
2024,DK,,q6_recoded,89,,independent,,special,answer
2024,DK,,q6_recoded,91,,blank-invalid,,special,answer
2024,DK,,q6_recoded,96,,did-not-vote,,special,answer
2024,DK,,q6_recoded,98,,dont-know,,special,answer
2024,DK,,q6_recoded,20801,Socialistisk Folkeparti,Socialistisk Folkeparti,329,link,answer
2024,DK,,q6_recoded,20802,Socialdemokratiet,Socialdemokraterne,379,link,answer
2024,DK,,q6_recoded,20803,Venstre – Danmarks Liberale Parti,Venstre,1204,link,answer
2024,DK,,q6_recoded,20804,Det Konservative Folkeparti,Konservative Folkeparti,536,link,answer
2024,DK,,q6_recoded,20805,Danmarksdemokraterne - Inger Støjberg,Danmarksdemokraterne,9062,link,answer
2024,DK,,q6_recoded,20806,Radikale Venstre,Venstre,1204,link,answer
2024,DK,,q6_recoded,20807,Enhedslisten – De Rød-Grønne,Enhedslisten / De Rød-Grønne,1527,link,answer
2024,DK,,q6_recoded,20808,Liberal Alliance,[Ny] Liberal Alliance,212,link,answer
2024,DK,,q6_recoded,20809,Dansk Folkeparti,Dansk Folkeparti,1022,link,answer
2024,DK,,q6_recoded,20810,Moderaterne,Moderaterne,9063,link,answer
2024,DK,,q6_recoded,20811,Alternativet,Alternativet,4070,link,answer
2024,DK,,q6_recoded,20816,Danmarks Kommunistiske Parti,Danmarks Kommunistiske Parti,277,link,answer
2024,DK,,q8_recoded,90,,other,,special,answer
2024,DK,,q8_recoded,91,,blank-invalid,,special,answer
2024,DK,,q8_recoded,96,,did-not-vote,,special,answer
2024,DK,,q8_recoded,98,,dont-know,,special,answer
2024,DK,,q8_recoded,20801,Socialistisk Folkeparti,Socialistisk Folkeparti,329,link,answer
2024,DK,,q8_recoded,20802,Socialdemokratiet,Socialdemokraterne,379,link,answer
2024,DK,,q8_recoded,20803,Venstre – Danmarks Liberale Parti,Venstre,1204,link,answer
2024,DK,,q8_recoded,20804,Det Konservative Folkeparti,Konservative Folkeparti,536,link,answer
2024,DK,,q8_recoded,20805,Danmarksdemokraterne - Inger Støjberg,Danmarksdemokraterne,9062,link,answer
2024,DK,,q8_recoded,20806,Radikale Venstre,Venstre,1204,link,answer
2024,DK,,q8_recoded,20807,Enhedslisten – De Rød-Grønne,Enhedslisten / De Rød-Grønne,1527,link,answer
2024,DK,,q8_recoded,20808,Liberal Alliance,[Ny] Liberal Alliance,212,link,answer
2024,DK,,q8_recoded,20809,Dansk Folkeparti,Dansk Folkeparti,1022,link,answer
2024,DK,,q8_recoded,20810,Moderaterne,Moderaterne,9063,link,answer
2024,DK,,q8_recoded,20811,Alternativet,Alternativet,4070,link,answer
2024,DK,,q8_recoded,20812,Nye Borgerlige,Nye Borgerlige,7339,link,answer
2024,DK,,q8_recoded,20813,Kristendemokraterne,Kristeligt Folkeparti / Kristendemokraterne,53,link,answer
2024,DK,,q8_recoded,20815,Frihedslisten,Frihedslisten [og],,hand,answer
2024,DK,,q8_recoded,20816,Danmarks Kommunistiske Parti,Danmarks Kommunistiske Parti,277,link,answer
2024,DK,,q9_1,20802,Socialdemokratiet,Socialdemokraterne,379,link,battery
2024,DK,,q9_2,20804,Det Konservative Folkeparti,Konservative Folkeparti,536,link,battery
2024,DK,,q9_3,20801,Socialistisk Folkeparti,Socialistisk Folkeparti,329,link,battery
2024,DK,,q9_4,20808,Liberal Alliance,[Ny] Liberal Alliance,212,link,battery
2024,DK,,q9_5,20809,Dansk Folkeparti,Dansk Folkeparti,1022,link,battery
2024,DK,,q9_6,20803,Venstre – Danmarks Liberale Parti,Venstre,1204,link,battery
2024,DK,,q9_7,20805,Danmarksdemokraterne - Inger Støjberg,Danmarksdemokraterne,9062,link,battery
2024,DK,,q9_8,20807,Enhedslisten – De Rød-Grønne,Enhedslisten / De Rød-Grønne,1527,link,battery
2024,EE,,q11_1,23301,Isamaa Erakond,Erakond Isamaa ja Res Publica Liit,685,hand,battery
2024,EE,,q11_2,23303,Eesti Reformierakond,Eesti Reformierakond,821,link,battery
2024,EE,,q11_3,23304,Eesti Konservatiivne Rahvaerakond,Eesti Konservatiivne Rahvaerakond,4094,link,battery
2024,EE,,q11_4,23302,Sotsiaaldemokraatlik Erakond,Sotsiaaldemokraatlik Erakond — Mõõdukad,1150,link,battery
2024,EE,,q11_5,23305,Eesti Keskerakond,Eesti Keskerakond,533,link,battery
2024,EE,,q11_6,23308,Erakond Eesti 200,Erakond Eesti 200,7340,link,battery
2024,EE,,q11_7,23306,Erakond Parempoolsed,Parempoolsed,83,link,battery
2024,EE,,q18_1,23301,Isamaa Erakond,Erakond Isamaa ja Res Publica Liit,685,hand,battery
2024,EE,,q18_2,23303,Eesti Reformierakond,Eesti Reformierakond,821,link,battery
2024,EE,,q18_3,23304,Eesti Konservatiivne Rahvaerakond,Eesti Konservatiivne Rahvaerakond,4094,link,battery
2024,EE,,q18_4,23302,Sotsiaaldemokraatlik Erakond,Sotsiaaldemokraatlik Erakond — Mõõdukad,1150,link,battery
2024,EE,,q18_5,23305,Eesti Keskerakond,Eesti Keskerakond,533,link,battery
2024,EE,,q18_6,23308,Erakond Eesti 200,Erakond Eesti 200,7340,link,battery
2024,EE,,q18_7,23306,Erakond Parempoolsed,Parempoolsed,83,link,battery
2024,EE,,q19_recoded,88,,none,,special,answer
2024,EE,,q19_recoded,90,,other,,special,answer
2024,EE,,q19_recoded,98,,dont-know,,special,answer
2024,EE,,q19_recoded,23301,Isamaa Erakond,Erakond Isamaa ja Res Publica Liit,685,hand,answer
2024,EE,,q19_recoded,23302,Sotsiaaldemokraatlik Erakond,Sotsiaaldemokraatlik Erakond — Mõõdukad,1150,link,answer
2024,EE,,q19_recoded,23303,Eesti Reformierakond,Eesti Reformierakond,821,link,answer
2024,EE,,q19_recoded,23304,Eesti Konservatiivne Rahvaerakond,Eesti Konservatiivne Rahvaerakond,4094,link,answer
2024,EE,,q19_recoded,23305,Eesti Keskerakond,Eesti Keskerakond,533,link,answer
2024,EE,,q19_recoded,23306,Erakond Parempoolsed,Parempoolsed,83,link,answer
2024,EE,,q19_recoded,23307,KOOS organisatsioon osutab suveräänsusele,KOOS organisatsioon osutab suveräänsusele [og],,hand,answer
2024,EE,,q19_recoded,23308,Erakond Eesti 200,Erakond Eesti 200,7340,link,answer
2024,EE,,q19_recoded,23309,Erakond Eestimaa Rohelised,Erakonna Eestimaa Rohelised,1040,link,answer
2024,EE,,q1a_recoded,88,,none,,special,answer
2024,EE,,q1a_recoded,96,,,,special,answer
2024,EE,,q1a_recoded,98,,dont-know,,special,answer
2024,EE,,q1a_recoded,23301,Isamaa Erakond,Erakond Isamaa ja Res Publica Liit,685,hand,answer
2024,EE,,q1a_recoded,23302,Sotsiaaldemokraatlik Erakond,Sotsiaaldemokraatlik Erakond — Mõõdukad,1150,link,answer
2024,EE,,q1a_recoded,23303,Eesti Reformierakond,Eesti Reformierakond,821,link,answer
2024,EE,,q1a_recoded,23304,Eesti Konservatiivne Rahvaerakond,Eesti Konservatiivne Rahvaerakond,4094,link,answer
2024,EE,,q1a_recoded,23305,Eesti Keskerakond,Eesti Keskerakond,533,link,answer
2024,EE,,q1a_recoded,23306,Erakond Parempoolsed,Parempoolsed,83,link,answer
2024,EE,,q1a_recoded,23307,KOOS organisatsioon osutab suveräänsusele,KOOS organisatsioon osutab suveräänsusele [og],,hand,answer
2024,EE,,q1a_recoded,23308,Erakond Eesti 200,Erakond Eesti 200,7340,link,answer
2024,EE,,q1a_recoded,23309,Erakond Eestimaa Rohelised,Erakonna Eestimaa Rohelised,1040,link,answer
2024,EE,,q20_1,23301,Isamaa Erakond,Erakond Isamaa ja Res Publica Liit,685,hand,battery
2024,EE,,q20_2,23303,Eesti Reformierakond,Eesti Reformierakond,821,link,battery
2024,EE,,q20_3,23304,Eesti Konservatiivne Rahvaerakond,Eesti Konservatiivne Rahvaerakond,4094,link,battery
2024,EE,,q20_4,23302,Sotsiaaldemokraatlik Erakond,Sotsiaaldemokraatlik Erakond — Mõõdukad,1150,link,battery
2024,EE,,q20_5,23305,Eesti Keskerakond,Eesti Keskerakond,533,link,battery
2024,EE,,q20_6,23308,Erakond Eesti 200,Erakond Eesti 200,7340,link,battery
2024,EE,,q20_7,23306,Erakond Parempoolsed,Parempoolsed,83,link,battery
2024,EE,,q6_recoded,89,,independent,,special,answer
2024,EE,,q6_recoded,90,,other,,special,answer
2024,EE,,q6_recoded,91,,blank-invalid,,special,answer
2024,EE,,q6_recoded,96,,did-not-vote,,special,answer
2024,EE,,q6_recoded,98,,dont-know,,special,answer
2024,EE,,q6_recoded,23301,Isamaa Erakond,Erakond Isamaa ja Res Publica Liit,685,hand,answer
2024,EE,,q6_recoded,23302,Sotsiaaldemokraatlik Erakond,Sotsiaaldemokraatlik Erakond — Mõõdukad,1150,link,answer
2024,EE,,q6_recoded,23303,Eesti Reformierakond,Eesti Reformierakond,821,link,answer
2024,EE,,q6_recoded,23304,Eesti Konservatiivne Rahvaerakond,Eesti Konservatiivne Rahvaerakond,4094,link,answer
2024,EE,,q6_recoded,23305,Eesti Keskerakond,Eesti Keskerakond,533,link,answer
2024,EE,,q6_recoded,23306,Erakond Parempoolsed,Parempoolsed,83,link,answer
2024,EE,,q6_recoded,23307,KOOS organisatsioon osutab suveräänsusele,KOOS organisatsioon osutab suveräänsusele [og],,hand,answer
2024,EE,,q6_recoded,23308,Erakond Eesti 200,Erakond Eesti 200,7340,link,answer
2024,EE,,q6_recoded,23309,Erakond Eestimaa Rohelised,Erakonna Eestimaa Rohelised,1040,link,answer
2024,EE,,q8_recoded,89,,independent,,special,answer
2024,EE,,q8_recoded,90,,other,,special,answer
2024,EE,,q8_recoded,91,,blank-invalid,,special,answer
2024,EE,,q8_recoded,96,,did-not-vote,,special,answer
2024,EE,,q8_recoded,98,,dont-know,,special,answer
2024,EE,,q8_recoded,23301,Isamaa Erakond,Erakond Isamaa ja Res Publica Liit,685,hand,answer
2024,EE,,q8_recoded,23302,Sotsiaaldemokraatlik Erakond,Sotsiaaldemokraatlik Erakond — Mõõdukad,1150,link,answer
2024,EE,,q8_recoded,23303,Eesti Reformierakond,Eesti Reformierakond,821,link,answer
2024,EE,,q8_recoded,23304,Eesti Konservatiivne Rahvaerakond,Eesti Konservatiivne Rahvaerakond,4094,link,answer
2024,EE,,q8_recoded,23305,Eesti Keskerakond,Eesti Keskerakond,533,link,answer
2024,EE,,q8_recoded,23306,Erakond Parempoolsed,Parempoolsed,83,link,answer
2024,EE,,q8_recoded,23307,KOOS organisatsioon osutab suveräänsusele,KOOS organisatsioon osutab suveräänsusele [og],,hand,answer
2024,EE,,q8_recoded,23308,Erakond Eesti 200,Erakond Eesti 200,7340,link,answer
2024,EE,,q8_recoded,23309,Erakond Eestimaa Rohelised,Erakonna Eestimaa Rohelised,1040,link,answer
2024,EE,,q8_recoded,23310,Eestimaa Ühendatud Vasakpartei/ Vasakpoolsed,Eestimaa Ühendatud Vasakpartei,9124,link,answer
2024,EE,,q9_1,23301,Isamaa Erakond,Erakond Isamaa ja Res Publica Liit,685,hand,battery
2024,EE,,q9_2,23303,Eesti Reformierakond,Eesti Reformierakond,821,link,battery
2024,EE,,q9_3,23304,Eesti Konservatiivne Rahvaerakond,Eesti Konservatiivne Rahvaerakond,4094,link,battery
2024,EE,,q9_4,23302,Sotsiaaldemokraatlik Erakond,Sotsiaaldemokraatlik Erakond — Mõõdukad,1150,link,battery
2024,EE,,q9_5,23305,Eesti Keskerakond,Eesti Keskerakond,533,link,battery
2024,EE,,q9_6,23308,Erakond Eesti 200,Erakond Eesti 200,7340,link,battery
2024,EE,,q9_7,23306,Erakond Parempoolsed,Parempoolsed,83,link,battery
2024,ES,,q11_1,72402,Partido Socialista Obrero Español,Partido Socialista Obrero Español,1338,link,battery
2024,ES,,q11_2,72401,Partido Popular,Alianza-Partido Popular / Partido Popular,441,hand,battery
2024,ES,,q11_3,72403,VOX,Vox,3218,link,battery
2024,ES,,q11_4,72405,Sumar,Sumar [og],,hand,battery
2024,ES,,q11_5,72416,Esquerra Republicana de Catalunya,Esquerra Republicana de Catalunya,848,link,battery
2024,ES,,q11_6,72408,Junts per Catalunya,Junts per Catalunya,7421,link,battery
2024,ES,,q11_7,72418,Euzko Alderdi Jeltzalea-Partido Nacionalista Vasco (EAJ-PNV),Partido Nacionalista Vasco — Euzko Alderdi Jeltzalea,1637,link,battery
2024,ES,,q11_8,72407,Podemos,Podemos,3203,link,battery
2024,ES,,q18_1,72402,Partido Socialista Obrero Español,Partido Socialista Obrero Español,1338,link,battery
2024,ES,,q18_2,72401,Partido Popular,Alianza-Partido Popular / Partido Popular,441,hand,battery
2024,ES,,q18_3,72403,VOX,Vox,3218,link,battery
2024,ES,,q18_4,72405,Sumar,Sumar [og],,hand,battery
2024,ES,,q18_5,72416,Esquerra Republicana de Catalunya,Esquerra Republicana de Catalunya,848,link,battery
2024,ES,,q18_6,72408,Junts per Catalunya,Junts per Catalunya,7421,link,battery
2024,ES,,q18_7,72418,Euzko Alderdi Jeltzalea-Partido Nacionalista Vasco (EAJ-PNV),Partido Nacionalista Vasco — Euzko Alderdi Jeltzalea,1637,link,battery
2024,ES,,q18_8,72407,Podemos,Podemos,3203,link,battery
2024,ES,,q19_recoded,88,,none,,special,answer
2024,ES,,q19_recoded,90,,other,,special,answer
2024,ES,,q19_recoded,98,,dont-know,,special,answer
2024,ES,,q19_recoded,72401,Partido Popular,Alianza-Partido Popular / Partido Popular,441,hand,answer
2024,ES,,q19_recoded,72402,Partido Socialista Obrero Español,Partido Socialista Obrero Español,1338,link,answer
2024,ES,,q19_recoded,72403,VOX,Vox,3218,link,answer
2024,ES,,q19_recoded,72405,Sumar,Sumar [og],,hand,answer
2024,ES,,q19_recoded,72406,Se Acabó La Fiesta,Se Acabó La Fiesta,9816,name,answer
2024,ES,,q19_recoded,72407,Podemos,Podemos,3203,link,answer
2024,ES,,q19_recoded,72408,Junts per Catalunya,Junts per Catalunya,7421,link,answer
2024,ES,,q19_recoded,72410,Partido Animalista Con el Medio Ambiente,Partido Animalista Contra el Maltrato Animal,3219,hand,answer
2024,ES,,q19_recoded,72411,Ciudadanos,Ciudadanos — Partido de la Ciudadanía,3217,link,answer
2024,ES,,q19_recoded,72412,Frente Obrero,Frente Obrero [og],,hand,answer
2024,ES,,q19_recoded,72413,Feministas al Congreso,Feministas al Congreso [og],,hand,answer
2024,ES,,q19_recoded,72416,Esquerra Republicana de Catalunya,Esquerra Republicana de Catalunya,848,link,answer
2024,ES,,q19_recoded,72417,Euskal Herria Bildu,Euskal Herria Bildu / Reunir Euskal Herria,5668,link,answer
2024,ES,,q19_recoded,72418,Euzko Alderdi Jeltzalea-Partido Nacionalista Vasco (EAJ-PNV),Partido Nacionalista Vasco — Euzko Alderdi Jeltzalea,1637,link,answer
2024,ES,,q19_recoded,72419,Bloque Nationalista Galego,Bloque Nacionalista Galego,1011,hand,answer
2024,ES,,q19_recoded,72420,Coalicion Canaría,Coalición Canaria,81,name,answer
2024,ES,,q19_recoded,72421,Candidatura d'Unitat Popular,Candidatura d'Unitat Popular,8357,name,answer
2024,ES,,q19_recoded,72422,Adelante Andalucía,Adelante Andalucía [og],,hand,answer
2024,ES,,q19_recoded,72423,Alianca Catalana,Alianca Catalana [og],,hand,answer
2024,ES,,q19_recoded,72424,Unión del Pueblu Llionés,Unión del Pueblu Llionés [og],,hand,answer
2024,ES,,q1a_recoded,88,,none,,special,answer
2024,ES,,q1a_recoded,90,,other,,special,answer
2024,ES,,q1a_recoded,96,,,,special,answer
2024,ES,,q1a_recoded,98,,dont-know,,special,answer
2024,ES,,q1a_recoded,72401,Partido Popular,Alianza-Partido Popular / Partido Popular,441,hand,answer
2024,ES,,q1a_recoded,72402,Partido Socialista Obrero Español,Partido Socialista Obrero Español,1338,link,answer
2024,ES,,q1a_recoded,72403,VOX,Vox,3218,link,answer
2024,ES,,q1a_recoded,72405,Sumar,Sumar [og],,hand,answer
2024,ES,,q1a_recoded,72406,Se Acabó La Fiesta,Se Acabó La Fiesta,9816,name,answer
2024,ES,,q1a_recoded,72407,Podemos,Podemos,3203,link,answer
2024,ES,,q1a_recoded,72408,Junts per Catalunya,Junts per Catalunya,7421,link,answer
2024,ES,,q1a_recoded,72410,Partido Animalista Con el Medio Ambiente,Partido Animalista Contra el Maltrato Animal,3219,hand,answer
2024,ES,,q1a_recoded,72411,Ciudadanos,Ciudadanos — Partido de la Ciudadanía,3217,link,answer
2024,ES,,q1a_recoded,72412,Frente Obrero,Frente Obrero [og],,hand,answer
2024,ES,,q1a_recoded,72416,Esquerra Republicana de Catalunya,Esquerra Republicana de Catalunya,848,link,answer
2024,ES,,q1a_recoded,72417,Euskal Herria Bildu,Euskal Herria Bildu / Reunir Euskal Herria,5668,link,answer
2024,ES,,q1a_recoded,72418,Euzko Alderdi Jeltzalea-Partido Nacionalista Vasco (EAJ-PNV),Partido Nacionalista Vasco — Euzko Alderdi Jeltzalea,1637,link,answer
2024,ES,,q1a_recoded,72419,Bloque Nationalista Galego,Bloque Nacionalista Galego,1011,hand,answer
2024,ES,,q1a_recoded,72422,Adelante Andalucía,Adelante Andalucía [og],,hand,answer
2024,ES,,q1a_recoded,72423,Alianca Catalana,Alianca Catalana [og],,hand,answer
2024,ES,,q1a_recoded,72426,Chunta aragonesista,Chunta Aragonesista,1564,name,answer
2024,ES,,q20_1,72402,Partido Socialista Obrero Español,Partido Socialista Obrero Español,1338,link,battery
2024,ES,,q20_2,72401,Partido Popular,Alianza-Partido Popular / Partido Popular,441,hand,battery
2024,ES,,q20_3,72403,VOX,Vox,3218,link,battery
2024,ES,,q20_4,72405,Sumar,Sumar [og],,hand,battery
2024,ES,,q20_5,72416,Esquerra Republicana de Catalunya,Esquerra Republicana de Catalunya,848,link,battery
2024,ES,,q20_6,72408,Junts per Catalunya,Junts per Catalunya,7421,link,battery
2024,ES,,q20_7,72418,Euzko Alderdi Jeltzalea-Partido Nacionalista Vasco (EAJ-PNV),Partido Nacionalista Vasco — Euzko Alderdi Jeltzalea,1637,link,battery
2024,ES,,q20_8,72407,Podemos,Podemos,3203,link,battery
2024,ES,,q6_recoded,90,,other,,special,answer
2024,ES,,q6_recoded,91,,blank-invalid,,special,answer
2024,ES,,q6_recoded,96,,did-not-vote,,special,answer
2024,ES,,q6_recoded,98,,dont-know,,special,answer
2024,ES,,q6_recoded,72401,Partido Popular,Alianza-Partido Popular / Partido Popular,441,hand,answer
2024,ES,,q6_recoded,72402,Partido Socialista Obrero Español,Partido Socialista Obrero Español,1338,link,answer
2024,ES,,q6_recoded,72403,VOX,Vox,3218,link,answer
2024,ES,,q6_recoded,72404,Ahora Repúblicas (Esquerra Republicana de Catalunya (ERC) & EH Bildu & Bloque Nationalista Galego (BNG)),Ahora Repúblicas (Esquerra Republicana de Catalunya (ERC) & EH Bildu & Bloque Nationalista Galego (BNG)) [og],,hand,answer
2024,ES,,q6_recoded,72405,Sumar,Sumar [og],,hand,answer
2024,ES,,q6_recoded,72406,Se Acabó La Fiesta,Se Acabó La Fiesta,9816,name,answer
2024,ES,,q6_recoded,72407,Podemos,Podemos,3203,link,answer
2024,ES,,q6_recoded,72408,Junts per Catalunya,Junts per Catalunya,7421,link,answer
2024,ES,,q6_recoded,72409,Coalición por una Europa Solidaria,Coalición por una Europa Solidaria [og],,hand,answer
2024,ES,,q6_recoded,72410,Partido Animalista Con el Medio Ambiente,Partido Animalista Contra el Maltrato Animal,3219,hand,answer
2024,ES,,q6_recoded,72411,Ciudadanos,Ciudadanos — Partido de la Ciudadanía,3217,link,answer
2024,ES,,q6_recoded,72412,Frente Obrero,Frente Obrero [og],,hand,answer
2024,ES,,q6_recoded,72413,Feministas al Congreso,Feministas al Congreso [og],,hand,answer
2024,ES,,q6_recoded,72414,Ciudadanos En Blanco,Ciudadanos En Blanco [og],,hand,answer
2024,ES,,q6_recoded,72415,PIRATAS | REBELDES,PIRATAS | REBELDES [og],,hand,answer
2024,ES,,q6_recoded,72421,Candidatura d'Unitat Popular,Candidatura d'Unitat Popular,8357,name,answer
2024,ES,,q8_recoded,90,,other,,special,answer
2024,ES,,q8_recoded,91,,blank-invalid,,special,answer
2024,ES,,q8_recoded,96,,did-not-vote,,special,answer
2024,ES,,q8_recoded,98,,dont-know,,special,answer
2024,ES,,q8_recoded,72401,Partido Popular,Alianza-Partido Popular / Partido Popular,441,hand,answer
2024,ES,,q8_recoded,72402,Partido Socialista Obrero Español,Partido Socialista Obrero Español,1338,link,answer
2024,ES,,q8_recoded,72403,VOX,Vox,3218,link,answer
2024,ES,,q8_recoded,72405,Sumar,Sumar [og],,hand,answer
2024,ES,,q8_recoded,72406,Se Acabó La Fiesta,Se Acabó La Fiesta,9816,name,answer
2024,ES,,q8_recoded,72407,Podemos,Podemos,3203,link,answer
2024,ES,,q8_recoded,72408,Junts per Catalunya,Junts per Catalunya,7421,link,answer
2024,ES,,q8_recoded,72410,Partido Animalista Con el Medio Ambiente,Partido Animalista Contra el Maltrato Animal,3219,hand,answer
2024,ES,,q8_recoded,72411,Ciudadanos,Ciudadanos — Partido de la Ciudadanía,3217,link,answer
2024,ES,,q8_recoded,72414,Ciudadanos En Blanco,Ciudadanos En Blanco [og],,hand,answer
2024,ES,,q8_recoded,72416,Esquerra Republicana de Catalunya,Esquerra Republicana de Catalunya,848,link,answer
2024,ES,,q8_recoded,72417,Euskal Herria Bildu,Euskal Herria Bildu / Reunir Euskal Herria,5668,link,answer
2024,ES,,q8_recoded,72418,Euzko Alderdi Jeltzalea-Partido Nacionalista Vasco (EAJ-PNV),Partido Nacionalista Vasco — Euzko Alderdi Jeltzalea,1637,link,answer
2024,ES,,q8_recoded,72419,Bloque Nationalista Galego,Bloque Nacionalista Galego,1011,hand,answer
2024,ES,,q8_recoded,72421,Candidatura d'Unitat Popular,Candidatura d'Unitat Popular,8357,name,answer
2024,ES,,q8_recoded,72424,Unión del Pueblu Llionés,Unión del Pueblu Llionés [og],,hand,answer
2024,ES,,q8_recoded,72425,Nueva Canarias-Bloque Canarista,Nueva Canarias-Bloque Canarista [og],,hand,answer
2024,ES,,q9_1,72402,Partido Socialista Obrero Español,Partido Socialista Obrero Español,1338,link,battery
2024,ES,,q9_2,72401,Partido Popular,Alianza-Partido Popular / Partido Popular,441,hand,battery
2024,ES,,q9_3,72403,VOX,Vox,3218,link,battery
2024,ES,,q9_4,72405,Sumar,Sumar [og],,hand,battery
2024,ES,,q9_5,72416,Esquerra Republicana de Catalunya,Esquerra Republicana de Catalunya,848,link,battery
2024,ES,,q9_6,72408,Junts per Catalunya,Junts per Catalunya,7421,link,battery
2024,ES,,q9_7,72418,Euzko Alderdi Jeltzalea-Partido Nacionalista Vasco (EAJ-PNV),Partido Nacionalista Vasco — Euzko Alderdi Jeltzalea,1637,link,battery
2024,ES,,q9_8,72407,Podemos,Podemos,3203,link,battery
2024,FI,,q11_1,24603,Suomen Sosialidemokraattinen Puolue,Suomen Sosialidemokraattinen Puolue,1303,link,battery
2024,FI,,q11_2,24601,Kansallinen Kokoomus,Kansallinen Kokoomus,495,link,battery
2024,FI,,q11_3,24606,Perussuomalaiset,Suomen Puolue / Perussuomalaiset,1689,link,battery
2024,FI,,q11_4,24604,Suomen Keskusta,Maalaisliitto / Keskusta,901,link,battery
2024,FI,,q11_5,24602,Vasemmistoliitto,Vasemmistoliitto,1044,link,battery
2024,FI,,q11_6,24605,Vihreä Liitto,Vihreä Liitto,479,name,battery
2024,FI,,q11_7,24607,Suomen ruotsalainen kansanpuolue,Ruotsalainen Kansanpuolue / Svenska Folkepartiet i Finland,1229,link,battery
2024,FI,,q11_8,24608,Suomen Kristillisdemokraatit,Kristillisdemokraatit,703,link,battery
2024,FI,,q18_1,24603,Suomen Sosialidemokraattinen Puolue,Suomen Sosialidemokraattinen Puolue,1303,link,battery
2024,FI,,q18_2,24601,Kansallinen Kokoomus,Kansallinen Kokoomus,495,link,battery
2024,FI,,q18_3,24606,Perussuomalaiset,Suomen Puolue / Perussuomalaiset,1689,link,battery
2024,FI,,q18_4,24604,Suomen Keskusta,Maalaisliitto / Keskusta,901,link,battery
2024,FI,,q18_5,24602,Vasemmistoliitto,Vasemmistoliitto,1044,link,battery
2024,FI,,q18_6,24605,Vihreä Liitto,Vihreä Liitto,479,name,battery
2024,FI,,q18_7,24607,Suomen ruotsalainen kansanpuolue,Ruotsalainen Kansanpuolue / Svenska Folkepartiet i Finland,1229,link,battery
2024,FI,,q18_8,24608,Suomen Kristillisdemokraatit,Kristillisdemokraatit,703,link,battery
2024,FI,,q19_recoded,88,,none,,special,answer
2024,FI,,q19_recoded,90,,other,,special,answer
2024,FI,,q19_recoded,98,,dont-know,,special,answer
2024,FI,,q19_recoded,24601,Kansallinen Kokoomus,Kansallinen Kokoomus,495,link,answer
2024,FI,,q19_recoded,24602,Vasemmistoliitto,Vasemmistoliitto,1044,link,answer
2024,FI,,q19_recoded,24603,Suomen Sosialidemokraattinen Puolue,Suomen Sosialidemokraattinen Puolue,1303,link,answer
2024,FI,,q19_recoded,24604,Suomen Keskusta,Maalaisliitto / Keskusta,901,link,answer
2024,FI,,q19_recoded,24605,Vihreä Liitto,Vihreä Liitto,479,name,answer
2024,FI,,q19_recoded,24606,Perussuomalaiset,Suomen Puolue / Perussuomalaiset,1689,link,answer
2024,FI,,q19_recoded,24607,Suomen ruotsalainen kansanpuolue,Ruotsalainen Kansanpuolue / Svenska Folkepartiet i Finland,1229,link,answer
2024,FI,,q19_recoded,24608,Suomen Kristillisdemokraatit,Kristillisdemokraatit,703,link,answer
2024,FI,,q19_recoded,24609,Vapauden Liitto,Vapauden Liitto [og],,hand,answer
2024,FI,,q19_recoded,24610,Liike Nyt,Liike Nyt,8639,link,answer
2024,FI,,q19_recoded,24611,Liberaalipuolue – Vapaus valita,Liberaalipuolue – Vapaus valita [og],,hand,answer
2024,FI,,q19_recoded,24614,Valta kuuluu kansalle,Valta kuuluu kansalle [og],,hand,answer
2024,FI,,q19_recoded,24615,Eläinoikeuspuolue,Eläinoikeuspuolue [og],,hand,answer
2024,FI,,q1a_recoded,88,,none,,special,answer
2024,FI,,q1a_recoded,90,,other,,special,answer
2024,FI,,q1a_recoded,96,,,,special,answer
2024,FI,,q1a_recoded,98,,dont-know,,special,answer
2024,FI,,q1a_recoded,24601,Kansallinen Kokoomus,Kansallinen Kokoomus,495,link,answer
2024,FI,,q1a_recoded,24602,Vasemmistoliitto,Vasemmistoliitto,1044,link,answer
2024,FI,,q1a_recoded,24603,Suomen Sosialidemokraattinen Puolue,Suomen Sosialidemokraattinen Puolue,1303,link,answer
2024,FI,,q1a_recoded,24604,Suomen Keskusta,Maalaisliitto / Keskusta,901,link,answer
2024,FI,,q1a_recoded,24605,Vihreä Liitto,Vihreä Liitto,479,name,answer
2024,FI,,q1a_recoded,24606,Perussuomalaiset,Suomen Puolue / Perussuomalaiset,1689,link,answer
2024,FI,,q1a_recoded,24607,Suomen ruotsalainen kansanpuolue,Ruotsalainen Kansanpuolue / Svenska Folkepartiet i Finland,1229,link,answer
2024,FI,,q1a_recoded,24608,Suomen Kristillisdemokraatit,Kristillisdemokraatit,703,link,answer
2024,FI,,q1a_recoded,24609,Vapauden Liitto,Vapauden Liitto [og],,hand,answer
2024,FI,,q1a_recoded,24610,Liike Nyt,Liike Nyt,8639,link,answer
2024,FI,,q1a_recoded,24617,Sinimusta Liike,Sinimusta Liike [og],,hand,answer
2024,FI,,q20_1,24603,Suomen Sosialidemokraattinen Puolue,Suomen Sosialidemokraattinen Puolue,1303,link,battery
2024,FI,,q20_2,24601,Kansallinen Kokoomus,Kansallinen Kokoomus,495,link,battery
2024,FI,,q20_3,24606,Perussuomalaiset,Suomen Puolue / Perussuomalaiset,1689,link,battery
2024,FI,,q20_4,24604,Suomen Keskusta,Maalaisliitto / Keskusta,901,link,battery
2024,FI,,q20_5,24602,Vasemmistoliitto,Vasemmistoliitto,1044,link,battery
2024,FI,,q20_6,24605,Vihreä Liitto,Vihreä Liitto,479,name,battery
2024,FI,,q20_7,24607,Suomen ruotsalainen kansanpuolue,Ruotsalainen Kansanpuolue / Svenska Folkepartiet i Finland,1229,link,battery
2024,FI,,q20_8,24608,Suomen Kristillisdemokraatit,Kristillisdemokraatit,703,link,battery
2024,FI,,q6_recoded,90,,other,,special,answer
2024,FI,,q6_recoded,91,,blank-invalid,,special,answer
2024,FI,,q6_recoded,96,,did-not-vote,,special,answer
2024,FI,,q6_recoded,98,,dont-know,,special,answer
2024,FI,,q6_recoded,24601,Kansallinen Kokoomus,Kansallinen Kokoomus,495,link,answer
2024,FI,,q6_recoded,24602,Vasemmistoliitto,Vasemmistoliitto,1044,link,answer
2024,FI,,q6_recoded,24603,Suomen Sosialidemokraattinen Puolue,Suomen Sosialidemokraattinen Puolue,1303,link,answer
2024,FI,,q6_recoded,24604,Suomen Keskusta,Maalaisliitto / Keskusta,901,link,answer
2024,FI,,q6_recoded,24605,Vihreä Liitto,Vihreä Liitto,479,name,answer
2024,FI,,q6_recoded,24606,Perussuomalaiset,Suomen Puolue / Perussuomalaiset,1689,link,answer
2024,FI,,q6_recoded,24607,Suomen ruotsalainen kansanpuolue,Ruotsalainen Kansanpuolue / Svenska Folkepartiet i Finland,1229,link,answer
2024,FI,,q6_recoded,24608,Suomen Kristillisdemokraatit,Kristillisdemokraatit,703,link,answer
2024,FI,,q6_recoded,24609,Vapauden Liitto,Vapauden Liitto [og],,hand,answer
2024,FI,,q6_recoded,24610,Liike Nyt,Liike Nyt,8639,link,answer
2024,FI,,q6_recoded,24611,Liberaalipuolue – Vapaus valita,Liberaalipuolue – Vapaus valita [og],,hand,answer
2024,FI,,q6_recoded,24612,Suomen Kommunistinen Puolue,Suomen Kommunistinen Puolue,7030,link,answer
2024,FI,,q6_recoded,24613,Avoin Puolue,Avoin Puolue [og],,hand,answer
2024,FI,,q8_recoded,90,,other,,special,answer
2024,FI,,q8_recoded,91,,blank-invalid,,special,answer
2024,FI,,q8_recoded,96,,did-not-vote,,special,answer
2024,FI,,q8_recoded,98,,dont-know,,special,answer
2024,FI,,q8_recoded,24601,Kansallinen Kokoomus,Kansallinen Kokoomus,495,link,answer
2024,FI,,q8_recoded,24602,Vasemmistoliitto,Vasemmistoliitto,1044,link,answer
2024,FI,,q8_recoded,24603,Suomen Sosialidemokraattinen Puolue,Suomen Sosialidemokraattinen Puolue,1303,link,answer
2024,FI,,q8_recoded,24604,Suomen Keskusta,Maalaisliitto / Keskusta,901,link,answer
2024,FI,,q8_recoded,24605,Vihreä Liitto,Vihreä Liitto,479,name,answer
2024,FI,,q8_recoded,24606,Perussuomalaiset,Suomen Puolue / Perussuomalaiset,1689,link,answer
2024,FI,,q8_recoded,24607,Suomen ruotsalainen kansanpuolue,Ruotsalainen Kansanpuolue / Svenska Folkepartiet i Finland,1229,link,answer
2024,FI,,q8_recoded,24608,Suomen Kristillisdemokraatit,Kristillisdemokraatit,703,link,answer
2024,FI,,q8_recoded,24609,Vapauden Liitto,Vapauden Liitto [og],,hand,answer
2024,FI,,q8_recoded,24610,Liike Nyt,Liike Nyt,8639,link,answer
2024,FI,,q8_recoded,24615,Eläinoikeuspuolue,Eläinoikeuspuolue [og],,hand,answer
2024,FI,,q8_recoded,24616,Piraattipuolue,Piraattipuolue / Piratpartiet,9148,link,answer
2024,FI,,q9_1,24603,Suomen Sosialidemokraattinen Puolue,Suomen Sosialidemokraattinen Puolue,1303,link,battery
2024,FI,,q9_2,24601,Kansallinen Kokoomus,Kansallinen Kokoomus,495,link,battery
2024,FI,,q9_3,24606,Perussuomalaiset,Suomen Puolue / Perussuomalaiset,1689,link,battery
2024,FI,,q9_4,24604,Suomen Keskusta,Maalaisliitto / Keskusta,901,link,battery
2024,FI,,q9_5,24602,Vasemmistoliitto,Vasemmistoliitto,1044,link,battery
2024,FI,,q9_6,24605,Vihreä Liitto,Vihreä Liitto,479,name,battery
2024,FI,,q9_7,24607,Suomen ruotsalainen kansanpuolue,Ruotsalainen Kansanpuolue / Svenska Folkepartiet i Finland,1229,link,battery
2024,FI,,q9_8,24608,Suomen Kristillisdemokraatit,Kristillisdemokraatit,703,link,battery
2024,FR,,q11_1,25001,Rassemblement National,Front National / Rassemblement national,433,link,battery
2024,FR,,q11_2,25002,Renaissance,La République En Marche! / Renaissance,5857,link,battery
2024,FR,,q11_3,25004,La France Insoumise,La France Insoumise,5858,link,battery
2024,FR,,q11_4,25005,Les Républicains,Les Républicains,8168,link,battery
2024,FR,,q11_5,25006,Europe Ecologie - Les Verts,Europe Écologie — Les Verts,5650,link,battery
2024,FR,,q11_6,25003,Parti Socialiste,Parti socialiste,1478,link,battery
2024,FR,,q11_7,25007,Reconquête,Reconquête,9064,link,battery
2024,FR,,q18_1,25001,Rassemblement National,Front National / Rassemblement national,433,link,battery
2024,FR,,q18_2,25002,Renaissance,La République En Marche! / Renaissance,5857,link,battery
2024,FR,,q18_3,25004,La France Insoumise,La France Insoumise,5858,link,battery
2024,FR,,q18_4,25005,Les Républicains,Les Républicains,8168,link,battery
2024,FR,,q18_5,25006,Europe Ecologie - Les Verts,Europe Écologie — Les Verts,5650,link,battery
2024,FR,,q18_6,25003,Parti Socialiste,Parti socialiste,1478,link,battery
2024,FR,,q18_7,25007,Reconquête,Reconquête,9064,link,battery
2024,FR,,q19_recoded,88,,none,,special,answer
2024,FR,,q19_recoded,90,,other,,special,answer
2024,FR,,q19_recoded,98,,dont-know,,special,answer
2024,FR,,q19_recoded,25001,Rassemblement National,Front National / Rassemblement national,433,link,answer
2024,FR,,q19_recoded,25002,Renaissance,La République En Marche! / Renaissance,5857,link,answer
2024,FR,,q19_recoded,25003,Parti Socialiste,Parti socialiste,1478,link,answer
2024,FR,,q19_recoded,25004,La France Insoumise,La France Insoumise,5858,link,answer
2024,FR,,q19_recoded,25005,Les Républicains,Les Républicains,8168,link,answer
2024,FR,,q19_recoded,25006,Europe Ecologie - Les Verts,Europe Écologie — Les Verts,5650,link,answer
2024,FR,,q19_recoded,25007,Reconquête,Reconquête,9064,link,answer
2024,FR,,q19_recoded,25014,Lutte Ouvrière,Lutte ouvrière,617,link,answer
2024,FR,,q19_recoded,25018,Mouvement démocrate,Mouvement démocrate,496,link,answer
2024,FR,,q19_recoded,25019,Place Publique,Place Publique [og],,hand,answer
2024,FR,,q1a_recoded,88,,none,,special,answer
2024,FR,,q1a_recoded,90,,other,,special,answer
2024,FR,,q1a_recoded,96,,,,special,answer
2024,FR,,q1a_recoded,98,,dont-know,,special,answer
2024,FR,,q1a_recoded,25001,Rassemblement National,Front National / Rassemblement national,433,link,answer
2024,FR,,q1a_recoded,25002,Renaissance,La République En Marche! / Renaissance,5857,link,answer
2024,FR,,q1a_recoded,25003,Parti Socialiste,Parti socialiste,1478,link,answer
2024,FR,,q1a_recoded,25004,La France Insoumise,La France Insoumise,5858,link,answer
2024,FR,,q1a_recoded,25005,Les Républicains,Les Républicains,8168,link,answer
2024,FR,,q1a_recoded,25006,Europe Ecologie - Les Verts,Europe Écologie — Les Verts,5650,link,answer
2024,FR,,q1a_recoded,25007,Reconquête,Reconquête,9064,link,answer
2024,FR,,q20_1,25001,Rassemblement National,Front National / Rassemblement national,433,link,battery
2024,FR,,q20_2,25002,Renaissance,La République En Marche! / Renaissance,5857,link,battery
2024,FR,,q20_3,25004,La France Insoumise,La France Insoumise,5858,link,battery
2024,FR,,q20_4,25005,Les Républicains,Les Républicains,8168,link,battery
2024,FR,,q20_5,25006,Europe Ecologie - Les Verts,Europe Écologie — Les Verts,5650,link,battery
2024,FR,,q20_6,25003,Parti Socialiste,Parti socialiste,1478,link,battery
2024,FR,,q20_7,25007,Reconquête,Reconquête,9064,link,battery
2024,FR,,q6_recoded,90,,other,,special,answer
2024,FR,,q6_recoded,91,,blank-invalid,,special,answer
2024,FR,,q6_recoded,96,,did-not-vote,,special,answer
2024,FR,,q6_recoded,98,,dont-know,,special,answer
2024,FR,,q6_recoded,25001,Rassemblement National,Front National / Rassemblement national,433,link,answer
2024,FR,,q6_recoded,25002,Renaissance,La République En Marche! / Renaissance,5857,link,answer
2024,FR,,q6_recoded,25003,Parti Socialiste,Parti socialiste,1478,link,answer
2024,FR,,q6_recoded,25004,La France Insoumise,La France Insoumise,5858,link,answer
2024,FR,,q6_recoded,25005,Les Républicains,Les Républicains,8168,link,answer
2024,FR,,q6_recoded,25006,Europe Ecologie - Les Verts,Europe Écologie — Les Verts,5650,link,answer
2024,FR,,q6_recoded,25007,Reconquête,Reconquête,9064,link,answer
2024,FR,,q6_recoded,25008,Parti Communiste Français,Parti communiste française,1251,link,answer
2024,FR,,q6_recoded,25009,Alliance Rurale,Alliance Rurale [og],,hand,answer
2024,FR,,q6_recoded,25010,Parti Animaliste,Parti animaliste,7343,link,answer
2024,FR,,q6_recoded,25011,Écologie au centre,Écologie au centre [og],,hand,answer
2024,FR,,q6_recoded,25012,Union Populaire Républicaine,Union Populaire Républicaine,7344,link,answer
2024,FR,,q6_recoded,25013,Les Patriotes,Ligue des Patriotes,6712,name,answer
2024,FR,,q6_recoded,25014,Lutte Ouvrière,Lutte ouvrière,617,link,answer
2024,FR,,q8_recoded,90,,other,,special,answer
2024,FR,,q8_recoded,91,,blank-invalid,,special,answer
2024,FR,,q8_recoded,96,,did-not-vote,,special,answer
2024,FR,,q8_recoded,98,,dont-know,,special,answer
2024,FR,,q8_recoded,25001,Rassemblement National,Front National / Rassemblement national,433,link,answer
2024,FR,,q8_recoded,25007,Reconquête,Reconquête,9064,link,answer
2024,FR,,q8_recoded,25015,"Ensemble - Renaissance, Mouvement Démocrate (MoDem)","Ensemble - Renaissance, Mouvement Démocrate (MoDem) [og]",,hand,answer
2024,FR,,q8_recoded,25016,"NUPES - La France Insoumise (LFI), Parti Socialiste (PS), Europe Écologie Les Verts (EELV)","NUPES - La France Insoumise (LFI), Parti Socialiste (PS), Europe Écologie Les Verts (EELV) [og]",,hand,answer
2024,FR,,q8_recoded,25017,Union de la Droite et du Centre - Les Républicains et alliés,Union de la Droite et du Centre - Les Républicains et alliés [og],,hand,answer
2024,FR,,q9_1,25001,Rassemblement National,Front National / Rassemblement national,433,link,battery
2024,FR,,q9_2,25002,Renaissance,La République En Marche! / Renaissance,5857,link,battery
2024,FR,,q9_3,25004,La France Insoumise,La France Insoumise,5858,link,battery
2024,FR,,q9_4,25005,Les Républicains,Les Républicains,8168,link,battery
2024,FR,,q9_5,25006,Europe Ecologie - Les Verts,Europe Écologie — Les Verts,5650,link,battery
2024,FR,,q9_6,25003,Parti Socialiste,Parti socialiste,1478,link,battery
2024,FR,,q9_7,25007,Reconquête,Reconquête,9064,link,battery
2024,GR,,q11_1,30001,Néa Đimokratía,Néa Đimokratía,794,link,battery
2024,GR,,q11_2,30002,Synaspismós Rizospastikís Aristerás (SYRIZA),Synaspismós Rizospastikís Aristerás,301,link,battery
2024,GR,,q11_3,30003,PASÓK - Kínima Allagís,Kinima Allagis,7909,link,battery
2024,GR,,q11_4,30004,Ellinikí Lýsi,Elliniki Lisi,7347,link,battery
2024,GR,,q11_5,30005,Kommounistikó Kómma Elládas,Kommounistikó Kómma Elládas,48,link,battery
2024,GR,,q11_6,30024,Spartiátes,Spartiátes,9129,link,battery
2024,GR,,q11_7,30006,Dimokratiko Patriotiko Kinima,Dimokratikó Patriotikó Kínima 'Níki',9126,link,battery
2024,GR,,q11_8,30007,Plefsi Eleftherias,Plefsi Eleftherias,9088,link,battery
2024,GR,,q18_1,30001,Néa Đimokratía,Néa Đimokratía,794,link,battery
2024,GR,,q18_2,30002,Synaspismós Rizospastikís Aristerás (SYRIZA),Synaspismós Rizospastikís Aristerás,301,link,battery
2024,GR,,q18_3,30003,PASÓK - Kínima Allagís,Kinima Allagis,7909,link,battery
2024,GR,,q18_4,30004,Ellinikí Lýsi,Elliniki Lisi,7347,link,battery
2024,GR,,q18_5,30005,Kommounistikó Kómma Elládas,Kommounistikó Kómma Elládas,48,link,battery
2024,GR,,q18_6,30024,Spartiátes,Spartiátes,9129,link,battery
2024,GR,,q18_7,30006,Dimokratiko Patriotiko Kinima,Dimokratikó Patriotikó Kínima 'Níki',9126,link,battery
2024,GR,,q18_8,30007,Plefsi Eleftherias,Plefsi Eleftherias,9088,link,battery
2024,GR,,q19_recoded,88,,none,,special,answer
2024,GR,,q19_recoded,90,,other,,special,answer
2024,GR,,q19_recoded,98,,dont-know,,special,answer
2024,GR,,q19_recoded,30001,Néa Đimokratía,Néa Đimokratía,794,link,answer
2024,GR,,q19_recoded,30002,Synaspismós Rizospastikís Aristerás (SYRIZA),Synaspismós Rizospastikís Aristerás,301,link,answer
2024,GR,,q19_recoded,30003,PASÓK - Kínima Allagís,Kinima Allagis,7909,link,answer
2024,GR,,q19_recoded,30004,Ellinikí Lýsi,Elliniki Lisi,7347,link,answer
2024,GR,,q19_recoded,30005,Kommounistikó Kómma Elládas,Kommounistikó Kómma Elládas,48,link,answer
2024,GR,,q19_recoded,30006,Dimokratiko Patriotiko Kinima,Dimokratikó Patriotikó Kínima 'Níki',9126,link,answer
2024,GR,,q19_recoded,30007,Plefsi Eleftherias,Plefsi Eleftherias,9088,link,answer
2024,GR,,q19_recoded,30008,Foni Logikis,Foní Logikís,9814,name,answer
2024,GR,,q19_recoded,30009,MeRa25,Métopo Evropaikís Realistikís Anypakoís,7348,link,answer
2024,GR,,q19_recoded,30010,Néa Aristerá,Néa Aristerá,9316,name,answer
2024,GR,,q19_recoded,30011,Dimokrates,Dimokrates [og],,hand,answer
2024,GR,,q19_recoded,30012,Patriótes,Patriótes [og],,hand,answer
2024,GR,,q19_recoded,30013,Kósmos,Kósmos [og],,hand,answer
2024,GR,,q19_recoded,30014,,,,undocumented,answer
2024,GR,,q19_recoded,30017,,,,undocumented,answer
2024,GR,,q19_recoded,30018,,,,undocumented,answer
2024,GR,,q19_recoded,30019,Kinima 21,Kinima 21 [og],,hand,answer
2024,GR,,q19_recoded,30020,Énosi Kentróon,Enosi Kentroon,2510,name,answer
2024,GR,,q19_recoded,30023,Kommounistiko Komma Elladas (marxistiko-leninistiko),Kommounistikó Kómma Elládas,48,name,answer
2024,GR,,q19_recoded,30024,Spartiátes,Spartiátes,9129,link,answer
2024,GR,,q19_recoded,30025,Oikologoi Prasinoi,Oikologoi Prasinoi,378,name,answer
2024,GR,,q19_recoded,30030,Kómma Ellínon Kynigón - Alieón,Kómma Ellênòn Kynègôn,2508,hand,answer
2024,GR,,q1a_recoded,88,,none,,special,answer
2024,GR,,q1a_recoded,90,,other,,special,answer
2024,GR,,q1a_recoded,96,,,,special,answer
2024,GR,,q1a_recoded,98,,dont-know,,special,answer
2024,GR,,q1a_recoded,30001,Néa Đimokratía,Néa Đimokratía,794,link,answer
2024,GR,,q1a_recoded,30002,Synaspismós Rizospastikís Aristerás (SYRIZA),Synaspismós Rizospastikís Aristerás,301,link,answer
2024,GR,,q1a_recoded,30003,PASÓK - Kínima Allagís,Kinima Allagis,7909,link,answer
2024,GR,,q1a_recoded,30004,Ellinikí Lýsi,Elliniki Lisi,7347,link,answer
2024,GR,,q1a_recoded,30005,Kommounistikó Kómma Elládas,Kommounistikó Kómma Elládas,48,link,answer
2024,GR,,q1a_recoded,30006,Dimokratiko Patriotiko Kinima,Dimokratikó Patriotikó Kínima 'Níki',9126,link,answer
2024,GR,,q1a_recoded,30007,Plefsi Eleftherias,Plefsi Eleftherias,9088,link,answer
2024,GR,,q1a_recoded,30008,Foni Logikis,Foní Logikís,9814,name,answer
2024,GR,,q1a_recoded,30009,MeRa25,Métopo Evropaikís Realistikís Anypakoís,7348,link,answer
2024,GR,,q1a_recoded,30010,Néa Aristerá,Néa Aristerá,9316,name,answer
2024,GR,,q1a_recoded,30012,Patriótes,Patriótes [og],,hand,answer
2024,GR,,q1a_recoded,30013,Kósmos,Kósmos [og],,hand,answer
2024,GR,,q1a_recoded,30014,,,,undocumented,answer
2024,GR,,q1a_recoded,30017,,,,undocumented,answer
2024,GR,,q1a_recoded,30018,,,,undocumented,answer
2024,GR,,q1a_recoded,30019,Kinima 21,Kinima 21 [og],,hand,answer
2024,GR,,q1a_recoded,30020,Énosi Kentróon,Enosi Kentroon,2510,name,answer
2024,GR,,q1a_recoded,30024,Spartiátes,Spartiátes,9129,link,answer
2024,GR,,q1a_recoded,30025,Oikologoi Prasinoi,Oikologoi Prasinoi,378,name,answer
2024,GR,,q1a_recoded,30028,Volt,Volt [og],,hand,answer
2024,GR,,q1a_recoded,30029,Ethnikó Kómma – Éllines,Ethnikó Kómma – Éllines [og],,hand,answer
2024,GR,,q20_1,30001,Néa Đimokratía,Néa Đimokratía,794,link,battery
2024,GR,,q20_2,30002,Synaspismós Rizospastikís Aristerás (SYRIZA),Synaspismós Rizospastikís Aristerás,301,link,battery
2024,GR,,q20_3,30003,PASÓK - Kínima Allagís,Kinima Allagis,7909,link,battery
2024,GR,,q20_4,30004,Ellinikí Lýsi,Elliniki Lisi,7347,link,battery
2024,GR,,q20_5,30005,Kommounistikó Kómma Elládas,Kommounistikó Kómma Elládas,48,link,battery
2024,GR,,q20_6,30024,Spartiátes,Spartiátes,9129,link,battery
2024,GR,,q20_7,30006,Dimokratiko Patriotiko Kinima,Dimokratikó Patriotikó Kínima 'Níki',9126,link,battery
2024,GR,,q20_8,30007,Plefsi Eleftherias,Plefsi Eleftherias,9088,link,battery
2024,GR,,q6_recoded,90,,other,,special,answer
2024,GR,,q6_recoded,91,,blank-invalid,,special,answer
2024,GR,,q6_recoded,96,,did-not-vote,,special,answer
2024,GR,,q6_recoded,97,,refused,,special,answer
2024,GR,,q6_recoded,98,,dont-know,,special,answer
2024,GR,,q6_recoded,30001,Néa Đimokratía,Néa Đimokratía,794,link,answer
2024,GR,,q6_recoded,30002,Synaspismós Rizospastikís Aristerás (SYRIZA),Synaspismós Rizospastikís Aristerás,301,link,answer
2024,GR,,q6_recoded,30003,PASÓK - Kínima Allagís,Kinima Allagis,7909,link,answer
2024,GR,,q6_recoded,30004,Ellinikí Lýsi,Elliniki Lisi,7347,link,answer
2024,GR,,q6_recoded,30005,Kommounistikó Kómma Elládas,Kommounistikó Kómma Elládas,48,link,answer
2024,GR,,q6_recoded,30006,Dimokratiko Patriotiko Kinima,Dimokratikó Patriotikó Kínima 'Níki',9126,link,answer
2024,GR,,q6_recoded,30007,Plefsi Eleftherias,Plefsi Eleftherias,9088,link,answer
2024,GR,,q6_recoded,30008,Foni Logikis,Foní Logikís,9814,name,answer
2024,GR,,q6_recoded,30009,MeRa25,Métopo Evropaikís Realistikís Anypakoís,7348,link,answer
2024,GR,,q6_recoded,30010,Néa Aristerá,Néa Aristerá,9316,name,answer
2024,GR,,q6_recoded,30011,Dimokrates,Dimokrates [og],,hand,answer
2024,GR,,q6_recoded,30012,Patriótes,Patriótes [og],,hand,answer
2024,GR,,q6_recoded,30013,Kósmos,Kósmos [og],,hand,answer
2024,GR,,q6_recoded,30014,,,,undocumented,answer
2024,GR,,q6_recoded,30015,,,,undocumented,answer
2024,GR,,q6_recoded,30016,ANTARSYA,Antikapitalistiki Aristeri Synergasia gia tin Anatropi,95,link,answer
2024,GR,,q6_recoded,30017,,,,undocumented,answer
2024,GR,,q6_recoded,30018,,,,undocumented,answer
2024,GR,,q6_recoded,30019,Kinima 21,Kinima 21 [og],,hand,answer
2024,GR,,q6_recoded,30020,Énosi Kentróon,Enosi Kentroon,2510,name,answer
2024,GR,,q6_recoded,30021,,,,undocumented,answer
2024,GR,,q6_recoded,30022,Laikós Orthódoxos Synagermós,Laïkós Orthódoxos Synagermós,965,name,answer
2024,GR,,q6_recoded,30023,Kommounistiko Komma Elladas (marxistiko-leninistiko),Kommounistikó Kómma Elládas,48,name,answer
2024,GR,,q8_recoded,90,,other,,special,answer
2024,GR,,q8_recoded,91,,blank-invalid,,special,answer
2024,GR,,q8_recoded,96,,did-not-vote,,special,answer
2024,GR,,q8_recoded,98,,dont-know,,special,answer
2024,GR,,q8_recoded,30001,Néa Đimokratía,Néa Đimokratía,794,link,answer
2024,GR,,q8_recoded,30002,Synaspismós Rizospastikís Aristerás (SYRIZA),Synaspismós Rizospastikís Aristerás,301,link,answer
2024,GR,,q8_recoded,30003,PASÓK - Kínima Allagís,Kinima Allagis,7909,link,answer
2024,GR,,q8_recoded,30004,Ellinikí Lýsi,Elliniki Lisi,7347,link,answer
2024,GR,,q8_recoded,30005,Kommounistikó Kómma Elládas,Kommounistikó Kómma Elládas,48,link,answer
2024,GR,,q8_recoded,30006,Dimokratiko Patriotiko Kinima,Dimokratikó Patriotikó Kínima 'Níki',9126,link,answer
2024,GR,,q8_recoded,30007,Plefsi Eleftherias,Plefsi Eleftherias,9088,link,answer
2024,GR,,q8_recoded,30009,MeRa25,Métopo Evropaikís Realistikís Anypakoís,7348,link,answer
2024,GR,,q8_recoded,30012,Patriótes,Patriótes [og],,hand,answer
2024,GR,,q8_recoded,30017,,,,undocumented,answer
2024,GR,,q8_recoded,30018,,,,undocumented,answer
2024,GR,,q8_recoded,30020,Énosi Kentróon,Enosi Kentroon,2510,name,answer
2024,GR,,q8_recoded,30023,Kommounistiko Komma Elladas (marxistiko-leninistiko),Kommounistikó Kómma Elládas,48,name,answer
2024,GR,,q8_recoded,30024,Spartiátes,Spartiátes,9129,link,answer
2024,GR,,q8_recoded,30025,Oikologoi Prasinoi,Oikologoi Prasinoi,378,name,answer
2024,GR,,q8_recoded,30026,Prasino+Mov,Prasino+Mov [og],,hand,answer
2024,GR,,q8_recoded,30027,Orgánosi gia tin Anasigkrótisi tou Kommounistikoú Kómmatos Elládas,Orgánosi gia tin Anasigkrótisi tou Kommounistikoú Kómmatos Elládas [og],,hand,answer
2024,GR,,q9_1,30001,Néa Đimokratía,Néa Đimokratía,794,link,battery
2024,GR,,q9_2,30002,Synaspismós Rizospastikís Aristerás (SYRIZA),Synaspismós Rizospastikís Aristerás,301,link,battery
2024,GR,,q9_3,30003,PASÓK - Kínima Allagís,Kinima Allagis,7909,link,battery
2024,GR,,q9_4,30004,Ellinikí Lýsi,Elliniki Lisi,7347,link,battery
2024,GR,,q9_5,30005,Kommounistikó Kómma Elládas,Kommounistikó Kómma Elládas,48,link,battery
2024,GR,,q9_6,30024,Spartiátes,Spartiátes,9129,link,battery
2024,GR,,q9_7,30006,Dimokratiko Patriotiko Kinima,Dimokratikó Patriotikó Kínima 'Níki',9126,link,battery
2024,GR,,q9_8,30007,Plefsi Eleftherias,Plefsi Eleftherias,9088,link,battery
2024,HR,,q11_1,19103,Domovinski pokret,Domovinski pokret,8981,link,battery
2024,HR,,q11_2,19101,Hrvatska demokratska zajednica,Hrvatska demokratska zajednica,1431,link,battery
2024,HR,,q11_3,19107,Most,Most nezavisnih lista,4865,link,battery
2024,HR,,q11_4,19104,Možemo! – politička platforma,Možemo! – politička platforma,8980,link,battery
2024,HR,,q11_5,19102,Socijaldemokratska partija Hrvatske,Socijaldemokratska partija Hrvatske,1475,link,battery
2024,HR,,q18_1,19103,Domovinski pokret,Domovinski pokret,8981,link,battery
2024,HR,,q18_2,19101,Hrvatska demokratska zajednica,Hrvatska demokratska zajednica,1431,link,battery
2024,HR,,q18_3,19107,Most,Most nezavisnih lista,4865,link,battery
2024,HR,,q18_4,19104,Možemo! – politička platforma,Možemo! – politička platforma,8980,link,battery
2024,HR,,q18_5,19102,Socijaldemokratska partija Hrvatske,Socijaldemokratska partija Hrvatske,1475,link,battery
2024,HR,,q19_recoded,88,,none,,special,answer
2024,HR,,q19_recoded,89,,independent,,special,answer
2024,HR,,q19_recoded,90,,other,,special,answer
2024,HR,,q19_recoded,98,,dont-know,,special,answer
2024,HR,,q19_recoded,19101,Hrvatska demokratska zajednica,Hrvatska demokratska zajednica,1431,link,answer
2024,HR,,q19_recoded,19102,Socijaldemokratska partija Hrvatske,Socijaldemokratska partija Hrvatske,1475,link,answer
2024,HR,,q19_recoded,19103,Domovinski pokret,Domovinski pokret,8981,link,answer
2024,HR,,q19_recoded,19104,Možemo! – politička platforma,Možemo! – politička platforma,8980,link,answer
2024,HR,,q19_recoded,19105,Istarski demokratski sabor,Istarski demokratski sabor,513,link,answer
2024,HR,,q19_recoded,19107,Most,Most nezavisnih lista,4865,link,answer
2024,HR,,q19_recoded,19108,Pravo i Pravda,Pravo i Pravda [og],,hand,answer
2024,HR,,q19_recoded,19109,Odlučnost i pravednost,Odlučnost i pravednost [og],,hand,answer
2024,HR,,q19_recoded,19112,Radnička fronta,Radnička fronta [og],,hand,answer
2024,HR,,q19_recoded,19119,Javno Dobro,Javno Dobro [og],,hand,answer
2024,HR,,q19_recoded,19121,Fokus,Fokus,9480,name,answer
2024,HR,,q19_recoded,19124,Hrvatska stranka prava,Hrvatska stranka prava,253,name,answer
2024,HR,,q19_recoded,19125,Samostalna demokratska srpska stranka,Samostalna demokratska srpska stranka,2348,hand,answer
2024,HR,,q19_recoded,19127,Socijaldemokrati,Socijaldemokrati [og],,hand,answer
2024,HR,,q19_recoded,19128,Nezavisna Platforma Sjever,Nezavisna Platforma Sjever [og],,hand,answer
2024,HR,,q19_recoded,19130,Hrvatska seljačka stranka,Hrvatska seljačka stranka,72,name,answer
2024,HR,,q1a_recoded,88,,none,,special,answer
2024,HR,,q1a_recoded,90,,other,,special,answer
2024,HR,,q1a_recoded,96,,,,special,answer
2024,HR,,q1a_recoded,98,,dont-know,,special,answer
2024,HR,,q1a_recoded,19101,Hrvatska demokratska zajednica,Hrvatska demokratska zajednica,1431,link,answer
2024,HR,,q1a_recoded,19102,Socijaldemokratska partija Hrvatske,Socijaldemokratska partija Hrvatske,1475,link,answer
2024,HR,,q1a_recoded,19103,Domovinski pokret,Domovinski pokret,8981,link,answer
2024,HR,,q1a_recoded,19104,Možemo! – politička platforma,Možemo! – politička platforma,8980,link,answer
2024,HR,,q1a_recoded,19107,Most,Most nezavisnih lista,4865,link,answer
2024,HR,,q1a_recoded,19108,Pravo i Pravda,Pravo i Pravda [og],,hand,answer
2024,HR,,q1a_recoded,19109,Odlučnost i pravednost,Odlučnost i pravednost [og],,hand,answer
2024,HR,,q1a_recoded,19110,Ričard Nezavisni,Ričard Nezavisni [og],,hand,answer
2024,HR,,q1a_recoded,19111,Hrvatska stranka umirovljenika,Hrvatska stranka umirovljenika,2062,name,answer
2024,HR,,q1a_recoded,19112,Radnička fronta,Radnička fronta [og],,hand,answer
2024,HR,,q1a_recoded,19119,Javno Dobro,Javno Dobro [og],,hand,answer
2024,HR,,q1a_recoded,19121,Fokus,Fokus,9480,name,answer
2024,HR,,q1a_recoded,19126,Centar,Centar [og],,hand,answer
2024,HR,,q1a_recoded,19127,Socijaldemokrati,Socijaldemokrati [og],,hand,answer
2024,HR,,q1a_recoded,19128,Nezavisna Platforma Sjever,Nezavisna Platforma Sjever [og],,hand,answer
2024,HR,,q1a_recoded,19129,Nezavisna lista mladih,Nezavisna lista mladih [og],,hand,answer
2024,HR,,q20_1,19103,Domovinski pokret,Domovinski pokret,8981,link,battery
2024,HR,,q20_2,19101,Hrvatska demokratska zajednica,Hrvatska demokratska zajednica,1431,link,battery
2024,HR,,q20_3,19107,Most,Most nezavisnih lista,4865,link,battery
2024,HR,,q20_4,19104,Možemo! – politička platforma,Možemo! – politička platforma,8980,link,battery
2024,HR,,q20_5,19102,Socijaldemokratska partija Hrvatske,Socijaldemokratska partija Hrvatske,1475,link,battery
2024,HR,,q6_recoded,89,,independent,,special,answer
2024,HR,,q6_recoded,90,,other,,special,answer
2024,HR,,q6_recoded,91,,blank-invalid,,special,answer
2024,HR,,q6_recoded,96,,did-not-vote,,special,answer
2024,HR,,q6_recoded,98,,dont-know,,special,answer
2024,HR,,q6_recoded,19101,Hrvatska demokratska zajednica,Hrvatska demokratska zajednica,1431,link,answer
2024,HR,,q6_recoded,19102,Socijaldemokratska partija Hrvatske,Socijaldemokratska partija Hrvatske,1475,link,answer
2024,HR,,q6_recoded,19103,Domovinski pokret,Domovinski pokret,8981,link,answer
2024,HR,,q6_recoded,19104,Možemo! – politička platforma,Možemo! – politička platforma,8980,link,answer
2024,HR,,q6_recoded,19105,Istarski demokratski sabor,Istarski demokratski sabor,513,link,answer
2024,HR,,q6_recoded,19106,,,,undocumented,answer
2024,HR,,q6_recoded,19107,Most,Most nezavisnih lista,4865,link,answer
2024,HR,,q6_recoded,19108,Pravo i Pravda,Pravo i Pravda [og],,hand,answer
2024,HR,,q6_recoded,19109,Odlučnost i pravednost,Odlučnost i pravednost [og],,hand,answer
2024,HR,,q6_recoded,19110,Ričard Nezavisni,Ričard Nezavisni [og],,hand,answer
2024,HR,,q6_recoded,19111,Hrvatska stranka umirovljenika,Hrvatska stranka umirovljenika,2062,name,answer
2024,HR,,q6_recoded,19112,Radnička fronta,Radnička fronta [og],,hand,answer
2024,HR,,q6_recoded,19113,Umirovljenici zajedno,Umirovljenici zajedno [og],,hand,answer
2024,HR,,q6_recoded,19114,Pokret za životinje,Pokret za životinje [og],,hand,answer
2024,HR,,q6_recoded,19115,Agrarna stranka - Pokret za hrvatsku poljoprivredu,Agrarna stranka - Pokret za hrvatsku poljoprivredu [og],,hand,answer
2024,HR,,q6_recoded,19116,Republika,Republika [og],,hand,answer
2024,HR,,q6_recoded,19117,Hrvatska stranka građanskog otpora,Hrvatska stranka građanskog otpora [og],,hand,answer
2024,HR,,q6_recoded,19118,Dalmatinska akcija,Dalmatinska akcija,8606,name,answer
2024,HR,,q6_recoded,19119,Javno Dobro,Javno Dobro [og],,hand,answer
2024,HR,,q8_recoded,89,,independent,,special,answer
2024,HR,,q8_recoded,90,,other,,special,answer
2024,HR,,q8_recoded,91,,blank-invalid,,special,answer
2024,HR,,q8_recoded,96,,did-not-vote,,special,answer
2024,HR,,q8_recoded,97,,refused,,special,answer
2024,HR,,q8_recoded,98,,dont-know,,special,answer
2024,HR,,q8_recoded,19101,Hrvatska demokratska zajednica,Hrvatska demokratska zajednica,1431,link,answer
2024,HR,,q8_recoded,19102,Socijaldemokratska partija Hrvatske,Socijaldemokratska partija Hrvatske,1475,link,answer
2024,HR,,q8_recoded,19103,Domovinski pokret,Domovinski pokret,8981,link,answer
2024,HR,,q8_recoded,19104,Možemo! – politička platforma,Možemo! – politička platforma,8980,link,answer
2024,HR,,q8_recoded,19105,Istarski demokratski sabor,Istarski demokratski sabor,513,link,answer
2024,HR,,q8_recoded,19107,Most,Most nezavisnih lista,4865,link,answer
2024,HR,,q8_recoded,19109,Odlučnost i pravednost,Odlučnost i pravednost [og],,hand,answer
2024,HR,,q8_recoded,19112,Radnička fronta,Radnička fronta [og],,hand,answer
2024,HR,,q8_recoded,19113,Umirovljenici zajedno,Umirovljenici zajedno [og],,hand,answer
2024,HR,,q8_recoded,19115,Agrarna stranka - Pokret za hrvatsku poljoprivredu,Agrarna stranka - Pokret za hrvatsku poljoprivredu [og],,hand,answer
2024,HR,,q8_recoded,19118,Dalmatinska akcija,Dalmatinska akcija,8606,name,answer
2024,HR,,q8_recoded,19119,Javno Dobro,Javno Dobro [og],,hand,answer
2024,HR,,q8_recoded,19120,Hrvatski suverenisti,Hrvatski suverenisti,9086,link,answer
2024,HR,,q8_recoded,19121,Fokus,Fokus,9480,name,answer
2024,HR,,q8_recoded,19122,Naša Hrvatska,Naša Hrvatska [og],,hand,answer
2024,HR,,q8_recoded,19123,Stranka Ivana Pernara,Stranka Ivana Pernara [og],,hand,answer
2024,HR,,q8_recoded,19124,Hrvatska stranka prava,Hrvatska stranka prava,253,name,answer
2024,HR,,q8_recoded,19125,Samostalna demokratska srpska stranka,Samostalna demokratska srpska stranka,2348,hand,answer
2024,HR,,q8_recoded,20311,,,,undocumented,answer
2024,HR,,q9_1,19103,Domovinski pokret,Domovinski pokret,8981,link,battery
2024,HR,,q9_2,19101,Hrvatska demokratska zajednica,Hrvatska demokratska zajednica,1431,link,battery
2024,HR,,q9_3,19107,Most,Most nezavisnih lista,4865,link,battery
2024,HR,,q9_4,19104,Možemo! – politička platforma,Možemo! – politička platforma,8980,link,battery
2024,HR,,q9_5,19102,Socijaldemokratska partija Hrvatske,Socijaldemokratska partija Hrvatske,1475,link,battery
2024,HU,,q11_1,34801,Fidesz–Magyar Polgári Szövetség – Kereszténydemokrata Néppárt,Fidesz — KDNP pártszövetség / Magyar Szolidaritás Szövetsége,6366,link,battery
2024,HU,,q11_2,34802,Tisztelet és Szabadság Párt,Tisztelet és Szabadság Párt [og],,hand,battery
2024,HU,,q11_3,34803,"DK, MSZP, Párbeszéd szociáldemokrata-zöld szövetség",Demokratikus Koalíció,469,link,battery
2024,HU,,q11_4,34805,Momentum Mozgalom,Momentum Mozgalom,8249,link,battery
2024,HU,,q11_5,34804,Mi Hazánk Mozgalom,Mi Hazánk Mozgalom,7349,link,battery
2024,HU,,q11_6,34807,Jobbik – Konzervatívok,Jobbik Magyarországért Mozgalom,42,link,battery
2024,HU,,q11_7,34806,Magyar Kétfarkú Kutya Párt,Magyar Kétfarkú Kutya Párt,6129,link,battery
2024,HU,,q11_8,34808,LMP – Magyarország Zöld Pártja,Lehet Más a Politika — LMP – Magyarország Zöld Pártja,1650,link,battery
2024,HU,,q18_1,34801,Fidesz–Magyar Polgári Szövetség – Kereszténydemokrata Néppárt,Fidesz — KDNP pártszövetség / Magyar Szolidaritás Szövetsége,6366,link,battery
2024,HU,,q18_2,34802,Tisztelet és Szabadság Párt,Tisztelet és Szabadság Párt [og],,hand,battery
2024,HU,,q18_3,34803,"DK, MSZP, Párbeszéd szociáldemokrata-zöld szövetség",Demokratikus Koalíció,469,link,battery
2024,HU,,q18_4,34805,Momentum Mozgalom,Momentum Mozgalom,8249,link,battery
2024,HU,,q18_5,34804,Mi Hazánk Mozgalom,Mi Hazánk Mozgalom,7349,link,battery
2024,HU,,q18_6,34807,Jobbik – Konzervatívok,Jobbik Magyarországért Mozgalom,42,link,battery
2024,HU,,q18_7,34806,Magyar Kétfarkú Kutya Párt,Magyar Kétfarkú Kutya Párt,6129,link,battery
2024,HU,,q18_8,34808,LMP – Magyarország Zöld Pártja,Lehet Más a Politika — LMP – Magyarország Zöld Pártja,1650,link,battery
2024,HU,,q19_recoded,88,,none,,special,answer
2024,HU,,q19_recoded,90,,other,,special,answer
2024,HU,,q19_recoded,98,,dont-know,,special,answer
2024,HU,,q19_recoded,34802,Tisztelet és Szabadság Párt,Tisztelet és Szabadság Párt [og],,hand,answer
2024,HU,,q19_recoded,34804,Mi Hazánk Mozgalom,Mi Hazánk Mozgalom,7349,link,answer
2024,HU,,q19_recoded,34805,Momentum Mozgalom,Momentum Mozgalom,8249,link,answer
2024,HU,,q19_recoded,34806,Magyar Kétfarkú Kutya Párt,Magyar Kétfarkú Kutya Párt,6129,link,answer
2024,HU,,q19_recoded,34807,Jobbik – Konzervatívok,Jobbik Magyarországért Mozgalom,42,link,answer
2024,HU,,q19_recoded,34808,LMP – Magyarország Zöld Pártja,Lehet Más a Politika — LMP – Magyarország Zöld Pártja,1650,link,answer
2024,HU,,q19_recoded,34810,Mindenki Magyarországa Néppárt,Mindenki Magyarországa Néppárt [og],,hand,answer
2024,HU,,q19_recoded,34813,FIDESZ-Magyar Polgári Szövetség,Fidesz — Magyar Polgári Szövetség,1691,link,answer
2024,HU,,q19_recoded,34814,Kereszténydemokrata Néppárt KDNP,Kereszténydemokrata Néppárt,1412,link,answer
2024,HU,,q19_recoded,34815,Demokratikus Koalíció,Demokratikus Koalíció,469,link,answer
2024,HU,,q19_recoded,34816,Magyar Szocialista Párt,Magyar Szocialista Párt,1408,link,answer
2024,HU,,q19_recoded,34817,Párbeszéd – A Zöldek Pártja,Párbeszéd Magyarországért,3115,link,answer
2024,HU,,q19_recoded,34818,Normális Élet Pártja,Normális Élet Pártja [og],,hand,answer
2024,HU,,q19_recoded,34819,Nép Pártján,Nép Pártján [og],,hand,answer
2024,HU,,q19_recoded,34820,Le Az Adók 75%-ával Párt,Le Az Adók 75%-ával Párt [og],,hand,answer
2024,HU,,q1a_recoded,88,,none,,special,answer
2024,HU,,q1a_recoded,90,,other,,special,answer
2024,HU,,q1a_recoded,96,,,,special,answer
2024,HU,,q1a_recoded,98,,dont-know,,special,answer
2024,HU,,q1a_recoded,34801,Fidesz–Magyar Polgári Szövetség – Kereszténydemokrata Néppárt,Fidesz — KDNP pártszövetség / Magyar Szolidaritás Szövetsége,6366,link,answer
2024,HU,,q1a_recoded,34802,Tisztelet és Szabadság Párt,Tisztelet és Szabadság Párt [og],,hand,answer
2024,HU,,q1a_recoded,34803,"DK, MSZP, Párbeszéd szociáldemokrata-zöld szövetség",Demokratikus Koalíció,469,link,answer
2024,HU,,q1a_recoded,34804,Mi Hazánk Mozgalom,Mi Hazánk Mozgalom,7349,link,answer
2024,HU,,q1a_recoded,34805,Momentum Mozgalom,Momentum Mozgalom,8249,link,answer
2024,HU,,q1a_recoded,34806,Magyar Kétfarkú Kutya Párt,Magyar Kétfarkú Kutya Párt,6129,link,answer
2024,HU,,q1a_recoded,34807,Jobbik – Konzervatívok,Jobbik Magyarországért Mozgalom,42,link,answer
2024,HU,,q1a_recoded,34808,LMP – Magyarország Zöld Pártja,Lehet Más a Politika — LMP – Magyarország Zöld Pártja,1650,link,answer
2024,HU,,q1a_recoded,34809,Második Reformkor Párt,Második Reformkor Párt [og],,hand,answer
2024,HU,,q1a_recoded,34810,Mindenki Magyarországa Néppárt,Mindenki Magyarországa Néppárt [og],,hand,answer
2024,HU,,q1a_recoded,34819,Nép Pártján,Nép Pártján [og],,hand,answer
2024,HU,,q1a_recoded,34820,Le Az Adók 75%-ával Párt,Le Az Adók 75%-ával Párt [og],,hand,answer
2024,HU,,q20_1,34801,Fidesz–Magyar Polgári Szövetség – Kereszténydemokrata Néppárt,Fidesz — KDNP pártszövetség / Magyar Szolidaritás Szövetsége,6366,link,battery
2024,HU,,q20_2,34802,Tisztelet és Szabadság Párt,Tisztelet és Szabadság Párt [og],,hand,battery
2024,HU,,q20_3,34803,"DK, MSZP, Párbeszéd szociáldemokrata-zöld szövetség",Demokratikus Koalíció,469,link,battery
2024,HU,,q20_4,34805,Momentum Mozgalom,Momentum Mozgalom,8249,link,battery
2024,HU,,q20_5,34804,Mi Hazánk Mozgalom,Mi Hazánk Mozgalom,7349,link,battery
2024,HU,,q20_6,34807,Jobbik – Konzervatívok,Jobbik Magyarországért Mozgalom,42,link,battery
2024,HU,,q20_7,34806,Magyar Kétfarkú Kutya Párt,Magyar Kétfarkú Kutya Párt,6129,link,battery
2024,HU,,q20_8,34808,LMP – Magyarország Zöld Pártja,Lehet Más a Politika — LMP – Magyarország Zöld Pártja,1650,link,battery
2024,HU,,q6_recoded,91,,blank-invalid,,special,answer
2024,HU,,q6_recoded,96,,did-not-vote,,special,answer
2024,HU,,q6_recoded,98,,dont-know,,special,answer
2024,HU,,q6_recoded,34801,Fidesz–Magyar Polgári Szövetség – Kereszténydemokrata Néppárt,Fidesz — KDNP pártszövetség / Magyar Szolidaritás Szövetsége,6366,link,answer
2024,HU,,q6_recoded,34802,Tisztelet és Szabadság Párt,Tisztelet és Szabadság Párt [og],,hand,answer
2024,HU,,q6_recoded,34803,"DK, MSZP, Párbeszéd szociáldemokrata-zöld szövetség",Demokratikus Koalíció,469,link,answer
2024,HU,,q6_recoded,34804,Mi Hazánk Mozgalom,Mi Hazánk Mozgalom,7349,link,answer
2024,HU,,q6_recoded,34805,Momentum Mozgalom,Momentum Mozgalom,8249,link,answer
2024,HU,,q6_recoded,34806,Magyar Kétfarkú Kutya Párt,Magyar Kétfarkú Kutya Párt,6129,link,answer
2024,HU,,q6_recoded,34807,Jobbik – Konzervatívok,Jobbik Magyarországért Mozgalom,42,link,answer
2024,HU,,q6_recoded,34808,LMP – Magyarország Zöld Pártja,Lehet Más a Politika — LMP – Magyarország Zöld Pártja,1650,link,answer
2024,HU,,q6_recoded,34809,Második Reformkor Párt,Második Reformkor Párt [og],,hand,answer
2024,HU,,q6_recoded,34810,Mindenki Magyarországa Néppárt,Mindenki Magyarországa Néppárt [og],,hand,answer
2024,HU,,q6_recoded,34811,Megoldás Mozgalom,Megoldás Mozgalom,9128,link,answer
2024,HU,,q8_recoded,90,,other,,special,answer
2024,HU,,q8_recoded,91,,blank-invalid,,special,answer
2024,HU,,q8_recoded,96,,did-not-vote,,special,answer
2024,HU,,q8_recoded,97,,refused,,special,answer
2024,HU,,q8_recoded,98,,dont-know,,special,answer
2024,HU,,q8_recoded,34801,Fidesz–Magyar Polgári Szövetség – Kereszténydemokrata Néppárt,Fidesz — KDNP pártszövetség / Magyar Szolidaritás Szövetsége,6366,link,answer
2024,HU,,q8_recoded,34804,Mi Hazánk Mozgalom,Mi Hazánk Mozgalom,7349,link,answer
2024,HU,,q8_recoded,34806,Magyar Kétfarkú Kutya Párt,Magyar Kétfarkú Kutya Párt,6129,link,answer
2024,HU,,q8_recoded,34812,Egységben Magyarországért,Egységben Magyarországért [og],,hand,answer
2024,HU,,q9_1,34801,Fidesz–Magyar Polgári Szövetség – Kereszténydemokrata Néppárt,Fidesz — KDNP pártszövetség / Magyar Szolidaritás Szövetsége,6366,link,battery
2024,HU,,q9_2,34802,Tisztelet és Szabadság Párt,Tisztelet és Szabadság Párt [og],,hand,battery
2024,HU,,q9_3,34803,"DK, MSZP, Párbeszéd szociáldemokrata-zöld szövetség",Demokratikus Koalíció,469,link,battery
2024,HU,,q9_4,34805,Momentum Mozgalom,Momentum Mozgalom,8249,link,battery
2024,HU,,q9_5,34804,Mi Hazánk Mozgalom,Mi Hazánk Mozgalom,7349,link,battery
2024,HU,,q9_6,34807,Jobbik – Konzervatívok,Jobbik Magyarországért Mozgalom,42,link,battery
2024,HU,,q9_7,34806,Magyar Kétfarkú Kutya Párt,Magyar Kétfarkú Kutya Párt,6129,link,battery
2024,HU,,q9_8,34808,LMP – Magyarország Zöld Pártja,Lehet Más a Politika — LMP – Magyarország Zöld Pártja,1650,link,battery
2024,IE,,q11_1,37203,Sinn Féin,Sinn Fein,2507,link,battery
2024,IE,,q11_2,37201,Fine Gael,Fine Gael,1288,link,battery
2024,IE,,q11_3,37202,Fianna Fáil,Fianna Fáil,1055,link,battery
2024,IE,,q11_4,37209,Daonlathaithe Sóisialta,Daonlathaigh Shóisialta,4870,link,battery
2024,IE,,q11_5,37206,Green -Comhaontas Glas,Green Party-Comhaontas Glas,1775,link,battery
2024,IE,,q11_6,37208,Aontú,Aontú,8642,link,battery
2024,IE,,q11_7,37205,Páirti Lucht Oibre,Páirti Lucht Oibre,562,link,battery
2024,IE,,q11_8,37211,Dlúthpháirtíocht–Pobal Seachas Brabús,Solidarity — People Before Profit,8241,hand,battery
2024,IE,,q18_1,37203,Sinn Féin,Sinn Fein,2507,link,battery
2024,IE,,q18_2,37201,Fine Gael,Fine Gael,1288,link,battery
2024,IE,,q18_3,37202,Fianna Fáil,Fianna Fáil,1055,link,battery
2024,IE,,q18_4,37209,Daonlathaithe Sóisialta,Daonlathaigh Shóisialta,4870,link,battery
2024,IE,,q18_5,37206,Green -Comhaontas Glas,Green Party-Comhaontas Glas,1775,link,battery
2024,IE,,q18_6,37208,Aontú,Aontú,8642,link,battery
2024,IE,,q18_7,37205,Páirti Lucht Oibre,Páirti Lucht Oibre,562,link,battery
2024,IE,,q18_8,37211,Dlúthpháirtíocht–Pobal Seachas Brabús,Solidarity — People Before Profit,8241,hand,battery
2024,IE,,q19_recoded,88,,none,,special,answer
2024,IE,,q19_recoded,89,,independent,,special,answer
2024,IE,,q19_recoded,90,,other,,special,answer
2024,IE,,q19_recoded,98,,dont-know,,special,answer
2024,IE,,q19_recoded,37201,Fine Gael,Fine Gael,1288,link,answer
2024,IE,,q19_recoded,37202,Fianna Fáil,Fianna Fáil,1055,link,answer
2024,IE,,q19_recoded,37203,Sinn Féin,Sinn Fein,2507,link,answer
2024,IE,,q19_recoded,37205,Páirti Lucht Oibre,Páirti Lucht Oibre,562,link,answer
2024,IE,,q19_recoded,37206,Green -Comhaontas Glas,Green Party-Comhaontas Glas,1775,link,answer
2024,IE,,q19_recoded,37208,Aontú,Aontú,8642,link,answer
2024,IE,,q19_recoded,37209,Daonlathaithe Sóisialta,Daonlathaigh Shóisialta,4870,link,answer
2024,IE,,q19_recoded,37210,Ireland First,Ireland First [og],,hand,answer
2024,IE,,q19_recoded,37211,Dlúthpháirtíocht–Pobal Seachas Brabús,Solidarity — People Before Profit,8241,hand,answer
2024,IE,,q19_recoded,37213,An Páirtí Náisiúnta,An Páirtí Náisiúnta [og],,hand,answer
2024,IE,,q19_recoded,37215,Páirtí Neamhspleách na hEite Clé,Páirtí Neamhspleách na hEite Clé [og],,hand,answer
2024,IE,,q1a_recoded,88,,none,,special,answer
2024,IE,,q1a_recoded,89,,independent,,special,answer
2024,IE,,q1a_recoded,90,,other,,special,answer
2024,IE,,q1a_recoded,96,,,,special,answer
2024,IE,,q1a_recoded,98,,dont-know,,special,answer
2024,IE,,q1a_recoded,37201,Fine Gael,Fine Gael,1288,link,answer
2024,IE,,q1a_recoded,37202,Fianna Fáil,Fianna Fáil,1055,link,answer
2024,IE,,q1a_recoded,37203,Sinn Féin,Sinn Fein,2507,link,answer
2024,IE,,q1a_recoded,37205,Páirti Lucht Oibre,Páirti Lucht Oibre,562,link,answer
2024,IE,,q1a_recoded,37206,Green -Comhaontas Glas,Green Party-Comhaontas Glas,1775,link,answer
2024,IE,,q1a_recoded,37207,Neamhspleáigh ar son an Athraithe,Neamhspleáigh ar son an Athraithe,8181,link,answer
2024,IE,,q1a_recoded,37208,Aontú,Aontú,8642,link,answer
2024,IE,,q1a_recoded,37209,Daonlathaithe Sóisialta,Daonlathaigh Shóisialta,4870,link,answer
2024,IE,,q1a_recoded,37210,Ireland First,Ireland First [og],,hand,answer
2024,IE,,q1a_recoded,37211,Dlúthpháirtíocht–Pobal Seachas Brabús,Solidarity — People Before Profit,8241,hand,answer
2024,IE,,q1a_recoded,37212,Irish Freedom Party,Irish Freedom Party [og],,hand,answer
2024,IE,,q1a_recoded,37213,An Páirtí Náisiúnta,An Páirtí Náisiúnta [og],,hand,answer
2024,IE,,q20_1,37203,Sinn Féin,Sinn Fein,2507,link,battery
2024,IE,,q20_2,37201,Fine Gael,Fine Gael,1288,link,battery
2024,IE,,q20_3,37202,Fianna Fáil,Fianna Fáil,1055,link,battery
2024,IE,,q20_4,37209,Daonlathaithe Sóisialta,Daonlathaigh Shóisialta,4870,link,battery
2024,IE,,q20_5,37206,Green -Comhaontas Glas,Green Party-Comhaontas Glas,1775,link,battery
2024,IE,,q20_6,37208,Aontú,Aontú,8642,link,battery
2024,IE,,q20_7,37205,Páirti Lucht Oibre,Páirti Lucht Oibre,562,link,battery
2024,IE,,q20_8,37211,Dlúthpháirtíocht–Pobal Seachas Brabús,Solidarity — People Before Profit,8241,hand,battery
2024,IE,,q6_recoded,89,,independent,,special,answer
2024,IE,,q6_recoded,90,,other,,special,answer
2024,IE,,q6_recoded,91,,blank-invalid,,special,answer
2024,IE,,q6_recoded,96,,did-not-vote,,special,answer
2024,IE,,q6_recoded,98,,dont-know,,special,answer
2024,IE,,q6_recoded,37201,Fine Gael,Fine Gael,1288,link,answer
2024,IE,,q6_recoded,37202,Fianna Fáil,Fianna Fáil,1055,link,answer
2024,IE,,q6_recoded,37203,Sinn Féin,Sinn Fein,2507,link,answer
2024,IE,,q6_recoded,37204,Independent Ireland,Independent Ireland [og],,hand,answer
2024,IE,,q6_recoded,37205,Páirti Lucht Oibre,Páirti Lucht Oibre,562,link,answer
2024,IE,,q6_recoded,37206,Green -Comhaontas Glas,Green Party-Comhaontas Glas,1775,link,answer
2024,IE,,q6_recoded,37207,Neamhspleáigh ar son an Athraithe,Neamhspleáigh ar son an Athraithe,8181,link,answer
2024,IE,,q6_recoded,37208,Aontú,Aontú,8642,link,answer
2024,IE,,q6_recoded,37209,Daonlathaithe Sóisialta,Daonlathaigh Shóisialta,4870,link,answer
2024,IE,,q6_recoded,37210,Ireland First,Ireland First [og],,hand,answer
2024,IE,,q6_recoded,37211,Dlúthpháirtíocht–Pobal Seachas Brabús,Solidarity — People Before Profit,8241,hand,answer
2024,IE,,q6_recoded,37212,Irish Freedom Party,Irish Freedom Party [og],,hand,answer
2024,IE,,q6_recoded,37214,The Irish People,The Irish People [og],,hand,answer
2024,IE,,q8_recoded,89,,independent,,special,answer
2024,IE,,q8_recoded,91,,blank-invalid,,special,answer
2024,IE,,q8_recoded,96,,did-not-vote,,special,answer
2024,IE,,q8_recoded,98,,dont-know,,special,answer
2024,IE,,q8_recoded,37201,Fine Gael,Fine Gael,1288,link,answer
2024,IE,,q8_recoded,37202,Fianna Fáil,Fianna Fáil,1055,link,answer
2024,IE,,q8_recoded,37203,Sinn Féin,Sinn Fein,2507,link,answer
2024,IE,,q8_recoded,37205,Páirti Lucht Oibre,Páirti Lucht Oibre,562,link,answer
2024,IE,,q8_recoded,37206,Green -Comhaontas Glas,Green Party-Comhaontas Glas,1775,link,answer
2024,IE,,q8_recoded,37208,Aontú,Aontú,8642,link,answer
2024,IE,,q8_recoded,37209,Daonlathaithe Sóisialta,Daonlathaigh Shóisialta,4870,link,answer
2024,IE,,q8_recoded,37211,Dlúthpháirtíocht–Pobal Seachas Brabús,Solidarity — People Before Profit,8241,hand,answer
2024,IE,,q8_recoded,37213,An Páirtí Náisiúnta,An Páirtí Náisiúnta [og],,hand,answer
2024,IE,,q8_recoded,37215,Páirtí Neamhspleách na hEite Clé,Páirtí Neamhspleách na hEite Clé [og],,hand,answer
2024,IE,,q8_recoded,72407,,,,undocumented,answer
2024,IE,,q9_1,37203,Sinn Féin,Sinn Fein,2507,link,battery
2024,IE,,q9_2,37201,Fine Gael,Fine Gael,1288,link,battery
2024,IE,,q9_3,37202,Fianna Fáil,Fianna Fáil,1055,link,battery
2024,IE,,q9_4,37209,Daonlathaithe Sóisialta,Daonlathaigh Shóisialta,4870,link,battery
2024,IE,,q9_5,37206,Green -Comhaontas Glas,Green Party-Comhaontas Glas,1775,link,battery
2024,IE,,q9_6,37208,Aontú,Aontú,8642,link,battery
2024,IE,,q9_7,37205,Páirti Lucht Oibre,Páirti Lucht Oibre,562,link,battery
2024,IE,,q9_8,37211,Dlúthpháirtíocht–Pobal Seachas Brabús,Solidarity — People Before Profit,8241,hand,battery
2024,IT,,q11_1,38001,Fratelli d'Italia,Fratelli d'Italia,2280,link,battery
2024,IT,,q11_2,38002,Partito Democratico,Partito Democratico,802,link,battery
2024,IT,,q11_3,38003,Movimento Cinque Stelle,Movimento 5 Stelle,2046,link,battery
2024,IT,,q11_4,38004,Forza Italia,Forza Italia,1626,link,battery
2024,IT,,q11_5,38005,Lega Salvini Premier,Lega Nord,1221,hand,battery
2024,IT,,q11_6,38006,Alleanza Verdi e Sinistra,Alleanza Verdi e Sinistra [og],,hand,battery
2024,IT,,q11_7,38008,Azione,Azione,9082,link,battery
2024,IT,,q11_8,38014,Italia Viva,Italia Viva,8641,link,battery
2024,IT,,q18_1,38001,Fratelli d'Italia,Fratelli d'Italia,2280,link,battery
2024,IT,,q18_2,38002,Partito Democratico,Partito Democratico,802,link,battery
2024,IT,,q18_3,38003,Movimento Cinque Stelle,Movimento 5 Stelle,2046,link,battery
2024,IT,,q18_4,38004,Forza Italia,Forza Italia,1626,link,battery
2024,IT,,q18_5,38005,Lega Salvini Premier,Lega Nord,1221,hand,battery
2024,IT,,q18_6,38006,Alleanza Verdi e Sinistra,Alleanza Verdi e Sinistra [og],,hand,battery
2024,IT,,q18_7,38008,Azione,Azione,9082,link,battery
2024,IT,,q18_8,38014,Italia Viva,Italia Viva,8641,link,battery
2024,IT,,q19_recoded,88,,none,,special,answer
2024,IT,,q19_recoded,89,,independent,,special,answer
2024,IT,,q19_recoded,90,,other,,special,answer
2024,IT,,q19_recoded,98,,dont-know,,special,answer
2024,IT,,q19_recoded,38001,Fratelli d'Italia,Fratelli d'Italia,2280,link,answer
2024,IT,,q19_recoded,38002,Partito Democratico,Partito Democratico,802,link,answer
2024,IT,,q19_recoded,38003,Movimento Cinque Stelle,Movimento 5 Stelle,2046,link,answer
2024,IT,,q19_recoded,38004,Forza Italia,Forza Italia,1626,link,answer
2024,IT,,q19_recoded,38005,Lega Salvini Premier,Lega Nord,1221,hand,answer
2024,IT,,q19_recoded,38006,Alleanza Verdi e Sinistra,Alleanza Verdi e Sinistra [og],,hand,answer
2024,IT,,q19_recoded,38008,Azione,Azione,9082,link,answer
2024,IT,,q19_recoded,38009,Pace Terra Dignità,Pace Terra Dignità [og],,hand,answer
2024,IT,,q19_recoded,38010,Libertà,Libertà [og],,hand,answer
2024,IT,,q19_recoded,38013,Democrazia Sovrana Popolare,Democrazia Sovrana Popolare [og],,hand,answer
2024,IT,,q19_recoded,38014,Italia Viva,Italia Viva,8641,link,answer
2024,IT,,q19_recoded,38018,Unione Popolare,Unione Popolare [og],,hand,answer
2024,IT,,q19_recoded,38020,Partito Animalista Italiano,Partito Animalista Italiano [og],,hand,answer
2024,IT,,q19_recoded,38021,Forza del Popolo,Forza del Popolo [og],,hand,answer
2024,IT,,q19_recoded,38023,Potere al Popolo!,Potere al Popolo,8247,link,answer
2024,IT,,q19_recoded,38024,Forza Nuova,Forza Nuova [og],,hand,answer
2024,IT,,q19_recoded,38025,Radicali Italiani,Radicali Italiani,8248,link,answer
2024,IT,,q19_recoded,38026,Europa Verde - Verdi,Europa Verde,9110,hand,answer
2024,IT,,q1a_recoded,88,,none,,special,answer
2024,IT,,q1a_recoded,89,,independent,,special,answer
2024,IT,,q1a_recoded,90,,other,,special,answer
2024,IT,,q1a_recoded,96,,,,special,answer
2024,IT,,q1a_recoded,98,,dont-know,,special,answer
2024,IT,,q1a_recoded,38001,Fratelli d'Italia,Fratelli d'Italia,2280,link,answer
2024,IT,,q1a_recoded,38002,Partito Democratico,Partito Democratico,802,link,answer
2024,IT,,q1a_recoded,38003,Movimento Cinque Stelle,Movimento 5 Stelle,2046,link,answer
2024,IT,,q1a_recoded,38004,Forza Italia,Forza Italia,1626,link,answer
2024,IT,,q1a_recoded,38005,Lega Salvini Premier,Lega Nord,1221,hand,answer
2024,IT,,q1a_recoded,38006,Alleanza Verdi e Sinistra,Alleanza Verdi e Sinistra [og],,hand,answer
2024,IT,,q1a_recoded,38008,Azione,Azione,9082,link,answer
2024,IT,,q1a_recoded,38010,Libertà,Libertà [og],,hand,answer
2024,IT,,q1a_recoded,38014,Italia Viva,Italia Viva,8641,link,answer
2024,IT,,q1a_recoded,38018,Unione Popolare,Unione Popolare [og],,hand,answer
2024,IT,,q1a_recoded,38021,Forza del Popolo,Forza del Popolo [og],,hand,answer
2024,IT,,q1a_recoded,38022,Sinistra Italiana,Sinistra Italiana,1212,name,answer
2024,IT,,q20_1,38001,Fratelli d'Italia,Fratelli d'Italia,2280,link,battery
2024,IT,,q20_2,38002,Partito Democratico,Partito Democratico,802,link,battery
2024,IT,,q20_3,38003,Movimento Cinque Stelle,Movimento 5 Stelle,2046,link,battery
2024,IT,,q20_4,38004,Forza Italia,Forza Italia,1626,link,battery
2024,IT,,q20_5,38005,Lega Salvini Premier,Lega Nord,1221,hand,battery
2024,IT,,q20_6,38006,Alleanza Verdi e Sinistra,Alleanza Verdi e Sinistra [og],,hand,battery
2024,IT,,q20_7,38008,Azione,Azione,9082,link,battery
2024,IT,,q20_8,38014,Italia Viva,Italia Viva,8641,link,battery
2024,IT,,q6_recoded,90,,other,,special,answer
2024,IT,,q6_recoded,91,,blank-invalid,,special,answer
2024,IT,,q6_recoded,96,,did-not-vote,,special,answer
2024,IT,,q6_recoded,97,,refused,,special,answer
2024,IT,,q6_recoded,98,,dont-know,,special,answer
2024,IT,,q6_recoded,38001,Fratelli d'Italia,Fratelli d'Italia,2280,link,answer
2024,IT,,q6_recoded,38002,Partito Democratico,Partito Democratico,802,link,answer
2024,IT,,q6_recoded,38003,Movimento Cinque Stelle,Movimento 5 Stelle,2046,link,answer
2024,IT,,q6_recoded,38004,Forza Italia,Forza Italia,1626,link,answer
2024,IT,,q6_recoded,38005,Lega Salvini Premier,Lega Nord,1221,hand,answer
2024,IT,,q6_recoded,38006,Alleanza Verdi e Sinistra,Alleanza Verdi e Sinistra [og],,hand,answer
2024,IT,,q6_recoded,38007,Stati Uniti d'Europa,Stati Uniti d'Europa [og],,hand,answer
2024,IT,,q6_recoded,38008,Azione,Azione,9082,link,answer
2024,IT,,q6_recoded,38009,Pace Terra Dignità,Pace Terra Dignità [og],,hand,answer
2024,IT,,q6_recoded,38010,Libertà,Libertà [og],,hand,answer
2024,IT,,q6_recoded,38011,Südtiroler Volkspartei,Südtiroler Volkspartei,1369,name,answer
2024,IT,,q6_recoded,38012,Alternativa Popolare,Alternativa Popolare,9090,link,answer
2024,IT,,q8_recoded,90,,other,,special,answer
2024,IT,,q8_recoded,91,,blank-invalid,,special,answer
2024,IT,,q8_recoded,96,,did-not-vote,,special,answer
2024,IT,,q8_recoded,97,,refused,,special,answer
2024,IT,,q8_recoded,98,,dont-know,,special,answer
2024,IT,,q8_recoded,38001,Fratelli d'Italia,Fratelli d'Italia,2280,link,answer
2024,IT,,q8_recoded,38002,Partito Democratico,Partito Democratico,802,link,answer
2024,IT,,q8_recoded,38003,Movimento Cinque Stelle,Movimento 5 Stelle,2046,link,answer
2024,IT,,q8_recoded,38004,Forza Italia,Forza Italia,1626,link,answer
2024,IT,,q8_recoded,38005,Lega Salvini Premier,Lega Nord,1221,hand,answer
2024,IT,,q8_recoded,38006,Alleanza Verdi e Sinistra,Alleanza Verdi e Sinistra [og],,hand,answer
2024,IT,,q8_recoded,38011,Südtiroler Volkspartei,Südtiroler Volkspartei,1369,name,answer
2024,IT,,q8_recoded,38013,Democrazia Sovrana Popolare,Democrazia Sovrana Popolare [og],,hand,answer
2024,IT,,q8_recoded,38015,Azione - Italia Viva,Azione - Italia Viva [og],,hand,answer
2024,IT,,q8_recoded,38016,Più Europa,Più Europa,6155,name,answer
2024,IT,,q8_recoded,38017,Italexit per l'Italia,Italexit for Italy,9081,link,answer
2024,IT,,q8_recoded,38018,Unione Popolare,Unione Popolare [og],,hand,answer
2024,IT,,q8_recoded,38019,Vita,Vita [og],,hand,answer
2024,IT,,q9_1,38001,Fratelli d'Italia,Fratelli d'Italia,2280,link,battery
2024,IT,,q9_2,38002,Partito Democratico,Partito Democratico,802,link,battery
2024,IT,,q9_3,38003,Movimento Cinque Stelle,Movimento 5 Stelle,2046,link,battery
2024,IT,,q9_4,38004,Forza Italia,Forza Italia,1626,link,battery
2024,IT,,q9_5,38005,Lega Salvini Premier,Lega Nord,1221,hand,battery
2024,IT,,q9_6,38006,Alleanza Verdi e Sinistra,Alleanza Verdi e Sinistra [og],,hand,battery
2024,IT,,q9_7,38008,Azione,Azione,9082,link,battery
2024,IT,,q9_8,38014,Italia Viva,Italia Viva,8641,link,battery
2024,LT,,q11_1,44002,Lietuvos socialdemokratų partija,Lietuvos socialdemokratų partija,64,link,battery
2024,LT,,q11_2,44001,Tėvynės sąjunga – Lietuvos krikščionys demokratai,Tėvynės sąjunga — Lietuvos krikščionys demokratai,193,link,battery
2024,LT,,q11_3,44003,Lietuvos valstiečių ir žaliųjų sąjunga,Lietuvos valstiečių ir žaliųjų sąjunga / Lietuvos valstiečių liaudininkų sąjunga,1490,name,battery
2024,LT,,q11_4,44013,Darbo partija,Darbo Partija,102,link,battery
2024,LT,,q11_5,44008,Liberalų sąjūdis,Lietuvos Respublikos Liberalų sąjūdis,1744,link,battery
2024,LT,,q11_6,44005,Demokratų sąjunga: Vardan Lietuvos,Demokratų sąjunga „Vardan Lietuvos“,9073,link,battery
2024,LT,,q11_7,44004,Laisvės partija,Laisvės partija,8982,link,battery
2024,LT,,q18_1,44002,Lietuvos socialdemokratų partija,Lietuvos socialdemokratų partija,64,link,battery
2024,LT,,q18_2,44001,Tėvynės sąjunga – Lietuvos krikščionys demokratai,Tėvynės sąjunga — Lietuvos krikščionys demokratai,193,link,battery
2024,LT,,q18_3,44003,Lietuvos valstiečių ir žaliųjų sąjunga,Lietuvos valstiečių ir žaliųjų sąjunga / Lietuvos valstiečių liaudininkų sąjunga,1490,name,battery
2024,LT,,q18_4,44013,Darbo partija,Darbo Partija,102,link,battery
2024,LT,,q18_5,44008,Liberalų sąjūdis,Lietuvos Respublikos Liberalų sąjūdis,1744,link,battery
2024,LT,,q18_6,44005,Demokratų sąjunga: Vardan Lietuvos,Demokratų sąjunga „Vardan Lietuvos“,9073,link,battery
2024,LT,,q18_7,44004,Laisvės partija,Laisvės partija,8982,link,battery
2024,LT,,q19_recoded,88,,none,,special,answer
2024,LT,,q19_recoded,90,,other,,special,answer
2024,LT,,q19_recoded,97,,refused,,special,answer
2024,LT,,q19_recoded,98,,dont-know,,special,answer
2024,LT,,q19_recoded,44001,Tėvynės sąjunga – Lietuvos krikščionys demokratai,Tėvynės sąjunga — Lietuvos krikščionys demokratai,193,link,answer
2024,LT,,q19_recoded,44002,Lietuvos socialdemokratų partija,Lietuvos socialdemokratų partija,64,link,answer
2024,LT,,q19_recoded,44003,Lietuvos valstiečių ir žaliųjų sąjunga,Lietuvos valstiečių ir žaliųjų sąjunga / Lietuvos valstiečių liaudininkų sąjunga,1490,name,answer
2024,LT,,q19_recoded,44004,Laisvės partija,Laisvės partija,8982,link,answer
2024,LT,,q19_recoded,44005,Demokratų sąjunga: Vardan Lietuvos,Demokratų sąjunga „Vardan Lietuvos“,9073,link,answer
2024,LT,,q19_recoded,44006,Lietuvos lenkų rinkimų akcija - Krikščioniškų šeimų sąjunga,Lietuvos lenkų rinkimų akcija,556,link,answer
2024,LT,,q19_recoded,44007,"Tautos ir teisingumo sąjunga (centristai, tautininkai)",Lietuvos Centro Partija,5455,link,answer
2024,LT,,q19_recoded,44008,Liberalų sąjūdis,Lietuvos Respublikos Liberalų sąjūdis,1744,link,answer
2024,LT,,q19_recoded,44009,Lietuvos regionų partija,Lietuvos socialdemokratų darbo partija — Lietuvos regionų partija,7352,link,answer
2024,LT,,q19_recoded,44010,Lietuvos žaliųjų partija,Lietuvos žalioji partija,1407,link,answer
2024,LT,,q19_recoded,44011,Nacionalinis susivienijimas,https://en.wikipedia.org/wiki/National_Alliance_(Lithuania),9096,hand,answer
2024,LT,,q19_recoded,44012,"Taikos koalicija (Lietuvos krikščioniškosios demokratijos partija, Žemaičių partija)","Taikos koalicija (Lietuvos krikščioniškosios demokratijos partija, Žemaičių partija) [og]",,hand,answer
2024,LT,,q19_recoded,44013,Darbo partija,Darbo Partija,102,link,answer
2024,LT,,q19_recoded,44014,Krikščionių sąjunga,Krikščionių sąjunga [og],,hand,answer
2024,LT,,q19_recoded,44015,Partijai: Laisvė ir teisingumas,Partijai: Laisvė ir teisingumas [og],,hand,answer
2024,LT,,q19_recoded,44016,Lietuvos krikščioniškosios demokratijos partija,Lietuvos krikščioniškosios demokratijos partija [og],,hand,answer
2024,LT,,q19_recoded,44017,Žemaičių partija,Žemaičių partija,1291,link,answer
2024,LT,,q19_recoded,44020,Lietuvos liaudies partija,Lietuvos liaudies partija,8256,link,answer
2024,LT,,q19_recoded,44021,Nemuno aušra,Nemuno aušra [og],,hand,answer
2024,LT,,q19_recoded,44022,Kartų solidarumo sąjunga – Santalka Lietuvai,Kartų solidarumo sąjunga – Santalka Lietuvai [og],,hand,answer
2024,LT,,q1a_recoded,88,,none,,special,answer
2024,LT,,q1a_recoded,90,,other,,special,answer
2024,LT,,q1a_recoded,96,,,,special,answer
2024,LT,,q1a_recoded,98,,dont-know,,special,answer
2024,LT,,q1a_recoded,44001,Tėvynės sąjunga – Lietuvos krikščionys demokratai,Tėvynės sąjunga — Lietuvos krikščionys demokratai,193,link,answer
2024,LT,,q1a_recoded,44002,Lietuvos socialdemokratų partija,Lietuvos socialdemokratų partija,64,link,answer
2024,LT,,q1a_recoded,44003,Lietuvos valstiečių ir žaliųjų sąjunga,Lietuvos valstiečių ir žaliųjų sąjunga / Lietuvos valstiečių liaudininkų sąjunga,1490,name,answer
2024,LT,,q1a_recoded,44004,Laisvės partija,Laisvės partija,8982,link,answer
2024,LT,,q1a_recoded,44005,Demokratų sąjunga: Vardan Lietuvos,Demokratų sąjunga „Vardan Lietuvos“,9073,link,answer
2024,LT,,q1a_recoded,44006,Lietuvos lenkų rinkimų akcija - Krikščioniškų šeimų sąjunga,Lietuvos lenkų rinkimų akcija,556,link,answer
2024,LT,,q1a_recoded,44007,"Tautos ir teisingumo sąjunga (centristai, tautininkai)",Lietuvos Centro Partija,5455,link,answer
2024,LT,,q1a_recoded,44008,Liberalų sąjūdis,Lietuvos Respublikos Liberalų sąjūdis,1744,link,answer
2024,LT,,q1a_recoded,44009,Lietuvos regionų partija,Lietuvos socialdemokratų darbo partija — Lietuvos regionų partija,7352,link,answer
2024,LT,,q1a_recoded,44010,Lietuvos žaliųjų partija,Lietuvos žalioji partija,1407,link,answer
2024,LT,,q1a_recoded,44011,Nacionalinis susivienijimas,https://en.wikipedia.org/wiki/National_Alliance_(Lithuania),9096,hand,answer
2024,LT,,q1a_recoded,44012,"Taikos koalicija (Lietuvos krikščioniškosios demokratijos partija, Žemaičių partija)","Taikos koalicija (Lietuvos krikščioniškosios demokratijos partija, Žemaičių partija) [og]",,hand,answer
2024,LT,,q1a_recoded,44013,Darbo partija,Darbo Partija,102,link,answer
2024,LT,,q1a_recoded,44014,Krikščionių sąjunga,Krikščionių sąjunga [og],,hand,answer
2024,LT,,q1a_recoded,44015,Partijai: Laisvė ir teisingumas,Partijai: Laisvė ir teisingumas [og],,hand,answer
2024,LT,,q1a_recoded,44016,Lietuvos krikščioniškosios demokratijos partija,Lietuvos krikščioniškosios demokratijos partija [og],,hand,answer
2024,LT,,q1a_recoded,44017,Žemaičių partija,Žemaičių partija,1291,link,answer
2024,LT,,q1a_recoded,44021,Nemuno aušra,Nemuno aušra [og],,hand,answer
2024,LT,,q20_1,44002,Lietuvos socialdemokratų partija,Lietuvos socialdemokratų partija,64,link,battery
2024,LT,,q20_2,44001,Tėvynės sąjunga – Lietuvos krikščionys demokratai,Tėvynės sąjunga — Lietuvos krikščionys demokratai,193,link,battery
2024,LT,,q20_3,44003,Lietuvos valstiečių ir žaliųjų sąjunga,Lietuvos valstiečių ir žaliųjų sąjunga / Lietuvos valstiečių liaudininkų sąjunga,1490,name,battery
2024,LT,,q20_4,44013,Darbo partija,Darbo Partija,102,link,battery
2024,LT,,q20_5,44008,Liberalų sąjūdis,Lietuvos Respublikos Liberalų sąjūdis,1744,link,battery
2024,LT,,q20_6,44005,Demokratų sąjunga: Vardan Lietuvos,Demokratų sąjunga „Vardan Lietuvos“,9073,link,battery
2024,LT,,q20_7,44004,Laisvės partija,Laisvės partija,8982,link,battery
2024,LT,,q6_recoded,91,,blank-invalid,,special,answer
2024,LT,,q6_recoded,96,,did-not-vote,,special,answer
2024,LT,,q6_recoded,97,,refused,,special,answer
2024,LT,,q6_recoded,98,,dont-know,,special,answer
2024,LT,,q6_recoded,44001,Tėvynės sąjunga – Lietuvos krikščionys demokratai,Tėvynės sąjunga — Lietuvos krikščionys demokratai,193,link,answer
2024,LT,,q6_recoded,44002,Lietuvos socialdemokratų partija,Lietuvos socialdemokratų partija,64,link,answer
2024,LT,,q6_recoded,44003,Lietuvos valstiečių ir žaliųjų sąjunga,Lietuvos valstiečių ir žaliųjų sąjunga / Lietuvos valstiečių liaudininkų sąjunga,1490,name,answer
2024,LT,,q6_recoded,44004,Laisvės partija,Laisvės partija,8982,link,answer
2024,LT,,q6_recoded,44005,Demokratų sąjunga: Vardan Lietuvos,Demokratų sąjunga „Vardan Lietuvos“,9073,link,answer
2024,LT,,q6_recoded,44006,Lietuvos lenkų rinkimų akcija - Krikščioniškų šeimų sąjunga,Lietuvos lenkų rinkimų akcija,556,link,answer
2024,LT,,q6_recoded,44007,"Tautos ir teisingumo sąjunga (centristai, tautininkai)",Lietuvos Centro Partija,5455,link,answer
2024,LT,,q6_recoded,44008,Liberalų sąjūdis,Lietuvos Respublikos Liberalų sąjūdis,1744,link,answer
2024,LT,,q6_recoded,44009,Lietuvos regionų partija,Lietuvos socialdemokratų darbo partija — Lietuvos regionų partija,7352,link,answer
2024,LT,,q6_recoded,44010,Lietuvos žaliųjų partija,Lietuvos žalioji partija,1407,link,answer
2024,LT,,q6_recoded,44011,Nacionalinis susivienijimas,https://en.wikipedia.org/wiki/National_Alliance_(Lithuania),9096,hand,answer
2024,LT,,q6_recoded,44012,"Taikos koalicija (Lietuvos krikščioniškosios demokratijos partija, Žemaičių partija)","Taikos koalicija (Lietuvos krikščioniškosios demokratijos partija, Žemaičių partija) [og]",,hand,answer
2024,LT,,q6_recoded,44013,Darbo partija,Darbo Partija,102,link,answer
2024,LT,,q6_recoded,44014,Krikščionių sąjunga,Krikščionių sąjunga [og],,hand,answer
2024,LT,,q6_recoded,44015,Partijai: Laisvė ir teisingumas,Partijai: Laisvė ir teisingumas [og],,hand,answer
2024,LT,,q8_recoded,91,,blank-invalid,,special,answer
2024,LT,,q8_recoded,96,,did-not-vote,,special,answer
2024,LT,,q8_recoded,97,,refused,,special,answer
2024,LT,,q8_recoded,98,,dont-know,,special,answer
2024,LT,,q8_recoded,44001,Tėvynės sąjunga – Lietuvos krikščionys demokratai,Tėvynės sąjunga — Lietuvos krikščionys demokratai,193,link,answer
2024,LT,,q8_recoded,44002,Lietuvos socialdemokratų partija,Lietuvos socialdemokratų partija,64,link,answer
2024,LT,,q8_recoded,44003,Lietuvos valstiečių ir žaliųjų sąjunga,Lietuvos valstiečių ir žaliųjų sąjunga / Lietuvos valstiečių liaudininkų sąjunga,1490,name,answer
2024,LT,,q8_recoded,44004,Laisvės partija,Laisvės partija,8982,link,answer
2024,LT,,q8_recoded,44006,Lietuvos lenkų rinkimų akcija - Krikščioniškų šeimų sąjunga,Lietuvos lenkų rinkimų akcija,556,link,answer
2024,LT,,q8_recoded,44007,"Tautos ir teisingumo sąjunga (centristai, tautininkai)",Lietuvos Centro Partija,5455,link,answer
2024,LT,,q8_recoded,44008,Liberalų sąjūdis,Lietuvos Respublikos Liberalų sąjūdis,1744,link,answer
2024,LT,,q8_recoded,44009,Lietuvos regionų partija,Lietuvos socialdemokratų darbo partija — Lietuvos regionų partija,7352,link,answer
2024,LT,,q8_recoded,44010,Lietuvos žaliųjų partija,Lietuvos žalioji partija,1407,link,answer
2024,LT,,q8_recoded,44011,Nacionalinis susivienijimas,https://en.wikipedia.org/wiki/National_Alliance_(Lithuania),9096,hand,answer
2024,LT,,q8_recoded,44013,Darbo partija,Darbo Partija,102,link,answer
2024,LT,,q8_recoded,44015,Partijai: Laisvė ir teisingumas,Partijai: Laisvė ir teisingumas [og],,hand,answer
2024,LT,,q8_recoded,44018,Drąsos kelias politinė partija,Drąsos Kelias,74,link,answer
2024,LT,,q8_recoded,44019,Partija Lietuva – visų,Partija Lietuva – visų [og],,hand,answer
2024,LT,,q8_recoded,44020,Lietuvos liaudies partija,Lietuvos liaudies partija,8256,link,answer
2024,LT,,q8_recoded,44022,Kartų solidarumo sąjunga – Santalka Lietuvai,Kartų solidarumo sąjunga – Santalka Lietuvai [og],,hand,answer
2024,LT,,q9_1,44002,Lietuvos socialdemokratų partija,Lietuvos socialdemokratų partija,64,link,battery
2024,LT,,q9_2,44001,Tėvynės sąjunga – Lietuvos krikščionys demokratai,Tėvynės sąjunga — Lietuvos krikščionys demokratai,193,link,battery
2024,LT,,q9_3,44003,Lietuvos valstiečių ir žaliųjų sąjunga,Lietuvos valstiečių ir žaliųjų sąjunga / Lietuvos valstiečių liaudininkų sąjunga,1490,name,battery
2024,LT,,q9_4,44013,Darbo partija,Darbo Partija,102,link,battery
2024,LT,,q9_5,44008,Liberalų sąjūdis,Lietuvos Respublikos Liberalų sąjūdis,1744,link,battery
2024,LT,,q9_6,44005,Demokratų sąjunga: Vardan Lietuvos,Demokratų sąjunga „Vardan Lietuvos“,9073,link,battery
2024,LT,,q9_7,44004,Laisvės partija,Laisvės partija,8982,link,battery
2024,LV,,q11_1,42801,Jaunā Vienotība,Jaunā Vienotība,9089,link,battery
2024,LV,,q11_2,42802,Nacionālā apvienība: Visu Latvijai -Tēvzemei un Brīvībai/LNNK,Nacionālā apvienība,7619,link,battery
2024,LV,,q11_3,42805,Progresīvie,Progresīvie,6357,link,battery
2024,LV,,q11_4,42806,Saskaņa - Sociāldemokrātiskā partija,"Sociāldemokrātiskā Partija ""Saskaņa""",5976,link,battery
2024,LV,,q11_5,42807,Latvija pirmajā vietā,Latvija pirmajā vietā,9078,link,battery
2024,LV,,q11_6,42811,Stabilitātei!,Stabilitātei!,9080,link,battery
2024,LV,,q11_7,42804,"Coalition Apvienotais Saraksts (Latvijas Zaļā Partija, Latvijas Reģionu apvienība, Liepājas Partija)","Coalition Apvienotais Saraksts (Latvijas Zaļā Partija, Latvijas Reģionu apvienība, Liepājas Partija) [og]",,hand,battery
2024,LV,,q11_8,42803,Latvijas attīstībai,Latvijas attīstībai,3213,link,battery
2024,LV,,q18_1,42801,Jaunā Vienotība,Jaunā Vienotība,9089,link,battery
2024,LV,,q18_2,42802,Nacionālā apvienība: Visu Latvijai -Tēvzemei un Brīvībai/LNNK,Nacionālā apvienība,7619,link,battery
2024,LV,,q18_3,42805,Progresīvie,Progresīvie,6357,link,battery
2024,LV,,q18_4,42806,Saskaņa - Sociāldemokrātiskā partija,"Sociāldemokrātiskā Partija ""Saskaņa""",5976,link,battery
2024,LV,,q18_5,42807,Latvija pirmajā vietā,Latvija pirmajā vietā,9078,link,battery
2024,LV,,q18_6,42811,Stabilitātei!,Stabilitātei!,9080,link,battery
2024,LV,,q18_7,42804,"Coalition Apvienotais Saraksts (Latvijas Zaļā Partija, Latvijas Reģionu apvienība, Liepājas Partija)","Coalition Apvienotais Saraksts (Latvijas Zaļā Partija, Latvijas Reģionu apvienība, Liepājas Partija) [og]",,hand,battery
2024,LV,,q18_8,42803,Latvijas attīstībai,Latvijas attīstībai,3213,link,battery
2024,LV,,q19_recoded,88,,none,,special,answer
2024,LV,,q19_recoded,90,,other,,special,answer
2024,LV,,q19_recoded,97,,refused,,special,answer
2024,LV,,q19_recoded,98,,dont-know,,special,answer
2024,LV,,q19_recoded,42801,Jaunā Vienotība,Jaunā Vienotība,9089,link,answer
2024,LV,,q19_recoded,42802,Nacionālā apvienība: Visu Latvijai -Tēvzemei un Brīvībai/LNNK,Nacionālā apvienība,7619,link,answer
2024,LV,,q19_recoded,42803,Latvijas attīstībai,Latvijas attīstībai,3213,link,answer
2024,LV,,q19_recoded,42804,"Coalition Apvienotais Saraksts (Latvijas Zaļā Partija, Latvijas Reģionu apvienība, Liepājas Partija)","Coalition Apvienotais Saraksts (Latvijas Zaļā Partija, Latvijas Reģionu apvienība, Liepājas Partija) [og]",,hand,answer
2024,LV,,q19_recoded,42805,Progresīvie,Progresīvie,6357,link,answer
2024,LV,,q19_recoded,42806,Saskaņa - Sociāldemokrātiskā partija,"Sociāldemokrātiskā Partija ""Saskaņa""",5976,link,answer
2024,LV,,q19_recoded,42807,Latvija pirmajā vietā,Latvija pirmajā vietā,9078,link,answer
2024,LV,,q19_recoded,42808,Suverēnā vara,Suverēnā vara,9138,link,answer
2024,LV,,q19_recoded,42809,Zaļo un Zemnieku savienība (ZZS),Zaļo un Zemnieku savienība,701,link,answer
2024,LV,,q19_recoded,42810,Apvienība Jaunlatvieši,Apvienība Jaunlatvieši,9818,name,answer
2024,LV,,q19_recoded,42811,Stabilitātei!,Stabilitātei!,9080,link,answer
2024,LV,,q19_recoded,42813,Jaunā konservatīvā partija,Jaunā konservatīvā partija,6355,link,answer
2024,LV,,q19_recoded,42814,Tauta. Zeme. Valstikums,Tauta. Zeme. Valstikums [og],,hand,answer
2024,LV,,q19_recoded,42816,Kustība Par!,Kustība Par!,7863,link,answer
2024,LV,,q19_recoded,42817,Attīstībai/Par!,Attīstībai/Par!,8393,link,answer
2024,LV,,q19_recoded,42819,Latvijas Krievu savienība,Latvijas Krievu savienība / Русский союз Латвии,5657,link,answer
2024,LV,,q19_recoded,42820,Republika,Republika,9079,name,answer
2024,LV,,q19_recoded,42823,Austošā Saule,Austošā Saule [og],,hand,answer
2024,LV,,q1a_recoded,88,,none,,special,answer
2024,LV,,q1a_recoded,90,,other,,special,answer
2024,LV,,q1a_recoded,96,,,,special,answer
2024,LV,,q1a_recoded,98,,dont-know,,special,answer
2024,LV,,q1a_recoded,42801,Jaunā Vienotība,Jaunā Vienotība,9089,link,answer
2024,LV,,q1a_recoded,42802,Nacionālā apvienība: Visu Latvijai -Tēvzemei un Brīvībai/LNNK,Nacionālā apvienība,7619,link,answer
2024,LV,,q1a_recoded,42803,Latvijas attīstībai,Latvijas attīstībai,3213,link,answer
2024,LV,,q1a_recoded,42804,"Coalition Apvienotais Saraksts (Latvijas Zaļā Partija, Latvijas Reģionu apvienība, Liepājas Partija)","Coalition Apvienotais Saraksts (Latvijas Zaļā Partija, Latvijas Reģionu apvienība, Liepājas Partija) [og]",,hand,answer
2024,LV,,q1a_recoded,42805,Progresīvie,Progresīvie,6357,link,answer
2024,LV,,q1a_recoded,42806,Saskaņa - Sociāldemokrātiskā partija,"Sociāldemokrātiskā Partija ""Saskaņa""",5976,link,answer
2024,LV,,q1a_recoded,42807,Latvija pirmajā vietā,Latvija pirmajā vietā,9078,link,answer
2024,LV,,q1a_recoded,42808,Suverēnā vara,Suverēnā vara,9138,link,answer
2024,LV,,q1a_recoded,42809,Zaļo un Zemnieku savienība (ZZS),Zaļo un Zemnieku savienība,701,link,answer
2024,LV,,q1a_recoded,42810,Apvienība Jaunlatvieši,Apvienība Jaunlatvieši,9818,name,answer
2024,LV,,q1a_recoded,42811,Stabilitātei!,Stabilitātei!,9080,link,answer
2024,LV,,q1a_recoded,42812,Centra partija,Centra partija [og],,hand,answer
2024,LV,,q1a_recoded,42813,Jaunā konservatīvā partija,Jaunā konservatīvā partija,6355,link,answer
2024,LV,,q1a_recoded,42814,Tauta. Zeme. Valstikums,Tauta. Zeme. Valstikums [og],,hand,answer
2024,LV,,q1a_recoded,42816,Kustība Par!,Kustība Par!,7863,link,answer
2024,LV,,q1a_recoded,42819,Latvijas Krievu savienība,Latvijas Krievu savienība / Русский союз Латвии,5657,link,answer
2024,LV,,q1a_recoded,42823,Austošā Saule,Austošā Saule [og],,hand,answer
2024,LV,,q20_1,42801,Jaunā Vienotība,Jaunā Vienotība,9089,link,battery
2024,LV,,q20_2,42802,Nacionālā apvienība: Visu Latvijai -Tēvzemei un Brīvībai/LNNK,Nacionālā apvienība,7619,link,battery
2024,LV,,q20_3,42805,Progresīvie,Progresīvie,6357,link,battery
2024,LV,,q20_4,42806,Saskaņa - Sociāldemokrātiskā partija,"Sociāldemokrātiskā Partija ""Saskaņa""",5976,link,battery
2024,LV,,q20_5,42807,Latvija pirmajā vietā,Latvija pirmajā vietā,9078,link,battery
2024,LV,,q20_6,42811,Stabilitātei!,Stabilitātei!,9080,link,battery
2024,LV,,q20_7,42804,"Coalition Apvienotais Saraksts (Latvijas Zaļā Partija, Latvijas Reģionu apvienība, Liepājas Partija)","Coalition Apvienotais Saraksts (Latvijas Zaļā Partija, Latvijas Reģionu apvienība, Liepājas Partija) [og]",,hand,battery
2024,LV,,q20_8,42803,Latvijas attīstībai,Latvijas attīstībai,3213,link,battery
2024,LV,,q6_recoded,91,,blank-invalid,,special,answer
2024,LV,,q6_recoded,96,,did-not-vote,,special,answer
2024,LV,,q6_recoded,97,,refused,,special,answer
2024,LV,,q6_recoded,98,,dont-know,,special,answer
2024,LV,,q6_recoded,42801,Jaunā Vienotība,Jaunā Vienotība,9089,link,answer
2024,LV,,q6_recoded,42802,Nacionālā apvienība: Visu Latvijai -Tēvzemei un Brīvībai/LNNK,Nacionālā apvienība,7619,link,answer
2024,LV,,q6_recoded,42803,Latvijas attīstībai,Latvijas attīstībai,3213,link,answer
2024,LV,,q6_recoded,42804,"Coalition Apvienotais Saraksts (Latvijas Zaļā Partija, Latvijas Reģionu apvienība, Liepājas Partija)","Coalition Apvienotais Saraksts (Latvijas Zaļā Partija, Latvijas Reģionu apvienība, Liepājas Partija) [og]",,hand,answer
2024,LV,,q6_recoded,42805,Progresīvie,Progresīvie,6357,link,answer
2024,LV,,q6_recoded,42806,Saskaņa - Sociāldemokrātiskā partija,"Sociāldemokrātiskā Partija ""Saskaņa""",5976,link,answer
2024,LV,,q6_recoded,42807,Latvija pirmajā vietā,Latvija pirmajā vietā,9078,link,answer
2024,LV,,q6_recoded,42808,Suverēnā vara,Suverēnā vara,9138,link,answer
2024,LV,,q6_recoded,42809,Zaļo un Zemnieku savienība (ZZS),Zaļo un Zemnieku savienība,701,link,answer
2024,LV,,q6_recoded,42810,Apvienība Jaunlatvieši,Apvienība Jaunlatvieši,9818,name,answer
2024,LV,,q6_recoded,42811,Stabilitātei!,Stabilitātei!,9080,link,answer
2024,LV,,q6_recoded,42812,Centra partija,Centra partija [og],,hand,answer
2024,LV,,q6_recoded,42813,Jaunā konservatīvā partija,Jaunā konservatīvā partija,6355,link,answer
2024,LV,,q6_recoded,42814,Tauta. Zeme. Valstikums,Tauta. Zeme. Valstikums [og],,hand,answer
2024,LV,,q6_recoded,42815,Tautas varas spēks,Spēks vienotībā / Alternative / Tautas varas spēks,3214,link,answer
2024,LV,,q6_recoded,42816,Kustība Par!,Kustība Par!,7863,link,answer
2024,LV,,q8_recoded,90,,other,,special,answer
2024,LV,,q8_recoded,91,,blank-invalid,,special,answer
2024,LV,,q8_recoded,96,,did-not-vote,,special,answer
2024,LV,,q8_recoded,97,,refused,,special,answer
2024,LV,,q8_recoded,98,,dont-know,,special,answer
2024,LV,,q8_recoded,42801,Jaunā Vienotība,Jaunā Vienotība,9089,link,answer
2024,LV,,q8_recoded,42802,Nacionālā apvienība: Visu Latvijai -Tēvzemei un Brīvībai/LNNK,Nacionālā apvienība,7619,link,answer
2024,LV,,q8_recoded,42804,"Coalition Apvienotais Saraksts (Latvijas Zaļā Partija, Latvijas Reģionu apvienība, Liepājas Partija)","Coalition Apvienotais Saraksts (Latvijas Zaļā Partija, Latvijas Reģionu apvienība, Liepājas Partija) [og]",,hand,answer
2024,LV,,q8_recoded,42805,Progresīvie,Progresīvie,6357,link,answer
2024,LV,,q8_recoded,42806,Saskaņa - Sociāldemokrātiskā partija,"Sociāldemokrātiskā Partija ""Saskaņa""",5976,link,answer
2024,LV,,q8_recoded,42807,Latvija pirmajā vietā,Latvija pirmajā vietā,9078,link,answer
2024,LV,,q8_recoded,42808,Suverēnā vara,Suverēnā vara,9138,link,answer
2024,LV,,q8_recoded,42809,Zaļo un Zemnieku savienība (ZZS),Zaļo un Zemnieku savienība,701,link,answer
2024,LV,,q8_recoded,42811,Stabilitātei!,Stabilitātei!,9080,link,answer
2024,LV,,q8_recoded,42813,Jaunā konservatīvā partija,Jaunā konservatīvā partija,6355,link,answer
2024,LV,,q8_recoded,42815,Tautas varas spēks,Spēks vienotībā / Alternative / Tautas varas spēks,3214,link,answer
2024,LV,,q8_recoded,42817,Attīstībai/Par!,Attīstībai/Par!,8393,link,answer
2024,LV,,q8_recoded,42818,Platforma 21,Katram un katrai,9076,link,answer
2024,LV,,q8_recoded,42819,Latvijas Krievu savienība,Latvijas Krievu savienība / Русский союз Латвии,5657,link,answer
2024,LV,,q8_recoded,42820,Republika,Republika,9079,name,answer
2024,LV,,q8_recoded,42821,Tautas kalpi Latvijai,Tautas kalpi Latvijai,9139,name,answer
2024,LV,,q8_recoded,42822,Apvienība Latvijai,Apvienība Latvijai [og],,hand,answer
2024,LV,,q9_1,42801,Jaunā Vienotība,Jaunā Vienotība,9089,link,battery
2024,LV,,q9_2,42802,Nacionālā apvienība: Visu Latvijai -Tēvzemei un Brīvībai/LNNK,Nacionālā apvienība,7619,link,battery
2024,LV,,q9_3,42805,Progresīvie,Progresīvie,6357,link,battery
2024,LV,,q9_4,42806,Saskaņa - Sociāldemokrātiskā partija,"Sociāldemokrātiskā Partija ""Saskaņa""",5976,link,battery
2024,LV,,q9_5,42807,Latvija pirmajā vietā,Latvija pirmajā vietā,9078,link,battery
2024,LV,,q9_6,42811,Stabilitātei!,Stabilitātei!,9080,link,battery
2024,LV,,q9_7,42804,"Coalition Apvienotais Saraksts (Latvijas Zaļā Partija, Latvijas Reģionu apvienība, Liepājas Partija)","Coalition Apvienotais Saraksts (Latvijas Zaļā Partija, Latvijas Reģionu apvienība, Liepājas Partija) [og]",,hand,battery
2024,LV,,q9_8,42803,Latvijas attīstībai,Latvijas attīstībai,3213,link,battery
2024,NL,,q11_1,52803,Volkspartij voor Vrijheid en Democratie,Volkspartij voor Vrijheid en Democratie,828,link,battery
2024,NL,,q11_2,52805,Democraten 66,Democraten 66,45,link,battery
2024,NL,,q11_3,52801,"Coalition GL - PvdA (GroenLinks,PvdA)","Coalition GL - PvdA (GroenLinks,PvdA) [og]",,hand,battery
2024,NL,,q11_4,52802,Partij voor de Vrijheid,Partij voor de Vrijheid,298,link,battery
2024,NL,,q11_5,52806,BoerBurgerBeweging,BoerBurgerBeweging,9010,link,battery
2024,NL,,q11_6,52809,Nieuw Sociaal Contract,Nieuw Sociaal Contract,9348,name,battery
2024,NL,,q11_7,52813,Socialistiese Partij,Socialistiese Partij,1363,link,battery
2024,NL,,q11_8,52804,Christen Democratisch Appèl,Christen Democratisch Appèl,1157,link,battery
2024,NL,,q18_1,52803,Volkspartij voor Vrijheid en Democratie,Volkspartij voor Vrijheid en Democratie,828,link,battery
2024,NL,,q18_2,52805,Democraten 66,Democraten 66,45,link,battery
2024,NL,,q18_3,52801,"Coalition GL - PvdA (GroenLinks,PvdA)","Coalition GL - PvdA (GroenLinks,PvdA) [og]",,hand,battery
2024,NL,,q18_4,52802,Partij voor de Vrijheid,Partij voor de Vrijheid,298,link,battery
2024,NL,,q18_5,52806,BoerBurgerBeweging,BoerBurgerBeweging,9010,link,battery
2024,NL,,q18_6,52809,Nieuw Sociaal Contract,Nieuw Sociaal Contract,9348,name,battery
2024,NL,,q18_7,52813,Socialistiese Partij,Socialistiese Partij,1363,link,battery
2024,NL,,q18_8,52804,Christen Democratisch Appèl,Christen Democratisch Appèl,1157,link,battery
2024,NL,,q19_recoded,88,,none,,special,answer
2024,NL,,q19_recoded,90,,other,,special,answer
2024,NL,,q19_recoded,98,,dont-know,,special,answer
2024,NL,,q19_recoded,52801,"Coalition GL - PvdA (GroenLinks,PvdA)","Coalition GL - PvdA (GroenLinks,PvdA) [og]",,hand,answer
2024,NL,,q19_recoded,52802,Partij voor de Vrijheid,Partij voor de Vrijheid,298,link,answer
2024,NL,,q19_recoded,52803,Volkspartij voor Vrijheid en Democratie,Volkspartij voor Vrijheid en Democratie,828,link,answer
2024,NL,,q19_recoded,52804,Christen Democratisch Appèl,Christen Democratisch Appèl,1157,link,answer
2024,NL,,q19_recoded,52805,Democraten 66,Democraten 66,45,link,answer
2024,NL,,q19_recoded,52806,BoerBurgerBeweging,BoerBurgerBeweging,9010,link,answer
2024,NL,,q19_recoded,52807,Volt Nederland,Volt Nederland,7355,link,answer
2024,NL,,q19_recoded,52808,Partij voor de Dieren,Partij voor de Dieren,1467,link,answer
2024,NL,,q19_recoded,52809,Nieuw Sociaal Contract,Nieuw Sociaal Contract,9348,name,answer
2024,NL,,q19_recoded,52810,Staatkundig Gereformeerde Partij,Staatkundig Gereformeerde Partij,1178,link,answer
2024,NL,,q19_recoded,52811,ChristenUnie,ChristenUnie,1459,link,answer
2024,NL,,q19_recoded,52812,Forum voor Democratie,Forum voor Democratie,5855,link,answer
2024,NL,,q19_recoded,52813,Socialistiese Partij,Socialistiese Partij,1363,link,answer
2024,NL,,q19_recoded,52814,50PLUS,50PLUS,714,link,answer
2024,NL,,q19_recoded,52815,Juiste Antwoord 2021,Juiste Antwoord21,9011,hand,answer
2024,NL,,q19_recoded,52817,Belang Van Nederland,Belang van Nederland,9106,link,answer
2024,NL,,q19_recoded,52821,Politieke Beweging Denk,Beweging DENK,5856,link,answer
2024,NL,,q19_recoded,52822,BIJ1,BIJ1 [og],,hand,answer
2024,NL,,q19_recoded,52823,Libertaire Partij,Libertaire Partij [og],,hand,answer
2024,NL,,q1a_recoded,88,,none,,special,answer
2024,NL,,q1a_recoded,90,,other,,special,answer
2024,NL,,q1a_recoded,96,,,,special,answer
2024,NL,,q1a_recoded,98,,dont-know,,special,answer
2024,NL,,q1a_recoded,52801,"Coalition GL - PvdA (GroenLinks,PvdA)","Coalition GL - PvdA (GroenLinks,PvdA) [og]",,hand,answer
2024,NL,,q1a_recoded,52802,Partij voor de Vrijheid,Partij voor de Vrijheid,298,link,answer
2024,NL,,q1a_recoded,52803,Volkspartij voor Vrijheid en Democratie,Volkspartij voor Vrijheid en Democratie,828,link,answer
2024,NL,,q1a_recoded,52804,Christen Democratisch Appèl,Christen Democratisch Appèl,1157,link,answer
2024,NL,,q1a_recoded,52805,Democraten 66,Democraten 66,45,link,answer
2024,NL,,q1a_recoded,52806,BoerBurgerBeweging,BoerBurgerBeweging,9010,link,answer
2024,NL,,q1a_recoded,52807,Volt Nederland,Volt Nederland,7355,link,answer
2024,NL,,q1a_recoded,52808,Partij voor de Dieren,Partij voor de Dieren,1467,link,answer
2024,NL,,q1a_recoded,52809,Nieuw Sociaal Contract,Nieuw Sociaal Contract,9348,name,answer
2024,NL,,q1a_recoded,52810,Staatkundig Gereformeerde Partij,Staatkundig Gereformeerde Partij,1178,link,answer
2024,NL,,q1a_recoded,52812,Forum voor Democratie,Forum voor Democratie,5855,link,answer
2024,NL,,q1a_recoded,52813,Socialistiese Partij,Socialistiese Partij,1363,link,answer
2024,NL,,q1a_recoded,52815,Juiste Antwoord 2021,Juiste Antwoord21,9011,hand,answer
2024,NL,,q1a_recoded,52823,Libertaire Partij,Libertaire Partij [og],,hand,answer
2024,NL,,q20_1,52803,Volkspartij voor Vrijheid en Democratie,Volkspartij voor Vrijheid en Democratie,828,link,battery
2024,NL,,q20_2,52805,Democraten 66,Democraten 66,45,link,battery
2024,NL,,q20_3,52801,"Coalition GL - PvdA (GroenLinks,PvdA)","Coalition GL - PvdA (GroenLinks,PvdA) [og]",,hand,battery
2024,NL,,q20_4,52802,Partij voor de Vrijheid,Partij voor de Vrijheid,298,link,battery
2024,NL,,q20_5,52806,BoerBurgerBeweging,BoerBurgerBeweging,9010,link,battery
2024,NL,,q20_6,52809,Nieuw Sociaal Contract,Nieuw Sociaal Contract,9348,name,battery
2024,NL,,q20_7,52813,Socialistiese Partij,Socialistiese Partij,1363,link,battery
2024,NL,,q20_8,52804,Christen Democratisch Appèl,Christen Democratisch Appèl,1157,link,battery
2024,NL,,q6_recoded,90,,other,,special,answer
2024,NL,,q6_recoded,91,,blank-invalid,,special,answer
2024,NL,,q6_recoded,96,,did-not-vote,,special,answer
2024,NL,,q6_recoded,98,,dont-know,,special,answer
2024,NL,,q6_recoded,52801,"Coalition GL - PvdA (GroenLinks,PvdA)","Coalition GL - PvdA (GroenLinks,PvdA) [og]",,hand,answer
2024,NL,,q6_recoded,52802,Partij voor de Vrijheid,Partij voor de Vrijheid,298,link,answer
2024,NL,,q6_recoded,52803,Volkspartij voor Vrijheid en Democratie,Volkspartij voor Vrijheid en Democratie,828,link,answer
2024,NL,,q6_recoded,52804,Christen Democratisch Appèl,Christen Democratisch Appèl,1157,link,answer
2024,NL,,q6_recoded,52805,Democraten 66,Democraten 66,45,link,answer
2024,NL,,q6_recoded,52806,BoerBurgerBeweging,BoerBurgerBeweging,9010,link,answer
2024,NL,,q6_recoded,52807,Volt Nederland,Volt Nederland,7355,link,answer
2024,NL,,q6_recoded,52808,Partij voor de Dieren,Partij voor de Dieren,1467,link,answer
2024,NL,,q6_recoded,52809,Nieuw Sociaal Contract,Nieuw Sociaal Contract,9348,name,answer
2024,NL,,q6_recoded,52810,Staatkundig Gereformeerde Partij,Staatkundig Gereformeerde Partij,1178,link,answer
2024,NL,,q6_recoded,52811,ChristenUnie,ChristenUnie,1459,link,answer
2024,NL,,q6_recoded,52812,Forum voor Democratie,Forum voor Democratie,5855,link,answer
2024,NL,,q6_recoded,52813,Socialistiese Partij,Socialistiese Partij,1363,link,answer
2024,NL,,q6_recoded,52814,50PLUS,50PLUS,714,link,answer
2024,NL,,q6_recoded,52815,Juiste Antwoord 2021,Juiste Antwoord21,9011,hand,answer
2024,NL,,q6_recoded,52816,Piratenpartij - De Groenen,Piratenpartij - De Groenen [og],,hand,answer
2024,NL,,q6_recoded,52817,Belang Van Nederland,Belang van Nederland,9106,link,answer
2024,NL,,q6_recoded,52818,Meer Directe Democratie,Meer Directe Democratie [og],,hand,answer
2024,NL,,q6_recoded,52819,Nederland met een Plan,Nederland met een Plan [og],,hand,answer
2024,NL,,q6_recoded,52820,vandeRegio,vandeRegio [og],,hand,answer
2024,NL,,q6_recoded,61604,,,,undocumented,answer
2024,NL,,q8_recoded,90,,other,,special,answer
2024,NL,,q8_recoded,91,,blank-invalid,,special,answer
2024,NL,,q8_recoded,96,,did-not-vote,,special,answer
2024,NL,,q8_recoded,98,,dont-know,,special,answer
2024,NL,,q8_recoded,52801,"Coalition GL - PvdA (GroenLinks,PvdA)","Coalition GL - PvdA (GroenLinks,PvdA) [og]",,hand,answer
2024,NL,,q8_recoded,52802,Partij voor de Vrijheid,Partij voor de Vrijheid,298,link,answer
2024,NL,,q8_recoded,52803,Volkspartij voor Vrijheid en Democratie,Volkspartij voor Vrijheid en Democratie,828,link,answer
2024,NL,,q8_recoded,52804,Christen Democratisch Appèl,Christen Democratisch Appèl,1157,link,answer
2024,NL,,q8_recoded,52805,Democraten 66,Democraten 66,45,link,answer
2024,NL,,q8_recoded,52806,BoerBurgerBeweging,BoerBurgerBeweging,9010,link,answer
2024,NL,,q8_recoded,52807,Volt Nederland,Volt Nederland,7355,link,answer
2024,NL,,q8_recoded,52808,Partij voor de Dieren,Partij voor de Dieren,1467,link,answer
2024,NL,,q8_recoded,52809,Nieuw Sociaal Contract,Nieuw Sociaal Contract,9348,name,answer
2024,NL,,q8_recoded,52810,Staatkundig Gereformeerde Partij,Staatkundig Gereformeerde Partij,1178,link,answer
2024,NL,,q8_recoded,52811,ChristenUnie,ChristenUnie,1459,link,answer
2024,NL,,q8_recoded,52812,Forum voor Democratie,Forum voor Democratie,5855,link,answer
2024,NL,,q8_recoded,52813,Socialistiese Partij,Socialistiese Partij,1363,link,answer
2024,NL,,q8_recoded,52814,50PLUS,50PLUS,714,link,answer
2024,NL,,q8_recoded,52815,Juiste Antwoord 2021,Juiste Antwoord21,9011,hand,answer
2024,NL,,q8_recoded,52817,Belang Van Nederland,Belang van Nederland,9106,link,answer
2024,NL,,q8_recoded,52819,Nederland met een Plan,Nederland met een Plan [og],,hand,answer
2024,NL,,q8_recoded,52821,Politieke Beweging Denk,Beweging DENK,5856,link,answer
2024,NL,,q8_recoded,52822,BIJ1,BIJ1 [og],,hand,answer
2024,NL,,q8_recoded,52823,Libertaire Partij,Libertaire Partij [og],,hand,answer
2024,NL,,q9_1,52803,Volkspartij voor Vrijheid en Democratie,Volkspartij voor Vrijheid en Democratie,828,link,battery
2024,NL,,q9_2,52805,Democraten 66,Democraten 66,45,link,battery
2024,NL,,q9_3,52801,"Coalition GL - PvdA (GroenLinks,PvdA)","Coalition GL - PvdA (GroenLinks,PvdA) [og]",,hand,battery
2024,NL,,q9_4,52802,Partij voor de Vrijheid,Partij voor de Vrijheid,298,link,battery
2024,NL,,q9_5,52806,BoerBurgerBeweging,BoerBurgerBeweging,9010,link,battery
2024,NL,,q9_6,52809,Nieuw Sociaal Contract,Nieuw Sociaal Contract,9348,name,battery
2024,NL,,q9_7,52813,Socialistiese Partij,Socialistiese Partij,1363,link,battery
2024,NL,,q9_8,52804,Christen Democratisch Appèl,Christen Democratisch Appèl,1157,link,battery
2024,PL,,q11_1,61601,Koalicja Obywatelska,Koalicja Obywatelska,9122,link,battery
2024,PL,,q11_2,61605,Lewica,Lewica [og],,hand,battery
2024,PL,,q11_3,61604,Trzecia Droga,Trzecia Droga [og],,hand,battery
2024,PL,,q11_4,61602,Prawo i Sprawiedliwość,Prawo i Sprawiedliwość,1565,link,battery
2024,PL,,q11_5,61603,Konfederacja Wolność i Niepodległość,Konfederacja Wolność i Niepodległość,9026,link,battery
2024,PL,,q18_1,61601,Koalicja Obywatelska,Koalicja Obywatelska,9122,link,battery
2024,PL,,q18_2,61605,Lewica,Lewica [og],,hand,battery
2024,PL,,q18_3,61604,Trzecia Droga,Trzecia Droga [og],,hand,battery
2024,PL,,q18_4,61602,Prawo i Sprawiedliwość,Prawo i Sprawiedliwość,1565,link,battery
2024,PL,,q18_5,61603,Konfederacja Wolność i Niepodległość,Konfederacja Wolność i Niepodległość,9026,link,battery
2024,PL,,q19_recoded,88,,none,,special,answer
2024,PL,,q19_recoded,90,,other,,special,answer
2024,PL,,q19_recoded,98,,dont-know,,special,answer
2024,PL,,q19_recoded,61601,Koalicja Obywatelska,Koalicja Obywatelska,9122,link,answer
2024,PL,,q19_recoded,61602,Prawo i Sprawiedliwość,Prawo i Sprawiedliwość,1565,link,answer
2024,PL,,q19_recoded,61603,Konfederacja Wolność i Niepodległość,Konfederacja Wolność i Niepodległość,9026,link,answer
2024,PL,,q19_recoded,61604,Trzecia Droga,Trzecia Droga [og],,hand,answer
2024,PL,,q19_recoded,61605,Lewica,Lewica [og],,hand,answer
2024,PL,,q19_recoded,61606,Bezjni Samorządowcy,Bezjni Samorządowcy [og],,hand,answer
2024,PL,,q19_recoded,61608,Normalny Kraj,Normalny Kraj [og],,hand,answer
2024,PL,,q19_recoded,61615,Polska Jest Jedna,Polska Jest Jedna [og],,hand,answer
2024,PL,,q19_recoded,61616,Ruch Dobrobytu i Pokoju,Ruch Dobrobytu i Pokoju [og],,hand,answer
2024,PL,,q1a_recoded,88,,none,,special,answer
2024,PL,,q1a_recoded,90,,other,,special,answer
2024,PL,,q1a_recoded,96,,,,special,answer
2024,PL,,q1a_recoded,98,,dont-know,,special,answer
2024,PL,,q1a_recoded,61601,Koalicja Obywatelska,Koalicja Obywatelska,9122,link,answer
2024,PL,,q1a_recoded,61602,Prawo i Sprawiedliwość,Prawo i Sprawiedliwość,1565,link,answer
2024,PL,,q1a_recoded,61603,Konfederacja Wolność i Niepodległość,Konfederacja Wolność i Niepodległość,9026,link,answer
2024,PL,,q1a_recoded,61604,Trzecia Droga,Trzecia Droga [og],,hand,answer
2024,PL,,q1a_recoded,61605,Lewica,Lewica [og],,hand,answer
2024,PL,,q1a_recoded,61615,Polska Jest Jedna,Polska Jest Jedna [og],,hand,answer
2024,PL,,q20_1,61601,Koalicja Obywatelska,Koalicja Obywatelska,9122,link,battery
2024,PL,,q20_2,61605,Lewica,Lewica [og],,hand,battery
2024,PL,,q20_3,61604,Trzecia Droga,Trzecia Droga [og],,hand,battery
2024,PL,,q20_4,61602,Prawo i Sprawiedliwość,Prawo i Sprawiedliwość,1565,link,battery
2024,PL,,q20_5,61603,Konfederacja Wolność i Niepodległość,Konfederacja Wolność i Niepodległość,9026,link,battery
2024,PL,,q6_recoded,90,,other,,special,answer
2024,PL,,q6_recoded,91,,blank-invalid,,special,answer
2024,PL,,q6_recoded,96,,did-not-vote,,special,answer
2024,PL,,q6_recoded,98,,dont-know,,special,answer
2024,PL,,q6_recoded,61601,Koalicja Obywatelska,Koalicja Obywatelska,9122,link,answer
2024,PL,,q6_recoded,61602,Prawo i Sprawiedliwość,Prawo i Sprawiedliwość,1565,link,answer
2024,PL,,q6_recoded,61603,Konfederacja Wolność i Niepodległość,Konfederacja Wolność i Niepodległość,9026,link,answer
2024,PL,,q6_recoded,61604,Trzecia Droga,Trzecia Droga [og],,hand,answer
2024,PL,,q6_recoded,61605,Lewica,Lewica [og],,hand,answer
2024,PL,,q6_recoded,61606,Bezjni Samorządowcy,Bezjni Samorządowcy [og],,hand,answer
2024,PL,,q6_recoded,61607,PolEXIT,PolEXIT [og],,hand,answer
2024,PL,,q6_recoded,61608,Normalny Kraj,Normalny Kraj [og],,hand,answer
2024,PL,,q6_recoded,61609,Polska Liberalna Strajk Przedsiębiorców,Polska Liberalna Strajk Przedsiębiorców [og],,hand,answer
2024,PL,,q6_recoded,61610,Ruch Naprawy Polski,Ruch Naprawy Polski [og],,hand,answer
2024,PL,,q6_recoded,61611,Głos Silnej Polski,Głos Silnej Polski [og],,hand,answer
2024,PL,,q8_recoded,89,,independent,,special,answer
2024,PL,,q8_recoded,91,,blank-invalid,,special,answer
2024,PL,,q8_recoded,96,,did-not-vote,,special,answer
2024,PL,,q8_recoded,98,,dont-know,,special,answer
2024,PL,,q8_recoded,61601,Koalicja Obywatelska,Koalicja Obywatelska,9122,link,answer
2024,PL,,q8_recoded,61602,Prawo i Sprawiedliwość,Prawo i Sprawiedliwość,1565,link,answer
2024,PL,,q8_recoded,61603,Konfederacja Wolność i Niepodległość,Konfederacja Wolność i Niepodległość,9026,link,answer
2024,PL,,q8_recoded,61604,Trzecia Droga,Trzecia Droga [og],,hand,answer
2024,PL,,q8_recoded,61606,Bezjni Samorządowcy,Bezjni Samorządowcy [og],,hand,answer
2024,PL,,q8_recoded,61608,Normalny Kraj,Normalny Kraj [og],,hand,answer
2024,PL,,q8_recoded,61613,Nowa Lewica,Nowa Lewica,9349,hand,answer
2024,PL,,q8_recoded,61614,,,,undocumented,answer
2024,PL,,q8_recoded,61615,Polska Jest Jedna,Polska Jest Jedna [og],,hand,answer
2024,PL,,q8_recoded,61616,Ruch Dobrobytu i Pokoju,Ruch Dobrobytu i Pokoju [og],,hand,answer
2024,PL,,q9_1,61601,Koalicja Obywatelska,Koalicja Obywatelska,9122,link,battery
2024,PL,,q9_2,61605,Lewica,Lewica [og],,hand,battery
2024,PL,,q9_3,61604,Trzecia Droga,Trzecia Droga [og],,hand,battery
2024,PL,,q9_4,61602,Prawo i Sprawiedliwość,Prawo i Sprawiedliwość,1565,link,battery
2024,PL,,q9_5,61603,Konfederacja Wolność i Niepodległość,Konfederacja Wolność i Niepodległość,9026,link,battery
2024,PT,,q11_1,62006,Coligação Democrática Unitária,Coligação Democrática Unitária,284,link,battery
2024,PT,,q11_2,62018,Partido Social Democrata,Partido Popular Democrático / Partido Social Democrata,1359,link,battery
2024,PT,,q11_3,62005,Bloco de Esquerda,Bloco de Esquerda,1310,link,battery
2024,PT,,q11_4,62004,Iniciativa Liberal,Iniciativa Liberal,8640,link,battery
2024,PT,,q11_5,62001,Partido Socialista,Partido Socialista,655,name,battery
2024,PT,,q11_6,62003,Chega,Chega,8182,link,battery
2024,PT,,q11_7,62007,LIVRE,"Livre — Liberdade, Esquerda, Europa e Ecologia",3225,link,battery
2024,PT,,q11_8,62009,Pessoas–Animais–Natureza,Partido pelos Animais e pela Natureza,97,link,battery
2024,PT,,q18_1,62006,Coligação Democrática Unitária,Coligação Democrática Unitária,284,link,battery
2024,PT,,q18_2,62018,Partido Social Democrata,Partido Popular Democrático / Partido Social Democrata,1359,link,battery
2024,PT,,q18_3,62005,Bloco de Esquerda,Bloco de Esquerda,1310,link,battery
2024,PT,,q18_4,62004,Iniciativa Liberal,Iniciativa Liberal,8640,link,battery
2024,PT,,q18_5,62001,Partido Socialista,Partido Socialista,655,name,battery
2024,PT,,q18_6,62003,Chega,Chega,8182,link,battery
2024,PT,,q18_7,62007,LIVRE,"Livre — Liberdade, Esquerda, Europa e Ecologia",3225,link,battery
2024,PT,,q18_8,62009,Pessoas–Animais–Natureza,Partido pelos Animais e pela Natureza,97,link,battery
2024,PT,,q19_recoded,88,,none,,special,answer
2024,PT,,q19_recoded,98,,dont-know,,special,answer
2024,PT,,q19_recoded,62001,Partido Socialista,Partido Socialista,655,name,answer
2024,PT,,q19_recoded,62003,Chega,Chega,8182,link,answer
2024,PT,,q19_recoded,62004,Iniciativa Liberal,Iniciativa Liberal,8640,link,answer
2024,PT,,q19_recoded,62005,Bloco de Esquerda,Bloco de Esquerda,1310,link,answer
2024,PT,,q19_recoded,62006,Coligação Democrática Unitária,Coligação Democrática Unitária,284,link,answer
2024,PT,,q19_recoded,62007,LIVRE,"Livre — Liberdade, Esquerda, Europa e Ecologia",3225,link,answer
2024,PT,,q19_recoded,62009,Pessoas–Animais–Natureza,Partido pelos Animais e pela Natureza,97,link,answer
2024,PT,,q19_recoded,62011,Ergue-te,Ergue-te [og],,hand,answer
2024,PT,,q19_recoded,62018,Partido Social Democrata,Partido Popular Democrático / Partido Social Democrata,1359,link,answer
2024,PT,,q19_recoded,62019,CDS – Partido Popular,Centro Democrático e Social / Partido Popular,1308,link,answer
2024,PT,,q19_recoded,62021,Alternativa 21,Alternativa 21 [og],,hand,answer
2024,PT,,q1a_recoded,88,,none,,special,answer
2024,PT,,q1a_recoded,90,,other,,special,answer
2024,PT,,q1a_recoded,96,,,,special,answer
2024,PT,,q1a_recoded,98,,dont-know,,special,answer
2024,PT,,q1a_recoded,62001,Partido Socialista,Partido Socialista,655,name,answer
2024,PT,,q1a_recoded,62003,Chega,Chega,8182,link,answer
2024,PT,,q1a_recoded,62004,Iniciativa Liberal,Iniciativa Liberal,8640,link,answer
2024,PT,,q1a_recoded,62005,Bloco de Esquerda,Bloco de Esquerda,1310,link,answer
2024,PT,,q1a_recoded,62006,Coligação Democrática Unitária,Coligação Democrática Unitária,284,link,answer
2024,PT,,q1a_recoded,62007,LIVRE,"Livre — Liberdade, Esquerda, Europa e Ecologia",3225,link,answer
2024,PT,,q1a_recoded,62009,Pessoas–Animais–Natureza,Partido pelos Animais e pela Natureza,97,link,answer
2024,PT,,q1a_recoded,62011,Ergue-te,Ergue-te [og],,hand,answer
2024,PT,,q1a_recoded,62018,Partido Social Democrata,Partido Popular Democrático / Partido Social Democrata,1359,link,answer
2024,PT,,q20_1,62006,Coligação Democrática Unitária,Coligação Democrática Unitária,284,link,battery
2024,PT,,q20_2,62018,Partido Social Democrata,Partido Popular Democrático / Partido Social Democrata,1359,link,battery
2024,PT,,q20_3,62005,Bloco de Esquerda,Bloco de Esquerda,1310,link,battery
2024,PT,,q20_4,62004,Iniciativa Liberal,Iniciativa Liberal,8640,link,battery
2024,PT,,q20_5,62001,Partido Socialista,Partido Socialista,655,name,battery
2024,PT,,q20_6,62003,Chega,Chega,8182,link,battery
2024,PT,,q20_7,62007,LIVRE,"Livre — Liberdade, Esquerda, Europa e Ecologia",3225,link,battery
2024,PT,,q20_8,62009,Pessoas–Animais–Natureza,Partido pelos Animais e pela Natureza,97,link,battery
2024,PT,,q6_recoded,90,,other,,special,answer
2024,PT,,q6_recoded,91,,blank-invalid,,special,answer
2024,PT,,q6_recoded,96,,did-not-vote,,special,answer
2024,PT,,q6_recoded,98,,dont-know,,special,answer
2024,PT,,q6_recoded,62001,Partido Socialista,Partido Socialista,655,name,answer
2024,PT,,q6_recoded,62002,Aliança Democrática,Aliança Democrática,1742,name,answer
2024,PT,,q6_recoded,62003,Chega,Chega,8182,link,answer
2024,PT,,q6_recoded,62004,Iniciativa Liberal,Iniciativa Liberal,8640,link,answer
2024,PT,,q6_recoded,62005,Bloco de Esquerda,Bloco de Esquerda,1310,link,answer
2024,PT,,q6_recoded,62006,Coligação Democrática Unitária,Coligação Democrática Unitária,284,link,answer
2024,PT,,q6_recoded,62007,LIVRE,"Livre — Liberdade, Esquerda, Europa e Ecologia",3225,link,answer
2024,PT,,q6_recoded,62008,Alternativa Democrática Nacional,Alternativa Democrática Nacional,9817,name,answer
2024,PT,,q6_recoded,62009,Pessoas–Animais–Natureza,Partido pelos Animais e pela Natureza,97,link,answer
2024,PT,,q6_recoded,62010,Volt Portugal,Volt Portugal [og],,hand,answer
2024,PT,,q6_recoded,62011,Ergue-te,Ergue-te [og],,hand,answer
2024,PT,,q6_recoded,62012,Reagir Incluir Reciclar,Reagir Incluir Reciclar [og],,hand,answer
2024,PT,,q6_recoded,62013,Nova Direita,Nova Direita [og],,hand,answer
2024,PT,,q6_recoded,62014,Movimento Alternativa Socialista,Movimento Alternativa Socialista [og],,hand,answer
2024,PT,,q6_recoded,62015,Partido da Terra,Movimento Partido da Terra / Partido da Terra,3226,link,answer
2024,PT,,q6_recoded,62016,Partido Trabalhista Português,Partido Trabalhista Português [og],,hand,answer
2024,PT,,q6_recoded,62017,"Nós, Cidadãos!","Nós, Cidadãos!",7358,link,answer
2024,PT,,q8_recoded,91,,blank-invalid,,special,answer
2024,PT,,q8_recoded,96,,did-not-vote,,special,answer
2024,PT,,q8_recoded,98,,dont-know,,special,answer
2024,PT,,q8_recoded,62001,Partido Socialista,Partido Socialista,655,name,answer
2024,PT,,q8_recoded,62002,Aliança Democrática,Aliança Democrática,1742,name,answer
2024,PT,,q8_recoded,62003,Chega,Chega,8182,link,answer
2024,PT,,q8_recoded,62004,Iniciativa Liberal,Iniciativa Liberal,8640,link,answer
2024,PT,,q8_recoded,62005,Bloco de Esquerda,Bloco de Esquerda,1310,link,answer
2024,PT,,q8_recoded,62006,Coligação Democrática Unitária,Coligação Democrática Unitária,284,link,answer
2024,PT,,q8_recoded,62007,LIVRE,"Livre — Liberdade, Esquerda, Europa e Ecologia",3225,link,answer
2024,PT,,q8_recoded,62009,Pessoas–Animais–Natureza,Partido pelos Animais e pela Natureza,97,link,answer
2024,PT,,q8_recoded,62011,Ergue-te,Ergue-te [og],,hand,answer
2024,PT,,q8_recoded,62020,Juntos pelo Povo,Juntos pelo Povo [og],,hand,answer
2024,PT,,q8_recoded,62021,Alternativa 21,Alternativa 21 [og],,hand,answer
2024,PT,,q9_1,62006,Coligação Democrática Unitária,Coligação Democrática Unitária,284,link,battery
2024,PT,,q9_2,62018,Partido Social Democrata,Partido Popular Democrático / Partido Social Democrata,1359,link,battery
2024,PT,,q9_3,62005,Bloco de Esquerda,Bloco de Esquerda,1310,link,battery
2024,PT,,q9_4,62004,Iniciativa Liberal,Iniciativa Liberal,8640,link,battery
2024,PT,,q9_5,62001,Partido Socialista,Partido Socialista,655,name,battery
2024,PT,,q9_6,62003,Chega,Chega,8182,link,battery
2024,PT,,q9_7,62007,LIVRE,"Livre — Liberdade, Esquerda, Europa e Ecologia",3225,link,battery
2024,PT,,q9_8,62009,Pessoas–Animais–Natureza,Partido pelos Animais e pela Natureza,97,link,battery
2024,RO,,q11_1,64213,Partidul Social Democrat,Partidul Social Democrat,120,link,battery
2024,RO,,q11_2,64214,Partidul Național Liberal,Partidul Naţional Liberal,481,link,battery
2024,RO,,q11_3,64215,Alianța pentru Unirea Românilor,Alianța pentru Unirea Românilor,8983,name,battery
2024,RO,,q11_4,64217,Uniunea Salvați România,Uniunea Salvați România,5969,link,battery
2024,RO,,q11_5,64204,Uniunea Democrată Maghiară din România,Uniunea Democrată Maghiară din România / Romániai Magyar Demokrata Szövetség,1105,link,battery
2024,RO,,q11_6,64205,Partidul S.O.S România,Partidul S.O.S România [og],,hand,battery
2024,RO,,q18_1,64213,Partidul Social Democrat,Partidul Social Democrat,120,link,battery
2024,RO,,q18_2,64214,Partidul Național Liberal,Partidul Naţional Liberal,481,link,battery
2024,RO,,q18_3,64215,Alianța pentru Unirea Românilor,Alianța pentru Unirea Românilor,8983,name,battery
2024,RO,,q18_4,64217,Uniunea Salvați România,Uniunea Salvați România,5969,link,battery
2024,RO,,q18_5,64204,Uniunea Democrată Maghiară din România,Uniunea Democrată Maghiară din România / Romániai Magyar Demokrata Szövetség,1105,link,battery
2024,RO,,q18_6,64205,Partidul S.O.S România,Partidul S.O.S România [og],,hand,battery
2024,RO,,q19_recoded,88,,none,,special,answer
2024,RO,,q19_recoded,90,,other,,special,answer
2024,RO,,q19_recoded,98,,dont-know,,special,answer
2024,RO,,q19_recoded,64204,Uniunea Democrată Maghiară din România,Uniunea Democrată Maghiară din România / Romániai Magyar Demokrata Szövetség,1105,link,answer
2024,RO,,q19_recoded,64205,Partidul S.O.S România,Partidul S.O.S România [og],,hand,answer
2024,RO,,q19_recoded,64206,Partidul Reînnoim Proiectul European al României,Reînnoim Proiectul European al României,9580,hand,answer
2024,RO,,q19_recoded,64207,Partidul Diaspora Unită,Partidul Diaspora Unită [og],,hand,answer
2024,RO,,q19_recoded,64210,Partidul România Mare,Partidul România Mare,1305,link,answer
2024,RO,,q19_recoded,64213,Partidul Social Democrat,Partidul Social Democrat,120,link,answer
2024,RO,,q19_recoded,64214,Partidul Național Liberal,Partidul Naţional Liberal,481,link,answer
2024,RO,,q19_recoded,64215,Alianța pentru Unirea Românilor,Alianța pentru Unirea Românilor,8983,name,answer
2024,RO,,q19_recoded,64216,Partidul Mișcarea Populară,Partidul Mișcarea Populară,3210,link,answer
2024,RO,,q19_recoded,64217,Uniunea Salvați România,Uniunea Salvați România,5969,link,answer
2024,RO,,q19_recoded,64220,Partidul PRO România,PRO România,7359,link,answer
2024,RO,,q19_recoded,64223,Alianța Renașterea Națională,Alianța Renașterea Națională [og],,hand,answer
2024,RO,,q19_recoded,64224,Forumul Democrat al Germanilor din România,Forumul Democrat al Germanilor din România,2454,name,answer
2024,RO,,q1a_recoded,88,,none,,special,answer
2024,RO,,q1a_recoded,89,,independent,,special,answer
2024,RO,,q1a_recoded,90,,other,,special,answer
2024,RO,,q1a_recoded,96,,,,special,answer
2024,RO,,q1a_recoded,98,,dont-know,,special,answer
2024,RO,,q1a_recoded,64204,Uniunea Democrată Maghiară din România,Uniunea Democrată Maghiară din România / Romániai Magyar Demokrata Szövetség,1105,link,answer
2024,RO,,q1a_recoded,64205,Partidul S.O.S România,Partidul S.O.S România [og],,hand,answer
2024,RO,,q1a_recoded,64206,Partidul Reînnoim Proiectul European al României,Reînnoim Proiectul European al României,9580,hand,answer
2024,RO,,q1a_recoded,64207,Partidul Diaspora Unită,Partidul Diaspora Unită [og],,hand,answer
2024,RO,,q1a_recoded,64208,Partidul Umanist Social Liberal,Partidul Umanist Social Liberal,9546,hand,answer
2024,RO,,q1a_recoded,64213,Partidul Social Democrat,Partidul Social Democrat,120,link,answer
2024,RO,,q1a_recoded,64214,Partidul Național Liberal,Partidul Naţional Liberal,481,link,answer
2024,RO,,q1a_recoded,64215,Alianța pentru Unirea Românilor,Alianța pentru Unirea Românilor,8983,name,answer
2024,RO,,q1a_recoded,64216,Partidul Mișcarea Populară,Partidul Mișcarea Populară,3210,link,answer
2024,RO,,q1a_recoded,64217,Uniunea Salvați România,Uniunea Salvați România,5969,link,answer
2024,RO,,q1a_recoded,64218,Forța Dreptei,Forța Dreptei,9579,name,answer
2024,RO,,q20_1,64213,Partidul Social Democrat,Partidul Social Democrat,120,link,battery
2024,RO,,q20_2,64214,Partidul Național Liberal,Partidul Naţional Liberal,481,link,battery
2024,RO,,q20_3,64215,Alianța pentru Unirea Românilor,Alianța pentru Unirea Românilor,8983,name,battery
2024,RO,,q20_4,64217,Uniunea Salvați România,Uniunea Salvați România,5969,link,battery
2024,RO,,q20_5,64204,Uniunea Democrată Maghiară din România,Uniunea Democrată Maghiară din România / Romániai Magyar Demokrata Szövetség,1105,link,battery
2024,RO,,q20_6,64205,Partidul S.O.S România,Partidul S.O.S România [og],,hand,battery
2024,RO,,q6_recoded,89,,independent,,special,answer
2024,RO,,q6_recoded,90,,other,,special,answer
2024,RO,,q6_recoded,91,,blank-invalid,,special,answer
2024,RO,,q6_recoded,96,,did-not-vote,,special,answer
2024,RO,,q6_recoded,98,,dont-know,,special,answer
2024,RO,,q6_recoded,64201,Alianța Electorală PSD-PNL,Alianța Electorală PSD-PNL [og],,hand,answer
2024,RO,,q6_recoded,64202,Alianța AUR,Alianța pentru Unirea Românilor,8983,link,answer
2024,RO,,q6_recoded,64203,Alianța Dreapta Unită,Alianța Dreapta Unită [og],,hand,answer
2024,RO,,q6_recoded,64204,Uniunea Democrată Maghiară din România,Uniunea Democrată Maghiară din România / Romániai Magyar Demokrata Szövetség,1105,link,answer
2024,RO,,q6_recoded,64205,Partidul S.O.S România,Partidul S.O.S România [og],,hand,answer
2024,RO,,q6_recoded,64206,Partidul Reînnoim Proiectul European al României,Reînnoim Proiectul European al României,9580,hand,answer
2024,RO,,q6_recoded,64207,Partidul Diaspora Unită,Partidul Diaspora Unită [og],,hand,answer
2024,RO,,q6_recoded,64208,Partidul Umanist Social Liberal,Partidul Umanist Social Liberal,9546,hand,answer
2024,RO,,q6_recoded,64209,Partidul Patrioților,Partidul Patrioților [og],,hand,answer
2024,RO,,q6_recoded,64210,Partidul România Mare,Partidul România Mare,1305,link,answer
2024,RO,,q6_recoded,64212,România Socialistă,România Socialistă [og],,hand,answer
2024,RO,,q8_recoded,89,,independent,,special,answer
2024,RO,,q8_recoded,90,,other,,special,answer
2024,RO,,q8_recoded,91,,blank-invalid,,special,answer
2024,RO,,q8_recoded,96,,did-not-vote,,special,answer
2024,RO,,q8_recoded,98,,dont-know,,special,answer
2024,RO,,q8_recoded,64204,Uniunea Democrată Maghiară din România,Uniunea Democrată Maghiară din România / Romániai Magyar Demokrata Szövetség,1105,link,answer
2024,RO,,q8_recoded,64205,Partidul S.O.S România,Partidul S.O.S România [og],,hand,answer
2024,RO,,q8_recoded,64206,Partidul Reînnoim Proiectul European al României,Reînnoim Proiectul European al României,9580,hand,answer
2024,RO,,q8_recoded,64207,Partidul Diaspora Unită,Partidul Diaspora Unită [og],,hand,answer
2024,RO,,q8_recoded,64208,Partidul Umanist Social Liberal,Partidul Umanist Social Liberal,9546,hand,answer
2024,RO,,q8_recoded,64211,Partidul Alternativa Dreaptă,Partidul Alternativa Dreaptă [og],,hand,answer
2024,RO,,q8_recoded,64213,Partidul Social Democrat,Partidul Social Democrat,120,link,answer
2024,RO,,q8_recoded,64214,Partidul Național Liberal,Partidul Naţional Liberal,481,link,answer
2024,RO,,q8_recoded,64215,Alianța pentru Unirea Românilor,Alianța pentru Unirea Românilor,8983,name,answer
2024,RO,,q8_recoded,64216,Partidul Mișcarea Populară,Partidul Mișcarea Populară,3210,link,answer
2024,RO,,q8_recoded,64219,Alianța USR-PLUS,Alianța USR-PLUS [og],,hand,answer
2024,RO,,q8_recoded,64220,Partidul PRO România,PRO România,7359,link,answer
2024,RO,,q8_recoded,64221,Partidul Ecologist Român,Partidul Ecologist Român,1373,name,answer
2024,RO,,q8_recoded,64222,Partidul Verde,Partidul Verde,7033,name,answer
2024,RO,,q9_1,64213,Partidul Social Democrat,Partidul Social Democrat,120,link,battery
2024,RO,,q9_2,64214,Partidul Național Liberal,Partidul Naţional Liberal,481,link,battery
2024,RO,,q9_3,64215,Alianța pentru Unirea Românilor,Alianța pentru Unirea Românilor,8983,name,battery
2024,RO,,q9_4,64217,Uniunea Salvați România,Uniunea Salvați România,5969,link,battery
2024,RO,,q9_5,64204,Uniunea Democrată Maghiară din România,Uniunea Democrată Maghiară din România / Romániai Magyar Demokrata Szövetség,1105,link,battery
2024,RO,,q9_6,64205,Partidul S.O.S România,Partidul S.O.S România [og],,hand,battery
2024,SE,,q11_1,75202,Moderaterna,Allmänna valmansförbundet / Högern / Högerpartiet / Moderata samlingspartiet,690,link,battery
2024,SE,,q11_2,75206,Centerpartiet,Bondeförbundet / Centerpartiet,199,link,battery
2024,SE,,q11_3,75201,Socialdemokraterna,Socialdemokraterna / Sveriges socialdemokratiska arbetareparti,487,link,battery
2024,SE,,q11_4,75205,Vänsterpartiet,Vänsterpartiet / Sveriges Komunistiska Parti,830,link,battery
2024,SE,,q11_5,75203,Miljöpartiet de gröna,Miljöpartiet de gröna,456,link,battery
2024,SE,,q11_6,75204,Sverigedemokraterna,Sverigedemokraterna,409,link,battery
2024,SE,,q11_7,75208,Liberalerna,Folkpartiet liberalerna / Liberalerna,1274,link,battery
2024,SE,,q11_8,75207,Kristdemokraterna,Kristdemokraterna,651,link,battery
2024,SE,,q18_1,75202,Moderaterna,Allmänna valmansförbundet / Högern / Högerpartiet / Moderata samlingspartiet,690,link,battery
2024,SE,,q18_2,75206,Centerpartiet,Bondeförbundet / Centerpartiet,199,link,battery
2024,SE,,q18_3,75201,Socialdemokraterna,Socialdemokraterna / Sveriges socialdemokratiska arbetareparti,487,link,battery
2024,SE,,q18_4,75205,Vänsterpartiet,Vänsterpartiet / Sveriges Komunistiska Parti,830,link,battery
2024,SE,,q18_5,75203,Miljöpartiet de gröna,Miljöpartiet de gröna,456,link,battery
2024,SE,,q18_6,75204,Sverigedemokraterna,Sverigedemokraterna,409,link,battery
2024,SE,,q18_7,75208,Liberalerna,Folkpartiet liberalerna / Liberalerna,1274,link,battery
2024,SE,,q18_8,75207,Kristdemokraterna,Kristdemokraterna,651,link,battery
2024,SE,,q19_recoded,88,,none,,special,answer
2024,SE,,q19_recoded,90,,other,,special,answer
2024,SE,,q19_recoded,98,,dont-know,,special,answer
2024,SE,,q19_recoded,75201,Socialdemokraterna,Socialdemokraterna / Sveriges socialdemokratiska arbetareparti,487,link,answer
2024,SE,,q19_recoded,75202,Moderaterna,Allmänna valmansförbundet / Högern / Högerpartiet / Moderata samlingspartiet,690,link,answer
2024,SE,,q19_recoded,75203,Miljöpartiet de gröna,Miljöpartiet de gröna,456,link,answer
2024,SE,,q19_recoded,75204,Sverigedemokraterna,Sverigedemokraterna,409,link,answer
2024,SE,,q19_recoded,75205,Vänsterpartiet,Vänsterpartiet / Sveriges Komunistiska Parti,830,link,answer
2024,SE,,q19_recoded,75206,Centerpartiet,Bondeförbundet / Centerpartiet,199,link,answer
2024,SE,,q19_recoded,75207,Kristdemokraterna,Kristdemokraterna,651,link,answer
2024,SE,,q19_recoded,75208,Liberalerna,Folkpartiet liberalerna / Liberalerna,1274,link,answer
2024,SE,,q19_recoded,75209,Folklistan,Folklistan [og],,hand,answer
2024,SE,,q19_recoded,75210,Alternativ för Sverige,Alternativ för Sverige [og],,hand,answer
2024,SE,,q19_recoded,75211,Piratpartiet,Piratpartiet,1485,link,answer
2024,SE,,q19_recoded,75212,Medborgerlig Samling,Medborgerlig samling,1633,link,answer
2024,SE,,q19_recoded,75213,Mänskliga rättigheter och Demokrati,Mänskliga rättigheter och Demokrati [og],,hand,answer
2024,SE,,q19_recoded,75214,Värdigt Liv,Värdigt Liv [og],,hand,answer
2024,SE,,q19_recoded,75215,Sveriges kommunistiska parti,Vänsterpartiet / Sveriges Komunistiska Parti,830,name,answer
2024,SE,,q1a_recoded,88,,none,,special,answer
2024,SE,,q1a_recoded,96,,,,special,answer
2024,SE,,q1a_recoded,98,,dont-know,,special,answer
2024,SE,,q1a_recoded,75201,Socialdemokraterna,Socialdemokraterna / Sveriges socialdemokratiska arbetareparti,487,link,answer
2024,SE,,q1a_recoded,75202,Moderaterna,Allmänna valmansförbundet / Högern / Högerpartiet / Moderata samlingspartiet,690,link,answer
2024,SE,,q1a_recoded,75203,Miljöpartiet de gröna,Miljöpartiet de gröna,456,link,answer
2024,SE,,q1a_recoded,75204,Sverigedemokraterna,Sverigedemokraterna,409,link,answer
2024,SE,,q1a_recoded,75205,Vänsterpartiet,Vänsterpartiet / Sveriges Komunistiska Parti,830,link,answer
2024,SE,,q1a_recoded,75206,Centerpartiet,Bondeförbundet / Centerpartiet,199,link,answer
2024,SE,,q1a_recoded,75207,Kristdemokraterna,Kristdemokraterna,651,link,answer
2024,SE,,q1a_recoded,75208,Liberalerna,Folkpartiet liberalerna / Liberalerna,1274,link,answer
2024,SE,,q1a_recoded,75209,Folklistan,Folklistan [og],,hand,answer
2024,SE,,q1a_recoded,75210,Alternativ för Sverige,Alternativ för Sverige [og],,hand,answer
2024,SE,,q1a_recoded,75211,Piratpartiet,Piratpartiet,1485,link,answer
2024,SE,,q1a_recoded,75215,Sveriges kommunistiska parti,Vänsterpartiet / Sveriges Komunistiska Parti,830,name,answer
2024,SE,,q20_1,75202,Moderaterna,Allmänna valmansförbundet / Högern / Högerpartiet / Moderata samlingspartiet,690,link,battery
2024,SE,,q20_2,75206,Centerpartiet,Bondeförbundet / Centerpartiet,199,link,battery
2024,SE,,q20_3,75201,Socialdemokraterna,Socialdemokraterna / Sveriges socialdemokratiska arbetareparti,487,link,battery
2024,SE,,q20_4,75205,Vänsterpartiet,Vänsterpartiet / Sveriges Komunistiska Parti,830,link,battery
2024,SE,,q20_5,75203,Miljöpartiet de gröna,Miljöpartiet de gröna,456,link,battery
2024,SE,,q20_6,75204,Sverigedemokraterna,Sverigedemokraterna,409,link,battery
2024,SE,,q20_7,75208,Liberalerna,Folkpartiet liberalerna / Liberalerna,1274,link,battery
2024,SE,,q20_8,75207,Kristdemokraterna,Kristdemokraterna,651,link,battery
2024,SE,,q6_recoded,91,,blank-invalid,,special,answer
2024,SE,,q6_recoded,96,,did-not-vote,,special,answer
2024,SE,,q6_recoded,98,,dont-know,,special,answer
2024,SE,,q6_recoded,75201,Socialdemokraterna,Socialdemokraterna / Sveriges socialdemokratiska arbetareparti,487,link,answer
2024,SE,,q6_recoded,75202,Moderaterna,Allmänna valmansförbundet / Högern / Högerpartiet / Moderata samlingspartiet,690,link,answer
2024,SE,,q6_recoded,75203,Miljöpartiet de gröna,Miljöpartiet de gröna,456,link,answer
2024,SE,,q6_recoded,75204,Sverigedemokraterna,Sverigedemokraterna,409,link,answer
2024,SE,,q6_recoded,75205,Vänsterpartiet,Vänsterpartiet / Sveriges Komunistiska Parti,830,link,answer
2024,SE,,q6_recoded,75206,Centerpartiet,Bondeförbundet / Centerpartiet,199,link,answer
2024,SE,,q6_recoded,75207,Kristdemokraterna,Kristdemokraterna,651,link,answer
2024,SE,,q6_recoded,75208,Liberalerna,Folkpartiet liberalerna / Liberalerna,1274,link,answer
2024,SE,,q6_recoded,75209,Folklistan,Folklistan [og],,hand,answer
2024,SE,,q6_recoded,75210,Alternativ för Sverige,Alternativ för Sverige [og],,hand,answer
2024,SE,,q6_recoded,75211,Piratpartiet,Piratpartiet,1485,link,answer
2024,SE,,q6_recoded,75212,Medborgerlig Samling,Medborgerlig samling,1633,link,answer
2024,SE,,q6_recoded,75214,Värdigt Liv,Värdigt Liv [og],,hand,answer
2024,SE,,q8_recoded,91,,blank-invalid,,special,answer
2024,SE,,q8_recoded,96,,did-not-vote,,special,answer
2024,SE,,q8_recoded,98,,dont-know,,special,answer
2024,SE,,q8_recoded,75201,Socialdemokraterna,Socialdemokraterna / Sveriges socialdemokratiska arbetareparti,487,link,answer
2024,SE,,q8_recoded,75202,Moderaterna,Allmänna valmansförbundet / Högern / Högerpartiet / Moderata samlingspartiet,690,link,answer
2024,SE,,q8_recoded,75203,Miljöpartiet de gröna,Miljöpartiet de gröna,456,link,answer
2024,SE,,q8_recoded,75204,Sverigedemokraterna,Sverigedemokraterna,409,link,answer
2024,SE,,q8_recoded,75205,Vänsterpartiet,Vänsterpartiet / Sveriges Komunistiska Parti,830,link,answer
2024,SE,,q8_recoded,75206,Centerpartiet,Bondeförbundet / Centerpartiet,199,link,answer
2024,SE,,q8_recoded,75207,Kristdemokraterna,Kristdemokraterna,651,link,answer
2024,SE,,q8_recoded,75208,Liberalerna,Folkpartiet liberalerna / Liberalerna,1274,link,answer
2024,SE,,q8_recoded,75211,Piratpartiet,Piratpartiet,1485,link,answer
2024,SE,,q8_recoded,75212,Medborgerlig Samling,Medborgerlig samling,1633,link,answer
2024,SE,,q8_recoded,75213,Mänskliga rättigheter och Demokrati,Mänskliga rättigheter och Demokrati [og],,hand,answer
2024,SE,,q8_recoded,75216,Basinkomstpartiet,Basinkomstpartiet [og],,hand,answer
2024,SE,,q8_recoded,75217,Socialisterna - Välfärdspartiet,Socialisterna - Välfärdspartiet [og],,hand,answer
2024,SE,,q9_1,75202,Moderaterna,Allmänna valmansförbundet / Högern / Högerpartiet / Moderata samlingspartiet,690,link,battery
2024,SE,,q9_2,75206,Centerpartiet,Bondeförbundet / Centerpartiet,199,link,battery
2024,SE,,q9_3,75201,Socialdemokraterna,Socialdemokraterna / Sveriges socialdemokratiska arbetareparti,487,link,battery
2024,SE,,q9_4,75205,Vänsterpartiet,Vänsterpartiet / Sveriges Komunistiska Parti,830,link,battery
2024,SE,,q9_5,75203,Miljöpartiet de gröna,Miljöpartiet de gröna,456,link,battery
2024,SE,,q9_6,75204,Sverigedemokraterna,Sverigedemokraterna,409,link,battery
2024,SE,,q9_7,75208,Liberalerna,Folkpartiet liberalerna / Liberalerna,1274,link,battery
2024,SE,,q9_8,75207,Kristdemokraterna,Kristdemokraterna,651,link,battery
2024,SI,,q11_1,70501,Slovenska demokratska stranka,Slovenska demokratska stranka,472,link,battery
2024,SI,,q11_2,70502,Gibanje Svoboda,Gibanje Svoboda,9067,link,battery
2024,SI,,q11_3,70507,Levica,Levica,6131,link,battery
2024,SI,,q11_4,70505,Nova Slovenija - krščanski demokrati,Nova Slovenija — Krščanska ljudska stranka,1618,link,battery
2024,SI,,q11_5,70504,Socialni demokrati,Socialni demokrati / Združena lista socialnih demokratov,1403,link,battery
2024,SI,,q11_6,70508,Resni.ca,Resni.ca,9069,link,battery
2024,SI,,q11_7,70515,Slovenska nacionalna stranka,Slovenska nacionalna stranka,96,link,battery
2024,SI,,q11_8,70503,VES – zelena stranka,VESNA – zelena stranka,9130,hand,battery
2024,SI,,q18_1,70501,Slovenska demokratska stranka,Slovenska demokratska stranka,472,link,battery
2024,SI,,q18_2,70502,Gibanje Svoboda,Gibanje Svoboda,9067,link,battery
2024,SI,,q18_3,70507,Levica,Levica,6131,link,battery
2024,SI,,q18_4,70505,Nova Slovenija - krščanski demokrati,Nova Slovenija — Krščanska ljudska stranka,1618,link,battery
2024,SI,,q18_5,70504,Socialni demokrati,Socialni demokrati / Združena lista socialnih demokratov,1403,link,battery
2024,SI,,q18_6,70508,Resni.ca,Resni.ca,9069,link,battery
2024,SI,,q18_7,70515,Slovenska nacionalna stranka,Slovenska nacionalna stranka,96,link,battery
2024,SI,,q18_8,70503,VES – zelena stranka,VESNA – zelena stranka,9130,hand,battery
2024,SI,,q19_recoded,88,,none,,special,answer
2024,SI,,q19_recoded,98,,dont-know,,special,answer
2024,SI,,q19_recoded,70501,Slovenska demokratska stranka,Slovenska demokratska stranka,472,link,answer
2024,SI,,q19_recoded,70502,Gibanje Svoboda,Gibanje Svoboda,9067,link,answer
2024,SI,,q19_recoded,70503,VES – zelena stranka,VESNA – zelena stranka,9130,hand,answer
2024,SI,,q19_recoded,70504,Socialni demokrati,Socialni demokrati / Združena lista socialnih demokratov,1403,link,answer
2024,SI,,q19_recoded,70506,Slovenska ljudska stranka,Slovenska ljudska stranka,764,link,answer
2024,SI,,q19_recoded,70507,Levica,Levica,6131,link,answer
2024,SI,,q19_recoded,70508,Resni.ca,Resni.ca,9069,link,answer
2024,SI,,q19_recoded,70510,Zeleni Slovenije,Zeleni Slovenije,1494,name,answer
2024,SI,,q19_recoded,70511,Lista Marjana Šarca,Lista Marjana Šarca,6132,link,answer
2024,SI,,q19_recoded,70514,Piratska stranka Slovenije,Piratska stranka Slovenije,3099,link,answer
2024,SI,,q19_recoded,70515,Slovenska nacionalna stranka,Slovenska nacionalna stranka,96,link,answer
2024,SI,,q19_recoded,70517,Demokratična stranka upokojencev Slovenije,Demokratična stranka upokojencev Slovenije,467,link,answer
2024,SI,,q19_recoded,70518,Naša dežela,Naša dežela,9070,link,answer
2024,SI,,q19_recoded,70521,Glas upokojencev,Glas upokojencev [og],,hand,answer
2024,SI,,q19_recoded,70522,Nič od tega,Nič od tega [og],,hand,answer
2024,SI,,q1a_recoded,88,,none,,special,answer
2024,SI,,q1a_recoded,90,,other,,special,answer
2024,SI,,q1a_recoded,96,,,,special,answer
2024,SI,,q1a_recoded,98,,dont-know,,special,answer
2024,SI,,q1a_recoded,70501,Slovenska demokratska stranka,Slovenska demokratska stranka,472,link,answer
2024,SI,,q1a_recoded,70502,Gibanje Svoboda,Gibanje Svoboda,9067,link,answer
2024,SI,,q1a_recoded,70503,VES – zelena stranka,VESNA – zelena stranka,9130,hand,answer
2024,SI,,q1a_recoded,70504,Socialni demokrati,Socialni demokrati / Združena lista socialnih demokratov,1403,link,answer
2024,SI,,q1a_recoded,70505,Nova Slovenija - krščanski demokrati,Nova Slovenija — Krščanska ljudska stranka,1618,link,answer
2024,SI,,q1a_recoded,70506,Slovenska ljudska stranka,Slovenska ljudska stranka,764,link,answer
2024,SI,,q1a_recoded,70507,Levica,Levica,6131,link,answer
2024,SI,,q1a_recoded,70508,Resni.ca,Resni.ca,9069,link,answer
2024,SI,,q1a_recoded,70514,Piratska stranka Slovenije,Piratska stranka Slovenije,3099,link,answer
2024,SI,,q1a_recoded,70515,Slovenska nacionalna stranka,Slovenska nacionalna stranka,96,link,answer
2024,SI,,q1a_recoded,70516,Dobra država,Dobra Drzava,6133,link,answer
2024,SI,,q1a_recoded,70522,Nič od tega,Nič od tega [og],,hand,answer
2024,SI,,q20_1,70501,Slovenska demokratska stranka,Slovenska demokratska stranka,472,link,battery
2024,SI,,q20_2,70502,Gibanje Svoboda,Gibanje Svoboda,9067,link,battery
2024,SI,,q20_3,70507,Levica,Levica,6131,link,battery
2024,SI,,q20_4,70505,Nova Slovenija - krščanski demokrati,Nova Slovenija — Krščanska ljudska stranka,1618,link,battery
2024,SI,,q20_5,70504,Socialni demokrati,Socialni demokrati / Združena lista socialnih demokratov,1403,link,battery
2024,SI,,q20_6,70508,Resni.ca,Resni.ca,9069,link,battery
2024,SI,,q20_7,70515,Slovenska nacionalna stranka,Slovenska nacionalna stranka,96,link,battery
2024,SI,,q20_8,70503,VES – zelena stranka,VESNA – zelena stranka,9130,hand,battery
2024,SI,,q6_recoded,90,,other,,special,answer
2024,SI,,q6_recoded,91,,blank-invalid,,special,answer
2024,SI,,q6_recoded,96,,did-not-vote,,special,answer
2024,SI,,q6_recoded,98,,dont-know,,special,answer
2024,SI,,q6_recoded,70501,Slovenska demokratska stranka,Slovenska demokratska stranka,472,link,answer
2024,SI,,q6_recoded,70502,Gibanje Svoboda,Gibanje Svoboda,9067,link,answer
2024,SI,,q6_recoded,70503,VES – zelena stranka,VESNA – zelena stranka,9130,hand,answer
2024,SI,,q6_recoded,70504,Socialni demokrati,Socialni demokrati / Združena lista socialnih demokratov,1403,link,answer
2024,SI,,q6_recoded,70505,Nova Slovenija - krščanski demokrati,Nova Slovenija — Krščanska ljudska stranka,1618,link,answer
2024,SI,,q6_recoded,70506,Slovenska ljudska stranka,Slovenska ljudska stranka,764,link,answer
2024,SI,,q6_recoded,70507,Levica,Levica,6131,link,answer
2024,SI,,q6_recoded,70508,Resni.ca,Resni.ca,9069,link,answer
2024,SI,,q6_recoded,70509,DeSUS - DD,DeSUS - DD [og],,hand,answer
2024,SI,,q6_recoded,70510,Zeleni Slovenije,Zeleni Slovenije,1494,name,answer
2024,SI,,q6_recoded,70522,Nič od tega,Nič od tega [og],,hand,answer
2024,SI,,q8_recoded,90,,other,,special,answer
2024,SI,,q8_recoded,91,,blank-invalid,,special,answer
2024,SI,,q8_recoded,96,,did-not-vote,,special,answer
2024,SI,,q8_recoded,98,,dont-know,,special,answer
2024,SI,,q8_recoded,70501,Slovenska demokratska stranka,Slovenska demokratska stranka,472,link,answer
2024,SI,,q8_recoded,70502,Gibanje Svoboda,Gibanje Svoboda,9067,link,answer
2024,SI,,q8_recoded,70503,VES – zelena stranka,VESNA – zelena stranka,9130,hand,answer
2024,SI,,q8_recoded,70504,Socialni demokrati,Socialni demokrati / Združena lista socialnih demokratov,1403,link,answer
2024,SI,,q8_recoded,70505,Nova Slovenija - krščanski demokrati,Nova Slovenija — Krščanska ljudska stranka,1618,link,answer
2024,SI,,q8_recoded,70507,Levica,Levica,6131,link,answer
2024,SI,,q8_recoded,70508,Resni.ca,Resni.ca,9069,link,answer
2024,SI,,q8_recoded,70511,Lista Marjana Šarca,Lista Marjana Šarca,6132,link,answer
2024,SI,,q8_recoded,70512,Povežimo Slovenijo,Povežimo se,7363,link,answer
2024,SI,,q8_recoded,70513,Stranka Alenke Bratušek,Zavezništvo Alenke Bratušek / Stranka Alenke Bratušek,3114,link,answer
2024,SI,,q8_recoded,70514,Piratska stranka Slovenije,Piratska stranka Slovenije,3099,link,answer
2024,SI,,q8_recoded,70515,Slovenska nacionalna stranka,Slovenska nacionalna stranka,96,link,answer
2024,SI,,q8_recoded,70516,Dobra država,Dobra Drzava,6133,link,answer
2024,SI,,q8_recoded,70517,Demokratična stranka upokojencev Slovenije,Demokratična stranka upokojencev Slovenije,467,link,answer
2024,SI,,q8_recoded,70518,Naša dežela,Naša dežela,9070,link,answer
2024,SI,,q8_recoded,70519,Za ljudstvo Slovenije,Za ljudstvo Slovenije [og],,hand,answer
2024,SI,,q9_1,70501,Slovenska demokratska stranka,Slovenska demokratska stranka,472,link,battery
2024,SI,,q9_2,70502,Gibanje Svoboda,Gibanje Svoboda,9067,link,battery
2024,SI,,q9_3,70507,Levica,Levica,6131,link,battery
2024,SI,,q9_4,70505,Nova Slovenija - krščanski demokrati,Nova Slovenija — Krščanska ljudska stranka,1618,link,battery
2024,SI,,q9_5,70504,Socialni demokrati,Socialni demokrati / Združena lista socialnih demokratov,1403,link,battery
2024,SI,,q9_6,70508,Resni.ca,Resni.ca,9069,link,battery
2024,SI,,q9_7,70515,Slovenska nacionalna stranka,Slovenska nacionalna stranka,96,link,battery
2024,SI,,q9_8,70503,VES – zelena stranka,VESNA – zelena stranka,9130,hand,battery
2024,SK,,q11_1,70301,Progresívne Slovensko,Progresívne Slovensko,7361,link,battery
2024,SK,,q11_2,70309,Slovensko - Za ľudí,Obyčajní Ľudia a Nezávislé Osobnosti,2130,hand,battery
2024,SK,,q11_3,70306,Sloboda a Solidarita,Sloboda a Solidarita,1386,link,battery
2024,SK,,q11_4,70310,Slovenská národná strana,Slovenská národná strana,730,link,battery
2024,SK,,q11_5,70302,SMER – sociálna demokracia,Smer — sociálna demokracia,311,link,battery
2024,SK,,q11_6,70304,HLAS – sociálna demokracia,HLAS – sociálna demokracia,9071,link,battery
2024,SK,,q11_7,70305,Kresťanskodemokratické hnutie,Kresťanskodemokratické hnutie,63,link,battery
2024,SK,,q11_8,70303,REPUBLIKA,Republika,9072,link,battery
2024,SK,,q18_1,70301,Progresívne Slovensko,Progresívne Slovensko,7361,link,battery
2024,SK,,q18_2,70309,Slovensko - Za ľudí,Obyčajní Ľudia a Nezávislé Osobnosti,2130,hand,battery
2024,SK,,q18_3,70306,Sloboda a Solidarita,Sloboda a Solidarita,1386,link,battery
2024,SK,,q18_4,70310,Slovenská národná strana,Slovenská národná strana,730,link,battery
2024,SK,,q18_5,70302,SMER – sociálna demokracia,Smer — sociálna demokracia,311,link,battery
2024,SK,,q18_6,70304,HLAS – sociálna demokracia,HLAS – sociálna demokracia,9071,link,battery
2024,SK,,q18_7,70305,Kresťanskodemokratické hnutie,Kresťanskodemokratické hnutie,63,link,battery
2024,SK,,q18_8,70303,REPUBLIKA,Republika,9072,link,battery
2024,SK,,q19_recoded,88,,none,,special,answer
2024,SK,,q19_recoded,98,,dont-know,,special,answer
2024,SK,,q19_recoded,70301,Progresívne Slovensko,Progresívne Slovensko,7361,link,answer
2024,SK,,q19_recoded,70302,SMER – sociálna demokracia,Smer — sociálna demokracia,311,link,answer
2024,SK,,q19_recoded,70303,REPUBLIKA,Republika,9072,link,answer
2024,SK,,q19_recoded,70304,HLAS – sociálna demokracia,HLAS – sociálna demokracia,9071,link,answer
2024,SK,,q19_recoded,70305,Kresťanskodemokratické hnutie,Kresťanskodemokratické hnutie,63,link,answer
2024,SK,,q19_recoded,70306,Sloboda a Solidarita,Sloboda a Solidarita,1386,link,answer
2024,SK,,q19_recoded,70307,Demokrati,Demokrati [og],,hand,answer
2024,SK,,q19_recoded,70308,Magyar Szövetség – Maďarská aliancia,Magyar Szövetség – Maďarská aliancia [og],,hand,answer
2024,SK,,q19_recoded,70309,Slovensko - Za ľudí,Obyčajní Ľudia a Nezávislé Osobnosti,2130,hand,answer
2024,SK,,q19_recoded,70310,Slovenská národná strana,Slovenská národná strana,730,link,answer
2024,SK,,q19_recoded,70312,Kotlebovci - Ľudová strana Naše Slovensko,Ľudová strana Naše Slovensko,656,link,answer
2024,SK,,q19_recoded,70314,Volt Slovensko,Volt Slovensko [og],,hand,answer
2024,SK,,q19_recoded,70315,Pirátska strana – Slovensko,Pirátska strana – Slovensko [og],,hand,answer
2024,SK,,q19_recoded,70317,Sme Rodina,Sme Rodina — Boris Kollár,4873,name,answer
2024,SK,,q19_recoded,70318,VZDOR - strana práce,VZDOR - strana práce [og],,hand,answer
2024,SK,,q1a_recoded,88,,none,,special,answer
2024,SK,,q1a_recoded,90,,other,,special,answer
2024,SK,,q1a_recoded,96,,,,special,answer
2024,SK,,q1a_recoded,98,,dont-know,,special,answer
2024,SK,,q1a_recoded,70301,Progresívne Slovensko,Progresívne Slovensko,7361,link,answer
2024,SK,,q1a_recoded,70302,SMER – sociálna demokracia,Smer — sociálna demokracia,311,link,answer
2024,SK,,q1a_recoded,70303,REPUBLIKA,Republika,9072,link,answer
2024,SK,,q1a_recoded,70304,HLAS – sociálna demokracia,HLAS – sociálna demokracia,9071,link,answer
2024,SK,,q1a_recoded,70305,Kresťanskodemokratické hnutie,Kresťanskodemokratické hnutie,63,link,answer
2024,SK,,q1a_recoded,70306,Sloboda a Solidarita,Sloboda a Solidarita,1386,link,answer
2024,SK,,q1a_recoded,70307,Demokrati,Demokrati [og],,hand,answer
2024,SK,,q1a_recoded,70309,Slovensko - Za ľudí,Obyčajní Ľudia a Nezávislé Osobnosti,2130,hand,answer
2024,SK,,q1a_recoded,70310,Slovenská národná strana,Slovenská národná strana,730,link,answer
2024,SK,,q1a_recoded,70312,Kotlebovci - Ľudová strana Naše Slovensko,Ľudová strana Naše Slovensko,656,link,answer
2024,SK,,q1a_recoded,70317,Sme Rodina,Sme Rodina — Boris Kollár,4873,name,answer
2024,SK,,q20_1,70301,Progresívne Slovensko,Progresívne Slovensko,7361,link,battery
2024,SK,,q20_2,70309,Slovensko - Za ľudí,Obyčajní Ľudia a Nezávislé Osobnosti,2130,hand,battery
2024,SK,,q20_3,70306,Sloboda a Solidarita,Sloboda a Solidarita,1386,link,battery
2024,SK,,q20_4,70310,Slovenská národná strana,Slovenská národná strana,730,link,battery
2024,SK,,q20_5,70302,SMER – sociálna demokracia,Smer — sociálna demokracia,311,link,battery
2024,SK,,q20_6,70304,HLAS – sociálna demokracia,HLAS – sociálna demokracia,9071,link,battery
2024,SK,,q20_7,70305,Kresťanskodemokratické hnutie,Kresťanskodemokratické hnutie,63,link,battery
2024,SK,,q20_8,70303,REPUBLIKA,Republika,9072,link,battery
2024,SK,,q6_recoded,90,,other,,special,answer
2024,SK,,q6_recoded,91,,blank-invalid,,special,answer
2024,SK,,q6_recoded,96,,did-not-vote,,special,answer
2024,SK,,q6_recoded,98,,dont-know,,special,answer
2024,SK,,q6_recoded,70301,Progresívne Slovensko,Progresívne Slovensko,7361,link,answer
2024,SK,,q6_recoded,70302,SMER – sociálna demokracia,Smer — sociálna demokracia,311,link,answer
2024,SK,,q6_recoded,70303,REPUBLIKA,Republika,9072,link,answer
2024,SK,,q6_recoded,70304,HLAS – sociálna demokracia,HLAS – sociálna demokracia,9071,link,answer
2024,SK,,q6_recoded,70305,Kresťanskodemokratické hnutie,Kresťanskodemokratické hnutie,63,link,answer
2024,SK,,q6_recoded,70306,Sloboda a Solidarita,Sloboda a Solidarita,1386,link,answer
2024,SK,,q6_recoded,70307,Demokrati,Demokrati [og],,hand,answer
2024,SK,,q6_recoded,70308,Magyar Szövetség – Maďarská aliancia,Magyar Szövetség – Maďarská aliancia [og],,hand,answer
2024,SK,,q6_recoded,70309,Slovensko - Za ľudí,Obyčajní Ľudia a Nezávislé Osobnosti,2130,hand,answer
2024,SK,,q6_recoded,70310,Slovenská národná strana,Slovenská národná strana,730,link,answer
2024,SK,,q6_recoded,70311,ZDRAVÝ ROZUM,ZDRAVÝ ROZUM [og],,hand,answer
2024,SK,,q6_recoded,70312,Kotlebovci - Ľudová strana Naše Slovensko,Ľudová strana Naše Slovensko,656,link,answer
2024,SK,,q6_recoded,70313,Slovenský PATRIOT,Slovenský PATRIOT [og],,hand,answer
2024,SK,,q6_recoded,70314,Volt Slovensko,Volt Slovensko [og],,hand,answer
2024,SK,,q6_recoded,70315,Pirátska strana – Slovensko,Pirátska strana – Slovensko [og],,hand,answer
2024,SK,,q8_recoded,90,,other,,special,answer
2024,SK,,q8_recoded,91,,blank-invalid,,special,answer
2024,SK,,q8_recoded,96,,did-not-vote,,special,answer
2024,SK,,q8_recoded,98,,dont-know,,special,answer
2024,SK,,q8_recoded,70301,Progresívne Slovensko,Progresívne Slovensko,7361,link,answer
2024,SK,,q8_recoded,70302,SMER – sociálna demokracia,Smer — sociálna demokracia,311,link,answer
2024,SK,,q8_recoded,70303,REPUBLIKA,Republika,9072,link,answer
2024,SK,,q8_recoded,70304,HLAS – sociálna demokracia,HLAS – sociálna demokracia,9071,link,answer
2024,SK,,q8_recoded,70305,Kresťanskodemokratické hnutie,Kresťanskodemokratické hnutie,63,link,answer
2024,SK,,q8_recoded,70306,Sloboda a Solidarita,Sloboda a Solidarita,1386,link,answer
2024,SK,,q8_recoded,70307,Demokrati,Demokrati [og],,hand,answer
2024,SK,,q8_recoded,70308,Magyar Szövetség – Maďarská aliancia,Magyar Szövetség – Maďarská aliancia [og],,hand,answer
2024,SK,,q8_recoded,70310,Slovenská národná strana,Slovenská národná strana,730,link,answer
2024,SK,,q8_recoded,70312,Kotlebovci - Ľudová strana Naše Slovensko,Ľudová strana Naše Slovensko,656,link,answer
2024,SK,,q8_recoded,70316,OĽaNO a priatelia,Obyčajní Ľudia a Nezávislé Osobnosti,2130,hand,answer
2024,SK,,q8_recoded,70317,Sme Rodina,Sme Rodina — Boris Kollár,4873,name,answer
2024,SK,,q9_1,70301,Progresívne Slovensko,Progresívne Slovensko,7361,link,battery
2024,SK,,q9_2,70309,Slovensko - Za ľudí,Obyčajní Ľudia a Nezávislé Osobnosti,2130,hand,battery
2024,SK,,q9_3,70306,Sloboda a Solidarita,Sloboda a Solidarita,1386,link,battery
2024,SK,,q9_4,70310,Slovenská národná strana,Slovenská národná strana,730,link,battery
2024,SK,,q9_5,70302,SMER – sociálna demokracia,Smer — sociálna demokracia,311,link,battery
2024,SK,,q9_6,70304,HLAS – sociálna demokracia,HLAS – sociálna demokracia,9071,link,battery
2024,SK,,q9_7,70305,Kresťanskodemokratické hnutie,Kresťanskodemokratické hnutie,63,link,battery
2024,SK,,q9_8,70303,REPUBLIKA,Republika,9072,link,battery
