cntry,essround,variable,code,label,pf_name,pf_id,source
AT,3,prtclaat,1,SPÖ,Sozialdemokratische Partei Österreichs,1384,link
AT,3,prtclaat,2,ÖVP,Österreichische Volkspartei,1329,link
AT,3,prtclaat,3,FPÖ,Freiheitliche Partei Österreichs,463,link
AT,3,prtclaat,4,BZÖ,Bündnis Zukunft Österreich,599,link
AT,3,prtclaat,5,GRÜNE,Die Grünen — Die grüne Alternative,1659,link
AT,3,prtclaat,6,LIF,Liberales Forum,605,link
AT,3,prtclaat,7,KPÖ,Kommunistische Partei Österreichs,996,link
AT,3,prtclaat,8,Other,other,,hand
AT,3,prtclaat,66,Not applicable*,,,missing
AT,3,prtclaat,77,Refusal*,refused,,missing
AT,3,prtclaat,88,Don't know*,dont-know,,missing
AT,1,prtclat,1,SPÖ,Sozialdemokratische Partei Österreichs,1384,link
AT,1,prtclat,2,ÖVP,Österreichische Volkspartei,1329,link
AT,1,prtclat,3,FPÖ,Freiheitliche Partei Österreichs,463,link
AT,1,prtclat,4,Grüne,Die Grünen — Die grüne Alternative,1659,link
AT,1,prtclat,5,LIF,Liberales Forum,605,link
AT,1,prtclat,6,Other,other,,hand
AT,1,prtclat,66,Not applicable*,,,missing
AT,1,prtclat,77,Refusal*,refused,,missing
AT,1,prtclat,88,Don't know*,dont-know,,missing
AT,2,prtclat,1,SPÖ,Sozialdemokratische Partei Österreichs,1384,link
AT,2,prtclat,2,ÖVP,Österreichische Volkspartei,1329,link
AT,2,prtclat,3,FPÖ,Freiheitliche Partei Österreichs,463,link
AT,2,prtclat,4,Grüne,Die Grünen — Die grüne Alternative,1659,link
AT,2,prtclat,5,LIF,Liberales Forum,605,link
AT,2,prtclat,6,Other,other,,hand
AT,2,prtclat,66,Not applicable*,,,missing
AT,2,prtclat,77,Refusal*,refused,,missing
AT,2,prtclat,88,Don't know*,dont-know,,missing
AT,7,prtclcat,1,SPÖ,Sozialdemokratische Partei Österreichs,1384,link
AT,7,prtclcat,2,ÖVP,Österreichische Volkspartei,1329,link
AT,7,prtclcat,3,FPÖ,Freiheitliche Partei Österreichs,463,link
AT,7,prtclcat,4,BZÖ,Bündnis Zukunft Österreich,599,link
AT,7,prtclcat,5,Grüne,Die Grünen — Die grüne Alternative,1659,link
AT,7,prtclcat,6,KPÖ,Kommunistische Partei Österreichs,996,link
AT,7,prtclcat,7,NEOS,NEOS — Das Neue Österreich,1970,link
AT,7,prtclcat,8,Piratenpartei Österreich,Piratenpartei Österreich [og],,hand
AT,7,prtclcat,9,Team Frank Stronach,Team Stronach,1971,link
AT,7,prtclcat,10,Other,other,,hand
AT,7,prtclcat,66,Not applicable*,,,missing
AT,7,prtclcat,77,Refusal*,refused,,missing
AT,7,prtclcat,88,Don't know*,dont-know,,missing
AT,8,prtclcat,1,SPÖ,Sozialdemokratische Partei Österreichs,1384,link
AT,8,prtclcat,2,ÖVP,Österreichische Volkspartei,1329,link
AT,8,prtclcat,3,FPÖ,Freiheitliche Partei Österreichs,463,link
AT,8,prtclcat,4,BZÖ,Bündnis Zukunft Österreich,599,link
AT,8,prtclcat,5,Grüne,Die Grünen — Die grüne Alternative,1659,link
AT,8,prtclcat,6,KPÖ,Kommunistische Partei Österreichs,996,link
AT,8,prtclcat,7,NEOS,NEOS — Das Neue Österreich,1970,link
AT,8,prtclcat,8,Piratenpartei Österreich,Piratenpartei Österreich [og],,hand
AT,8,prtclcat,9,Team Frank Stronach,Team Stronach,1971,link
AT,8,prtclcat,10,Other,other,,hand
AT,8,prtclcat,66,Not applicable*,,,missing
AT,8,prtclcat,77,Refusal*,refused,,missing
AT,8,prtclcat,88,Don't know*,dont-know,,missing
AT,9,prtcldat,1,SPÖ,Sozialdemokratische Partei Österreichs,1384,link
AT,9,prtcldat,2,ÖVP,Österreichische Volkspartei,1329,link
AT,9,prtcldat,3,FPÖ,Freiheitliche Partei Österreichs,463,link
AT,9,prtcldat,4,PILZ,Liste Peter Pilz,6137,link
AT,9,prtcldat,5,Grüne,Die Grünen — Die grüne Alternative,1659,link
AT,9,prtcldat,6,KPÖ,Kommunistische Partei Österreichs,996,link
AT,9,prtcldat,7,NEOS,NEOS — Das Neue Österreich,1970,link
AT,9,prtcldat,9,Other,other,,hand
AT,9,prtcldat,66,Not applicable*,,,missing
AT,9,prtcldat,77,Refusal*,refused,,missing
AT,9,prtcldat,88,Don't know*,dont-know,,missing
AT,10,prtcldat,1,SPÖ,Sozialdemokratische Partei Österreichs,1384,link
AT,10,prtcldat,2,ÖVP,Österreichische Volkspartei,1329,link
AT,10,prtcldat,3,FPÖ,Freiheitliche Partei Österreichs,463,link
AT,10,prtcldat,4,PILZ,Liste Peter Pilz,6137,link
AT,10,prtcldat,5,Grüne,Die Grünen — Die grüne Alternative,1659,link
AT,10,prtcldat,6,KPÖ,Kommunistische Partei Österreichs,996,link
AT,10,prtcldat,7,NEOS,NEOS — Das Neue Österreich,1970,link
AT,10,prtcldat,8,GILT,Liste Roland Düringer — Meine Stimme GILT,6138,link
AT,10,prtcldat,66,Not applicable*,,,missing
AT,10,prtcldat,99,No answer*,,,missing
AT,11,prtcleat,1,SPÖ,Sozialdemokratische Partei Österreichs,1384,link
AT,11,prtcleat,2,ÖVP,Österreichische Volkspartei,1329,link
AT,11,prtcleat,3,FPÖ,Freiheitliche Partei Österreichs,463,link
AT,11,prtcleat,5,Grüne,Die Grünen — Die grüne Alternative,1659,link
AT,11,prtcleat,6,KPÖ,Kommunistische Partei Österreichs,996,link
AT,11,prtcleat,7,NEOS,NEOS — Das Neue Österreich,1970,link
AT,11,prtcleat,8,Other,other,,hand
AT,11,prtcleat,66,Not applicable*,,,missing
AT,11,prtcleat,77,Refusal*,refused,,missing
AT,11,prtcleat,88,Don't know*,dont-know,,missing
AT,3,prtvtaat,1,SPÖ,Sozialdemokratische Partei Österreichs,1384,link
AT,3,prtvtaat,2,ÖVP,Österreichische Volkspartei,1329,link
AT,3,prtvtaat,3,FPÖ,Freiheitliche Partei Österreichs,463,link
AT,3,prtvtaat,4,BZÖ,Bündnis Zukunft Österreich,599,link
AT,3,prtvtaat,5,GRÜNE,Die Grünen — Die grüne Alternative,1659,link
AT,3,prtvtaat,6,LIF,Liberales Forum,605,link
AT,3,prtvtaat,7,KPÖ,Kommunistische Partei Österreichs,996,link
AT,3,prtvtaat,8,Other,other,,hand
AT,3,prtvtaat,66,Not applicable*,,,missing
AT,3,prtvtaat,77,Refusal*,refused,,missing
AT,3,prtvtaat,88,Don't know*,dont-know,,missing
AT,1,prtvtat,1,SPÖ,Sozialdemokratische Partei Österreichs,1384,link
AT,1,prtvtat,2,ÖVP,Österreichische Volkspartei,1329,link
AT,1,prtvtat,3,FPÖ,Freiheitliche Partei Österreichs,463,link
AT,1,prtvtat,4,Grüne,Die Grünen — Die grüne Alternative,1659,link
AT,1,prtvtat,5,LIF,Liberales Forum,605,link
AT,1,prtvtat,6,Other,other,,hand
AT,1,prtvtat,66,Not applicable*,,,missing
AT,1,prtvtat,77,Refusal*,refused,,missing
AT,1,prtvtat,88,Don't know*,dont-know,,missing
AT,2,prtvtat,1,SPÖ,Sozialdemokratische Partei Österreichs,1384,link
AT,2,prtvtat,2,ÖVP,Österreichische Volkspartei,1329,link
AT,2,prtvtat,3,FPÖ,Freiheitliche Partei Österreichs,463,link
AT,2,prtvtat,4,Grüne,Die Grünen — Die grüne Alternative,1659,link
AT,2,prtvtat,5,LIF,Liberales Forum,605,link
AT,2,prtvtat,6,Other,other,,hand
AT,2,prtvtat,66,Not applicable*,,,missing
AT,2,prtvtat,77,Refusal*,refused,,missing
AT,2,prtvtat,88,Don't know*,dont-know,,missing
AT,7,prtvtbat,1,SPÖ,Sozialdemokratische Partei Österreichs,1384,link
AT,7,prtvtbat,2,ÖVP,Österreichische Volkspartei,1329,link
AT,7,prtvtbat,3,FPÖ,Freiheitliche Partei Österreichs,463,link
AT,7,prtvtbat,4,BZÖ,Bündnis Zukunft Österreich,599,link
AT,7,prtvtbat,5,Grüne,Die Grünen — Die grüne Alternative,1659,link
AT,7,prtvtbat,6,KPÖ,Kommunistische Partei Österreichs,996,link
AT,7,prtvtbat,7,NEOS,NEOS — Das Neue Österreich,1970,link
AT,7,prtvtbat,8,Piratenpartei Österreich,Piratenpartei Österreich [og],,hand
AT,7,prtvtbat,9,Team Frank Stronach,Team Stronach,1971,link
AT,7,prtvtbat,10,Other,other,,hand
AT,7,prtvtbat,66,Not applicable*,,,missing
AT,7,prtvtbat,77,Refusal*,refused,,missing
AT,7,prtvtbat,88,Don't know*,dont-know,,missing
AT,8,prtvtbat,1,SPÖ,Sozialdemokratische Partei Österreichs,1384,link
AT,8,prtvtbat,2,ÖVP,Österreichische Volkspartei,1329,link
AT,8,prtvtbat,3,FPÖ,Freiheitliche Partei Österreichs,463,link
AT,8,prtvtbat,4,BZÖ,Bündnis Zukunft Österreich,599,link
AT,8,prtvtbat,5,Grüne,Die Grünen — Die grüne Alternative,1659,link
AT,8,prtvtbat,6,KPÖ,Kommunistische Partei Österreichs,996,link
AT,8,prtvtbat,7,NEOS,NEOS — Das Neue Österreich,1970,link
AT,8,prtvtbat,8,Piratenpartei Österreich,Piratenpartei Österreich [og],,hand
AT,8,prtvtbat,9,Team Frank Stronach,Team Stronach,1971,link
AT,8,prtvtbat,10,Other,other,,hand
AT,8,prtvtbat,66,Not applicable*,,,missing
AT,8,prtvtbat,77,Refusal*,refused,,missing
AT,8,prtvtbat,88,Don't know*,dont-know,,missing
AT,9,prtvtcat,1,SPÖ,Sozialdemokratische Partei Österreichs,1384,link
AT,9,prtvtcat,2,ÖVP,Österreichische Volkspartei,1329,link
AT,9,prtvtcat,3,FPÖ,Freiheitliche Partei Österreichs,463,link
AT,9,prtvtcat,4,PILZ,Liste Peter Pilz,6137,link
AT,9,prtvtcat,5,Grüne,Die Grünen — Die grüne Alternative,1659,link
AT,9,prtvtcat,6,KPÖ,Kommunistische Partei Österreichs,996,link
AT,9,prtvtcat,7,NEOS,NEOS — Das Neue Österreich,1970,link
AT,9,prtvtcat,8,GILT,Liste Roland Düringer — Meine Stimme GILT,6138,link
AT,9,prtvtcat,9,Other,other,,hand
AT,9,prtvtcat,66,Not applicable*,,,missing
AT,9,prtvtcat,77,Refusal*,refused,,missing
AT,9,prtvtcat,88,Don't know*,dont-know,,missing
AT,10,prtvtcat,1,SPÖ,Sozialdemokratische Partei Österreichs,1384,link
AT,10,prtvtcat,2,ÖVP,Österreichische Volkspartei,1329,link
AT,10,prtvtcat,3,FPÖ,Freiheitliche Partei Österreichs,463,link
AT,10,prtvtcat,4,PILZ,Liste Peter Pilz,6137,link
AT,10,prtvtcat,5,Grüne,Die Grünen — Die grüne Alternative,1659,link
AT,10,prtvtcat,6,KPÖ,Kommunistische Partei Österreichs,996,link
AT,10,prtvtcat,7,NEOS,NEOS — Das Neue Österreich,1970,link
AT,10,prtvtcat,8,GILT,Liste Roland Düringer — Meine Stimme GILT,6138,link
AT,10,prtvtcat,9,Other,other,,hand
AT,10,prtvtcat,66,Not applicable*,,,missing
AT,10,prtvtcat,99,No answer*,,,missing
AT,11,prtvtdat,1,SPÖ,Sozialdemokratische Partei Österreichs,1384,link
AT,11,prtvtdat,2,ÖVP,Österreichische Volkspartei,1329,link
AT,11,prtvtdat,3,FPÖ,Freiheitliche Partei Österreichs,463,link
AT,11,prtvtdat,4,JETZT,Liste Peter Pilz,6137,hand
AT,11,prtvtdat,5,Grüne,Die Grünen — Die grüne Alternative,1659,link
AT,11,prtvtdat,6,KPÖ,Kommunistische Partei Österreichs,996,link
AT,11,prtvtdat,7,NEOS,NEOS — Das Neue Österreich,1970,link
AT,11,prtvtdat,8,Other,other,,hand
AT,11,prtvtdat,66,Not applicable*,,,missing
AT,11,prtvtdat,77,Refusal*,refused,,missing
AT,11,prtvtdat,88,Don't know*,dont-know,,missing
BE,2,prtclabe,1,Agalev/Groen!,Agalev — Groen,528,name
BE,2,prtclabe,2,CD&V,Christen-Democratisch en Vlaams,604,link
BE,2,prtclabe,3,N-VA,Nieuw-Vlaamse Alliantie,36,link
BE,2,prtclabe,5,SP.A,Socialistische Partij Anders — Vooruit,1680,link
BE,2,prtclabe,6,Spirit,Sociaal-Liberale Partij,7015,link
BE,2,prtclabe,7,Vivant,Vivant,76,link
BE,2,prtclabe,8,Vlaams Blok,Vlaams Blok / Belang,553,link
BE,2,prtclabe,9,VLD,Partij voor Vrijheid en Vooruitgang — Open Vlaamse Liberalen en Democraten,49,link
BE,2,prtclabe,10,CDH,Parti Social Chrétien — Centre démocrate humaniste,633,hand
BE,2,prtclabe,11,Ecolo,Écologistes Confédérés pour l'organisation de luttes originales,1563,link
BE,2,prtclabe,12,Front National,Front National,191,link
BE,2,prtclabe,13,MR,Mouvement Réformateur,789,link
BE,2,prtclabe,14,PS,Parti Socialiste,500,link
BE,2,prtclabe,15,Other,other,,hand
BE,2,prtclabe,66,Not applicable*,,,missing
BE,2,prtclabe,77,Refusal*,refused,,missing
BE,2,prtclabe,88,Don't know*,dont-know,,missing
BE,3,prtclabe,1,Agalev/Groen!,Agalev — Groen,528,name
BE,3,prtclabe,2,CD&V,Christen-Democratisch en Vlaams,604,link
BE,3,prtclabe,3,N-VA,Nieuw-Vlaamse Alliantie,36,link
BE,3,prtclabe,5,SP.A,Socialistische Partij Anders — Vooruit,1680,link
BE,3,prtclabe,6,Spirit,Sociaal-Liberale Partij,7015,link
BE,3,prtclabe,7,Vivant,Vivant,76,link
BE,3,prtclabe,8,Vlaams Blok,Vlaams Blok / Belang,553,link
BE,3,prtclabe,9,VLD,Partij voor Vrijheid en Vooruitgang — Open Vlaamse Liberalen en Democraten,49,link
BE,3,prtclabe,10,CDH,Parti Social Chrétien — Centre démocrate humaniste,633,hand
BE,3,prtclabe,11,Ecolo,Écologistes Confédérés pour l'organisation de luttes originales,1563,link
BE,3,prtclabe,12,Front National,Front National,191,link
BE,3,prtclabe,13,MR,Mouvement Réformateur,789,link
BE,3,prtclabe,14,PS,Parti Socialiste,500,link
BE,3,prtclabe,15,Other,other,,hand
BE,3,prtclabe,66,Not applicable*,,,missing
BE,3,prtclabe,77,Refusal*,refused,,missing
BE,3,prtclabe,88,Don't know*,dont-know,,missing
BE,4,prtclbbe,1,Groen!,Agalev — Groen,528,hand
BE,4,prtclbbe,2,CD&V,Christen-Democratisch en Vlaams,604,link
BE,4,prtclbbe,3,N-VA,Nieuw-Vlaamse Alliantie,36,link
BE,4,prtclbbe,4,Lijst Dedecker,"Lijst Dedecker / Libertair, Direct, Democratisch",43,link
BE,4,prtclbbe,5,SP.A.,Socialistische Partij Anders — Vooruit,1680,name
BE,4,prtclbbe,6,Vlaams - Progressieven (Spirit),Sociaal-Liberale Partij,7015,hand
BE,4,prtclbbe,7,Vivant,Vivant,76,link
BE,4,prtclbbe,8,Vlaams Belang,Vlaams Belang,1968,link
BE,4,prtclbbe,9,Open VLD,Partij voor Vrijheid en Vooruitgang — Open Vlaamse Liberalen en Democraten,49,hand
BE,4,prtclbbe,10,CDH,Parti Social Chrétien — Centre démocrate humaniste,633,hand
BE,4,prtclbbe,11,Ecolo,Écologistes Confédérés pour l'organisation de luttes originales,1563,link
BE,4,prtclbbe,12,Front National,Front National,191,link
BE,4,prtclbbe,13,MR,Mouvement Réformateur,789,link
BE,4,prtclbbe,14,PS,Parti Socialiste,500,link
BE,4,prtclbbe,15,Other,other,,hand
BE,4,prtclbbe,66,Not applicable*,,,missing
BE,4,prtclbbe,77,Refusal*,refused,,missing
BE,4,prtclbbe,88,Don't know*,dont-know,,missing
BE,1,prtclbe,1,Agalev,Agalev — Groen,528,link
BE,1,prtclbe,2,CD&V,Christen-Democratisch en Vlaams,604,link
BE,1,prtclbe,3,SP.A,Socialistische Partij Anders — Vooruit,1680,link
BE,1,prtclbe,4,N-VA,Nieuw-Vlaamse Alliantie,36,link
BE,1,prtclbe,5,VLD,Partij voor Vrijheid en Vooruitgang — Open Vlaamse Liberalen en Democraten,49,link
BE,1,prtclbe,6,Spirit,Sociaal-Liberale Partij,7015,link
BE,1,prtclbe,7,PVDA,Partij van de Arbeid van België — Parti du Travail de Belgique,1753,link
BE,1,prtclbe,8,Vlaams Blok,Vlaams Blok / Belang,553,link
BE,1,prtclbe,9,VIVANT,Vivant,76,link
BE,1,prtclbe,11,ECOLO,Écologistes Confédérés pour l'organisation de luttes originales,1563,link
BE,1,prtclbe,12,CDH (PSC),Parti Social Chrétien — Centre démocrate humaniste,633,link
BE,1,prtclbe,13,PS,Parti Socialiste,500,link
BE,1,prtclbe,14,Mouvement Réformateur (MR),Mouvement Réformateur,789,link
BE,1,prtclbe,15,FRONT NATIONAL,Front National,191,link
BE,1,prtclbe,16,Other,other,,hand
BE,1,prtclbe,66,Not applicable*,,,missing
BE,1,prtclbe,77,Refusal*,refused,,missing
BE,1,prtclbe,88,Don't know*,dont-know,,missing
BE,1,prtclbe,99,No answer*,,,missing
BE,5,prtclcbe,1,Groen!,Agalev — Groen,528,hand
BE,5,prtclcbe,2,CD&V,Christen-Democratisch en Vlaams,604,link
BE,5,prtclcbe,3,N-VA,Nieuw-Vlaamse Alliantie,36,link
BE,5,prtclcbe,4,Lijst Dedecker,"Lijst Dedecker / Libertair, Direct, Democratisch",43,link
BE,5,prtclcbe,5,SP.A,Socialistische Partij Anders — Vooruit,1680,link
BE,5,prtclcbe,6,PVDA+,Partij van de Arbeid van België — Parti du Travail de Belgique,1753,name
BE,5,prtclcbe,7,Vlaams Belang,Vlaams Belang,1968,link
BE,5,prtclcbe,8,Open VLD,Partij voor Vrijheid en Vooruitgang — Open Vlaamse Liberalen en Democraten,49,hand
BE,5,prtclcbe,9,CDH,Parti Social Chrétien — Centre démocrate humaniste,633,hand
BE,5,prtclcbe,10,Ecolo,Écologistes Confédérés pour l'organisation de luttes originales,1563,link
BE,5,prtclcbe,11,Front National,Front National,191,link
BE,5,prtclcbe,12,MR,Mouvement Réformateur,789,link
BE,5,prtclcbe,13,PS,Parti Socialiste,500,link
BE,5,prtclcbe,14,PTB,Partij van de Arbeid van België — Parti du Travail de Belgique,1753,link
BE,5,prtclcbe,16,Other,other,,hand
BE,5,prtclcbe,66,Not applicable*,,,missing
BE,5,prtclcbe,77,Refusal*,refused,,missing
BE,5,prtclcbe,88,Don't know*,dont-know,,missing
BE,6,prtclcbe,1,Groen!,Agalev — Groen,528,hand
BE,6,prtclcbe,2,CD&V,Christen-Democratisch en Vlaams,604,link
BE,6,prtclcbe,3,N-VA,Nieuw-Vlaamse Alliantie,36,link
BE,6,prtclcbe,4,Lijst Dedecker,"Lijst Dedecker / Libertair, Direct, Democratisch",43,link
BE,6,prtclcbe,5,SP.A,Socialistische Partij Anders — Vooruit,1680,link
BE,6,prtclcbe,6,PVDA+,Partij van de Arbeid van België — Parti du Travail de Belgique,1753,name
BE,6,prtclcbe,7,Vlaams Belang,Vlaams Belang,1968,link
BE,6,prtclcbe,8,Open VLD,Partij voor Vrijheid en Vooruitgang — Open Vlaamse Liberalen en Democraten,49,hand
BE,6,prtclcbe,9,CDH,Parti Social Chrétien — Centre démocrate humaniste,633,hand
BE,6,prtclcbe,10,Ecolo,Écologistes Confédérés pour l'organisation de luttes originales,1563,link
BE,6,prtclcbe,11,Front National,Front National,191,link
BE,6,prtclcbe,12,MR,Mouvement Réformateur,789,link
BE,6,prtclcbe,13,PS,Parti Socialiste,500,link
BE,6,prtclcbe,14,PTB,Partij van de Arbeid van België — Parti du Travail de Belgique,1753,link
BE,6,prtclcbe,15,Parti Populaire,Parti populaire,639,link
BE,6,prtclcbe,16,Other,other,,hand
BE,6,prtclcbe,66,Not applicable*,,,missing
BE,6,prtclcbe,88,Don't know*,dont-know,,missing
BE,7,prtclcbe,1,Groen!,Agalev — Groen,528,hand
BE,7,prtclcbe,2,CD&V,Christen-Democratisch en Vlaams,604,link
BE,7,prtclcbe,3,N-VA,Nieuw-Vlaamse Alliantie,36,link
BE,7,prtclcbe,5,SP.A,Socialistische Partij Anders — Vooruit,1680,link
BE,7,prtclcbe,6,PVDA+,Partij van de Arbeid van België — Parti du Travail de Belgique,1753,name
BE,7,prtclcbe,7,Vlaams Belang,Vlaams Belang,1968,link
BE,7,prtclcbe,8,Open VLD,Partij voor Vrijheid en Vooruitgang — Open Vlaamse Liberalen en Democraten,49,hand
BE,7,prtclcbe,9,CDH,Parti Social Chrétien — Centre démocrate humaniste,633,hand
BE,7,prtclcbe,10,Ecolo,Écologistes Confédérés pour l'organisation de luttes originales,1563,link
BE,7,prtclcbe,11,Front National,Front National,191,link
BE,7,prtclcbe,12,MR,Mouvement Réformateur,789,link
BE,7,prtclcbe,13,PS,Parti Socialiste,500,link
BE,7,prtclcbe,14,PTB,Partij van de Arbeid van België — Parti du Travail de Belgique,1753,link
BE,7,prtclcbe,15,Parti Populaire,Parti populaire,639,link
BE,7,prtclcbe,16,Other,other,,hand
BE,7,prtclcbe,66,Not applicable*,,,missing
BE,7,prtclcbe,77,Refusal*,refused,,missing
BE,7,prtclcbe,88,Don't know*,dont-know,,missing
BE,8,prtclcbe,1,Groen!,Agalev — Groen,528,hand
BE,8,prtclcbe,2,CD&V,Christen-Democratisch en Vlaams,604,link
BE,8,prtclcbe,3,N-VA,Nieuw-Vlaamse Alliantie,36,link
BE,8,prtclcbe,4,Lijst Dedecker,"Lijst Dedecker / Libertair, Direct, Democratisch",43,link
BE,8,prtclcbe,5,SP.A,Socialistische Partij Anders — Vooruit,1680,link
BE,8,prtclcbe,6,PVDA+,Partij van de Arbeid van België — Parti du Travail de Belgique,1753,name
BE,8,prtclcbe,7,Vlaams Belang,Vlaams Belang,1968,link
BE,8,prtclcbe,8,Open VLD,Partij voor Vrijheid en Vooruitgang — Open Vlaamse Liberalen en Democraten,49,hand
BE,8,prtclcbe,9,CDH,Parti Social Chrétien — Centre démocrate humaniste,633,hand
BE,8,prtclcbe,10,Ecolo,Écologistes Confédérés pour l'organisation de luttes originales,1563,link
BE,8,prtclcbe,11,Front National,Front National,191,link
BE,8,prtclcbe,12,MR,Mouvement Réformateur,789,link
BE,8,prtclcbe,13,PS,Parti Socialiste,500,link
BE,8,prtclcbe,14,PTB,Partij van de Arbeid van België — Parti du Travail de Belgique,1753,link
BE,8,prtclcbe,15,Parti Populaire,Parti populaire,639,link
BE,8,prtclcbe,16,Other,other,,hand
BE,8,prtclcbe,66,Not applicable*,,,missing
BE,8,prtclcbe,77,Refusal*,refused,,missing
BE,9,prtcldbe,1,Groen!,Agalev — Groen,528,hand
BE,9,prtcldbe,2,CD&V,Christen-Democratisch en Vlaams,604,link
BE,9,prtcldbe,3,N-VA,Nieuw-Vlaamse Alliantie,36,link
BE,9,prtcldbe,5,SP.A,Socialistische Partij Anders — Vooruit,1680,link
BE,9,prtcldbe,6,PVDA+,Partij van de Arbeid van België — Parti du Travail de Belgique,1753,name
BE,9,prtcldbe,7,Vlaams Belang,Vlaams Belang,1968,link
BE,9,prtcldbe,8,Open VLD,Partij voor Vrijheid en Vooruitgang — Open Vlaamse Liberalen en Democraten,49,hand
BE,9,prtcldbe,9,CDH,Parti Social Chrétien — Centre démocrate humaniste,633,hand
BE,9,prtcldbe,10,Ecolo,Écologistes Confédérés pour l'organisation de luttes originales,1563,link
BE,9,prtcldbe,12,MR,Mouvement Réformateur,789,link
BE,9,prtcldbe,13,PS,Parti Socialiste,500,link
BE,9,prtcldbe,14,PTB,Partij van de Arbeid van België — Parti du Travail de Belgique,1753,link
BE,9,prtcldbe,15,Parti Populaire,Parti populaire,639,link
BE,9,prtcldbe,16,DéFI,Front Démocratique des Francophones / DéFI,698,link
BE,9,prtcldbe,66,Not applicable*,,,missing
BE,9,prtcldbe,77,Refusal*,refused,,missing
BE,9,prtcldbe,88,Don't know*,dont-know,,missing
BE,10,prtclebe,1,Groen!,Agalev — Groen,528,hand
BE,10,prtclebe,2,CD&V,Christen-Democratisch en Vlaams,604,link
BE,10,prtclebe,3,N-VA,Nieuw-Vlaamse Alliantie,36,link
BE,10,prtclebe,4,Sp.a (Vooruit),Socialistische Partij Anders — Vooruit,1680,hand
BE,10,prtclebe,5,PVDA,Partij van de Arbeid van België — Parti du Travail de Belgique,1753,link
BE,10,prtclebe,6,Vlaams Belang,Vlaams Belang,1968,link
BE,10,prtclebe,7,Open VLD,Partij voor Vrijheid en Vooruitgang — Open Vlaamse Liberalen en Democraten,49,hand
BE,10,prtclebe,8,cdH (Les Engagés),Parti Social Chrétien — Centre démocrate humaniste,633,hand
BE,10,prtclebe,9,Ecolo,Écologistes Confédérés pour l'organisation de luttes originales,1563,link
BE,10,prtclebe,10,MR,Mouvement Réformateur,789,link
BE,10,prtclebe,11,PS,Parti Socialiste,500,link
BE,10,prtclebe,12,PTB,Partij van de Arbeid van België — Parti du Travail de Belgique,1753,link
BE,10,prtclebe,13,DéFI,Front Démocratique des Francophones / DéFI,698,link
BE,10,prtclebe,66,Not applicable*,,,missing
BE,10,prtclebe,77,Refusal*,refused,,missing
BE,10,prtclebe,88,Don't know*,dont-know,,missing
BE,10,prtclebe,99,No answer*,,,missing
BE,11,prtclebe,1,Groen!,Agalev — Groen,528,hand
BE,11,prtclebe,2,CD&V,Christen-Democratisch en Vlaams,604,link
BE,11,prtclebe,3,N-VA,Nieuw-Vlaamse Alliantie,36,link
BE,11,prtclebe,4,Sp.a (Vooruit),Socialistische Partij Anders — Vooruit,1680,hand
BE,11,prtclebe,5,PVDA,Partij van de Arbeid van België — Parti du Travail de Belgique,1753,link
BE,11,prtclebe,6,Vlaams Belang,Vlaams Belang,1968,link
BE,11,prtclebe,7,Open VLD,Partij voor Vrijheid en Vooruitgang — Open Vlaamse Liberalen en Democraten,49,hand
BE,11,prtclebe,8,cdH (Les Engagés),Parti Social Chrétien — Centre démocrate humaniste,633,hand
BE,11,prtclebe,9,Ecolo,Écologistes Confédérés pour l'organisation de luttes originales,1563,link
BE,11,prtclebe,10,MR,Mouvement Réformateur,789,link
BE,11,prtclebe,11,PS,Parti Socialiste,500,link
BE,11,prtclebe,12,PTB,Partij van de Arbeid van België — Parti du Travail de Belgique,1753,link
BE,11,prtclebe,13,DéFI,Front Démocratique des Francophones / DéFI,698,link
BE,11,prtclebe,14,Other,other,,hand
BE,11,prtclebe,66,Not applicable*,,,missing
BE,11,prtclebe,77,Refusal*,refused,,missing
BE,11,prtclebe,88,Don't know*,dont-know,,missing
BE,11,prtclebe,99,No answer*,,,missing
BE,2,prtvtabe,1,Agalev/Groen!,Agalev — Groen,528,name
BE,2,prtvtabe,2,CD&V,Christen-Democratisch en Vlaams,604,link
BE,2,prtvtabe,3,N-VA,Nieuw-Vlaamse Alliantie,36,link
BE,2,prtvtabe,5,SP.A-Spirit,Socialistische Partij Anders / Sociaal-Liberale Partij / Spirit,1586,link
BE,2,prtvtabe,6,Vivant,Vivant,76,link
BE,2,prtvtabe,7,Vlaams Blok,Vlaams Blok / Belang,553,link
BE,2,prtvtabe,8,VLD,Partij voor Vrijheid en Vooruitgang — Open Vlaamse Liberalen en Democraten,49,link
BE,2,prtvtabe,9,CDH,Parti Social Chrétien — Centre démocrate humaniste,633,hand
BE,2,prtvtabe,10,Ecolo,Écologistes Confédérés pour l'organisation de luttes originales,1563,link
BE,2,prtvtabe,11,Front National,Front National,191,link
BE,2,prtvtabe,12,MR,Mouvement Réformateur,789,link
BE,2,prtvtabe,13,PS,Parti Socialiste,500,link
BE,2,prtvtabe,14,Other,other,,hand
BE,2,prtvtabe,15,Blank,blank-invalid,,hand
BE,2,prtvtabe,16,Invalid,blank-invalid,,hand
BE,2,prtvtabe,66,Not applicable*,,,missing
BE,2,prtvtabe,77,Refusal*,refused,,missing
BE,2,prtvtabe,88,Don't know*,dont-know,,missing
BE,3,prtvtabe,1,Agalev/Groen!,Agalev — Groen,528,name
BE,3,prtvtabe,2,CD&V,Christen-Democratisch en Vlaams,604,link
BE,3,prtvtabe,3,N-VA,Nieuw-Vlaamse Alliantie,36,link
BE,3,prtvtabe,5,SP.A-Spirit,Socialistische Partij Anders / Sociaal-Liberale Partij / Spirit,1586,link
BE,3,prtvtabe,6,Vivant,Vivant,76,link
BE,3,prtvtabe,7,Vlaams Blok,Vlaams Blok / Belang,553,link
BE,3,prtvtabe,8,VLD,Partij voor Vrijheid en Vooruitgang — Open Vlaamse Liberalen en Democraten,49,link
BE,3,prtvtabe,9,CDH,Parti Social Chrétien — Centre démocrate humaniste,633,hand
BE,3,prtvtabe,10,Ecolo,Écologistes Confédérés pour l'organisation de luttes originales,1563,link
BE,3,prtvtabe,11,Front National,Front National,191,link
BE,3,prtvtabe,12,MR,Mouvement Réformateur,789,link
BE,3,prtvtabe,13,PS,Parti Socialiste,500,link
BE,3,prtvtabe,14,Other,other,,hand
BE,3,prtvtabe,15,Blank,blank-invalid,,hand
BE,3,prtvtabe,16,Invalid,blank-invalid,,hand
BE,3,prtvtabe,66,Not applicable*,,,missing
BE,3,prtvtabe,77,Refusal*,refused,,missing
BE,3,prtvtabe,88,Don't know*,dont-know,,missing
BE,4,prtvtbbe,1,Groen!,Agalev — Groen,528,hand
BE,4,prtvtbbe,2,CD&V + N-VA,Christen-Democratisch & Vlaams / Nieuw-Vlaams Alliantie,756,link
BE,4,prtvtbbe,4,Lijst Dedecker,"Lijst Dedecker / Libertair, Direct, Democratisch",43,link
BE,4,prtvtbbe,5,SP.A. + Vlaams - Progressieven (Spirit),Socialistische Partij Anders / Sociaal-Liberale Partij / Spirit,1586,hand
BE,4,prtvtbbe,7,Vlaams Belang,Vlaams Belang,1968,link
BE,4,prtvtbbe,8,Open VLD + Vivant,Open VLD + Vivant [og],,hand
BE,4,prtvtbbe,9,CDH,Parti Social Chrétien — Centre démocrate humaniste,633,hand
BE,4,prtvtbbe,10,Ecolo,Écologistes Confédérés pour l'organisation de luttes originales,1563,link
BE,4,prtvtbbe,11,Front National,Front National,191,link
BE,4,prtvtbbe,12,MR,Mouvement Réformateur,789,link
BE,4,prtvtbbe,13,PS,Parti Socialiste,500,link
BE,4,prtvtbbe,14,Other,other,,hand
BE,4,prtvtbbe,15,Blank,blank-invalid,,hand
BE,4,prtvtbbe,16,Invalid,blank-invalid,,hand
BE,4,prtvtbbe,66,Not applicable*,,,missing
BE,4,prtvtbbe,77,Refusal*,refused,,missing
BE,4,prtvtbbe,88,Don't know*,dont-know,,missing
BE,1,prtvtbe,1,Agalev,Agalev — Groen,528,link
BE,1,prtvtbe,2,CVP,Christelijke Volkspartij,622,link
BE,1,prtvtbe,3,SP,Socialistische Partij Anders — Vooruit,1680,link
BE,1,prtvtbe,5,VLD,Partij voor Vrijheid en Vooruitgang — Open Vlaamse Liberalen en Democraten,49,link
BE,1,prtvtbe,6,VU-ID,Volksunie [Vlaamse Concentratie],1424,link
BE,1,prtvtbe,7,PVDA-AE,Partij van de Arbeid van België — Parti du Travail de Belgique,1753,link
BE,1,prtvtbe,8,Vlaams Blok,Vlaams Blok / Belang,553,link
BE,1,prtvtbe,9,VIVANT,Vivant,76,link
BE,1,prtvtbe,11,ECOLO,Écologistes Confédérés pour l'organisation de luttes originales,1563,link
BE,1,prtvtbe,12,PSC,Parti Social Chrétien — Centre démocrate humaniste,633,link
BE,1,prtvtbe,13,PRL-FDF,Parti Réformateur Libéral - Front Démocratique des Francophones,8259,link
BE,1,prtvtbe,14,PS,Parti Socialiste,500,link
BE,1,prtvtbe,15,FRONT NATIONAL,Front National,191,link
BE,1,prtvtbe,16,PTB-UA,Partij van de Arbeid van België — Parti du Travail de Belgique,1753,link
BE,1,prtvtbe,17,Other,other,,hand
BE,1,prtvtbe,66,Not applicable*,,,missing
BE,1,prtvtbe,77,Refusal*,refused,,missing
BE,1,prtvtbe,88,Don't know*,dont-know,,missing
BE,1,prtvtbe,99,No answer*,,,missing
BE,5,prtvtcbe,1,Groen!,Agalev — Groen,528,hand
BE,5,prtvtcbe,2,CD&V,Christen-Democratisch en Vlaams,604,link
BE,5,prtvtcbe,3,N-VA,Nieuw-Vlaamse Alliantie,36,link
BE,5,prtvtcbe,4,Lijst Dedecker,"Lijst Dedecker / Libertair, Direct, Democratisch",43,link
BE,5,prtvtcbe,5,SP.A,Socialistische Partij Anders — Vooruit,1680,link
BE,5,prtvtcbe,6,PVDA+,Partij van de Arbeid van België — Parti du Travail de Belgique,1753,name
BE,5,prtvtcbe,7,Vlaams Belang,Vlaams Belang,1968,link
BE,5,prtvtcbe,8,Open VLD,Partij voor Vrijheid en Vooruitgang — Open Vlaamse Liberalen en Democraten,49,hand
BE,5,prtvtcbe,9,CDH,Parti Social Chrétien — Centre démocrate humaniste,633,hand
BE,5,prtvtcbe,10,Ecolo,Écologistes Confédérés pour l'organisation de luttes originales,1563,link
BE,5,prtvtcbe,11,Front National,Front National,191,link
BE,5,prtvtcbe,12,MR,Mouvement Réformateur,789,link
BE,5,prtvtcbe,13,PS,Parti Socialiste,500,link
BE,5,prtvtcbe,14,PTB,Partij van de Arbeid van België — Parti du Travail de Belgique,1753,link
BE,5,prtvtcbe,15,Parti Populaire,Parti populaire,639,link
BE,5,prtvtcbe,16,Other,other,,hand
BE,5,prtvtcbe,17,Blank,blank-invalid,,hand
BE,5,prtvtcbe,18,Invalid,blank-invalid,,hand
BE,5,prtvtcbe,66,Not applicable*,,,missing
BE,5,prtvtcbe,77,Refusal*,refused,,missing
BE,5,prtvtcbe,88,Don't know*,dont-know,,missing
BE,6,prtvtcbe,1,Groen!,Agalev — Groen,528,hand
BE,6,prtvtcbe,2,CD&V,Christen-Democratisch en Vlaams,604,link
BE,6,prtvtcbe,3,N-VA,Nieuw-Vlaamse Alliantie,36,link
BE,6,prtvtcbe,4,Lijst Dedecker,"Lijst Dedecker / Libertair, Direct, Democratisch",43,link
BE,6,prtvtcbe,5,SP.A,Socialistische Partij Anders — Vooruit,1680,link
BE,6,prtvtcbe,6,PVDA+,Partij van de Arbeid van België — Parti du Travail de Belgique,1753,name
BE,6,prtvtcbe,7,Vlaams Belang,Vlaams Belang,1968,link
BE,6,prtvtcbe,8,Open VLD,Partij voor Vrijheid en Vooruitgang — Open Vlaamse Liberalen en Democraten,49,hand
BE,6,prtvtcbe,9,CDH,Parti Social Chrétien — Centre démocrate humaniste,633,hand
BE,6,prtvtcbe,10,Ecolo,Écologistes Confédérés pour l'organisation de luttes originales,1563,link
BE,6,prtvtcbe,11,Front National,Front National,191,link
BE,6,prtvtcbe,12,MR,Mouvement Réformateur,789,link
BE,6,prtvtcbe,13,PS,Parti Socialiste,500,link
BE,6,prtvtcbe,14,PTB,Partij van de Arbeid van België — Parti du Travail de Belgique,1753,link
BE,6,prtvtcbe,15,Parti Populaire,Parti populaire,639,link
BE,6,prtvtcbe,16,Other,other,,hand
BE,6,prtvtcbe,17,Blank,blank-invalid,,hand
BE,6,prtvtcbe,18,Invalid,blank-invalid,,hand
BE,6,prtvtcbe,66,Not applicable*,,,missing
BE,6,prtvtcbe,77,Refusal*,refused,,missing
BE,6,prtvtcbe,88,Don't know*,dont-know,,missing
BE,7,prtvtcbe,1,Groen!,Agalev — Groen,528,hand
BE,7,prtvtcbe,2,CD&V,Christen-Democratisch en Vlaams,604,link
BE,7,prtvtcbe,3,N-VA,Nieuw-Vlaamse Alliantie,36,link
BE,7,prtvtcbe,5,SP.A,Socialistische Partij Anders — Vooruit,1680,link
BE,7,prtvtcbe,6,PVDA+,Partij van de Arbeid van België — Parti du Travail de Belgique,1753,name
BE,7,prtvtcbe,7,Vlaams Belang,Vlaams Belang,1968,link
BE,7,prtvtcbe,8,Open VLD,Partij voor Vrijheid en Vooruitgang — Open Vlaamse Liberalen en Democraten,49,hand
BE,7,prtvtcbe,9,CDH,Parti Social Chrétien — Centre démocrate humaniste,633,hand
BE,7,prtvtcbe,10,Ecolo,Écologistes Confédérés pour l'organisation de luttes originales,1563,link
BE,7,prtvtcbe,11,Front National,Front National,191,link
BE,7,prtvtcbe,12,MR,Mouvement Réformateur,789,link
BE,7,prtvtcbe,13,PS,Parti Socialiste,500,link
BE,7,prtvtcbe,14,PTB,Partij van de Arbeid van België — Parti du Travail de Belgique,1753,link
BE,7,prtvtcbe,15,Parti Populaire,Parti populaire,639,link
BE,7,prtvtcbe,16,Other,other,,hand
BE,7,prtvtcbe,17,Blank,blank-invalid,,hand
BE,7,prtvtcbe,18,Invalid,blank-invalid,,hand
BE,7,prtvtcbe,66,Not applicable*,,,missing
BE,7,prtvtcbe,77,Refusal*,refused,,missing
BE,7,prtvtcbe,88,Don't know*,dont-know,,missing
BE,8,prtvtcbe,1,Groen!,Agalev — Groen,528,hand
BE,8,prtvtcbe,2,CD&V,Christen-Democratisch en Vlaams,604,link
BE,8,prtvtcbe,3,N-VA,Nieuw-Vlaamse Alliantie,36,link
BE,8,prtvtcbe,4,Lijst Dedecker,"Lijst Dedecker / Libertair, Direct, Democratisch",43,link
BE,8,prtvtcbe,5,SP.A,Socialistische Partij Anders — Vooruit,1680,link
BE,8,prtvtcbe,6,PVDA+,Partij van de Arbeid van België — Parti du Travail de Belgique,1753,name
BE,8,prtvtcbe,7,Vlaams Belang,Vlaams Belang,1968,link
BE,8,prtvtcbe,8,Open VLD,Partij voor Vrijheid en Vooruitgang — Open Vlaamse Liberalen en Democraten,49,hand
BE,8,prtvtcbe,9,CDH,Parti Social Chrétien — Centre démocrate humaniste,633,hand
BE,8,prtvtcbe,10,Ecolo,Écologistes Confédérés pour l'organisation de luttes originales,1563,link
BE,8,prtvtcbe,11,Front National,Front National,191,link
BE,8,prtvtcbe,12,MR,Mouvement Réformateur,789,link
BE,8,prtvtcbe,13,PS,Parti Socialiste,500,link
BE,8,prtvtcbe,14,PTB,Partij van de Arbeid van België — Parti du Travail de Belgique,1753,link
BE,8,prtvtcbe,15,Parti Populaire,Parti populaire,639,link
BE,8,prtvtcbe,16,Other,other,,hand
BE,8,prtvtcbe,66,Not applicable*,,,missing
BE,8,prtvtcbe,77,Refusal*,refused,,missing
BE,8,prtvtcbe,88,Don't know*,dont-know,,missing
BE,9,prtvtdbe,1,Groen!,Agalev — Groen,528,hand
BE,9,prtvtdbe,2,CD&V,Christen-Democratisch en Vlaams,604,link
BE,9,prtvtdbe,3,N-VA,Nieuw-Vlaamse Alliantie,36,link
BE,9,prtvtdbe,4,Lijst Dedecker,"Lijst Dedecker / Libertair, Direct, Democratisch",43,link
BE,9,prtvtdbe,5,SP.A,Socialistische Partij Anders — Vooruit,1680,link
BE,9,prtvtdbe,6,PVDA+,Partij van de Arbeid van België — Parti du Travail de Belgique,1753,name
BE,9,prtvtdbe,7,Vlaams Belang,Vlaams Belang,1968,link
BE,9,prtvtdbe,8,Open VLD,Partij voor Vrijheid en Vooruitgang — Open Vlaamse Liberalen en Democraten,49,hand
BE,9,prtvtdbe,9,CDH,Parti Social Chrétien — Centre démocrate humaniste,633,hand
BE,9,prtvtdbe,10,Ecolo,Écologistes Confédérés pour l'organisation de luttes originales,1563,link
BE,9,prtvtdbe,11,Front National,Front National,191,link
BE,9,prtvtdbe,12,MR,Mouvement Réformateur,789,link
BE,9,prtvtdbe,13,PS,Parti Socialiste,500,link
BE,9,prtvtdbe,14,PTB,Partij van de Arbeid van België — Parti du Travail de Belgique,1753,link
BE,9,prtvtdbe,15,Parti Populaire,Parti populaire,639,link
BE,9,prtvtdbe,16,DéFI,Front Démocratique des Francophones / DéFI,698,link
BE,9,prtvtdbe,66,Not applicable*,,,missing
BE,9,prtvtdbe,77,Refusal*,refused,,missing
BE,9,prtvtdbe,88,Don't know*,dont-know,,missing
BE,10,prtvtebe,1,Groen!,Agalev — Groen,528,hand
BE,10,prtvtebe,2,CD&V,Christen-Democratisch en Vlaams,604,link
BE,10,prtvtebe,3,N-VA,Nieuw-Vlaamse Alliantie,36,link
BE,10,prtvtebe,4,Sp.a (Vooruit),Socialistische Partij Anders — Vooruit,1680,hand
BE,10,prtvtebe,5,PVDA,Partij van de Arbeid van België — Parti du Travail de Belgique,1753,link
BE,10,prtvtebe,6,Vlaams Belang,Vlaams Belang,1968,link
BE,10,prtvtebe,7,Open VLD,Partij voor Vrijheid en Vooruitgang — Open Vlaamse Liberalen en Democraten,49,hand
BE,10,prtvtebe,8,cdH (Les Engagés),Parti Social Chrétien — Centre démocrate humaniste,633,hand
BE,10,prtvtebe,9,Ecolo,Écologistes Confédérés pour l'organisation de luttes originales,1563,link
BE,10,prtvtebe,10,MR,Mouvement Réformateur,789,link
BE,10,prtvtebe,11,PS,Parti Socialiste,500,link
BE,10,prtvtebe,12,PTB,Partij van de Arbeid van België — Parti du Travail de Belgique,1753,link
BE,10,prtvtebe,13,DéFI,Front Démocratique des Francophones / DéFI,698,link
BE,10,prtvtebe,14,Blank,blank-invalid,,hand
BE,10,prtvtebe,15,Invalid,blank-invalid,,hand
BE,10,prtvtebe,66,Not applicable*,,,missing
BE,10,prtvtebe,77,Refusal*,refused,,missing
BE,10,prtvtebe,88,Don't know*,dont-know,,missing
BE,11,prtvtebe,1,Groen!,Agalev — Groen,528,hand
BE,11,prtvtebe,2,CD&V,Christen-Democratisch en Vlaams,604,link
BE,11,prtvtebe,3,N-VA,Nieuw-Vlaamse Alliantie,36,link
BE,11,prtvtebe,4,Sp.a (Vooruit),Socialistische Partij Anders — Vooruit,1680,hand
BE,11,prtvtebe,5,PVDA,Partij van de Arbeid van België — Parti du Travail de Belgique,1753,link
BE,11,prtvtebe,6,Vlaams Belang,Vlaams Belang,1968,link
BE,11,prtvtebe,7,Open VLD,Partij voor Vrijheid en Vooruitgang — Open Vlaamse Liberalen en Democraten,49,hand
BE,11,prtvtebe,8,cdH (Les Engagés),Parti Social Chrétien — Centre démocrate humaniste,633,hand
BE,11,prtvtebe,9,Ecolo,Écologistes Confédérés pour l'organisation de luttes originales,1563,link
BE,11,prtvtebe,10,MR,Mouvement Réformateur,789,link
BE,11,prtvtebe,11,PS,Parti Socialiste,500,link
BE,11,prtvtebe,12,PTB,Partij van de Arbeid van België — Parti du Travail de Belgique,1753,link
BE,11,prtvtebe,13,DéFI,Front Démocratique des Francophones / DéFI,698,link
BE,11,prtvtebe,14,Blank,blank-invalid,,hand
BE,11,prtvtebe,15,Invalid,blank-invalid,,hand
BE,11,prtvtebe,16,Other,other,,hand
BE,11,prtvtebe,66,Not applicable*,,,missing
BE,11,prtvtebe,77,Refusal*,refused,,missing
BE,11,prtvtebe,88,Don't know*,dont-know,,missing
BE,11,prtvtebe,99,No answer*,,,missing
BG,4,prtclabg,1,Balgarska sotsialisticheska partiya (BSP),Bălgarska Socialističeska Partija,757,link
BG,4,prtclabg,2,BND,Bulgarian New Democracy,8355,link
BG,4,prtclabg,3,VMRO-BND,VMRO — Bulgarsko Natsionalno Dvizhenie,2056,link
BG,4,prtclabg,4,Grazhdani za evropeĭsko razvitie na Bulgariya (GERB),Grazhdani za evropeysko razvitie na Balgariya,760,link
BG,4,prtclabg,5,Dvizhenie za prava i svobodi (DPS),Dvizhenie za prava i svobodi,982,link
BG,4,prtclabg,6,Dvijenie 'Gergiovden',Dvizhenie Gergyovden,1820,hand
BG,4,prtclabg,7,DSB,Demokrati za Silna Balgarija,1195,link
BG,4,prtclabg,9,BZNS-NS,Zemedelski Naroden Sǔyuz,747,link
BG,4,prtclabg,10,Natzionalno Dvijenie Simeon II (NDSV),Nacionalno dviženie (Simeon Vtori) za stabilnost i văzhod,374,link
BG,4,prtclabg,11,PP Ataka,Natsionalen Sǎyuz Ataka,1793,link
BG,4,prtclabg,12,Novo vreme,Hoboto Bpeme,2022,hand
BG,4,prtclabg,13,RZS,"Red, zakonnost i spravedlivost",272,link
BG,4,prtclabg,14,Evroroma,Evroroma,2055,link
BG,4,prtclabg,15,SDS,Sayuz na Demokratichni Sili,482,link
BG,4,prtclabg,16,SSD,Sajuz na svobodnite demokrati,8033,link
BG,4,prtclabg,18,Other,other,,hand
BG,4,prtclabg,66,Not applicable*,,,missing
BG,4,prtclabg,77,Refusal*,refused,,missing
BG,4,prtclabg,88,Don't know*,dont-know,,missing
BG,4,prtclabg,99,No answer*,,,missing
BG,5,prtclbbg,1,Balgarska sotsialisticheska partiya (BSP),Bălgarska Socialističeska Partija,757,link
BG,5,prtclbbg,2,Grazhdani za evropeĭsko razvitie na Bulgariya (GERB),Grazhdani za evropeysko razvitie na Balgariya,760,link
BG,5,prtclbbg,3,PP Ataka,Natsionalen Sǎyuz Ataka,1793,link
BG,5,prtclbbg,4,Natzionalno Dvijenie Simeon II (NDSV),Nacionalno dviženie (Simeon Vtori) za stabilnost i văzhod,374,link
BG,5,prtclbbg,5,Dvizhenie za prava i svobodi (DPS),Dvizhenie za prava i svobodi,982,link
BG,5,prtclbbg,6,DSB,Demokrati za Silna Balgarija,1195,link
BG,5,prtclbbg,7,Grajdansko dvijenie ABV,Alternativa za balgarsko vazrazhdane,3187,link
BG,5,prtclbbg,8,SDS,Sayuz na Demokratichni Sili,482,link
BG,5,prtclbbg,10,VMRO,VMRO — Bulgarsko Natsionalno Dvizhenie,2056,hand
BG,5,prtclbbg,11,Partia Roma,Partia Roma [og],,hand
BG,5,prtclbbg,13,Druga partia/koalitsia,other,,hand
BG,5,prtclbbg,66,Not applicable*,,,missing
BG,5,prtclbbg,77,Refusal*,refused,,missing
BG,5,prtclbbg,88,Don't know*,dont-know,,missing
BG,3,prtclbg,1,BZNS,Balgarski Zemedelski Naroden Sayuz,2060,link
BG,3,prtclbg,2,Balgarska sotsialisticheska partiya (BSP),Bălgarska Socialističeska Partija,757,link
BG,3,prtclbg,4,Dvizhenie za prava i svobodi (DPS),Dvizhenie za prava i svobodi,982,link
BG,3,prtclbg,5,DSB,Demokrati za Silna Balgarija,1195,link
BG,3,prtclbg,7,PP Ataka,Natsionalen Sǎyuz Ataka,1793,link
BG,3,prtclbg,8,Natzionalno Dvijenie Simeon II (NDSV),Nacionalno dviženie (Simeon Vtori) za stabilnost i văzhod,374,link
BG,3,prtclbg,9,Novoto Vreme,Hoboto Bpeme,2022,link
BG,3,prtclbg,10,Evroroma,Evroroma,2055,link
BG,3,prtclbg,11,Gergiovden,Dvizhenie Gergyovden,1820,link
BG,3,prtclbg,12,SDS,Sayuz na Demokratichni Sili,482,link
BG,3,prtclbg,14,Grazhdani za evropeĭsko razvitie na Bulgariya (GERB),Grazhdani za evropeysko razvitie na Balgariya,760,link
BG,3,prtclbg,15,Other,other,,hand
BG,3,prtclbg,66,Not applicable*,,,missing
BG,3,prtclbg,77,Refusal*,refused,,missing
BG,3,prtclbg,88,Don't know*,dont-know,,missing
BG,3,prtclbg,99,No answer*,,,missing
BG,6,prtclcbg,1,Grazhdani za evropeĭsko razvitie na Bulgariya (GERB),Grazhdani za evropeysko razvitie na Balgariya,760,link
BG,6,prtclcbg,2,Balgarska sotsialisticheska partiya (BSP),Bălgarska Socialističeska Partija,757,link
BG,6,prtclcbg,3,Dvizhenie za prava i svobodi (DPS),Dvizhenie za prava i svobodi,982,link
BG,6,prtclcbg,4,Sayuz na demokratichnite sili (SDS),Sayuz na Demokratichni Sili,482,hand
BG,6,prtclcbg,5,Demokrati za silna Bulgaria (DSB),Demokrati za Silna Balgarija,1195,hand
BG,6,prtclcbg,6,PP Ataka,Natsionalen Sǎyuz Ataka,1793,link
BG,6,prtclcbg,7,"PP Red, zakonnost i spravedlivost (RZS)","Red, zakonnost i spravedlivost",272,hand
BG,6,prtclcbg,8,Partia „Balgarski sotsialdemokrati”,Partiya balgarski sotsialdemokrati,661,link
BG,6,prtclcbg,9,VMRO - BND,VMRO — Bulgarsko Natsionalno Dvizhenie,2056,name
BG,6,prtclcbg,10,PP „Zelena partia” (Aleksandar Karakachanov),Zelena Partija,659,link
BG,6,prtclcbg,11,Natzionalno Dvijenie Simeon II (NDSV),Nacionalno dviženie (Simeon Vtori) za stabilnost i văzhod,374,link
BG,6,prtclcbg,12,Partia „Dvizhenie Bulgaria na grazhdanite” (M.Kuneva),"Dvizhenie ""Bulgariya na grazhdanite""",2058,link
BG,6,prtclcbg,13,Grazhdansko obedinenie za realna demokratsia (S.Binev),Grazhdansko obedinenie za realna demokratsia (S.Binev) [og],,hand
BG,6,prtclcbg,14,Sayuz na svobodnite demokrati (SSD),Sajuz na svobodnite demokrati,8033,hand
BG,6,prtclcbg,18,Narodna partia „Svoboda i dostoynstvo“,Narodna partia „Svoboda i dostoynstvo“ [og],,hand
BG,6,prtclcbg,19,Other,other,,hand
BG,6,prtclcbg,66,Not applicable*,,,missing
BG,6,prtclcbg,77,Refusal*,refused,,missing
BG,9,prtcldbg,1,Grazhdani za evropeĭsko razvitie na Bulgariya (GERB),Grazhdani za evropeysko razvitie na Balgariya,760,link
BG,9,prtcldbg,2,Dvizhenie za prava i svobodi (DPS),Dvizhenie za prava i svobodi,982,link
BG,9,prtcldbg,3,PP Ataka,Natsionalen Sǎyuz Ataka,1793,link
BG,9,prtcldbg,5,Bulgarska komunisticheska partiya (BKP),Komunisticeska Partija na Balgarija,603,link
BG,9,prtcldbg,6,Bulgarski natsionalen suyuz - Nova demokratsiya,Balgarski Natsionalen Saiuz — ND,8260,hand
BG,9,prtcldbg,7,Balgarska sotsialisticheska partiya (BSP),Bălgarska Socialističeska Partija,757,link
BG,9,prtcldbg,8,Natsionalen front za spasenie na Balgariya (NFSB),Natzionalen Front za Spasenie na Bulgaria,2057,link
BG,9,prtcldbg,9,VMRO,VMRO — Bulgarsko Natsionalno Dvizhenie,2056,hand
BG,9,prtcldbg,10,Alternativa za bulgarsko vuzrazhdane (ABV),Alternativa za balgarsko vazrazhdane,3187,hand
BG,9,prtcldbg,12,Demokrati za otgovornost svoboda i tolerantnost (DOST),"Demokrati za Otgovornost, Svoboda i Tolerantnost",5860,link
BG,9,prtcldbg,13,Other,other,,hand
BG,9,prtcldbg,66,Not applicable*,,,missing
BG,9,prtcldbg,77,Refusal*,refused,,missing
BG,9,prtcldbg,88,Don't know*,dont-know,,missing
BG,10,prtclebg,1,Grazhdani za evropeĭsko razvitie na Bulgariya (GERB),Grazhdani za evropeysko razvitie na Balgariya,760,link
BG,10,prtclebg,2,Balgarska sotsialisticheska partiya (BSP),Bălgarska Socialističeska Partija,757,link
BG,10,prtclebg,3,Dvizhenie za prava i svobodi (DPS),Dvizhenie za prava i svobodi,982,link
BG,10,prtclebg,4,Demokratichna Balgariya,Demokratichna Bulgaria,9083,link
BG,10,prtclebg,5,Ima takav narod,Ima takav narod,8992,link
BG,10,prtclebg,6,PP VMRO – Balgarsko natsionalno dvizhenie,VMRO — Bulgarsko Natsionalno Dvizhenie,2056,link
BG,10,prtclebg,7,NFSB-Volya,NFSB-Volya [og],,hand
BG,10,prtclebg,8,PP Ataka,Natsionalen Sǎyuz Ataka,1793,link
BG,10,prtclebg,9,Vazrazhdane,Vazrazhdane,5862,link
BG,10,prtclebg,10,Izpravi se! Mutri van!,Izpravi se!,8991,link
BG,10,prtclebg,11,Republikantsi za Balgariya,Republikantsi za Balgariya,8995,link
BG,10,prtclebg,12,Other,other,,hand
BG,10,prtclebg,66,Not applicable*,,,missing
BG,10,prtclebg,77,Refusal*,refused,,missing
BG,10,prtclebg,88,Don't know*,dont-know,,missing
BG,11,prtclfbg,1,Grazhdani za evropeysko razvitie na Balgariya – Sayuz na demokratichnite sili (GERB - SDS),Grazhdani za evropeysko razvitie na Balgariya – Sayuz na demokratichnite sili (GERB - SDS) [og],,hand
BG,11,prtclfbg,2,Balgarska sotsialisticheska partiya (BSP),Bălgarska Socialističeska Partija,757,link
BG,11,prtclfbg,3,Dvizhenie za prava i svobodi (DPS),Dvizhenie za prava i svobodi,982,link
BG,11,prtclfbg,4,Prodalzhavame Promyanata – Demokratichna Balgariya (PP-DB),Prodalzhavame Promyanata – Demokratichna Balgariya (PP-DB) [og],,hand
BG,11,prtclfbg,5,Ima takav narod,Ima takav narod,8992,link
BG,11,prtclfbg,6,Vazrazhdane,Vazrazhdane,5862,link
BG,11,prtclfbg,7,Levitsata!,Levitsata! [og],,hand
BG,11,prtclfbg,8,Bulgarski Vazhod,Balgarski vazhod,9060,hand
BG,11,prtclfbg,9,Natsionalno dvizhenie za stabilnost i vazhod (NDSV),Nacionalno dviženie (Simeon Vtori) za stabilnost i văzhod,374,hand
BG,11,prtclfbg,10,I do not support anyone,blank-invalid,,hand
BG,11,prtclfbg,11,Other,other,,hand
BG,11,prtclfbg,66,Not applicable*,,,missing
BG,11,prtclfbg,77,Refusal*,refused,,missing
BG,11,prtclfbg,88,Don't know*,dont-know,,missing
BG,4,prtvtabg,1,Koalitziia za Balgariia,Koalicija za Balgarija — BSP za Bŭlgariya,1665,link
BG,4,prtvtabg,2,Dvijenie za Prava i Svobodi,Dvizhenie za prava i svobodi,982,hand
BG,4,prtvtabg,3,Koalitziia na Rozata,Koalitsiya na Rozata,2054,hand
BG,4,prtvtabg,4,Demokrati za Silna Balgariia,Demokrati za Silna Balgarija,1195,hand
BG,4,prtvtabg,5,Natzionalno Dvijenie Simeon II (NDSV),Nacionalno dviženie (Simeon Vtori) za stabilnost i văzhod,374,link
BG,4,prtvtabg,6,Koalitziia ODS,Obedineni Demokratichni Sili,1183,link
BG,4,prtvtabg,7,Koalitziia BNS,Balgarski Naroden Sajuz,263,hand
BG,4,prtvtabg,8,Novo Vreme,Hoboto Bpeme,2022,hand
BG,4,prtvtabg,9,Evroroma,Evroroma,2055,link
BG,4,prtvtabg,10,Koalitziia Ataka,Natsionalen Sǎyuz Ataka,1793,link
BG,4,prtvtabg,11,Other,other,,hand
BG,4,prtvtabg,66,Not applicable*,,,missing
BG,4,prtvtabg,77,Refusal*,refused,,missing
BG,4,prtvtabg,88,Don't know*,dont-know,,missing
BG,5,prtvtbbg,1,Grazhdani za evropeĭsko razvitie na Bulgariya (GERB),Grazhdani za evropeysko razvitie na Balgariya,760,link
BG,5,prtvtbbg,2,Koalitsia za Balgaria (BSP; PBS; Zemedelski saiuz) Al. Stamb,Koalicija za Balgarija — BSP za Bŭlgariya,1665,hand
BG,5,prtvtbbg,3,DPS - Dvijenie za prava i svobodi,Dvizhenie za prava i svobodi,982,hand
BG,5,prtvtbbg,4,Siniata koalitsia (SDS; DSB),Sinyata koalitsia,58,link
BG,5,prtvtbbg,5,PP Ataka,Natsionalen Sǎyuz Ataka,1793,link
BG,5,prtvtbbg,6,"PP Red, zakonnost i spravedlivost (RZS)","Red, zakonnost i spravedlivost",272,hand
BG,5,prtvtbbg,7,Natzionalno Dvijenie Simeon II (NDSV),Nacionalno dviženie (Simeon Vtori) za stabilnost i văzhod,374,link
BG,5,prtvtbbg,8,PP Lider,Lider,265,link
BG,5,prtvtbbg,11,PP Zelenite,Zelena Partija,659,link
BG,5,prtvtbbg,15,Balgarski Natsionalen Saiuz – ND,Balgarski Natsionalen Saiuz — ND,8260,link
BG,5,prtvtbbg,16,Druga politicheska sila,other,,hand
BG,5,prtvtbbg,17,Nezavisim kandidat,independent,,hand
BG,5,prtvtbbg,66,Not applicable*,,,missing
BG,5,prtvtbbg,77,Refusal*,refused,,missing
BG,5,prtvtbbg,88,Don't know*,dont-know,,missing
BG,5,prtvtbbg,99,No answer*,,,missing
BG,3,prtvtbg,1,Balgarska sotsialisticheska partiya (BSP),Bălgarska Socialističeska Partija,757,link
BG,3,prtvtbg,2,Dvizhenie za prava i svobodi (DPS),Dvizhenie za prava i svobodi,982,link
BG,3,prtvtbg,3,Coalition of the rose,Koalitsiya na Rozata,2054,link
BG,3,prtvtbg,4,DSB,Demokrati za Silna Balgarija,1195,link
BG,3,prtvtbg,5,Natzionalno Dvijenie Simeon II (NDSV),Nacionalno dviženie (Simeon Vtori) za stabilnost i văzhod,374,link
BG,3,prtvtbg,6,SDS,Sayuz na Demokratichni Sili,482,link
BG,3,prtvtbg,7,BNS,Balgarski Naroden Sajuz,263,link
BG,3,prtvtbg,8,Novoto Vreme,Hoboto Bpeme,2022,link
BG,3,prtvtbg,9,Evroroma,Evroroma,2055,link
BG,3,prtvtbg,10,Koalitziia Ataka,Natsionalen Sǎyuz Ataka,1793,link
BG,3,prtvtbg,11,Other,other,,hand
BG,3,prtvtbg,66,Not applicable*,,,missing
BG,3,prtvtbg,77,Refusal*,refused,,missing
BG,3,prtvtbg,88,Don't know*,dont-know,,missing
BG,3,prtvtbg,99,No answer*,,,missing
BG,6,prtvtcbg,1,Grazhdani za evropeĭsko razvitie na Bulgariya (GERB),Grazhdani za evropeysko razvitie na Balgariya,760,link
BG,6,prtvtcbg,2,Balgarska sotsialisticheska partiya (BSP),Bălgarska Socialističeska Partija,757,link
BG,6,prtvtcbg,3,PP Ataka,Natsionalen Sǎyuz Ataka,1793,link
BG,6,prtvtcbg,4,"PP Red, zakonnost i spravedlivost (RZS)","Red, zakonnost i spravedlivost",272,hand
BG,6,prtvtcbg,5,PP VMRO – Balgarsko natsionalno dvizhenie,VMRO — Bulgarsko Natsionalno Dvizhenie,2056,link
BG,6,prtvtcbg,6,PP BZNS,Balgarski Zemedelski Naroden Sayuz,2060,link
BG,6,prtvtcbg,7,PP Natsionalen front za dpasenie na Bulgaria,Natzionalen Front za Spasenie na Bulgaria,2057,link
BG,6,prtvtcbg,8,KP Sayuz na desnite sili,KP Sayuz na desnite sili [og],,hand
BG,6,prtvtcbg,9,PP Natsionalno dvizhenie Edinstvo,PP Natsionalno dvizhenie Edinstvo [og],,hand
BG,6,prtvtcbg,11,PP Partia za horata ot naroda,PP Partia za horata ot naroda [og],,hand
BG,6,prtvtcbg,12,PP Balgarska demokratichna obshtnost,PP Balgarska demokratichna obshtnost [og],,hand
BG,6,prtvtcbg,13,"Kandidati, izdignati ot Initsiativni komiteti",independent,,hand
BG,6,prtvtcbg,66,Not applicable*,,,missing
BG,6,prtvtcbg,77,Refusal*,refused,,missing
BG,6,prtvtcbg,88,Don't know*,dont-know,,missing
BG,6,prtvtcbg,99,No answer*,,,missing
BG,9,prtvtdbg,1,Grazhdani za evropeĭsko razvitie na Bulgariya (GERB),Grazhdani za evropeysko razvitie na Balgariya,760,link
BG,9,prtvtdbg,2,Balgarska sotsialisticheska partiya (BSP),Bălgarska Socialističeska Partija,757,link
BG,9,prtvtdbg,3,"Obedineni patrioti - NFSB, Ataka i VMRO",Obedineni Patrioti,6115,link
BG,9,prtvtdbg,4,Dvizhenie za prava i svobodi (DPS),Dvizhenie za prava i svobodi,982,link
BG,9,prtvtdbg,5,Volya,Volya,5863,link
BG,9,prtvtdbg,6,Reformatorski blok - Glas Naroden,Reformatorski Blok,3189,link
BG,9,prtvtdbg,7,Koalitsiya Dvizhenie za Bulgariya,Koalitsiya Dvizhenie za Bulgariya [og],,hand
BG,9,prtvtdbg,8,Obedinenie DOST,"Demokrati za Otgovornost, Svoboda i Tolerantnost",5860,link
BG,9,prtvtdbg,9,Nova republika - DSB - Suyuz za Plovdiv - BDO,Nova republika - DSB - Suyuz za Plovdiv - BDO [og],,hand
BG,9,prtvtdbg,10,Koalitsiya ABV – Dvizhenie 21,Koalitsiya ABV – Dvizhenie 21 [og],,hand
BG,9,prtvtdbg,11,Vuzrazhdane,Vazrazhdane,5862,link
BG,9,prtvtdbg,12,Other,other,,hand
BG,9,prtvtdbg,13,Invalid,blank-invalid,,hand
BG,9,prtvtdbg,66,Not applicable*,,,missing
BG,9,prtvtdbg,77,Refusal*,refused,,missing
BG,9,prtvtdbg,88,Don't know*,dont-know,,missing
BG,10,prtvtebg,1,Grazhdani za evropeĭsko razvitie na Bulgariya (GERB),Grazhdani za evropeysko razvitie na Balgariya,760,link
BG,10,prtvtebg,2,Balgarska sotsialisticheska partiya (BSP),Bălgarska Socialističeska Partija,757,link
BG,10,prtvtebg,3,Dvizhenie za prava i svobodi (DPS),Dvizhenie za prava i svobodi,982,link
BG,10,prtvtebg,4,Demokratichna Balgariya,Demokratichna Bulgaria,9083,link
BG,10,prtvtebg,5,Ima takav narod,Ima takav narod,8992,link
BG,10,prtvtebg,6,PP VMRO – Balgarsko natsionalno dvizhenie,VMRO — Bulgarsko Natsionalno Dvizhenie,2056,link
BG,10,prtvtebg,7,NFSB-Volya,NFSB-Volya [og],,hand
BG,10,prtvtebg,8,PP Ataka,Natsionalen Sǎyuz Ataka,1793,link
BG,10,prtvtebg,9,Vazrazhdane,Vazrazhdane,5862,link
BG,10,prtvtebg,10,Izpravi se! Mutri van!,Izpravi se!,8991,link
BG,10,prtvtebg,11,Republikantsi za Balgariya,Republikantsi za Balgariya,8995,link
BG,10,prtvtebg,12,Other,other,,hand
BG,10,prtvtebg,66,Not applicable*,,,missing
BG,10,prtvtebg,77,Refusal*,refused,,missing
BG,10,prtvtebg,88,Don't know*,dont-know,,missing
BG,11,prtvtfbg,1,Grazhdani za evropeysko razvitie na Balgariya – Sayuz na demokratichnite sili (GERB - SDS),Grazhdani za evropeysko razvitie na Balgariya – Sayuz na demokratichnite sili (GERB - SDS) [og],,hand
BG,11,prtvtfbg,2,Balgarska sotsialisticheska partiya (BSP),Bălgarska Socialističeska Partija,757,link
BG,11,prtvtfbg,3,Dvizhenie za prava i svobodi (DPS),Dvizhenie za prava i svobodi,982,link
BG,11,prtvtfbg,4,Prodalzhavame Promyanata – Demokratichna Balgariya (PP-DB),Prodalzhavame Promyanata – Demokratichna Balgariya (PP-DB) [og],,hand
BG,11,prtvtfbg,5,Ima takav narod,Ima takav narod,8992,link
BG,11,prtvtfbg,6,Vazrazhdane,Vazrazhdane,5862,link
BG,11,prtvtfbg,7,Levitsata!,Levitsata! [og],,hand
BG,11,prtvtfbg,8,Bulgarski Vazhod,Balgarski vazhod,9060,hand
BG,11,prtvtfbg,9,Natsionalno dvizhenie za stabilnost i vazhod (NDSV),Nacionalno dviženie (Simeon Vtori) za stabilnost i văzhod,374,hand
BG,11,prtvtfbg,10,I do not support anyone,blank-invalid,,hand
BG,11,prtvtfbg,11,Other,other,,hand
BG,11,prtvtfbg,66,Not applicable*,,,missing
BG,11,prtvtfbg,77,Refusal*,refused,,missing
BG,11,prtvtfbg,88,Don't know*,dont-know,,missing
CZ,4,prtclacz,1,KSČM,Komunistická strana Cech a Moravy,1728,link
CZ,4,prtclacz,2,ČSSD,Česká strana sociálně demokratická,177,link
CZ,4,prtclacz,3,SZ,Strana zelených,1554,link
CZ,4,prtclacz,4,KDU-ČSL,Křesťanská a demokratická unie / Československá strana lidová,676,link
CZ,4,prtclacz,5,ODS,Občanská demokratická strana,466,link
CZ,4,prtclacz,6,Other,other,,hand
CZ,4,prtclacz,66,Not applicable*,,,missing
CZ,4,prtclacz,77,Refusal*,refused,,missing
CZ,4,prtclacz,99,No answer*,,,missing
CZ,5,prtclbcz,1,KSČM,Komunistická strana Cech a Moravy,1728,link
CZ,5,prtclbcz,2,ČSSD,Česká strana sociálně demokratická,177,link
CZ,5,prtclbcz,3,SZ,Strana zelených,1554,link
CZ,5,prtclbcz,4,KDU-ČSL,Křesťanská a demokratická unie / Československá strana lidová,676,link
CZ,5,prtclbcz,5,TOP 09,Tradice Odpovědnost Prosperita 09,223,link
CZ,5,prtclbcz,6,VV,Věci veřejné,1202,link
CZ,5,prtclbcz,7,ODS,Občanská demokratická strana,466,link
CZ,5,prtclbcz,8,Other,other,,hand
CZ,5,prtclbcz,66,Not applicable*,,,missing
CZ,5,prtclbcz,77,Refusal*,refused,,missing
CZ,5,prtclbcz,88,Don't know*,dont-know,,missing
CZ,5,prtclbcz,99,No answer*,,,missing
CZ,6,prtclccz,1,KSČM,Komunistická strana Cech a Moravy,1728,link
CZ,6,prtclccz,2,ČSSD,Česká strana sociálně demokratická,177,link
CZ,6,prtclccz,3,TOP 09,Tradice Odpovědnost Prosperita 09,223,link
CZ,6,prtclccz,4,VV,Věci veřejné,1202,link
CZ,6,prtclccz,5,ODS,Občanská demokratická strana,466,link
CZ,6,prtclccz,8,Other,other,,hand
CZ,6,prtclccz,66,Not applicable*,,,missing
CZ,6,prtclccz,77,Refusal*,refused,,missing
CZ,6,prtclccz,99,No answer*,,,missing
CZ,1,prtclcz,1,ČSSD,Česká strana sociálně demokratická,177,link
CZ,1,prtclcz,2,ODA Civic Democratic Alliance,Občanská demokratická aliance,1008,link
CZ,1,prtclcz,4,RMS Republicans of Miroslav Sladek,Republikanska Miroslava Sladka,972,link
CZ,1,prtclcz,5,ČSNS,[ Liberální / Česká ] strana národně sociální,1813,link
CZ,1,prtclcz,6,SV-SOS P.of Countryside-Assoc.Civic Forces,SV-SOS P.of Countryside-Assoc.Civic Forces [og],,hand
CZ,1,prtclcz,7,Association of Independents,Sdruzeni nezavislych,884,link
CZ,1,prtclcz,8,ODS,Občanská demokratická strana,466,link
CZ,1,prtclcz,9,KSČM,Komunistická strana Cech a Moravy,1728,link
CZ,1,prtclcz,10,KDU-CSL Christian Democratic P.,Křesťanská a demokratická unie / Československá strana lidová,676,link
CZ,1,prtclcz,11,US Freedom Union,Unie svobody,905,link
CZ,1,prtclcz,12,SŽJ P.for Life Securities,Důchodci za životní jistoty,670,link
CZ,1,prtclcz,13,PB Right Block,Pravý Blok,904,link
CZ,1,prtclcz,14,SZ,Strana zelených,1554,link
CZ,1,prtclcz,15,Other,other,,hand
CZ,1,prtclcz,66,Not applicable*,,,missing
CZ,1,prtclcz,77,Refusal*,refused,,missing
CZ,1,prtclcz,99,No answer*,,,missing
CZ,2,prtclcz,1,ČSSD,Česká strana sociálně demokratická,177,link
CZ,2,prtclcz,2,ODA Civic Democratic Alliance,Občanská demokratická aliance,1008,link
CZ,2,prtclcz,3,Naděje (Hope),Naděje (Hope) [og],,hand
CZ,2,prtclcz,4,RMS Republicans of Miroslav Sladek,Republikanska Miroslava Sladka,972,link
CZ,2,prtclcz,5,ČSNS,[ Liberální / Česká ] strana národně sociální,1813,link
CZ,2,prtclcz,6,SV-SOS P.of Countryside-Assoc.Civic Forces,SV-SOS P.of Countryside-Assoc.Civic Forces [og],,hand
CZ,2,prtclcz,7,Association of Independents,Sdruzeni nezavislych,884,link
CZ,2,prtclcz,8,ODS,Občanská demokratická strana,466,link
CZ,2,prtclcz,9,KSČM,Komunistická strana Cech a Moravy,1728,link
CZ,2,prtclcz,10,KDU-CSL Christian Democratic P.,Křesťanská a demokratická unie / Československá strana lidová,676,link
CZ,2,prtclcz,11,US Freedom Union,Unie svobody,905,link
CZ,2,prtclcz,12,SŽJ P.for Life Securities,Důchodci za životní jistoty,670,link
CZ,2,prtclcz,13,PB Right Block,Pravý Blok,904,link
CZ,2,prtclcz,14,SZ,Strana zelených,1554,link
CZ,2,prtclcz,15,Other,other,,hand
CZ,2,prtclcz,66,Not applicable*,,,missing
CZ,2,prtclcz,77,Refusal*,refused,,missing
CZ,2,prtclcz,88,Don't know*,dont-know,,missing
CZ,7,prtcldcz,1,KSČM,Komunistická strana Cech a Moravy,1728,link
CZ,7,prtcldcz,2,ČSSD,Česká strana sociálně demokratická,177,link
CZ,7,prtcldcz,3,TOP 09,Tradice Odpovědnost Prosperita 09,223,link
CZ,7,prtcldcz,4,ANO 2011,Akce nespokojených občanů,2141,link
CZ,7,prtcldcz,5,ODS,Občanská demokratická strana,466,link
CZ,7,prtcldcz,6,KDU-ČSL,Křesťanská a demokratická unie / Československá strana lidová,676,link
CZ,7,prtcldcz,7,Úsvit přímé demokracie Tomia Okamury,Úsvit přímé demokracie,2049,link
CZ,7,prtcldcz,8,Other,other,,hand
CZ,7,prtcldcz,66,Not applicable*,,,missing
CZ,7,prtcldcz,77,Refusal*,refused,,missing
CZ,7,prtcldcz,88,Don't know*,dont-know,,missing
CZ,8,prtcldcz,1,KSČM,Komunistická strana Cech a Moravy,1728,link
CZ,8,prtcldcz,2,ČSSD,Česká strana sociálně demokratická,177,link
CZ,8,prtcldcz,3,TOP 09,Tradice Odpovědnost Prosperita 09,223,link
CZ,8,prtcldcz,4,ANO 2011,Akce nespokojených občanů,2141,link
CZ,8,prtcldcz,5,ODS,Občanská demokratická strana,466,link
CZ,8,prtcldcz,6,KDU-ČSL,Křesťanská a demokratická unie / Československá strana lidová,676,link
CZ,8,prtcldcz,7,Úsvit přímé demokracie Tomia Okamury,Úsvit přímé demokracie,2049,link
CZ,8,prtcldcz,8,Other,other,,hand
CZ,8,prtcldcz,66,Not applicable*,,,missing
CZ,8,prtcldcz,77,Refusal*,refused,,missing
CZ,8,prtcldcz,88,Don't know*,dont-know,,missing
CZ,9,prtclecz,1,KSČM,Komunistická strana Cech a Moravy,1728,link
CZ,9,prtclecz,2,ČSSD,Česká strana sociálně demokratická,177,link
CZ,9,prtclecz,3,TOP 09,Tradice Odpovědnost Prosperita 09,223,link
CZ,9,prtclecz,4,ANO 2011,Akce nespokojených občanů,2141,link
CZ,9,prtclecz,5,ODS,Občanská demokratická strana,466,link
CZ,9,prtclecz,6,KDU-ČSL,Křesťanská a demokratická unie / Československá strana lidová,676,link
CZ,9,prtclecz,7,Česká pirátská strana,Ceska piratska strana,2047,link
CZ,9,prtclecz,8,Svoboda a přímá demokracie,Svoboda a přímá demokracie,6125,link
CZ,9,prtclecz,9,Starostové a nezávislí,Starostové a nezávislí,1707,link
CZ,9,prtclecz,10,Other,other,,hand
CZ,9,prtclecz,66,Not applicable*,,,missing
CZ,9,prtclecz,77,Refusal*,refused,,missing
CZ,9,prtclecz,88,Don't know*,dont-know,,missing
CZ,10,prtclecz,1,KSČM,Komunistická strana Cech a Moravy,1728,link
CZ,10,prtclecz,2,ČSSD,Česká strana sociálně demokratická,177,link
CZ,10,prtclecz,3,TOP 09,Tradice Odpovědnost Prosperita 09,223,link
CZ,10,prtclecz,4,ANO 2011,Akce nespokojených občanů,2141,link
CZ,10,prtclecz,5,ODS,Občanská demokratická strana,466,link
CZ,10,prtclecz,6,KDU-ČSL,Křesťanská a demokratická unie / Československá strana lidová,676,link
CZ,10,prtclecz,7,Česká pirátská strana,Ceska piratska strana,2047,link
CZ,10,prtclecz,8,Svoboda a přímá demokracie,Svoboda a přímá demokracie,6125,link
CZ,10,prtclecz,9,Starostové a nezávislí,Starostové a nezávislí,1707,link
CZ,10,prtclecz,10,Other,other,,hand
CZ,10,prtclecz,66,Not applicable*,,,missing
CZ,10,prtclecz,77,Refusal*,refused,,missing
CZ,10,prtclecz,88,Don't know*,dont-know,,missing
CZ,4,prtvtacz,1,KSČM,Komunistická strana Cech a Moravy,1728,link
CZ,4,prtvtacz,2,ČSSD,Česká strana sociálně demokratická,177,link
CZ,4,prtvtacz,3,SZ,Strana zelených,1554,link
CZ,4,prtvtacz,4,KDU-ČSL,Křesťanská a demokratická unie / Československá strana lidová,676,link
CZ,4,prtvtacz,5,ODS,Občanská demokratická strana,466,link
CZ,4,prtvtacz,6,Other,other,,hand
CZ,4,prtvtacz,66,Not applicable*,,,missing
CZ,4,prtvtacz,77,Refusal*,refused,,missing
CZ,4,prtvtacz,88,Don't know*,dont-know,,missing
CZ,4,prtvtacz,99,No answer*,,,missing
CZ,5,prtvtbcz,1,KSČM,Komunistická strana Cech a Moravy,1728,link
CZ,5,prtvtbcz,2,ČSSD,Česká strana sociálně demokratická,177,link
CZ,5,prtvtbcz,3,SZ,Strana zelených,1554,link
CZ,5,prtvtbcz,4,KDU-ČSL,Křesťanská a demokratická unie / Československá strana lidová,676,link
CZ,5,prtvtbcz,5,TOP 09,Tradice Odpovědnost Prosperita 09,223,link
CZ,5,prtvtbcz,6,VV,Věci veřejné,1202,link
CZ,5,prtvtbcz,7,ODS,Občanská demokratická strana,466,link
CZ,5,prtvtbcz,8,Other,other,,hand
CZ,5,prtvtbcz,66,Not applicable*,,,missing
CZ,5,prtvtbcz,77,Refusal*,refused,,missing
CZ,5,prtvtbcz,88,Don't know*,dont-know,,missing
CZ,5,prtvtbcz,99,No answer*,,,missing
CZ,6,prtvtccz,1,KSČM,Komunistická strana Cech a Moravy,1728,link
CZ,6,prtvtccz,2,ČSSD,Česká strana sociálně demokratická,177,link
CZ,6,prtvtccz,3,TOP 09,Tradice Odpovědnost Prosperita 09,223,link
CZ,6,prtvtccz,4,VV,Věci veřejné,1202,link
CZ,6,prtvtccz,5,ODS,Občanská demokratická strana,466,link
CZ,6,prtvtccz,8,Other,other,,hand
CZ,6,prtvtccz,66,Not applicable*,,,missing
CZ,6,prtvtccz,77,Refusal*,refused,,missing
CZ,6,prtvtccz,88,Don't know*,dont-know,,missing
CZ,6,prtvtccz,99,No answer*,,,missing
CZ,1,prtvtcz,1,ČSSD,Česká strana sociálně demokratická,177,link
CZ,1,prtvtcz,2,ODA Civic Democratic Alliance,Občanská demokratická aliance,1008,link
CZ,1,prtvtcz,3,Naděje (Hope),Naděje (Hope) [og],,hand
CZ,1,prtvtcz,4,RMS Republicans of Miroslav Sladek,Republikanska Miroslava Sladka,972,link
CZ,1,prtvtcz,5,ČSNS,[ Liberální / Česká ] strana národně sociální,1813,link
CZ,1,prtvtcz,6,SV-SOS P.of Countryside-Assoc.Civic Forces,SV-SOS P.of Countryside-Assoc.Civic Forces [og],,hand
CZ,1,prtvtcz,7,Association of Independents,Sdruzeni nezavislych,884,link
CZ,1,prtvtcz,8,ODS,Občanská demokratická strana,466,link
CZ,1,prtvtcz,9,KSČM,Komunistická strana Cech a Moravy,1728,link
CZ,1,prtvtcz,10,Koalice (Christian Dem.&Freedom Union),Čtyřkoalice,6202,link
CZ,1,prtvtcz,11,SŽJ P.for Life Securities,Důchodci za životní jistoty,670,link
CZ,1,prtvtcz,12,PB Right Block,Pravý Blok,904,link
CZ,1,prtvtcz,13,SZ,Strana zelených,1554,link
CZ,1,prtvtcz,14,Other,other,,hand
CZ,1,prtvtcz,66,Not applicable*,,,missing
CZ,1,prtvtcz,77,Refusal*,refused,,missing
CZ,1,prtvtcz,88,Don't know*,dont-know,,missing
CZ,1,prtvtcz,99,No answer*,,,missing
CZ,2,prtvtcz,1,ČSSD,Česká strana sociálně demokratická,177,link
CZ,2,prtvtcz,2,ODA Civic Democratic Alliance,Občanská demokratická aliance,1008,link
CZ,2,prtvtcz,3,Naděje (Hope),Naděje (Hope) [og],,hand
CZ,2,prtvtcz,4,RMS Republicans of Miroslav Sladek,Republikanska Miroslava Sladka,972,link
CZ,2,prtvtcz,5,ČSNS,[ Liberální / Česká ] strana národně sociální,1813,link
CZ,2,prtvtcz,6,SV-SOS P.of Countryside-Assoc.Civic Forces,SV-SOS P.of Countryside-Assoc.Civic Forces [og],,hand
CZ,2,prtvtcz,7,Association of Independents,Sdruzeni nezavislych,884,link
CZ,2,prtvtcz,8,ODS,Občanská demokratická strana,466,link
CZ,2,prtvtcz,9,KSČM,Komunistická strana Cech a Moravy,1728,link
CZ,2,prtvtcz,10,Koalice (Christian Dem.&Freedom Union),Čtyřkoalice,6202,link
CZ,2,prtvtcz,11,SŽJ P.for Life Securities,Důchodci za životní jistoty,670,link
CZ,2,prtvtcz,12,PB Right Block,Pravý Blok,904,link
CZ,2,prtvtcz,13,SZ,Strana zelených,1554,link
CZ,2,prtvtcz,14,Other,other,,hand
CZ,2,prtvtcz,66,Not applicable*,,,missing
CZ,2,prtvtcz,77,Refusal*,refused,,missing
CZ,2,prtvtcz,88,Don't know*,dont-know,,missing
CZ,7,prtvtdcz,1,KSČM,Komunistická strana Cech a Moravy,1728,link
CZ,7,prtvtdcz,2,ČSSD,Česká strana sociálně demokratická,177,link
CZ,7,prtvtdcz,3,TOP 09,Tradice Odpovědnost Prosperita 09,223,link
CZ,7,prtvtdcz,4,ANO 2011,Akce nespokojených občanů,2141,link
CZ,7,prtvtdcz,5,ODS,Občanská demokratická strana,466,link
CZ,7,prtvtdcz,6,KDU-ČSL,Křesťanská a demokratická unie / Československá strana lidová,676,link
CZ,7,prtvtdcz,7,Úsvit přímé demokracie Tomia Okamury,Úsvit přímé demokracie,2049,link
CZ,7,prtvtdcz,8,Other,other,,hand
CZ,7,prtvtdcz,66,Not applicable*,,,missing
CZ,7,prtvtdcz,77,Refusal*,refused,,missing
CZ,7,prtvtdcz,88,Don't know*,dont-know,,missing
CZ,8,prtvtdcz,1,KSČM,Komunistická strana Cech a Moravy,1728,link
CZ,8,prtvtdcz,2,ČSSD,Česká strana sociálně demokratická,177,link
CZ,8,prtvtdcz,3,TOP 09,Tradice Odpovědnost Prosperita 09,223,link
CZ,8,prtvtdcz,4,ANO 2011,Akce nespokojených občanů,2141,link
CZ,8,prtvtdcz,5,ODS,Občanská demokratická strana,466,link
CZ,8,prtvtdcz,6,KDU-ČSL,Křesťanská a demokratická unie / Československá strana lidová,676,link
CZ,8,prtvtdcz,7,Úsvit přímé demokracie Tomia Okamury,Úsvit přímé demokracie,2049,link
CZ,8,prtvtdcz,8,Other,other,,hand
CZ,8,prtvtdcz,66,Not applicable*,,,missing
CZ,8,prtvtdcz,77,Refusal*,refused,,missing
CZ,8,prtvtdcz,88,Don't know*,dont-know,,missing
CZ,9,prtvtecz,1,KSČM,Komunistická strana Cech a Moravy,1728,link
CZ,9,prtvtecz,2,ČSSD,Česká strana sociálně demokratická,177,link
CZ,9,prtvtecz,3,TOP 09,Tradice Odpovědnost Prosperita 09,223,link
CZ,9,prtvtecz,4,ANO 2011,Akce nespokojených občanů,2141,link
CZ,9,prtvtecz,5,ODS,Občanská demokratická strana,466,link
CZ,9,prtvtecz,6,KDU-ČSL,Křesťanská a demokratická unie / Československá strana lidová,676,link
CZ,9,prtvtecz,7,Česká pirátská strana,Ceska piratska strana,2047,link
CZ,9,prtvtecz,8,Svoboda a přímá demokracie,Svoboda a přímá demokracie,6125,link
CZ,9,prtvtecz,9,Starostové a nezávislí,Starostové a nezávislí,1707,link
CZ,9,prtvtecz,10,Other,other,,hand
CZ,9,prtvtecz,66,Not applicable*,,,missing
CZ,9,prtvtecz,77,Refusal*,refused,,missing
CZ,9,prtvtecz,88,Don't know*,dont-know,,missing
CZ,10,prtvtecz,1,KSČM,Komunistická strana Cech a Moravy,1728,link
CZ,10,prtvtecz,2,ČSSD,Česká strana sociálně demokratická,177,link
CZ,10,prtvtecz,3,TOP 09,Tradice Odpovědnost Prosperita 09,223,link
CZ,10,prtvtecz,4,ANO 2011,Akce nespokojených občanů,2141,link
CZ,10,prtvtecz,5,ODS,Občanská demokratická strana,466,link
CZ,10,prtvtecz,6,KDU-ČSL,Křesťanská a demokratická unie / Československá strana lidová,676,link
CZ,10,prtvtecz,7,Česká pirátská strana,Ceska piratska strana,2047,link
CZ,10,prtvtecz,8,Svoboda a přímá demokracie,Svoboda a přímá demokracie,6125,link
CZ,10,prtvtecz,9,Starostové a nezávislí,Starostové a nezávislí,1707,link
CZ,10,prtvtecz,10,Other,other,,hand
CZ,10,prtvtecz,66,Not applicable*,,,missing
CZ,10,prtvtecz,77,Refusal*,refused,,missing
CZ,10,prtvtecz,88,Don't know*,dont-know,,missing
CZ,10,prtvtecz,99,No answer*,,,missing
DE,2,prtclade,1,Social Democratic Party (SPD),Sozialdemokratische Partei Deutschlands,383,link
DE,2,prtclade,2,Christian Democratic Union/Christian Social Union (CDU/CSU),Christlich Demokratische Union / Christlich Soziale Union,211,link
DE,2,prtclade,3,Alliance 90/The Greens (Bündnis 90/Die Grünen),Bündnis 90 / Die Grünen,1816,link
DE,2,prtclade,4,Free Democratic Party (FDP),Freie Demokratische Partei,573,link
DE,2,prtclade,5,Party of Democratic Socialism (PDS),Partei des Demokratischen Sozialismus,86,link
DE,2,prtclade,6,The Republicans (REP),Die Republikaner,720,link
DE,2,prtclade,7,National Democratic Party/German People's Union (NPD/DVU),Nationaldemokratische Partei Deutschlands,1723,link
DE,2,prtclade,8,Other,other,,hand
DE,2,prtclade,66,Not applicable*,,,missing
DE,2,prtclade,77,Refusal*,refused,,missing
DE,2,prtclade,88,Don't know*,dont-know,,missing
DE,3,prtclbde,1,Social Democratic Party (SPD),Sozialdemokratische Partei Deutschlands,383,link
DE,3,prtclbde,2,Christian Democratic Union/Christian Social Union (CDU/CSU),Christlich Demokratische Union / Christlich Soziale Union,211,link
DE,3,prtclbde,3,Alliance 90/The Greens (Bündnis 90/Die Grünen),Bündnis 90 / Die Grünen,1816,link
DE,3,prtclbde,4,Free Democratic Party (FDP),Freie Demokratische Partei,573,link
DE,3,prtclbde,5,The Left Party.PDS (Die Linkspartei.PDS),Partei des Demokratischen Sozialismus,86,hand
DE,3,prtclbde,6,The Republicans (REP),Die Republikaner,720,link
DE,3,prtclbde,7,National Democratic Party/German People's Union (NPD/DVU),Nationaldemokratische Partei Deutschlands,1723,link
DE,3,prtclbde,8,Other,other,,hand
DE,3,prtclbde,66,Not applicable*,,,missing
DE,3,prtclbde,77,Refusal*,refused,,missing
DE,3,prtclbde,88,Don't know*,dont-know,,missing
DE,4,prtclbde,1,Social Democratic Party (SPD),Sozialdemokratische Partei Deutschlands,383,link
DE,4,prtclbde,2,Christian Democratic Union/Christian Social Union (CDU/CSU),Christlich Demokratische Union / Christlich Soziale Union,211,link
DE,4,prtclbde,3,Alliance 90/The Greens (Bündnis 90/Die Grünen),Bündnis 90 / Die Grünen,1816,link
DE,4,prtclbde,4,Free Democratic Party (FDP),Freie Demokratische Partei,573,link
DE,4,prtclbde,5,The Left Party.PDS (Die Linkspartei.PDS),Partei des Demokratischen Sozialismus,86,hand
DE,4,prtclbde,6,The Republicans (REP),Die Republikaner,720,link
DE,4,prtclbde,7,National Democratic Party/German People's Union (NPD/DVU),Nationaldemokratische Partei Deutschlands,1723,link
DE,4,prtclbde,8,Other,other,,hand
DE,4,prtclbde,66,Not applicable*,,,missing
DE,4,prtclbde,77,Refusal*,refused,,missing
DE,4,prtclbde,88,Don't know*,dont-know,,missing
DE,5,prtclcde,1,Social Democratic Party (SPD),Sozialdemokratische Partei Deutschlands,383,link
DE,5,prtclcde,2,Christian Democratic Union/Christian Social Union (CDU/CSU),Christlich Demokratische Union / Christlich Soziale Union,211,link
DE,5,prtclcde,3,Alliance 90/The Greens (Bündnis 90/Die Grünen),Bündnis 90 / Die Grünen,1816,link
DE,5,prtclcde,4,Free Democratic Party (FDP),Freie Demokratische Partei,573,link
DE,5,prtclcde,5,The Left (Die Linke),Die Linke,1545,link
DE,5,prtclcde,6,The Republicans (REP),Die Republikaner,720,link
DE,5,prtclcde,7,National Democratic Party (NPD),Nationaldemokratische Partei Deutschlands,1723,hand
DE,5,prtclcde,8,Other,other,,hand
DE,5,prtclcde,66,Not applicable*,,,missing
DE,5,prtclcde,77,Refusal*,refused,,missing
DE,5,prtclcde,88,Don't know*,dont-know,,missing
DE,6,prtcldde,1,Social Democratic Party (SPD),Sozialdemokratische Partei Deutschlands,383,link
DE,6,prtcldde,2,Christian Democratic Union/Christian Social Union (CDU/CSU),Christlich Demokratische Union / Christlich Soziale Union,211,link
DE,6,prtcldde,3,Alliance 90/The Greens (Bündnis 90/Die Grünen),Bündnis 90 / Die Grünen,1816,link
DE,6,prtcldde,4,Free Democratic Party (FDP),Freie Demokratische Partei,573,link
DE,6,prtcldde,5,The Left (Die Linke),Die Linke,1545,link
DE,6,prtcldde,6,The Republicans (REP),Die Republikaner,720,link
DE,6,prtcldde,7,National Democratic Party (NPD),Nationaldemokratische Partei Deutschlands,1723,hand
DE,6,prtcldde,8,Pirate Party (Piratenpartei),Piratenpartei Deutschland,1287,link
DE,6,prtcldde,9,Other,other,,hand
DE,6,prtcldde,66,Not applicable*,,,missing
DE,6,prtcldde,77,Refusal*,refused,,missing
DE,6,prtcldde,88,Don't know*,dont-know,,missing
DE,1,prtclde,1,Social Democratic Party (SPD),Sozialdemokratische Partei Deutschlands,383,link
DE,1,prtclde,2,Christian Democratic Union/Christian Social Union (CDU/CSU),Christlich Demokratische Union / Christlich Soziale Union,211,link
DE,1,prtclde,3,Alliance 90/The Greens (Bündnis 90/Die Grünen),Bündnis 90 / Die Grünen,1816,link
DE,1,prtclde,4,Free Democratic Party (FDP),Freie Demokratische Partei,573,link
DE,1,prtclde,5,Party of Democratic Socialism (PDS),Partei des Demokratischen Sozialismus,86,link
DE,1,prtclde,6,The Republicans (REP),Die Republikaner,720,link
DE,1,prtclde,7,Other,other,,hand
DE,1,prtclde,66,Not applicable*,,,missing
DE,1,prtclde,77,Refusal*,refused,,missing
DE,1,prtclde,88,Don't know*,dont-know,,missing
DE,7,prtclede,1,Christian Democratic Union/Christian Social Union (CDU/CSU),Christlich Demokratische Union / Christlich Soziale Union,211,link
DE,7,prtclede,2,Social Democratic Party (SPD),Sozialdemokratische Partei Deutschlands,383,link
DE,7,prtclede,3,The Left (Die Linke),Die Linke,1545,link
DE,7,prtclede,4,Alliance 90/The Greens (Bündnis 90/Die Grünen),Bündnis 90 / Die Grünen,1816,link
DE,7,prtclede,5,Free Democratic Party (FDP),Freie Demokratische Partei,573,link
DE,7,prtclede,6,Alternative for Germany (AFD),Alternative für Deutschland,1976,link
DE,7,prtclede,7,Pirate Party (Piratenpartei),Piratenpartei Deutschland,1287,link
DE,7,prtclede,8,National Democratic Party (NPD),Nationaldemokratische Partei Deutschlands,1723,hand
DE,7,prtclede,9,Other,other,,hand
DE,7,prtclede,66,Not applicable*,,,missing
DE,7,prtclede,77,Refusal*,refused,,missing
DE,7,prtclede,88,Don't know*,dont-know,,missing
DE,8,prtclede,1,Christian Democratic Union/Christian Social Union (CDU/CSU),Christlich Demokratische Union / Christlich Soziale Union,211,link
DE,8,prtclede,2,Social Democratic Party (SPD),Sozialdemokratische Partei Deutschlands,383,link
DE,8,prtclede,3,The Left (Die Linke),Die Linke,1545,link
DE,8,prtclede,4,Alliance 90/The Greens (Bündnis 90/Die Grünen),Bündnis 90 / Die Grünen,1816,link
DE,8,prtclede,5,Free Democratic Party (FDP),Freie Demokratische Partei,573,link
DE,8,prtclede,6,Alternative for Germany (AFD),Alternative für Deutschland,1976,link
DE,8,prtclede,7,Pirate Party (Piratenpartei),Piratenpartei Deutschland,1287,link
DE,8,prtclede,8,National Democratic Party (NPD),Nationaldemokratische Partei Deutschlands,1723,hand
DE,8,prtclede,9,Other,other,,hand
DE,8,prtclede,66,Not applicable*,,,missing
DE,8,prtclede,77,Refusal*,refused,,missing
DE,8,prtclede,88,Don't know*,dont-know,,missing
DE,9,prtclede,1,Christian Democratic Union/Christian Social Union (CDU/CSU),Christlich Demokratische Union / Christlich Soziale Union,211,link
DE,9,prtclede,2,Social Democratic Party (SPD),Sozialdemokratische Partei Deutschlands,383,link
DE,9,prtclede,3,The Left (Die Linke),Die Linke,1545,link
DE,9,prtclede,4,Alliance 90/The Greens (Bündnis 90/Die Grünen),Bündnis 90 / Die Grünen,1816,link
DE,9,prtclede,5,Free Democratic Party (FDP),Freie Demokratische Partei,573,link
DE,9,prtclede,6,Alternative for Germany (AFD),Alternative für Deutschland,1976,link
DE,9,prtclede,7,Pirate Party (Piratenpartei),Piratenpartei Deutschland,1287,link
DE,9,prtclede,9,Other,other,,hand
DE,9,prtclede,66,Not applicable*,,,missing
DE,9,prtclede,77,Refusal*,refused,,missing
DE,9,prtclede,88,Don't know*,dont-know,,missing
DE,10,prtclfde,1,Christian Democratic Union/Christian Social Union (CDU/CSU),Christlich Demokratische Union / Christlich Soziale Union,211,link
DE,10,prtclfde,2,Social Democratic Party (SPD),Sozialdemokratische Partei Deutschlands,383,link
DE,10,prtclfde,3,The Left (Die Linke),Die Linke,1545,link
DE,10,prtclfde,4,Alliance 90/The Greens (Bündnis 90/Die Grünen),Bündnis 90 / Die Grünen,1816,link
DE,10,prtclfde,5,Free Democratic Party (FDP),Freie Demokratische Partei,573,link
DE,10,prtclfde,6,Alternative for Germany (AFD),Alternative für Deutschland,1976,link
DE,10,prtclfde,7,Other,other,,hand
DE,10,prtclfde,66,Not applicable*,,,missing
DE,10,prtclfde,99,No answer*,,,missing
DE,11,prtclgde,1,Christian Democratic Union/Christian Social Union (CDU/CSU),Christlich Demokratische Union / Christlich Soziale Union,211,link
DE,11,prtclgde,2,Social Democratic Party (SPD),Sozialdemokratische Partei Deutschlands,383,link
DE,11,prtclgde,3,The Left (Die Linke),Die Linke,1545,link
DE,11,prtclgde,4,Alliance 90/The Greens (Bündnis 90/Die Grünen),Bündnis 90 / Die Grünen,1816,link
DE,11,prtclgde,5,Free Democratic Party (FDP),Freie Demokratische Partei,573,link
DE,11,prtclgde,6,Alternative for Germany (AFD),Alternative für Deutschland,1976,link
DE,11,prtclgde,7,Free Voters (Freie Wähler),Freie Wähler,1090,link
DE,11,prtclgde,8,Grassroots Democratic Party of Germany (dieBasis),Basisdemokratische Partei Deutschland,8993,link
DE,11,prtclgde,9,"Party for Labour, Rule of Law, Animal Protection, Promotion of Elites and Grassroots Democratic Initiative (Die PARTEI)",Die PARTEI,6126,link
DE,11,prtclgde,55,Other,other,,hand
DE,11,prtclgde,66,Not applicable*,,,missing
DE,11,prtclgde,77,Refusal*,refused,,missing
DE,11,prtclgde,88,Don't know*,dont-know,,missing
DE,2,prtvade1,1,Social Democratic Party (SPD),Sozialdemokratische Partei Deutschlands,383,link
DE,2,prtvade1,2,Christian Democratic Union/Christian Social Union (CDU/CSU),Christlich Demokratische Union / Christlich Soziale Union,211,link
DE,2,prtvade1,3,Alliance 90/The Greens (Bündnis 90/Die Grünen),Bündnis 90 / Die Grünen,1816,link
DE,2,prtvade1,4,Free Democratic Party (FDP),Freie Demokratische Partei,573,link
DE,2,prtvade1,5,Party of Democratic Socialism (PDS),Partei des Demokratischen Sozialismus,86,link
DE,2,prtvade1,6,The Republicans (REP),Die Republikaner,720,link
DE,2,prtvade1,7,National Democratic Party/German People's Union (NPD/DVU),Nationaldemokratische Partei Deutschlands,1723,link
DE,2,prtvade1,8,Other,other,,hand
DE,2,prtvade1,66,Not applicable*,,,missing
DE,2,prtvade1,77,Refusal*,refused,,missing
DE,2,prtvade1,88,Don't know*,dont-know,,missing
DE,2,prtvade2,1,Social Democratic Party (SPD),Sozialdemokratische Partei Deutschlands,383,link
DE,2,prtvade2,2,Christian Democratic Union/Christian Social Union (CDU/CSU),Christlich Demokratische Union / Christlich Soziale Union,211,link
DE,2,prtvade2,3,Alliance 90/The Greens (Bündnis 90/Die Grünen),Bündnis 90 / Die Grünen,1816,link
DE,2,prtvade2,4,Free Democratic Party (FDP),Freie Demokratische Partei,573,link
DE,2,prtvade2,5,Party of Democratic Socialism (PDS),Partei des Demokratischen Sozialismus,86,link
DE,2,prtvade2,6,The Republicans (REP),Die Republikaner,720,link
DE,2,prtvade2,7,National Democratic Party/German People's Union (NPD/DVU),Nationaldemokratische Partei Deutschlands,1723,link
DE,2,prtvade2,8,Other,other,,hand
DE,2,prtvade2,66,Not applicable*,,,missing
DE,2,prtvade2,77,Refusal*,refused,,missing
DE,2,prtvade2,88,Don't know*,dont-know,,missing
DE,3,prtvbde1,1,Social Democratic Party (SPD),Sozialdemokratische Partei Deutschlands,383,link
DE,3,prtvbde1,2,Christian Democratic Union/Christian Social Union (CDU/CSU),Christlich Demokratische Union / Christlich Soziale Union,211,link
DE,3,prtvbde1,3,Alliance 90/The Greens (Bündnis 90/Die Grünen),Bündnis 90 / Die Grünen,1816,link
DE,3,prtvbde1,4,Free Democratic Party (FDP),Freie Demokratische Partei,573,link
DE,3,prtvbde1,5,The Left Party.PDS (Die Linkspartei.PDS),Partei des Demokratischen Sozialismus,86,hand
DE,3,prtvbde1,6,The Republicans (REP),Die Republikaner,720,link
DE,3,prtvbde1,7,National Democratic Party/German People's Union (NPD/DVU),Nationaldemokratische Partei Deutschlands,1723,link
DE,3,prtvbde1,8,Other,other,,hand
DE,3,prtvbde1,66,Not applicable*,,,missing
DE,3,prtvbde1,77,Refusal*,refused,,missing
DE,3,prtvbde1,88,Don't know*,dont-know,,missing
DE,4,prtvbde1,1,Social Democratic Party (SPD),Sozialdemokratische Partei Deutschlands,383,link
DE,4,prtvbde1,2,Christian Democratic Union/Christian Social Union (CDU/CSU),Christlich Demokratische Union / Christlich Soziale Union,211,link
DE,4,prtvbde1,3,Alliance 90/The Greens (Bündnis 90/Die Grünen),Bündnis 90 / Die Grünen,1816,link
DE,4,prtvbde1,4,Free Democratic Party (FDP),Freie Demokratische Partei,573,link
DE,4,prtvbde1,5,The Left Party.PDS (Die Linkspartei.PDS),Partei des Demokratischen Sozialismus,86,hand
DE,4,prtvbde1,6,The Republicans (REP),Die Republikaner,720,link
DE,4,prtvbde1,7,National Democratic Party/German People's Union (NPD/DVU),Nationaldemokratische Partei Deutschlands,1723,link
DE,4,prtvbde1,8,Other,other,,hand
DE,4,prtvbde1,66,Not applicable*,,,missing
DE,4,prtvbde1,77,Refusal*,refused,,missing
DE,4,prtvbde1,88,Don't know*,dont-know,,missing
DE,3,prtvbde2,1,Social Democratic Party (SPD),Sozialdemokratische Partei Deutschlands,383,link
DE,3,prtvbde2,2,Christian Democratic Union/Christian Social Union (CDU/CSU),Christlich Demokratische Union / Christlich Soziale Union,211,link
DE,3,prtvbde2,3,Alliance 90/The Greens (Bündnis 90/Die Grünen),Bündnis 90 / Die Grünen,1816,link
DE,3,prtvbde2,4,Free Democratic Party (FDP),Freie Demokratische Partei,573,link
DE,3,prtvbde2,5,The Left Party.PDS (Die Linkspartei.PDS),Partei des Demokratischen Sozialismus,86,hand
DE,3,prtvbde2,6,The Republicans (REP),Die Republikaner,720,link
DE,3,prtvbde2,7,National Democratic Party/German People's Union (NPD/DVU),Nationaldemokratische Partei Deutschlands,1723,link
DE,3,prtvbde2,8,Other,other,,hand
DE,3,prtvbde2,66,Not applicable*,,,missing
DE,3,prtvbde2,77,Refusal*,refused,,missing
DE,3,prtvbde2,88,Don't know*,dont-know,,missing
DE,4,prtvbde2,1,Social Democratic Party (SPD),Sozialdemokratische Partei Deutschlands,383,link
DE,4,prtvbde2,2,Christian Democratic Union/Christian Social Union (CDU/CSU),Christlich Demokratische Union / Christlich Soziale Union,211,link
DE,4,prtvbde2,3,Alliance 90/The Greens (Bündnis 90/Die Grünen),Bündnis 90 / Die Grünen,1816,link
DE,4,prtvbde2,4,Free Democratic Party (FDP),Freie Demokratische Partei,573,link
DE,4,prtvbde2,5,The Left Party.PDS (Die Linkspartei.PDS),Partei des Demokratischen Sozialismus,86,hand
DE,4,prtvbde2,6,The Republicans (REP),Die Republikaner,720,link
DE,4,prtvbde2,7,National Democratic Party/German People's Union (NPD/DVU),Nationaldemokratische Partei Deutschlands,1723,link
DE,4,prtvbde2,8,Other,other,,hand
DE,4,prtvbde2,66,Not applicable*,,,missing
DE,4,prtvbde2,77,Refusal*,refused,,missing
DE,4,prtvbde2,88,Don't know*,dont-know,,missing
DE,5,prtvcde1,1,Social Democratic Party (SPD),Sozialdemokratische Partei Deutschlands,383,link
DE,5,prtvcde1,2,Christian Democratic Union/Christian Social Union (CDU/CSU),Christlich Demokratische Union / Christlich Soziale Union,211,link
DE,5,prtvcde1,3,Alliance 90/The Greens (Bündnis 90/Die Grünen),Bündnis 90 / Die Grünen,1816,link
DE,5,prtvcde1,4,Free Democratic Party (FDP),Freie Demokratische Partei,573,link
DE,5,prtvcde1,5,The Left (Die Linke),Die Linke,1545,link
DE,5,prtvcde1,6,The Republicans (REP),Die Republikaner,720,link
DE,5,prtvcde1,7,National Democratic Party (NPD),Nationaldemokratische Partei Deutschlands,1723,hand
DE,5,prtvcde1,8,Other,other,,hand
DE,5,prtvcde1,66,Not applicable*,,,missing
DE,5,prtvcde1,77,Refusal*,refused,,missing
DE,5,prtvcde1,88,Don't know*,dont-know,,missing
DE,5,prtvcde2,1,Social Democratic Party (SPD),Sozialdemokratische Partei Deutschlands,383,link
DE,5,prtvcde2,2,Christian Democratic Union/Christian Social Union (CDU/CSU),Christlich Demokratische Union / Christlich Soziale Union,211,link
DE,5,prtvcde2,3,Alliance 90/The Greens (Bündnis 90/Die Grünen),Bündnis 90 / Die Grünen,1816,link
DE,5,prtvcde2,4,Free Democratic Party (FDP),Freie Demokratische Partei,573,link
DE,5,prtvcde2,5,The Left (Die Linke),Die Linke,1545,link
DE,5,prtvcde2,6,The Republicans (REP),Die Republikaner,720,link
DE,5,prtvcde2,7,National Democratic Party (NPD),Nationaldemokratische Partei Deutschlands,1723,hand
DE,5,prtvcde2,8,Other,other,,hand
DE,5,prtvcde2,66,Not applicable*,,,missing
DE,5,prtvcde2,77,Refusal*,refused,,missing
DE,5,prtvcde2,88,Don't know*,dont-know,,missing
DE,6,prtvdde1,1,Social Democratic Party (SPD),Sozialdemokratische Partei Deutschlands,383,link
DE,6,prtvdde1,2,Christian Democratic Union/Christian Social Union (CDU/CSU),Christlich Demokratische Union / Christlich Soziale Union,211,link
DE,6,prtvdde1,3,Alliance 90/The Greens (Bündnis 90/Die Grünen),Bündnis 90 / Die Grünen,1816,link
DE,6,prtvdde1,4,Free Democratic Party (FDP),Freie Demokratische Partei,573,link
DE,6,prtvdde1,5,The Left (Die Linke),Die Linke,1545,link
DE,6,prtvdde1,6,The Republicans (REP),Die Republikaner,720,link
DE,6,prtvdde1,7,National Democratic Party (NPD),Nationaldemokratische Partei Deutschlands,1723,hand
DE,6,prtvdde1,8,Pirate Party (Piratenpartei),Piratenpartei Deutschland,1287,link
DE,6,prtvdde1,9,Other,other,,hand
DE,6,prtvdde1,66,Not applicable*,,,missing
DE,6,prtvdde1,77,Refusal*,refused,,missing
DE,6,prtvdde1,88,Don't know*,dont-know,,missing
DE,6,prtvdde1,99,No answer*,,,missing
DE,6,prtvdde2,1,Social Democratic Party (SPD),Sozialdemokratische Partei Deutschlands,383,link
DE,6,prtvdde2,2,Christian Democratic Union/Christian Social Union (CDU/CSU),Christlich Demokratische Union / Christlich Soziale Union,211,link
DE,6,prtvdde2,3,Alliance 90/The Greens (Bündnis 90/Die Grünen),Bündnis 90 / Die Grünen,1816,link
DE,6,prtvdde2,4,Free Democratic Party (FDP),Freie Demokratische Partei,573,link
DE,6,prtvdde2,5,The Left (Die Linke),Die Linke,1545,link
DE,6,prtvdde2,6,The Republicans (REP),Die Republikaner,720,link
DE,6,prtvdde2,7,National Democratic Party (NPD),Nationaldemokratische Partei Deutschlands,1723,hand
DE,6,prtvdde2,8,Pirate Party (Piratenpartei),Piratenpartei Deutschland,1287,link
DE,6,prtvdde2,9,Other,other,,hand
DE,6,prtvdde2,66,Not applicable*,,,missing
DE,6,prtvdde2,77,Refusal*,refused,,missing
DE,6,prtvdde2,88,Don't know*,dont-know,,missing
DE,6,prtvdde2,99,No answer*,,,missing
DE,1,prtvde1,1,Social Democratic Party (SPD),Sozialdemokratische Partei Deutschlands,383,link
DE,1,prtvde1,2,Christian Democratic Union/Christian Social Union (CDU/CSU),Christlich Demokratische Union / Christlich Soziale Union,211,link
DE,1,prtvde1,3,Alliance 90/The Greens (Bündnis 90/Die Grünen),Bündnis 90 / Die Grünen,1816,link
DE,1,prtvde1,4,Free Democratic Party (FDP),Freie Demokratische Partei,573,link
DE,1,prtvde1,5,Party of Democratic Socialism (PDS),Partei des Demokratischen Sozialismus,86,link
DE,1,prtvde1,6,The Republicans (REP),Die Republikaner,720,link
DE,1,prtvde1,7,Other,other,,hand
DE,1,prtvde1,66,Not applicable*,,,missing
DE,1,prtvde1,77,Refusal*,refused,,missing
DE,1,prtvde1,88,Don't know*,dont-know,,missing
DE,1,prtvde2,1,Social Democratic Party (SPD),Sozialdemokratische Partei Deutschlands,383,link
DE,1,prtvde2,2,Christian Democratic Union/Christian Social Union (CDU/CSU),Christlich Demokratische Union / Christlich Soziale Union,211,link
DE,1,prtvde2,3,Alliance 90/The Greens (Bündnis 90/Die Grünen),Bündnis 90 / Die Grünen,1816,link
DE,1,prtvde2,4,Free Democratic Party (FDP),Freie Demokratische Partei,573,link
DE,1,prtvde2,5,Party of Democratic Socialism (PDS),Partei des Demokratischen Sozialismus,86,link
DE,1,prtvde2,6,The Republicans (REP),Die Republikaner,720,link
DE,1,prtvde2,7,Other,other,,hand
DE,1,prtvde2,66,Not applicable*,,,missing
DE,1,prtvde2,77,Refusal*,refused,,missing
DE,1,prtvde2,88,Don't know*,dont-know,,missing
DE,7,prtvede1,1,Christian Democratic Union/Christian Social Union (CDU/CSU),Christlich Demokratische Union / Christlich Soziale Union,211,link
DE,7,prtvede1,2,Social Democratic Party (SPD),Sozialdemokratische Partei Deutschlands,383,link
DE,7,prtvede1,3,The Left (Die Linke),Die Linke,1545,link
DE,7,prtvede1,4,Alliance 90/The Greens (Bündnis 90/Die Grünen),Bündnis 90 / Die Grünen,1816,link
DE,7,prtvede1,5,Free Democratic Party (FDP),Freie Demokratische Partei,573,link
DE,7,prtvede1,6,Alternative for Germany (AFD),Alternative für Deutschland,1976,link
DE,7,prtvede1,7,Pirate Party (Piratenpartei),Piratenpartei Deutschland,1287,link
DE,7,prtvede1,8,National Democratic Party (NPD),Nationaldemokratische Partei Deutschlands,1723,hand
DE,7,prtvede1,9,Other,other,,hand
DE,7,prtvede1,66,Not applicable*,,,missing
DE,7,prtvede1,77,Refusal*,refused,,missing
DE,7,prtvede1,88,Don't know*,dont-know,,missing
DE,8,prtvede1,1,Christian Democratic Union/Christian Social Union (CDU/CSU),Christlich Demokratische Union / Christlich Soziale Union,211,link
DE,8,prtvede1,2,Social Democratic Party (SPD),Sozialdemokratische Partei Deutschlands,383,link
DE,8,prtvede1,3,The Left (Die Linke),Die Linke,1545,link
DE,8,prtvede1,4,Alliance 90/The Greens (Bündnis 90/Die Grünen),Bündnis 90 / Die Grünen,1816,link
DE,8,prtvede1,5,Free Democratic Party (FDP),Freie Demokratische Partei,573,link
DE,8,prtvede1,6,Alternative for Germany (AFD),Alternative für Deutschland,1976,link
DE,8,prtvede1,7,Pirate Party (Piratenpartei),Piratenpartei Deutschland,1287,link
DE,8,prtvede1,8,National Democratic Party (NPD),Nationaldemokratische Partei Deutschlands,1723,hand
DE,8,prtvede1,9,Other,other,,hand
DE,8,prtvede1,66,Not applicable*,,,missing
DE,8,prtvede1,77,Refusal*,refused,,missing
DE,8,prtvede1,88,Don't know*,dont-know,,missing
DE,9,prtvede1,1,Christian Democratic Union/Christian Social Union (CDU/CSU),Christlich Demokratische Union / Christlich Soziale Union,211,link
DE,9,prtvede1,2,Social Democratic Party (SPD),Sozialdemokratische Partei Deutschlands,383,link
DE,9,prtvede1,3,The Left (Die Linke),Die Linke,1545,link
DE,9,prtvede1,4,Alliance 90/The Greens (Bündnis 90/Die Grünen),Bündnis 90 / Die Grünen,1816,link
DE,9,prtvede1,5,Free Democratic Party (FDP),Freie Demokratische Partei,573,link
DE,9,prtvede1,6,Alternative for Germany (AFD),Alternative für Deutschland,1976,link
DE,9,prtvede1,7,Pirate Party (Piratenpartei),Piratenpartei Deutschland,1287,link
DE,9,prtvede1,8,National Democratic Party (NPD),Nationaldemokratische Partei Deutschlands,1723,hand
DE,9,prtvede1,9,Other,other,,hand
DE,9,prtvede1,66,Not applicable*,,,missing
DE,9,prtvede1,77,Refusal*,refused,,missing
DE,9,prtvede1,88,Don't know*,dont-know,,missing
DE,7,prtvede2,1,Christian Democratic Union/Christian Social Union (CDU/CSU),Christlich Demokratische Union / Christlich Soziale Union,211,link
DE,7,prtvede2,2,Social Democratic Party (SPD),Sozialdemokratische Partei Deutschlands,383,link
DE,7,prtvede2,3,The Left (Die Linke),Die Linke,1545,link
DE,7,prtvede2,4,Alliance 90/The Greens (Bündnis 90/Die Grünen),Bündnis 90 / Die Grünen,1816,link
DE,7,prtvede2,5,Free Democratic Party (FDP),Freie Demokratische Partei,573,link
DE,7,prtvede2,6,Alternative for Germany (AFD),Alternative für Deutschland,1976,link
DE,7,prtvede2,7,Pirate Party (Piratenpartei),Piratenpartei Deutschland,1287,link
DE,7,prtvede2,8,National Democratic Party (NPD),Nationaldemokratische Partei Deutschlands,1723,hand
DE,7,prtvede2,9,Other,other,,hand
DE,7,prtvede2,66,Not applicable*,,,missing
DE,7,prtvede2,77,Refusal*,refused,,missing
DE,7,prtvede2,88,Don't know*,dont-know,,missing
DE,8,prtvede2,1,Christian Democratic Union/Christian Social Union (CDU/CSU),Christlich Demokratische Union / Christlich Soziale Union,211,link
DE,8,prtvede2,2,Social Democratic Party (SPD),Sozialdemokratische Partei Deutschlands,383,link
DE,8,prtvede2,3,The Left (Die Linke),Die Linke,1545,link
DE,8,prtvede2,4,Alliance 90/The Greens (Bündnis 90/Die Grünen),Bündnis 90 / Die Grünen,1816,link
DE,8,prtvede2,5,Free Democratic Party (FDP),Freie Demokratische Partei,573,link
DE,8,prtvede2,6,Alternative for Germany (AFD),Alternative für Deutschland,1976,link
DE,8,prtvede2,7,Pirate Party (Piratenpartei),Piratenpartei Deutschland,1287,link
DE,8,prtvede2,8,National Democratic Party (NPD),Nationaldemokratische Partei Deutschlands,1723,hand
DE,8,prtvede2,9,Other,other,,hand
DE,8,prtvede2,66,Not applicable*,,,missing
DE,8,prtvede2,77,Refusal*,refused,,missing
DE,8,prtvede2,88,Don't know*,dont-know,,missing
DE,9,prtvede2,1,Christian Democratic Union/Christian Social Union (CDU/CSU),Christlich Demokratische Union / Christlich Soziale Union,211,link
DE,9,prtvede2,2,Social Democratic Party (SPD),Sozialdemokratische Partei Deutschlands,383,link
DE,9,prtvede2,3,The Left (Die Linke),Die Linke,1545,link
DE,9,prtvede2,4,Alliance 90/The Greens (Bündnis 90/Die Grünen),Bündnis 90 / Die Grünen,1816,link
DE,9,prtvede2,5,Free Democratic Party (FDP),Freie Demokratische Partei,573,link
DE,9,prtvede2,6,Alternative for Germany (AFD),Alternative für Deutschland,1976,link
DE,9,prtvede2,7,Pirate Party (Piratenpartei),Piratenpartei Deutschland,1287,link
DE,9,prtvede2,8,National Democratic Party (NPD),Nationaldemokratische Partei Deutschlands,1723,hand
DE,9,prtvede2,9,Other,other,,hand
DE,9,prtvede2,66,Not applicable*,,,missing
DE,9,prtvede2,77,Refusal*,refused,,missing
DE,9,prtvede2,88,Don't know*,dont-know,,missing
DE,10,prtvfde1,1,Christian Democratic Union/Christian Social Union (CDU/CSU),Christlich Demokratische Union / Christlich Soziale Union,211,link
DE,10,prtvfde1,2,Social Democratic Party (SPD),Sozialdemokratische Partei Deutschlands,383,link
DE,10,prtvfde1,3,The Left (Die Linke),Die Linke,1545,link
DE,10,prtvfde1,4,Alliance 90/The Greens (Bündnis 90/Die Grünen),Bündnis 90 / Die Grünen,1816,link
DE,10,prtvfde1,5,Free Democratic Party (FDP),Freie Demokratische Partei,573,link
DE,10,prtvfde1,6,Alternative for Germany (AFD),Alternative für Deutschland,1976,link
DE,10,prtvfde1,7,Other,other,,hand
DE,10,prtvfde1,66,Not applicable*,,,missing
DE,10,prtvfde1,99,No answer*,,,missing
DE,10,prtvfde2,1,Christian Democratic Union/Christian Social Union (CDU/CSU),Christlich Demokratische Union / Christlich Soziale Union,211,link
DE,10,prtvfde2,2,Social Democratic Party (SPD),Sozialdemokratische Partei Deutschlands,383,link
DE,10,prtvfde2,3,The Left (Die Linke),Die Linke,1545,link
DE,10,prtvfde2,4,Alliance 90/The Greens (Bündnis 90/Die Grünen),Bündnis 90 / Die Grünen,1816,link
DE,10,prtvfde2,5,Free Democratic Party (FDP),Freie Demokratische Partei,573,link
DE,10,prtvfde2,6,Alternative for Germany (AFD),Alternative für Deutschland,1976,link
DE,10,prtvfde2,7,Other,other,,hand
DE,10,prtvfde2,66,Not applicable*,,,missing
DE,10,prtvfde2,99,No answer*,,,missing
DE,11,prtvgde1,1,Christian Democratic Union/Christian Social Union (CDU/CSU),Christlich Demokratische Union / Christlich Soziale Union,211,link
DE,11,prtvgde1,2,Social Democratic Party (SPD),Sozialdemokratische Partei Deutschlands,383,link
DE,11,prtvgde1,3,The Left (Die Linke),Die Linke,1545,link
DE,11,prtvgde1,4,Alliance 90/The Greens (Bündnis 90/Die Grünen),Bündnis 90 / Die Grünen,1816,link
DE,11,prtvgde1,5,Free Democratic Party (FDP),Freie Demokratische Partei,573,link
DE,11,prtvgde1,6,Alternative for Germany (AFD),Alternative für Deutschland,1976,link
DE,11,prtvgde1,7,Free Voters (Freie Wähler),Freie Wähler,1090,link
DE,11,prtvgde1,8,Grassroots Democratic Party of Germany (dieBasis),Basisdemokratische Partei Deutschland,8993,link
DE,11,prtvgde1,9,"Party for Labour, Rule of Law, Animal Protection, Promotion of Elites and Grassroots Democratic Initiative (Die PARTEI)",Die PARTEI,6126,link
DE,11,prtvgde1,55,Other,other,,hand
DE,11,prtvgde1,66,Not applicable*,,,missing
DE,11,prtvgde1,77,Refusal*,refused,,missing
DE,11,prtvgde1,88,Don't know*,dont-know,,missing
DE,11,prtvgde2,1,Christian Democratic Union/Christian Social Union (CDU/CSU),Christlich Demokratische Union / Christlich Soziale Union,211,link
DE,11,prtvgde2,2,Social Democratic Party (SPD),Sozialdemokratische Partei Deutschlands,383,link
DE,11,prtvgde2,3,The Left (Die Linke),Die Linke,1545,link
DE,11,prtvgde2,4,Alliance 90/The Greens (Bündnis 90/Die Grünen),Bündnis 90 / Die Grünen,1816,link
DE,11,prtvgde2,5,Free Democratic Party (FDP),Freie Demokratische Partei,573,link
DE,11,prtvgde2,6,Alternative for Germany (AFD),Alternative für Deutschland,1976,link
DE,11,prtvgde2,7,Free Voters (Freie Wähler),Freie Wähler,1090,link
DE,11,prtvgde2,8,Grassroots Democratic Party of Germany (dieBasis),Basisdemokratische Partei Deutschland,8993,link
DE,11,prtvgde2,9,"Party for Labour, Rule of Law, Animal Protection, Promotion of Elites and Grassroots Democratic Initiative (Die PARTEI)",Die PARTEI,6126,link
DE,11,prtvgde2,55,Other,other,,hand
DE,11,prtvgde2,66,Not applicable*,,,missing
DE,11,prtvgde2,77,Refusal*,refused,,missing
DE,11,prtvgde2,88,Don't know*,dont-know,,missing
DK,3,prtcladk,1,Socialdemokratiet,Socialdemokraterne,379,link
DK,3,prtcladk,2,Det Radikale Venstre,Det Radikale Venstre,1507,link
DK,3,prtcladk,3,Det Konservative Folkeparti,Konservative Folkeparti,536,link
DK,3,prtcladk,4,Centrum-Demokraterne,Centrumdemokraterne,800,link
DK,3,prtcladk,5,Socialistisk Folkeparti,Socialistisk Folkeparti,329,link
DK,3,prtcladk,6,Dansk Folkeparti,Dansk Folkeparti,1022,link
DK,3,prtcladk,7,Kristendemokraterne,Kristeligt Folkeparti / Kristendemokraterne,53,hand
DK,3,prtcladk,8,Venstre,Venstre,1204,link
DK,3,prtcladk,9,Fremskridtspartiet,Fremskridtspartiet,1601,link
DK,3,prtcladk,10,Enhedslisten,Enhedslisten / De Rød-Grønne,1527,link
DK,3,prtcladk,11,Other,other,,hand
DK,3,prtcladk,66,Not applicable*,,,missing
DK,3,prtcladk,77,Refusal*,refused,,missing
DK,3,prtcladk,88,Don't know*,dont-know,,missing
DK,3,prtcladk,99,No answer*,,,missing
DK,4,prtclbdk,1,Socialdemokraterne - the Danish social democtrats,Socialdemokraterne,379,hand
DK,4,prtclbdk,2,Det Radikale Venstre - Danish Social-Liberal Party,Det Radikale Venstre,1507,hand
DK,4,prtclbdk,3,Det Konservative Folkeparti - Conservative,Konservative Folkeparti,536,hand
DK,4,prtclbdk,4,SF- Socialistisk Folkeparti - the Socialist People's Party,Socialistisk Folkeparti,329,hand
DK,4,prtclbdk,5,Dansk Folkeparti - Danish peoples party,Dansk Folkeparti,1022,hand
DK,4,prtclbdk,6,Kristendemokraterne - Christian democtrats,Kristeligt Folkeparti / Kristendemokraterne,53,hand
DK,4,prtclbdk,7,"Venstre, Danmarks Liberale Parti - Venstre",Venstre,1204,hand
DK,4,prtclbdk,8,Ny Alliance - New alliance,[Ny] Liberal Alliance,212,link
DK,4,prtclbdk,9,"Enhedslisten, De Rød-Grønne - The Red-Green Alliance",Enhedslisten / De Rød-Grønne,1527,hand
DK,4,prtclbdk,66,Not applicable*,,,missing
DK,4,prtclbdk,77,Refusal*,refused,,missing
DK,4,prtclbdk,88,Don't know*,dont-know,,missing
DK,4,prtclbdk,99,No answer*,,,missing
DK,5,prtclbdk,1,Socialdemokraterne - the Danish social democtrats,Socialdemokraterne,379,hand
DK,5,prtclbdk,2,Det Radikale Venstre - Danish Social-Liberal Party,Det Radikale Venstre,1507,hand
DK,5,prtclbdk,3,Det Konservative Folkeparti - Conservative,Konservative Folkeparti,536,hand
DK,5,prtclbdk,4,SF- Socialistisk Folkeparti - the Socialist People's Party,Socialistisk Folkeparti,329,hand
DK,5,prtclbdk,5,Dansk Folkeparti - Danish peoples party,Dansk Folkeparti,1022,hand
DK,5,prtclbdk,6,Kristendemokraterne - Christian democtrats,Kristeligt Folkeparti / Kristendemokraterne,53,hand
DK,5,prtclbdk,7,"Venstre, Danmarks Liberale Parti - Venstre",Venstre,1204,hand
DK,5,prtclbdk,8,Ny Alliance - New alliance,[Ny] Liberal Alliance,212,link
DK,5,prtclbdk,9,"Enhedslisten, De Rød-Grønne - The Red-Green Alliance",Enhedslisten / De Rød-Grønne,1527,hand
DK,5,prtclbdk,10,Andet - other,other,,hand
DK,5,prtclbdk,66,Not applicable*,,,missing
DK,5,prtclbdk,77,Refusal*,refused,,missing
DK,5,prtclbdk,88,Don't know*,dont-know,,missing
DK,5,prtclbdk,99,No answer*,,,missing
DK,6,prtclcdk,1,Socialdemokraterne - the Danish social democrats,Socialdemokraterne,379,hand
DK,6,prtclcdk,2,Det Radikale Venstre - Danish Social-Liberal Party,Det Radikale Venstre,1507,hand
DK,6,prtclcdk,3,Det Konservative Folkeparti - Conservative,Konservative Folkeparti,536,hand
DK,6,prtclcdk,4,SF Socialistisk Folkeparti - Socialist People's Party,Socialistisk Folkeparti,329,hand
DK,6,prtclcdk,5,Dansk Folkeparti - Danish peoples party,Dansk Folkeparti,1022,hand
DK,6,prtclcdk,6,Kristendemokraterne - Christian democrats,Kristeligt Folkeparti / Kristendemokraterne,53,hand
DK,6,prtclcdk,7,"Venstre, Danmarks Liberale Parti - Venstre",Venstre,1204,hand
DK,6,prtclcdk,8,Liberal Alliance - Liberal Alliance,[Ny] Liberal Alliance,212,hand
DK,6,prtclcdk,9,Enhedslisten - Unity List - The Red-Green Alliance,Enhedslisten / De Rød-Grønne,1527,hand
DK,6,prtclcdk,10,Andet - other,other,,hand
DK,6,prtclcdk,66,Not applicable*,,,missing
DK,6,prtclcdk,77,Refusal*,refused,,missing
DK,6,prtclcdk,88,Don't know*,dont-know,,missing
DK,6,prtclcdk,99,No answer*,,,missing
DK,7,prtclcdk,1,Socialdemokraterne - the Danish social democrats,Socialdemokraterne,379,hand
DK,7,prtclcdk,2,Det Radikale Venstre - Danish Social-Liberal Party,Det Radikale Venstre,1507,hand
DK,7,prtclcdk,3,Det Konservative Folkeparti - Conservative,Konservative Folkeparti,536,hand
DK,7,prtclcdk,4,SF Socialistisk Folkeparti - Socialist People's Party,Socialistisk Folkeparti,329,hand
DK,7,prtclcdk,5,Dansk Folkeparti - Danish peoples party,Dansk Folkeparti,1022,hand
DK,7,prtclcdk,6,Kristendemokraterne - Christian democrats,Kristeligt Folkeparti / Kristendemokraterne,53,hand
DK,7,prtclcdk,7,"Venstre, Danmarks Liberale Parti - Venstre",Venstre,1204,hand
DK,7,prtclcdk,8,Liberal Alliance - Liberal Alliance,[Ny] Liberal Alliance,212,hand
DK,7,prtclcdk,9,Enhedslisten - Unity List - The Red-Green Alliance,Enhedslisten / De Rød-Grønne,1527,hand
DK,7,prtclcdk,10,Andet - other,other,,hand
DK,7,prtclcdk,66,Not applicable*,,,missing
DK,7,prtclcdk,77,Refusal*,refused,,missing
DK,7,prtclcdk,88,Don't know*,dont-know,,missing
DK,7,prtclcdk,99,No answer*,,,missing
DK,9,prtclddk,1,Socialdemokratiet - The Social democrats,Socialdemokraterne,379,hand
DK,9,prtclddk,2,Det Radikale Venstre - The Radical Liberal Party,Det Radikale Venstre,1507,hand
DK,9,prtclddk,3,Det Konservative Folkeparti - Conservative People's Party,Konservative Folkeparti,536,hand
DK,9,prtclddk,4,SF Socialistisk Folkeparti - Socialist People's Party,Socialistisk Folkeparti,329,hand
DK,9,prtclddk,5,Dansk Folkeparti - Danish People's Party,Dansk Folkeparti,1022,hand
DK,9,prtclddk,6,Kristendemokraterne - Christian Democrats,Kristeligt Folkeparti / Kristendemokraterne,53,hand
DK,9,prtclddk,7,"Venstre, Danmarks Liberale Parti - The Liberal Party",Venstre,1204,hand
DK,9,prtclddk,8,Liberal Alliance - Liberal Alliance,[Ny] Liberal Alliance,212,hand
DK,9,prtclddk,9,Enhedslisten - Unity List - The Red-Green Alliance,Enhedslisten / De Rød-Grønne,1527,hand
DK,9,prtclddk,10,Alternativet - The Alternative,Alternativet,4070,link
DK,9,prtclddk,11,Other,other,,hand
DK,9,prtclddk,66,Not applicable*,,,missing
DK,9,prtclddk,77,Refusal*,refused,,missing
DK,9,prtclddk,88,Don't know*,dont-know,,missing
DK,9,prtclddk,99,No answer*,,,missing
DK,1,prtcldk,1,Socialdemokratiet,Socialdemokraterne,379,link
DK,1,prtcldk,2,Det Radikale Venstre,Det Radikale Venstre,1507,link
DK,1,prtcldk,3,Det Konservative Folkeparti,Konservative Folkeparti,536,link
DK,1,prtcldk,4,Centrum-Demokraterne,Centrumdemokraterne,800,link
DK,1,prtcldk,5,Socialistisk Folkeparti,Socialistisk Folkeparti,329,link
DK,1,prtcldk,6,Dansk Folkeparti,Dansk Folkeparti,1022,link
DK,1,prtcldk,7,Kristeligt Folkeparti,Kristeligt Folkeparti / Kristendemokraterne,53,link
DK,1,prtcldk,8,Venstre,Venstre,1204,link
DK,1,prtcldk,9,Fremskridtspartiet,Fremskridtspartiet,1601,link
DK,1,prtcldk,10,Enhedslisten,Enhedslisten / De Rød-Grønne,1527,link
DK,1,prtcldk,11,Other,other,,hand
DK,1,prtcldk,66,Not applicable*,,,missing
DK,1,prtcldk,77,Refusal*,refused,,missing
DK,1,prtcldk,88,Don't know*,dont-know,,missing
DK,1,prtcldk,99,No answer*,,,missing
DK,2,prtcldk,1,Socialdemokratiet,Socialdemokraterne,379,link
DK,2,prtcldk,2,Det Radikale Venstre,Det Radikale Venstre,1507,link
DK,2,prtcldk,3,Det Konservative Folkeparti,Konservative Folkeparti,536,link
DK,2,prtcldk,4,Centrum-Demokraterne,Centrumdemokraterne,800,link
DK,2,prtcldk,5,Socialistisk Folkeparti,Socialistisk Folkeparti,329,link
DK,2,prtcldk,6,Dansk Folkeparti,Dansk Folkeparti,1022,link
DK,2,prtcldk,7,Kristeligt Folkeparti,Kristeligt Folkeparti / Kristendemokraterne,53,link
DK,2,prtcldk,8,Venstre,Venstre,1204,link
DK,2,prtcldk,9,Fremskridtspartiet,Fremskridtspartiet,1601,link
DK,2,prtcldk,10,Enhedslisten,Enhedslisten / De Rød-Grønne,1527,link
DK,2,prtcldk,11,Other,other,,hand
DK,2,prtcldk,66,Not applicable*,,,missing
DK,2,prtcldk,77,Refusal*,refused,,missing
DK,2,prtcldk,88,Don't know*,dont-know,,missing
DK,2,prtcldk,99,No answer*,,,missing
DK,3,prtvtadk,1,Socialdemokratiet,Socialdemokraterne,379,link
DK,3,prtvtadk,2,Det Radikale Venstre,Det Radikale Venstre,1507,link
DK,3,prtvtadk,3,Det Konservative Folkeparti,Konservative Folkeparti,536,link
DK,3,prtvtadk,4,Centrum-Demokraterne,Centrumdemokraterne,800,link
DK,3,prtvtadk,5,Socialistisk Folkeparti,Socialistisk Folkeparti,329,link
DK,3,prtvtadk,6,Dansk Folkeparti,Dansk Folkeparti,1022,link
DK,3,prtvtadk,7,Kristendemokraterne,Kristeligt Folkeparti / Kristendemokraterne,53,hand
DK,3,prtvtadk,8,Venstre,Venstre,1204,link
DK,3,prtvtadk,9,Fremskridtspartiet,Fremskridtspartiet,1601,link
DK,3,prtvtadk,10,Enhedslisten,Enhedslisten / De Rød-Grønne,1527,link
DK,3,prtvtadk,11,Other,other,,hand
DK,3,prtvtadk,66,Not applicable*,,,missing
DK,3,prtvtadk,77,Refusal*,refused,,missing
DK,3,prtvtadk,88,Don't know*,dont-know,,missing
DK,3,prtvtadk,99,No answer*,,,missing
DK,4,prtvtbdk,1,Socialdemokraterne - the Danish social democtrats,Socialdemokraterne,379,hand
DK,4,prtvtbdk,2,Det Radikale Venstre - Danish Social-Liberal Party,Det Radikale Venstre,1507,hand
DK,4,prtvtbdk,3,Det Konservative Folkeparti - Conservative,Konservative Folkeparti,536,hand
DK,4,prtvtbdk,4,SF- Socialistisk Folkeparti - the Socialist People's Party,Socialistisk Folkeparti,329,hand
DK,4,prtvtbdk,5,Dansk Folkeparti - Danish peoples party,Dansk Folkeparti,1022,hand
DK,4,prtvtbdk,6,Kristendemokraterne - Christian democtrats,Kristeligt Folkeparti / Kristendemokraterne,53,hand
DK,4,prtvtbdk,7,"Venstre, Danmarks Liberale Parti - Venstre",Venstre,1204,hand
DK,4,prtvtbdk,8,Ny Alliance - New alliance,[Ny] Liberal Alliance,212,link
DK,4,prtvtbdk,9,"Enhedslisten, De Rød-Grønne - The Red-Green Alliance",Enhedslisten / De Rød-Grønne,1527,hand
DK,4,prtvtbdk,10,Andet - other,other,,hand
DK,4,prtvtbdk,66,Not applicable*,,,missing
DK,4,prtvtbdk,77,Refusal*,refused,,missing
DK,4,prtvtbdk,88,Don't know*,dont-know,,missing
DK,4,prtvtbdk,99,No answer*,,,missing
DK,5,prtvtbdk,1,Socialdemokraterne - the Danish social democtrats,Socialdemokraterne,379,hand
DK,5,prtvtbdk,2,Det Radikale Venstre - Danish Social-Liberal Party,Det Radikale Venstre,1507,hand
DK,5,prtvtbdk,3,Det Konservative Folkeparti - Conservative,Konservative Folkeparti,536,hand
DK,5,prtvtbdk,4,SF- Socialistisk Folkeparti - the Socialist People's Party,Socialistisk Folkeparti,329,hand
DK,5,prtvtbdk,5,Dansk Folkeparti - Danish peoples party,Dansk Folkeparti,1022,hand
DK,5,prtvtbdk,6,Kristendemokraterne - Christian democtrats,Kristeligt Folkeparti / Kristendemokraterne,53,hand
DK,5,prtvtbdk,7,"Venstre, Danmarks Liberale Parti - Venstre",Venstre,1204,hand
DK,5,prtvtbdk,8,Ny Alliance - New alliance,[Ny] Liberal Alliance,212,link
DK,5,prtvtbdk,9,"Enhedslisten, De Rød-Grønne - The Red-Green Alliance",Enhedslisten / De Rød-Grønne,1527,hand
DK,5,prtvtbdk,10,Andet - other,other,,hand
DK,5,prtvtbdk,66,Not applicable*,,,missing
DK,5,prtvtbdk,77,Refusal*,refused,,missing
DK,5,prtvtbdk,88,Don't know*,dont-know,,missing
DK,5,prtvtbdk,99,No answer*,,,missing
DK,6,prtvtcdk,1,Socialdemokraterne - the Danish social democrats,Socialdemokraterne,379,hand
DK,6,prtvtcdk,2,Det Radikale Venstre - Danish Social-Liberal Party,Det Radikale Venstre,1507,hand
DK,6,prtvtcdk,3,Det Konservative Folkeparti - Conservative,Konservative Folkeparti,536,hand
DK,6,prtvtcdk,4,SF Socialistisk Folkeparti - Socialist People's Party,Socialistisk Folkeparti,329,hand
DK,6,prtvtcdk,5,Dansk Folkeparti - Danish peoples party,Dansk Folkeparti,1022,hand
DK,6,prtvtcdk,6,Kristendemokraterne - Christian democrats,Kristeligt Folkeparti / Kristendemokraterne,53,hand
DK,6,prtvtcdk,7,"Venstre, Danmarks Liberale Parti - Venstre",Venstre,1204,hand
DK,6,prtvtcdk,8,Liberal Alliance - Liberal Alliance,[Ny] Liberal Alliance,212,hand
DK,6,prtvtcdk,9,Enhedslisten - Unity List - The Red-Green Alliance,Enhedslisten / De Rød-Grønne,1527,hand
DK,6,prtvtcdk,10,Andet - other,other,,hand
DK,6,prtvtcdk,66,Not applicable*,,,missing
DK,6,prtvtcdk,77,Refusal*,refused,,missing
DK,6,prtvtcdk,88,Don't know*,dont-know,,missing
DK,6,prtvtcdk,99,No answer*,,,missing
DK,7,prtvtcdk,1,Socialdemokraterne - the Danish social democrats,Socialdemokraterne,379,hand
DK,7,prtvtcdk,2,Det Radikale Venstre - Danish Social-Liberal Party,Det Radikale Venstre,1507,hand
DK,7,prtvtcdk,3,Det Konservative Folkeparti - Conservative,Konservative Folkeparti,536,hand
DK,7,prtvtcdk,4,SF Socialistisk Folkeparti - Socialist People's Party,Socialistisk Folkeparti,329,hand
DK,7,prtvtcdk,5,Dansk Folkeparti - Danish peoples party,Dansk Folkeparti,1022,hand
DK,7,prtvtcdk,6,Kristendemokraterne - Christian democrats,Kristeligt Folkeparti / Kristendemokraterne,53,hand
DK,7,prtvtcdk,7,"Venstre, Danmarks Liberale Parti - Venstre",Venstre,1204,hand
DK,7,prtvtcdk,8,Liberal Alliance - Liberal Alliance,[Ny] Liberal Alliance,212,hand
DK,7,prtvtcdk,9,Enhedslisten - Unity List - The Red-Green Alliance,Enhedslisten / De Rød-Grønne,1527,hand
DK,7,prtvtcdk,10,Andet - other,other,,hand
DK,7,prtvtcdk,66,Not applicable*,,,missing
DK,7,prtvtcdk,77,Refusal*,refused,,missing
DK,7,prtvtcdk,88,Don't know*,dont-know,,missing
DK,7,prtvtcdk,99,No answer*,,,missing
DK,9,prtvtddk,1,Socialdemokratiet - The Social democrats,Socialdemokraterne,379,hand
DK,9,prtvtddk,2,Det Radikale Venstre - The Radical Liberal Party,Det Radikale Venstre,1507,hand
DK,9,prtvtddk,3,Det Konservative Folkeparti - Conservative People's Party,Konservative Folkeparti,536,hand
DK,9,prtvtddk,4,SF Socialistisk Folkeparti - Socialist People's Party,Socialistisk Folkeparti,329,hand
DK,9,prtvtddk,5,Dansk Folkeparti - Danish People's Party,Dansk Folkeparti,1022,hand
DK,9,prtvtddk,6,Kristendemokraterne - Christian Democrats,Kristeligt Folkeparti / Kristendemokraterne,53,hand
DK,9,prtvtddk,7,"Venstre, Danmarks Liberale Parti - The Liberal Party",Venstre,1204,hand
DK,9,prtvtddk,8,Liberal Alliance - Liberal Alliance,[Ny] Liberal Alliance,212,hand
DK,9,prtvtddk,9,Enhedslisten - Unity List - The Red-Green Alliance,Enhedslisten / De Rød-Grønne,1527,hand
DK,9,prtvtddk,10,Alternativet - The Alternative,Alternativet,4070,link
DK,9,prtvtddk,11,Other,other,,hand
DK,9,prtvtddk,66,Not applicable*,,,missing
DK,9,prtvtddk,77,Refusal*,refused,,missing
DK,9,prtvtddk,88,Don't know*,dont-know,,missing
DK,9,prtvtddk,99,No answer*,,,missing
DK,1,prtvtdk,1,Socialdemokratiet,Socialdemokraterne,379,link
DK,1,prtvtdk,2,Det Radikale Venstre,Det Radikale Venstre,1507,link
DK,1,prtvtdk,3,Det Konservative Folkeparti,Konservative Folkeparti,536,link
DK,1,prtvtdk,4,Centrum-Demokraterne,Centrumdemokraterne,800,link
DK,1,prtvtdk,5,Socialistisk Folkeparti,Socialistisk Folkeparti,329,link
DK,1,prtvtdk,6,Dansk Folkeparti,Dansk Folkeparti,1022,link
DK,1,prtvtdk,7,Kristeligt Folkeparti,Kristeligt Folkeparti / Kristendemokraterne,53,link
DK,1,prtvtdk,8,Venstre,Venstre,1204,link
DK,1,prtvtdk,9,Fremskridtspartiet,Fremskridtspartiet,1601,link
DK,1,prtvtdk,10,Enhedslisten,Enhedslisten / De Rød-Grønne,1527,link
DK,1,prtvtdk,11,Other,other,,hand
DK,1,prtvtdk,66,Not applicable*,,,missing
DK,1,prtvtdk,77,Refusal*,refused,,missing
DK,1,prtvtdk,88,Don't know*,dont-know,,missing
DK,1,prtvtdk,99,No answer*,,,missing
DK,2,prtvtdk,1,Socialdemokratiet,Socialdemokraterne,379,link
DK,2,prtvtdk,2,Det Radikale Venstre,Det Radikale Venstre,1507,link
DK,2,prtvtdk,3,Det Konservative Folkeparti,Konservative Folkeparti,536,link
DK,2,prtvtdk,4,Centrum-Demokraterne,Centrumdemokraterne,800,link
DK,2,prtvtdk,5,Socialistisk Folkeparti,Socialistisk Folkeparti,329,link
DK,2,prtvtdk,6,Dansk Folkeparti,Dansk Folkeparti,1022,link
DK,2,prtvtdk,7,Kristeligt Folkeparti,Kristeligt Folkeparti / Kristendemokraterne,53,link
DK,2,prtvtdk,8,Venstre,Venstre,1204,link
DK,2,prtvtdk,9,Fremskridtspartiet,Fremskridtspartiet,1601,link
DK,2,prtvtdk,10,Enhedslisten,Enhedslisten / De Rød-Grønne,1527,link
DK,2,prtvtdk,11,Other,other,,hand
DK,2,prtvtdk,66,Not applicable*,,,missing
DK,2,prtvtdk,77,Refusal*,refused,,missing
DK,2,prtvtdk,88,Don't know*,dont-know,,missing
DK,2,prtvtdk,99,No answer*,,,missing
EE,3,prtclaee,1,Res Publica,Ühendus vabariigi eest / Res Publica,491,link
EE,3,prtclaee,2,Eesti Keskerakond,Eesti Keskerakond,533,link
EE,3,prtclaee,3,Eesti Reformierakond,Eesti Reformierakond,821,link
EE,3,prtclaee,4,Isamaaliit,Isamaaliit,779,link
EE,3,prtclaee,5,Sotsiaaldemokraatlik Erakond,Sotsiaaldemokraatlik Erakond — Mõõdukad,1150,link
EE,3,prtclaee,6,Eestimaa Rahvaliit,Eestimaa Rahvalliit,110,link
EE,3,prtclaee,7,Other,other,,hand
EE,3,prtclaee,66,Not applicable*,,,missing
EE,3,prtclaee,77,Refusal*,refused,,missing
EE,3,prtclaee,88,Don't know*,dont-know,,missing
EE,4,prtclbee,1,Erakond Isamaa ja Res Publica Liit,Erakond Isamaa ja Res Publica Liit,685,link
EE,4,prtclbee,2,Eesti Keskerakond,Eesti Keskerakond,533,link
EE,4,prtclbee,3,Eesti Reformierakond,Eesti Reformierakond,821,link
EE,4,prtclbee,4,Eestimaa Rahvaliit,Eestimaa Rahvalliit,110,link
EE,4,prtclbee,5,Sotsiaaldemokraatlik Erakond,Sotsiaaldemokraatlik Erakond — Mõõdukad,1150,link
EE,4,prtclbee,6,Erakond Eestimaa Rohelised,Erakonna Eestimaa Rohelised,1040,link
EE,4,prtclbee,7,Erakond Eesti Kristlikud Demokraadid,Eesti Kristlikud Demokraadid,790,link
EE,4,prtclbee,8,Eestimaa Ühendatud Vasakpartei,Eestimaa Ühendatud Vasakpartei,9124,hand
EE,4,prtclbee,9,Eesti Iseseisvuspartei,Eesti Iseseisvuspartei,8922,hand
EE,4,prtclbee,10,Vene Erakond Eestis,Vene Erakond Eestis,1975,link
EE,4,prtclbee,66,Not applicable*,,,missing
EE,4,prtclbee,77,Refusal*,refused,,missing
EE,4,prtclbee,88,Don't know*,dont-know,,missing
EE,4,prtclbee,99,No answer*,,,missing
EE,5,prtclcee,1,Erakond Isamaa ja Res Publica Liit,Erakond Isamaa ja Res Publica Liit,685,link
EE,5,prtclcee,2,Eesti Keskerakond,Eesti Keskerakond,533,link
EE,5,prtclcee,3,Eesti Reformierakond,Eesti Reformierakond,821,link
EE,5,prtclcee,4,Eestimaa Rahvaliit,Eestimaa Rahvalliit,110,link
EE,5,prtclcee,5,Sotsiaaldemokraatlik Erakond,Sotsiaaldemokraatlik Erakond — Mõõdukad,1150,link
EE,5,prtclcee,6,Erakond Eestimaa Rohelised,Erakonna Eestimaa Rohelised,1040,link
EE,5,prtclcee,7,Other,other,,hand
EE,5,prtclcee,8,Eesti Iseseisvuspartei,Eesti Iseseisvuspartei,8922,hand
EE,5,prtclcee,9,Erakond Eesti Kristlikud Demokraadid,Eesti Kristlikud Demokraadid,790,link
EE,5,prtclcee,66,Not applicable*,,,missing
EE,5,prtclcee,77,Refusal*,refused,,missing
EE,5,prtclcee,88,Don't know*,dont-know,,missing
EE,6,prtcldee,1,Erakond Isamaa ja Res Publica Liit,Erakond Isamaa ja Res Publica Liit,685,link
EE,6,prtcldee,2,Eesti Keskerakond,Eesti Keskerakond,533,link
EE,6,prtcldee,3,Eesti Reformierakond,Eesti Reformierakond,821,link
EE,6,prtcldee,4,Eesti Konservatiivne Rahvaerakond,Eesti Konservatiivne Rahvaerakond,4094,link
EE,6,prtcldee,5,Sotsiaaldemokraatlik Erakond,Sotsiaaldemokraatlik Erakond — Mõõdukad,1150,link
EE,6,prtcldee,6,Erakond Eestimaa Rohelised,Erakonna Eestimaa Rohelised,1040,link
EE,6,prtcldee,7,Erakond Eesti Kristlikud Demokraadid,Eesti Kristlikud Demokraadid,790,link
EE,6,prtcldee,8,Eesti Iseseisvuspartei,Eesti Iseseisvuspartei,8922,hand
EE,6,prtcldee,11,Üksikkandidaadid või muud,other,,hand
EE,6,prtcldee,66,Not applicable*,,,missing
EE,6,prtcldee,77,Refusal*,refused,,missing
EE,6,prtcldee,88,Don't know*,dont-know,,missing
EE,2,prtclee,1,Res Publica,Ühendus vabariigi eest / Res Publica,491,link
EE,2,prtclee,2,Eesti Keskerakond,Eesti Keskerakond,533,link
EE,2,prtclee,3,Eesti Reformierakond,Eesti Reformierakond,821,link
EE,2,prtclee,4,Isamaaliit,Isamaaliit,779,link
EE,2,prtclee,5,Sotsiaaldemokraatlik Erakond,Sotsiaaldemokraatlik Erakond — Mõõdukad,1150,link
EE,2,prtclee,6,Eestimaa Rahvaliit,Eestimaa Rahvalliit,110,link
EE,2,prtclee,7,Eestimaa Ühendatud Rahvapartei,Konstitutsioonierakond — Eestimaa Ühendatud Rahvapartei,18,link
EE,2,prtclee,9,Eesti Iseseisvuspartei,Eesti Iseseisvuspartei,8922,hand
EE,2,prtclee,13,Other,other,,hand
EE,2,prtclee,66,Not applicable*,,,missing
EE,2,prtclee,77,Refusal*,refused,,missing
EE,2,prtclee,88,Don't know*,dont-know,,missing
EE,7,prtcleee,1,Eesti Reformierakond,Eesti Reformierakond,821,link
EE,7,prtcleee,2,Eesti Keskerakond,Eesti Keskerakond,533,link
EE,7,prtcleee,3,Erakond Isamaa ja Res Publica Liit,Erakond Isamaa ja Res Publica Liit,685,link
EE,7,prtcleee,4,Sotsiaaldemokraatlik Erakond,Sotsiaaldemokraatlik Erakond — Mõõdukad,1150,link
EE,7,prtcleee,5,Erakond Eestimaa Rohelised,Erakonna Eestimaa Rohelised,1040,link
EE,7,prtcleee,6,Eesti Konservatiivne Rahvaerakond,Eesti Konservatiivne Rahvaerakond,4094,link
EE,7,prtcleee,7,Vene Erakond Eestis,Vene Erakond Eestis,1975,link
EE,7,prtcleee,8,Erakond Eesti Kristlikud Demokraadid,Eesti Kristlikud Demokraadid,790,link
EE,7,prtcleee,9,Eesti Iseseisvuspartei,Eesti Iseseisvuspartei,8922,hand
EE,7,prtcleee,10,Üksikkandidaadid või muud,other,,hand
EE,7,prtcleee,66,Not applicable*,,,missing
EE,7,prtcleee,77,Refusal*,refused,,missing
EE,7,prtcleee,88,Don't know*,dont-know,,missing
EE,8,prtclfee,1,Eesti Reformierakond,Eesti Reformierakond,821,link
EE,8,prtclfee,2,Eesti Keskerakond,Eesti Keskerakond,533,link
EE,8,prtclfee,3,Erakond Isamaa ja Res Publica Liit,Erakond Isamaa ja Res Publica Liit,685,link
EE,8,prtclfee,4,Sotsiaaldemokraatlik Erakond,Sotsiaaldemokraatlik Erakond — Mõõdukad,1150,link
EE,8,prtclfee,5,Erakond Eestimaa Rohelised,Erakonna Eestimaa Rohelised,1040,link
EE,8,prtclfee,6,Eesti Konservatiivne Rahvaerakond,Eesti Konservatiivne Rahvaerakond,4094,link
EE,8,prtclfee,10,Üksikkandidaadid või muud,other,,hand
EE,8,prtclfee,11,Eesti Vabaerakond,Eesti Vabaerakond,3271,link
EE,8,prtclfee,12,Rahva Ühtsuse Erakond,Rahva Ühtsuse Erakond [og],,hand
EE,8,prtclfee,66,Not applicable*,,,missing
EE,8,prtclfee,77,Refusal*,refused,,missing
EE,8,prtclfee,88,Don't know*,dont-know,,missing
EE,9,prtclgee,1,Eesti Reformierakond,Eesti Reformierakond,821,link
EE,9,prtclgee,2,Eesti Keskerakond,Eesti Keskerakond,533,link
EE,9,prtclgee,3,Erakond Isamaa ja Res Publica Liit,Erakond Isamaa ja Res Publica Liit,685,link
EE,9,prtclgee,4,Sotsiaaldemokraatlik Erakond,Sotsiaaldemokraatlik Erakond — Mõõdukad,1150,link
EE,9,prtclgee,5,Erakond Eestimaa Rohelised,Erakonna Eestimaa Rohelised,1040,link
EE,9,prtclgee,6,Eesti Konservatiivne Rahvaerakond,Eesti Konservatiivne Rahvaerakond,4094,link
EE,9,prtclgee,9,Eesti Iseseisvuspartei,Eesti Iseseisvuspartei,8922,hand
EE,9,prtclgee,11,Eesti Vabaerakond,Eesti Vabaerakond,3271,link
EE,9,prtclgee,12,Rahva Ühtsuse Erakond,Rahva Ühtsuse Erakond [og],,hand
EE,9,prtclgee,13,Other,other,,hand
EE,9,prtclgee,66,Not applicable*,,,missing
EE,9,prtclgee,77,Refusal*,refused,,missing
EE,9,prtclgee,88,Don't know*,dont-know,,missing
EE,10,prtclhee,1,Eesti Reformierakond,Eesti Reformierakond,821,link
EE,10,prtclhee,2,Eesti Keskerakond,Eesti Keskerakond,533,link
EE,10,prtclhee,3,Isamaa Erakond,Erakond Isamaa ja Res Publica Liit,685,hand
EE,10,prtclhee,4,Sotsiaaldemokraatlik Erakond,Sotsiaaldemokraatlik Erakond — Mõõdukad,1150,link
EE,10,prtclhee,5,Erakond Eestimaa Rohelised,Erakonna Eestimaa Rohelised,1040,link
EE,10,prtclhee,6,Eesti Konservatiivne Rahvaerakond,Eesti Konservatiivne Rahvaerakond,4094,link
EE,10,prtclhee,11,Eesti Vabaerakond,Eesti Vabaerakond,3271,link
EE,10,prtclhee,14,Eesti 200,Erakond Eesti 200,7340,link
EE,10,prtclhee,19,Other,other,,hand
EE,10,prtclhee,66,Not applicable*,,,missing
EE,10,prtclhee,77,Refusal*,refused,,missing
EE,10,prtclhee,88,Don't know*,dont-know,,missing
EE,11,prtcliee,1,Eesti Reformierakond,Eesti Reformierakond,821,link
EE,11,prtcliee,2,Eesti Keskerakond,Eesti Keskerakond,533,link
EE,11,prtcliee,3,Isamaa Erakond,Erakond Isamaa ja Res Publica Liit,685,hand
EE,11,prtcliee,4,Sotsiaaldemokraatlik Erakond,Sotsiaaldemokraatlik Erakond — Mõõdukad,1150,link
EE,11,prtcliee,5,Erakond Eestimaa Rohelised,Erakonna Eestimaa Rohelised,1040,link
EE,11,prtcliee,6,Eesti Konservatiivne Rahvaerakond,Eesti Konservatiivne Rahvaerakond,4094,link
EE,11,prtcliee,10,Üksikkandidaadid,independent,,hand
EE,11,prtcliee,14,Eesti 200,Erakond Eesti 200,7340,link
EE,11,prtcliee,20,Parempoolsed,Parempoolsed,83,name
EE,11,prtcliee,35,Other,other,,hand
EE,11,prtcliee,66,Not applicable*,,,missing
EE,11,prtcliee,77,Refusal*,refused,,missing
EE,11,prtcliee,88,Don't know*,dont-know,,missing
EE,3,prtvtaee,1,Res Publica,Ühendus vabariigi eest / Res Publica,491,link
EE,3,prtvtaee,2,Eesti Keskerakond,Eesti Keskerakond,533,link
EE,3,prtvtaee,3,Eesti Reformierakond,Eesti Reformierakond,821,link
EE,3,prtvtaee,4,Isamaaliit,Isamaaliit,779,link
EE,3,prtvtaee,5,Sotsiaaldemokraatlik Erakond,Sotsiaaldemokraatlik Erakond — Mõõdukad,1150,link
EE,3,prtvtaee,6,Eestimaa Rahvaliit,Eestimaa Rahvalliit,110,link
EE,3,prtvtaee,7,Other,other,,hand
EE,3,prtvtaee,66,Not applicable*,,,missing
EE,3,prtvtaee,77,Refusal*,refused,,missing
EE,3,prtvtaee,88,Don't know*,dont-know,,missing
EE,4,prtvtbee,1,Erakond Isamaa ja Res Publica Liit,Erakond Isamaa ja Res Publica Liit,685,link
EE,4,prtvtbee,2,Eesti Keskerakond,Eesti Keskerakond,533,link
EE,4,prtvtbee,3,Eesti Reformierakond,Eesti Reformierakond,821,link
EE,4,prtvtbee,4,Eestimaa Rahvaliit,Eestimaa Rahvalliit,110,link
EE,4,prtvtbee,5,Sotsiaaldemokraatlik Erakond,Sotsiaaldemokraatlik Erakond — Mõõdukad,1150,link
EE,4,prtvtbee,6,Erakond Eestimaa Rohelised,Erakonna Eestimaa Rohelised,1040,link
EE,4,prtvtbee,7,Erakond Eesti Kristlikud Demokraadid,Eesti Kristlikud Demokraadid,790,link
EE,4,prtvtbee,8,Eestimaa Ühendatud Vasakpartei,Eestimaa Ühendatud Vasakpartei,9124,hand
EE,4,prtvtbee,9,Eesti Iseseisvuspartei,Eesti Iseseisvuspartei,8922,hand
EE,4,prtvtbee,10,Vene Erakond Eestis,Vene Erakond Eestis,1975,link
EE,4,prtvtbee,11,Üksikkandidaadid või muud,other,,hand
EE,4,prtvtbee,66,Not applicable*,,,missing
EE,4,prtvtbee,77,Refusal*,refused,,missing
EE,4,prtvtbee,88,Don't know*,dont-know,,missing
EE,4,prtvtbee,99,No answer*,,,missing
EE,5,prtvtcee,1,Erakond Isamaa ja Res Publica Liit,Erakond Isamaa ja Res Publica Liit,685,link
EE,5,prtvtcee,2,Eesti Keskerakond,Eesti Keskerakond,533,link
EE,5,prtvtcee,3,Eesti Reformierakond,Eesti Reformierakond,821,link
EE,5,prtvtcee,4,Eestimaa Rahvaliit,Eestimaa Rahvalliit,110,link
EE,5,prtvtcee,5,Sotsiaaldemokraatlik Erakond,Sotsiaaldemokraatlik Erakond — Mõõdukad,1150,link
EE,5,prtvtcee,6,Erakond Eestimaa Rohelised,Erakonna Eestimaa Rohelised,1040,link
EE,5,prtvtcee,7,Other,other,,hand
EE,5,prtvtcee,8,Eesti Iseseisvuspartei,Eesti Iseseisvuspartei,8922,hand
EE,5,prtvtcee,9,Erakond Eesti Kristlikud Demokraadid,Eesti Kristlikud Demokraadid,790,link
EE,5,prtvtcee,10,Üksikkandidaadid või muud,other,,hand
EE,5,prtvtcee,11,Mitte kellegi poolt,blank-invalid,,hand
EE,5,prtvtcee,66,Not applicable*,,,missing
EE,5,prtvtcee,77,Refusal*,refused,,missing
EE,5,prtvtcee,88,Don't know*,dont-know,,missing
EE,5,prtvtcee,99,No answer*,,,missing
EE,6,prtvtdee,1,Erakond Isamaa ja Res Publica Liit,Erakond Isamaa ja Res Publica Liit,685,link
EE,6,prtvtdee,2,Eesti Keskerakond,Eesti Keskerakond,533,link
EE,6,prtvtdee,3,Eesti Reformierakond,Eesti Reformierakond,821,link
EE,6,prtvtdee,4,Eesti Konservatiivne Rahvaerakond,Eesti Konservatiivne Rahvaerakond,4094,link
EE,6,prtvtdee,5,Sotsiaaldemokraatlik Erakond,Sotsiaaldemokraatlik Erakond — Mõõdukad,1150,link
EE,6,prtvtdee,6,Erakond Eestimaa Rohelised,Erakonna Eestimaa Rohelised,1040,link
EE,6,prtvtdee,7,Erakond Eesti Kristlikud Demokraadid,Eesti Kristlikud Demokraadid,790,link
EE,6,prtvtdee,8,Eesti Iseseisvuspartei,Eesti Iseseisvuspartei,8922,hand
EE,6,prtvtdee,10,Eesti Vabaduspartei – Põllumeeste Kogu,Eesti Vabaduspartei – Põllumeeste Kogu [og],,hand
EE,6,prtvtdee,11,Üksikkandidaadid või muud,other,,hand
EE,6,prtvtdee,66,Not applicable*,,,missing
EE,6,prtvtdee,77,Refusal*,refused,,missing
EE,6,prtvtdee,88,Don't know*,dont-know,,missing
EE,2,prtvtee,1,Res Publica,Ühendus vabariigi eest / Res Publica,491,link
EE,2,prtvtee,2,Eesti Keskerakond,Eesti Keskerakond,533,link
EE,2,prtvtee,3,Eesti Reformierakond,Eesti Reformierakond,821,link
EE,2,prtvtee,4,Isamaaliit,Isamaaliit,779,link
EE,2,prtvtee,5,Sotsiaaldemokraatlik Erakond,Sotsiaaldemokraatlik Erakond — Mõõdukad,1150,link
EE,2,prtvtee,6,Eestimaa Rahvaliit,Eestimaa Rahvalliit,110,link
EE,2,prtvtee,7,Eestimaa Ühendatud Rahvapartei,Konstitutsioonierakond — Eestimaa Ühendatud Rahvapartei,18,link
EE,2,prtvtee,8,Eesti Kristlik Rahvaerakond,Eesti Kristlikud Demokraadid,790,link
EE,2,prtvtee,11,Vene Erakond Eestis,Vene Erakond Eestis,1975,link
EE,2,prtvtee,12,Üksikkandidaadid või muud,other,,hand
EE,2,prtvtee,66,Not applicable*,,,missing
EE,2,prtvtee,77,Refusal*,refused,,missing
EE,2,prtvtee,88,Don't know*,dont-know,,missing
EE,2,prtvtee,99,No answer*,,,missing
EE,7,prtvteee,1,Eesti Reformierakond,Eesti Reformierakond,821,link
EE,7,prtvteee,2,Eesti Keskerakond,Eesti Keskerakond,533,link
EE,7,prtvteee,3,Erakond Isamaa ja Res Publica Liit,Erakond Isamaa ja Res Publica Liit,685,link
EE,7,prtvteee,4,Sotsiaaldemokraatlik Erakond,Sotsiaaldemokraatlik Erakond — Mõõdukad,1150,link
EE,7,prtvteee,5,Erakond Eestimaa Rohelised,Erakonna Eestimaa Rohelised,1040,link
EE,7,prtvteee,6,Eesti Konservatiivne Rahvaerakond,Eesti Konservatiivne Rahvaerakond,4094,link
EE,7,prtvteee,7,Vene Erakond Eestis,Vene Erakond Eestis,1975,link
EE,7,prtvteee,8,Erakond Eesti Kristlikud Demokraadid,Eesti Kristlikud Demokraadid,790,link
EE,7,prtvteee,9,Eesti Iseseisvuspartei,Eesti Iseseisvuspartei,8922,hand
EE,7,prtvteee,10,Üksikkandidaadid või muud,other,,hand
EE,7,prtvteee,66,Not applicable*,,,missing
EE,7,prtvteee,77,Refusal*,refused,,missing
EE,7,prtvteee,88,Don't know*,dont-know,,missing
EE,8,prtvtfee,1,Eesti Reformierakond,Eesti Reformierakond,821,link
EE,8,prtvtfee,2,Eesti Keskerakond,Eesti Keskerakond,533,link
EE,8,prtvtfee,3,Erakond Isamaa ja Res Publica Liit,Erakond Isamaa ja Res Publica Liit,685,link
EE,8,prtvtfee,4,Sotsiaaldemokraatlik Erakond,Sotsiaaldemokraatlik Erakond — Mõõdukad,1150,link
EE,8,prtvtfee,5,Erakond Eestimaa Rohelised,Erakonna Eestimaa Rohelised,1040,link
EE,8,prtvtfee,6,Eesti Konservatiivne Rahvaerakond,Eesti Konservatiivne Rahvaerakond,4094,link
EE,8,prtvtfee,9,Eesti Iseseisvuspartei,Eesti Iseseisvuspartei,8922,hand
EE,8,prtvtfee,10,Üksikkandidaadid või muud,other,,hand
EE,8,prtvtfee,11,Eesti Vabaerakond,Eesti Vabaerakond,3271,link
EE,8,prtvtfee,12,Rahva Ühtsuse Erakond,Rahva Ühtsuse Erakond [og],,hand
EE,8,prtvtfee,66,Not applicable*,,,missing
EE,8,prtvtfee,77,Refusal*,refused,,missing
EE,8,prtvtfee,88,Don't know*,dont-know,,missing
EE,9,prtvtgee,1,Eesti Reformierakond,Eesti Reformierakond,821,link
EE,9,prtvtgee,2,Eesti Keskerakond,Eesti Keskerakond,533,link
EE,9,prtvtgee,3,Erakond Isamaa ja Res Publica Liit,Erakond Isamaa ja Res Publica Liit,685,link
EE,9,prtvtgee,4,Sotsiaaldemokraatlik Erakond,Sotsiaaldemokraatlik Erakond — Mõõdukad,1150,link
EE,9,prtvtgee,5,Erakond Eestimaa Rohelised,Erakonna Eestimaa Rohelised,1040,link
EE,9,prtvtgee,6,Eesti Konservatiivne Rahvaerakond,Eesti Konservatiivne Rahvaerakond,4094,link
EE,9,prtvtgee,9,Eesti Iseseisvuspartei,Eesti Iseseisvuspartei,8922,hand
EE,9,prtvtgee,10,Üksikkandidaadid või muud,other,,hand
EE,9,prtvtgee,11,Eesti Vabaerakond,Eesti Vabaerakond,3271,link
EE,9,prtvtgee,13,Other,other,,hand
EE,9,prtvtgee,66,Not applicable*,,,missing
EE,9,prtvtgee,77,Refusal*,refused,,missing
EE,9,prtvtgee,88,Don't know*,dont-know,,missing
EE,10,prtvthee,1,Eesti Reformierakond,Eesti Reformierakond,821,link
EE,10,prtvthee,2,Eesti Keskerakond,Eesti Keskerakond,533,link
EE,10,prtvthee,3,Isamaa Erakond,Erakond Isamaa ja Res Publica Liit,685,hand
EE,10,prtvthee,4,Sotsiaaldemokraatlik Erakond,Sotsiaaldemokraatlik Erakond — Mõõdukad,1150,link
EE,10,prtvthee,5,Erakond Eestimaa Rohelised,Erakonna Eestimaa Rohelised,1040,link
EE,10,prtvthee,6,Eesti Konservatiivne Rahvaerakond,Eesti Konservatiivne Rahvaerakond,4094,link
EE,10,prtvthee,10,Üksikkandidaadid,independent,,hand
EE,10,prtvthee,11,Eesti Vabaerakond,Eesti Vabaerakond,3271,link
EE,10,prtvthee,14,Eesti 200,Erakond Eesti 200,7340,link
EE,10,prtvthee,15,Tulevikuerakond,Tulevikuerakond [og],,hand
EE,10,prtvthee,16,Eestimaa Ühendatud Vasakpartei,Eestimaa Ühendatud Vasakpartei,9124,hand
EE,10,prtvthee,66,Not applicable*,,,missing
EE,10,prtvthee,77,Refusal*,refused,,missing
EE,10,prtvthee,88,Don't know*,dont-know,,missing
EE,11,prtvtiee,1,Eesti Reformierakond,Eesti Reformierakond,821,link
EE,11,prtvtiee,2,Eesti Keskerakond,Eesti Keskerakond,533,link
EE,11,prtvtiee,3,Isamaa Erakond,Erakond Isamaa ja Res Publica Liit,685,hand
EE,11,prtvtiee,4,Sotsiaaldemokraatlik Erakond,Sotsiaaldemokraatlik Erakond — Mõõdukad,1150,link
EE,11,prtvtiee,5,Erakond Eestimaa Rohelised,Erakonna Eestimaa Rohelised,1040,link
EE,11,prtvtiee,6,Eesti Konservatiivne Rahvaerakond,Eesti Konservatiivne Rahvaerakond,4094,link
EE,11,prtvtiee,10,Üksikkandidaadid,independent,,hand
EE,11,prtvtiee,14,Eesti 200,Erakond Eesti 200,7340,link
EE,11,prtvtiee,20,Parempoolsed,Parempoolsed,83,name
EE,11,prtvtiee,35,Other,other,,hand
EE,11,prtvtiee,66,Not applicable*,,,missing
EE,11,prtvtiee,77,Refusal*,refused,,missing
EE,11,prtvtiee,88,Don't know*,dont-know,,missing
ES,2,prtclaes,1,Partido Popular (PP),Alianza-Partido Popular / Partido Popular,441,link
ES,2,prtclaes,2,Partido Socialista Obrero Español (PSOE),Partido Socialista Obrero Español,1338,link
ES,2,prtclaes,3,Izquierda Unida (IU),Izquierda Unida,247,link
ES,2,prtclaes,4,Convergència i Unió (CiU),Convergència i Unió,139,link
ES,2,prtclaes,5,Esquerra Repubicana de Catalunya (ERC),Esquerra Republicana de Catalunya,848,link
ES,2,prtclaes,6,Iniciativa per Catalunya-Verds (ICV),Iniciativa per Catalunya Verds,1260,link
ES,2,prtclaes,7,Partido Nacionalista Vasco (PNV),Partido Nacionalista Vasco — Euzko Alderdi Jeltzalea,1637,link
ES,2,prtclaes,8,Eusko Alkartasuna (EA),Eusko Alkartasuna,1324,link
ES,2,prtclaes,9,Bloque Nacionalista Galego (BNG),Bloque Nacionalista Galego,1011,link
ES,2,prtclaes,10,Coalición Canaria (CC),Coalición Canaria,81,link
ES,2,prtclaes,11,Partido Andalucista (PA),Partidu Andalucista,1497,link
ES,2,prtclaes,12,Chunta Aragonesista (CHA),Chunta Aragonesista,1564,link
ES,2,prtclaes,66,Not applicable*,,,missing
ES,2,prtclaes,74,Other,other,,hand
ES,2,prtclaes,88,Don't know*,dont-know,,missing
ES,2,prtclaes,99,No answer*,,,missing
ES,3,prtclaes,1,Partido Popular (PP),Alianza-Partido Popular / Partido Popular,441,link
ES,3,prtclaes,2,Partido Socialista Obrero Español (PSOE),Partido Socialista Obrero Español,1338,link
ES,3,prtclaes,3,Izquierda Unida (IU),Izquierda Unida,247,link
ES,3,prtclaes,4,Convergència i Unió (CiU),Convergència i Unió,139,link
ES,3,prtclaes,5,Esquerra Repubicana de Catalunya (ERC),Esquerra Republicana de Catalunya,848,link
ES,3,prtclaes,6,Iniciativa per Catalunya-Verds (ICV),Iniciativa per Catalunya Verds,1260,link
ES,3,prtclaes,7,Partido Nacionalista Vasco (PNV),Partido Nacionalista Vasco — Euzko Alderdi Jeltzalea,1637,link
ES,3,prtclaes,8,Eusko Alkartasuna (EA),Eusko Alkartasuna,1324,link
ES,3,prtclaes,9,Bloque Nacionalista Galego (BNG),Bloque Nacionalista Galego,1011,link
ES,3,prtclaes,10,Coalición Canaria (CC),Coalición Canaria,81,link
ES,3,prtclaes,11,Partido Andalucista (PA),Partidu Andalucista,1497,link
ES,3,prtclaes,12,Chunta Aragonesista (CHA),Chunta Aragonesista,1564,link
ES,3,prtclaes,13,Nafarroa-Bai (NA-BAI),Nafarroa Bai,611,link
ES,3,prtclaes,66,Not applicable*,,,missing
ES,3,prtclaes,74,Other,other,,hand
ES,3,prtclaes,77,Refusal*,refused,,missing
ES,3,prtclaes,88,Don't know*,dont-know,,missing
ES,4,prtclbes,1,Partido Popular,Alianza-Partido Popular / Partido Popular,441,hand
ES,4,prtclbes,2,Partido Socialista Obrero Español (PSOE),Partido Socialista Obrero Español,1338,link
ES,4,prtclbes,3,Izquierda Unida (IU),Izquierda Unida,247,link
ES,4,prtclbes,4,Convergència i Unió (CiU),Convergència i Unió,139,link
ES,4,prtclbes,5,Esquerra Repubicana de Catalunya (ERC),Esquerra Republicana de Catalunya,848,link
ES,4,prtclbes,6,Partido Nacionalista Vasco (PNV),Partido Nacionalista Vasco — Euzko Alderdi Jeltzalea,1637,link
ES,4,prtclbes,7,Bloque Nacionalista Galego (BNG),Bloque Nacionalista Galego,1011,link
ES,4,prtclbes,8,Coalición Canaria-Partido Nacionalista Canario (CC-PNC),Acuerdo de Unidad Nacionalista,8262,link
ES,4,prtclbes,9,Nafarroa-Bai (NA-BAI),Nafarroa Bai,611,link
ES,4,prtclbes,10,Unión Progreso y Democracia (UPyD),Unión Progreso y Democracia,55,link
ES,4,prtclbes,66,Not applicable*,,,missing
ES,4,prtclbes,74,Other,other,,hand
ES,4,prtclbes,77,Refusal*,refused,,missing
ES,4,prtclbes,88,Don't know*,dont-know,,missing
ES,5,prtclbes,1,Partido Popular,Alianza-Partido Popular / Partido Popular,441,hand
ES,5,prtclbes,2,Partido Socialista Obrero Español (PSOE),Partido Socialista Obrero Español,1338,link
ES,5,prtclbes,3,Izquierda Unida (IU),Izquierda Unida,247,link
ES,5,prtclbes,4,Convergència i Unió (CiU),Convergència i Unió,139,link
ES,5,prtclbes,5,Esquerra Repubicana de Catalunya (ERC),Esquerra Republicana de Catalunya,848,link
ES,5,prtclbes,6,Partido Nacionalista Vasco (PNV),Partido Nacionalista Vasco — Euzko Alderdi Jeltzalea,1637,link
ES,5,prtclbes,7,Bloque Nacionalista Galego (BNG),Bloque Nacionalista Galego,1011,link
ES,5,prtclbes,8,Coalición Canaria-Partido Nacionalista Canario (CC-PNC),Acuerdo de Unidad Nacionalista,8262,link
ES,5,prtclbes,9,Nafarroa-Bai (NA-BAI),Nafarroa Bai,611,link
ES,5,prtclbes,10,Unión Progreso y Democracia (UPyD),Unión Progreso y Democracia,55,link
ES,5,prtclbes,66,Not applicable*,,,missing
ES,5,prtclbes,74,Other,other,,hand
ES,5,prtclbes,77,Refusal*,refused,,missing
ES,5,prtclbes,88,Don't know*,dont-know,,missing
ES,6,prtclces,1,Partido Popular (PP),Alianza-Partido Popular / Partido Popular,441,link
ES,6,prtclces,2,Partido Socialista Obrero Español (PSOE),Partido Socialista Obrero Español,1338,link
ES,6,prtclces,3,Convergència i Unió (CiU),Convergència i Unió,139,link
ES,6,prtclces,4,Izquierda Unida (IU)-(ICV en Cataluña),Izquierda Unida,247,hand
ES,6,prtclces,5,AMAIUR,Amaiur,1671,link
ES,6,prtclces,6,"Unión, Progreso y Democracia (UPyD)",Unión Progreso y Democracia,55,name
ES,6,prtclces,7,Partido Nacionalista Basco (PNV),Partido Nacionalista Vasco — Euzko Alderdi Jeltzalea,1637,hand
ES,6,prtclces,8,Esquerra Republicana de Catalunya (ERC),Esquerra Republicana de Catalunya,848,hand
ES,6,prtclces,9,Bloque Nacionalista Galego (BNG),Bloque Nacionalista Galego,1011,link
ES,6,prtclces,11,Compromís - EQUO,Coalició Compromís,5623,link
ES,6,prtclces,12,Foro de Ciudadanos,Ciudadanos — Partido de la Ciudadanía,3217,link
ES,6,prtclces,13,Geroa Bai,Geroa Bai,8358,link
ES,6,prtclces,15,Otro,other,,hand
ES,6,prtclces,66,Not applicable*,,,missing
ES,6,prtclces,77,Refusal*,refused,,missing
ES,6,prtclces,88,Don't know*,dont-know,,missing
ES,7,prtcldes,1,PP,Partido Progresista,5750,name
ES,7,prtcldes,2,Partido Socialista Obrero Español (PSOE),Partido Socialista Obrero Español,1338,link
ES,7,prtcldes,3,Convergència i Unió (CiU),Convergència i Unió,139,link
ES,7,prtcldes,4,Izquierda Unida (IU) - (ICV en Cataluña),Izquierda Unida,247,hand
ES,7,prtcldes,5,AMAIUR-Bildu,Amaiur,1671,hand
ES,7,prtcldes,6,"Unión, Progreso y Democracia (UPyD)",Unión Progreso y Democracia,55,name
ES,7,prtcldes,7,Partido Nacionalista Vasco (PNV),Partido Nacionalista Vasco — Euzko Alderdi Jeltzalea,1637,link
ES,7,prtcldes,8,Esquerra Republicana de Catalunya (ERC),Esquerra Republicana de Catalunya,848,hand
ES,7,prtcldes,9,Bloque Nacionalista Galego (BNG),Bloque Nacionalista Galego,1011,link
ES,7,prtcldes,10,Coalición Canaria - Nueva Canarias,Coalición Canaria,81,hand
ES,7,prtcldes,11,Compromís - EQUO,Coalició Compromís,5623,link
ES,7,prtcldes,14,UPN,Union del Pueblo Navarro,722,link
ES,7,prtcldes,15,Podemos,Podemos,3203,link
ES,7,prtcldes,16,Ciudadanos,Ciudadanos — Partido de la Ciudadanía,3217,hand
ES,7,prtcldes,17,Otro,other,,hand
ES,7,prtcldes,18,Candidatura d´Unitat Popular (CUP),Candidatura d'Unitat Popular,8357,link
ES,7,prtcldes,66,Not applicable*,,,missing
ES,7,prtcldes,77,Refusal*,refused,,missing
ES,7,prtcldes,88,Don't know*,dont-know,,missing
ES,7,prtcldes,99,No answer*,,,missing
ES,8,prtclees,1,Partido Popular - PP,Alianza-Partido Popular / Partido Popular,441,name
ES,8,prtclees,2,Partido Socialista Obrero Español - PSOE,Partido Socialista Obrero Español,1338,name
ES,8,prtclees,4,Podemos,Podemos,3203,link
ES,8,prtclees,5,Ciudadanos,Ciudadanos — Partido de la Ciudadanía,3217,hand
ES,8,prtclees,6,Izquierda Unida - IU,Izquierda Unida,247,name
ES,8,prtclees,7,En Comú Podem,En Comú Podem,8031,link
ES,8,prtclees,9,Compromís,Coalició Compromís,5623,hand
ES,8,prtclees,10,Esquerra Republicana de Catalunya - ERC,Esquerra Republicana de Catalunya,848,hand
ES,8,prtclees,11,CDC-PdeCAT,Convergència Democràtica de Catalunya,4795,link
ES,8,prtclees,12,En Marea,En Marea,5873,link
ES,8,prtclees,13,EAJ-PNV,Partido Nacionalista Vasco — Euzko Alderdi Jeltzalea,1637,hand
ES,8,prtclees,14,EH Bildu,Euskal Herria Bildu / Reunir Euskal Herria,5668,link
ES,8,prtclees,16,CC (Coalición Canaria),Coalición Canaria,81,hand
ES,8,prtclees,17,PNC (Nueva Canaria),PNC (Nueva Canaria) [og],,hand
ES,8,prtclees,18,PACMA,Partido Animalista Contra el Maltrato Animal,3219,link
ES,8,prtclees,19,Candidatura d´Unitat Popular - CUP,Candidatura d'Unitat Popular,8357,name
ES,8,prtclees,50,Other,other,,hand
ES,8,prtclees,66,Not applicable*,,,missing
ES,8,prtclees,77,Refusal*,refused,,missing
ES,8,prtclees,88,Don't know*,dont-know,,missing
ES,8,prtclees,99,No answer*,,,missing
ES,1,prtcles,1,Partido Popular (PP),Alianza-Partido Popular / Partido Popular,441,link
ES,1,prtcles,2,Partido Socialista Obrero Español (PSOE),Partido Socialista Obrero Español,1338,link
ES,1,prtcles,3,Izquierda Unida (IU),Izquierda Unida,247,link
ES,1,prtcles,4,Convergència i Unió (CiU),Convergència i Unió,139,link
ES,1,prtcles,5,Esquerra Repubicana de Catalunya (ERC),Esquerra Republicana de Catalunya,848,link
ES,1,prtcles,6,Iniciativa per Catalunya-Verds (ICV),Iniciativa per Catalunya Verds,1260,link
ES,1,prtcles,7,Partido Nacionalista Vasco (PNV),Partido Nacionalista Vasco — Euzko Alderdi Jeltzalea,1637,link
ES,1,prtcles,8,Eusko Alkartasuna (EA),Eusko Alkartasuna,1324,link
ES,1,prtcles,9,Bloque Nacionalista Galego (BNG),Bloque Nacionalista Galego,1011,link
ES,1,prtcles,10,Coalición Canaria (CC),Coalición Canaria,81,link
ES,1,prtcles,11,Partido Andalucista (PA),Partidu Andalucista,1497,link
ES,1,prtcles,12,Chunta Aragonesista (CHA),Chunta Aragonesista,1564,link
ES,1,prtcles,66,Not applicable*,,,missing
ES,1,prtcles,68,Other,other,,hand
ES,1,prtcles,77,Refusal*,refused,,missing
ES,1,prtcles,88,Don't know*,dont-know,,missing
ES,9,prtclfes,1,PP,Partido Progresista,5750,name
ES,9,prtclfes,2,PSOE,Partido Socialista Obrero Español,1338,name
ES,9,prtclfes,3,Unidas Podemos,Unidas Podemos,7656,link
ES,9,prtclfes,4,Podemos,Podemos,3203,link
ES,9,prtclfes,5,Ciudadanos,Ciudadanos — Partido de la Ciudadanía,3217,hand
ES,9,prtclfes,6,IU,Izquierda Unida,247,name
ES,9,prtclfes,7,En Comú Podem,En Comú Podem,8031,link
ES,9,prtclfes,8,Más País,Más País,8395,link
ES,9,prtclfes,9,Compromís,Coalició Compromís,5623,hand
ES,9,prtclfes,10,ERC,Esquerra Republicana de Catalunya,848,name
ES,9,prtclfes,11,Junts per Catalunya/PDeCAT,Junts per Catalunya — Partit Demòcrata Europeu Català,9097,hand
ES,9,prtclfes,12,Bloque Nacionalista Galego,Bloque Nacionalista Galego,1011,name
ES,9,prtclfes,13,EAJ-PNV,Partido Nacionalista Vasco — Euzko Alderdi Jeltzalea,1637,hand
ES,9,prtclfes,14,EH-Bildu,Euskal Herria Bildu / Reunir Euskal Herria,5668,name
ES,9,prtclfes,15,CC-PNC,Coalición Canaria,81,hand
ES,9,prtclfes,16,VOX,Vox,3218,link
ES,9,prtclfes,17,Navarra Suma,Navarra Suma [og],,hand
ES,9,prtclfes,18,PACMA,Partido Animalista Contra el Maltrato Animal,3219,link
ES,9,prtclfes,19,CUP,Candidatura d'Unitat Popular,8357,link
ES,9,prtclfes,53,Other,other,,hand
ES,9,prtclfes,66,Not applicable*,,,missing
ES,9,prtclfes,77,Refusal*,refused,,missing
ES,9,prtclfes,88,Don't know*,dont-know,,missing
ES,10,prtclges,1,PSOE,Partido Socialista Obrero Español,1338,name
ES,10,prtclges,2,PP,Partido Progresista,5750,name
ES,10,prtclges,3,VOX,Vox,3218,link
ES,10,prtclges,4,Unidas Podemos,Unidas Podemos,7656,link
ES,10,prtclges,5,En Comú Podem,En Comú Podem,8031,link
ES,10,prtclges,6,Ciudadanos,Ciudadanos — Partido de la Ciudadanía,3217,hand
ES,10,prtclges,7,Más País,Más País,8395,link
ES,10,prtclges,8,ERC,Esquerra Republicana de Catalunya,848,name
ES,10,prtclges,9,Junts x Cat,Junts per Catalunya,7421,hand
ES,10,prtclges,10,CUP,Candidatura d'Unitat Popular,8357,link
ES,10,prtclges,11,EAJ-PNV,Partido Nacionalista Vasco — Euzko Alderdi Jeltzalea,1637,hand
ES,10,prtclges,12,EH-Bildu,Euskal Herria Bildu / Reunir Euskal Herria,5668,name
ES,10,prtclges,13,Coalición Canaria,Coalición Canaria,81,name
ES,10,prtclges,14,UPN,Union del Pueblo Navarro,722,link
ES,10,prtclges,15,Compromís,Coalició Compromís,5623,hand
ES,10,prtclges,16,BNG,Bloque Nacionalista Galego,1011,name
ES,10,prtclges,17,PRC,PRC [og],,hand
ES,10,prtclges,18,Teruel Existe,Teruel Existe [og],,hand
ES,10,prtclges,19,Izquierda Unida,Izquierda Unida,247,name
ES,10,prtclges,53,Other,other,,hand
ES,10,prtclges,66,Not applicable*,,,missing
ES,10,prtclges,99,No answer*,,,missing
ES,11,prtclhes,1,PP,Partido Progresista,5750,name
ES,11,prtclhes,2,PSOE,Partido Socialista Obrero Español,1338,name
ES,11,prtclhes,3,VOX,Vox,3218,link
ES,11,prtclhes,4,SUMAR,SUMAR [og],,hand
ES,11,prtclhes,5,ERC,Esquerra Republicana de Catalunya,848,name
ES,11,prtclhes,6,Junts x Cat,Junts per Catalunya,7421,hand
ES,11,prtclhes,7,EH-Bildu,Euskal Herria Bildu / Reunir Euskal Herria,5668,name
ES,11,prtclhes,8,EAJ-PNV,Partido Nacionalista Vasco — Euzko Alderdi Jeltzalea,1637,hand
ES,11,prtclhes,9,BNG,Bloque Nacionalista Galego,1011,name
ES,11,prtclhes,10,Coalición Canaria,Coalición Canaria,81,name
ES,11,prtclhes,11,UPN,Union del Pueblo Navarro,722,link
ES,11,prtclhes,12,PACMA,Partido Animalista Contra el Maltrato Animal,3219,link
ES,11,prtclhes,13,Unidas Podemos,Unidas Podemos,7656,link
ES,11,prtclhes,14,Izquierda Unida,Izquierda Unida,247,name
ES,11,prtclhes,16,Ciudadanos,Ciudadanos — Partido de la Ciudadanía,3217,hand
ES,11,prtclhes,17,CUP,Candidatura d'Unitat Popular,8357,link
ES,11,prtclhes,18,Compromís,Coalició Compromís,5623,hand
ES,11,prtclhes,19,Drago Canarias,Drago Canarias [og],,hand
ES,11,prtclhes,20,Alianza Catalana,Alianza Catalana [og],,hand
ES,11,prtclhes,50,Other,other,,hand
ES,11,prtclhes,66,Not applicable*,,,missing
ES,11,prtclhes,77,Refusal*,refused,,missing
ES,11,prtclhes,88,Don't know*,dont-know,,missing
ES,2,prtvtaes,1,Partido Popular (PP),Alianza-Partido Popular / Partido Popular,441,link
ES,2,prtvtaes,2,Partido Socialista Obrero Español (PSOE),Partido Socialista Obrero Español,1338,link
ES,2,prtvtaes,3,Izquierda Unida (IU),Izquierda Unida,247,link
ES,2,prtvtaes,4,Convergència i Unió (CiU),Convergència i Unió,139,link
ES,2,prtvtaes,5,Esquerra Repubicana de Catalunya (ERC),Esquerra Republicana de Catalunya,848,link
ES,2,prtvtaes,6,Iniciativa per Catalunya-Verds (ICV),Iniciativa per Catalunya Verds,1260,link
ES,2,prtvtaes,7,Partido Nacionalista Vasco (PNV),Partido Nacionalista Vasco — Euzko Alderdi Jeltzalea,1637,link
ES,2,prtvtaes,8,Eusko Alkartasuna (EA),Eusko Alkartasuna,1324,link
ES,2,prtvtaes,9,Bloque Nacionalista Galego (BNG),Bloque Nacionalista Galego,1011,link
ES,2,prtvtaes,10,Coalición Canaria (CC),Coalición Canaria,81,link
ES,2,prtvtaes,11,Partido Andalucista (PA),Partidu Andalucista,1497,link
ES,2,prtvtaes,12,Chunta Aragonesista (CHA),Chunta Aragonesista,1564,link
ES,2,prtvtaes,66,Not applicable*,,,missing
ES,2,prtvtaes,74,Other,other,,hand
ES,2,prtvtaes,75,Blank vote,blank-invalid,,hand
ES,2,prtvtaes,76,Spoiled vote,blank-invalid,,hand
ES,2,prtvtaes,88,Don't know*,dont-know,,missing
ES,2,prtvtaes,99,No answer*,,,missing
ES,3,prtvtaes,1,Partido Popular (PP),Alianza-Partido Popular / Partido Popular,441,link
ES,3,prtvtaes,2,Partido Socialista Obrero Español (PSOE),Partido Socialista Obrero Español,1338,link
ES,3,prtvtaes,3,Izquierda Unida (IU),Izquierda Unida,247,link
ES,3,prtvtaes,4,Convergència i Unió (CiU),Convergència i Unió,139,link
ES,3,prtvtaes,5,Esquerra Repubicana de Catalunya (ERC),Esquerra Republicana de Catalunya,848,link
ES,3,prtvtaes,6,Iniciativa per Catalunya-Verds (ICV),Iniciativa per Catalunya Verds,1260,link
ES,3,prtvtaes,7,Partido Nacionalista Vasco (PNV),Partido Nacionalista Vasco — Euzko Alderdi Jeltzalea,1637,link
ES,3,prtvtaes,8,Eusko Alkartasuna (EA),Eusko Alkartasuna,1324,link
ES,3,prtvtaes,9,Bloque Nacionalista Galego (BNG),Bloque Nacionalista Galego,1011,link
ES,3,prtvtaes,10,Coalición Canaria (CC),Coalición Canaria,81,link
ES,3,prtvtaes,11,Partido Andalucista (PA),Partidu Andalucista,1497,link
ES,3,prtvtaes,12,Chunta Aragonesista (CHA),Chunta Aragonesista,1564,link
ES,3,prtvtaes,13,Nafarroa-Bai (NA-BAI),Nafarroa Bai,611,link
ES,3,prtvtaes,66,Not applicable*,,,missing
ES,3,prtvtaes,74,Other,other,,hand
ES,3,prtvtaes,75,Blank vote,blank-invalid,,hand
ES,3,prtvtaes,76,Spoiled vote,blank-invalid,,hand
ES,3,prtvtaes,77,Refusal*,refused,,missing
ES,3,prtvtaes,88,Don't know*,dont-know,,missing
ES,4,prtvtbes,1,Partido Popular,Alianza-Partido Popular / Partido Popular,441,hand
ES,4,prtvtbes,2,Partido Socialista Obrero Español (PSOE),Partido Socialista Obrero Español,1338,link
ES,4,prtvtbes,3,Izquierda Unida (IU),Izquierda Unida,247,link
ES,4,prtvtbes,4,Convergència i Unió (CiU),Convergència i Unió,139,link
ES,4,prtvtbes,5,Esquerra Republicana de Catalunya (ERC),Esquerra Republicana de Catalunya,848,hand
ES,4,prtvtbes,6,Partido Nacionalista Vasco (PNV),Partido Nacionalista Vasco — Euzko Alderdi Jeltzalea,1637,link
ES,4,prtvtbes,7,Bloque Nacionalista Galego (BNG),Bloque Nacionalista Galego,1011,link
ES,4,prtvtbes,8,Coalición Canaria-Partido Nacionalista Canario (CC-PNC),Acuerdo de Unidad Nacionalista,8262,link
ES,4,prtvtbes,9,Nafarroa-Bai (NA-BAI),Nafarroa Bai,611,link
ES,4,prtvtbes,10,Unión Progreso y Democracia (UPyD),Unión Progreso y Democracia,55,link
ES,4,prtvtbes,66,Not applicable*,,,missing
ES,4,prtvtbes,74,Other,other,,hand
ES,4,prtvtbes,75,Blank vote,blank-invalid,,hand
ES,4,prtvtbes,76,Spoiled vote,blank-invalid,,hand
ES,4,prtvtbes,77,Refusal*,refused,,missing
ES,4,prtvtbes,88,Don't know*,dont-know,,missing
ES,5,prtvtbes,1,Partido Popular,Alianza-Partido Popular / Partido Popular,441,hand
ES,5,prtvtbes,2,Partido Socialista Obrero Español (PSOE),Partido Socialista Obrero Español,1338,link
ES,5,prtvtbes,3,Izquierda Unida (IU),Izquierda Unida,247,link
ES,5,prtvtbes,4,Convergència i Unió (CiU),Convergència i Unió,139,link
ES,5,prtvtbes,5,Esquerra Republicana de Catalunya (ERC),Esquerra Republicana de Catalunya,848,hand
ES,5,prtvtbes,6,Partido Nacionalista Vasco (PNV),Partido Nacionalista Vasco — Euzko Alderdi Jeltzalea,1637,link
ES,5,prtvtbes,7,Bloque Nacionalista Galego (BNG),Bloque Nacionalista Galego,1011,link
ES,5,prtvtbes,8,Coalición Canaria-Partido Nacionalista Canario (CC-PNC),Acuerdo de Unidad Nacionalista,8262,link
ES,5,prtvtbes,9,Nafarroa-Bai (NA-BAI),Nafarroa Bai,611,link
ES,5,prtvtbes,10,Unión Progreso y Democracia (UPyD),Unión Progreso y Democracia,55,link
ES,5,prtvtbes,66,Not applicable*,,,missing
ES,5,prtvtbes,74,Other,other,,hand
ES,5,prtvtbes,75,Blank vote,blank-invalid,,hand
ES,5,prtvtbes,76,Spoiled vote,blank-invalid,,hand
ES,5,prtvtbes,77,Refusal*,refused,,missing
ES,5,prtvtbes,88,Don't know*,dont-know,,missing
ES,6,prtvtces,1,Partido Popular - PP (con UPN en Navarra),Alianza-Partido Popular / Partido Popular,441,hand
ES,6,prtvtces,2,Partido Socialista Obrero Español (PSOE),Partido Socialista Obrero Español,1338,link
ES,6,prtvtces,3,Convergència i Unió (CiU),Convergència i Unió,139,link
ES,6,prtvtces,4,Izquierda Unida (IU) - (ICV en Cataluña),Izquierda Unida,247,hand
ES,6,prtvtces,5,AMAIUR,Amaiur,1671,link
ES,6,prtvtces,6,"Unión, Progreso y Democracia (UPyD)",Unión Progreso y Democracia,55,name
ES,6,prtvtces,7,Partido Nacionalista Vasco (PNV),Partido Nacionalista Vasco — Euzko Alderdi Jeltzalea,1637,link
ES,6,prtvtces,8,Esquerra Republicana de Catalunya (ERC),Esquerra Republicana de Catalunya,848,hand
ES,6,prtvtces,9,Bloque Nacionalista Galego (BNG),Bloque Nacionalista Galego,1011,link
ES,6,prtvtces,10,Coalición Canaria - Nueva Canarias,Coalición Canaria,81,hand
ES,6,prtvtces,11,Compromís - EQUO,Coalició Compromís,5623,link
ES,6,prtvtces,12,Foro de Ciudadanos,Ciudadanos — Partido de la Ciudadanía,3217,link
ES,6,prtvtces,14,Otros,other,,hand
ES,6,prtvtces,15,Votó en blanco,blank-invalid,,hand
ES,6,prtvtces,16,Votó nulo,blank-invalid,,hand
ES,6,prtvtces,66,Not applicable*,,,missing
ES,6,prtvtces,77,Refusal*,refused,,missing
ES,6,prtvtces,88,Don't know*,dont-know,,missing
ES,7,prtvtces,1,Partido Popular - PP (con UPN en Navarra),Alianza-Partido Popular / Partido Popular,441,hand
ES,7,prtvtces,2,Partido Socialista Obrero Español (PSOE),Partido Socialista Obrero Español,1338,link
ES,7,prtvtces,3,Convergència i Unió (CiU),Convergència i Unió,139,link
ES,7,prtvtces,4,Izquierda Unida (IU) - (ICV en Cataluña),Izquierda Unida,247,hand
ES,7,prtvtces,5,AMAIUR,Amaiur,1671,link
ES,7,prtvtces,6,"Unión, Progreso y Democracia (UPyD)",Unión Progreso y Democracia,55,name
ES,7,prtvtces,7,Partido Nacionalista Vasco (PNV),Partido Nacionalista Vasco — Euzko Alderdi Jeltzalea,1637,link
ES,7,prtvtces,8,Esquerra Republicana de Catalunya (ERC),Esquerra Republicana de Catalunya,848,hand
ES,7,prtvtces,9,Bloque Nacionalista Galego (BNG),Bloque Nacionalista Galego,1011,link
ES,7,prtvtces,10,Coalición Canaria - Nueva Canarias,Coalición Canaria,81,hand
ES,7,prtvtces,11,Compromís - EQUO,Coalició Compromís,5623,link
ES,7,prtvtces,12,Foro de Ciudadanos,Ciudadanos — Partido de la Ciudadanía,3217,link
ES,7,prtvtces,13,Geroa Bai,Geroa Bai,8358,link
ES,7,prtvtces,14,Otros,other,,hand
ES,7,prtvtces,15,Votó en blanco,blank-invalid,,hand
ES,7,prtvtces,16,Votó nulo,blank-invalid,,hand
ES,7,prtvtces,66,Not applicable*,,,missing
ES,7,prtvtces,77,Refusal*,refused,,missing
ES,7,prtvtces,88,Don't know*,dont-know,,missing
ES,7,prtvtces,99,No answer*,,,missing
ES,8,prtvtdes,1,Partido Popular - PP,Alianza-Partido Popular / Partido Popular,441,name
ES,8,prtvtdes,2,Partido Socialista Obrero Español - PSOE,Partido Socialista Obrero Español,1338,name
ES,8,prtvtdes,3,Unidos Podemos,Unidas Podemos,7656,link
ES,8,prtvtdes,5,Ciudadanos,Ciudadanos — Partido de la Ciudadanía,3217,hand
ES,8,prtvtdes,7,En Comú Podem,En Comú Podem,8031,link
ES,8,prtvtdes,8,Compromís-Podemos-EUPV,A la valenciana,8271,link
ES,8,prtvtdes,10,Esquerra Republicana de Catalunya - ERC,Esquerra Republicana de Catalunya,848,hand
ES,8,prtvtdes,11,CDC-PdeCAT,Convergència Democràtica de Catalunya,4795,link
ES,8,prtvtdes,12,En Marea,En Marea,5873,link
ES,8,prtvtdes,13,EAJ-PNV,Partido Nacionalista Vasco — Euzko Alderdi Jeltzalea,1637,hand
ES,8,prtvtdes,14,EH Bildu,Euskal Herria Bildu / Reunir Euskal Herria,5668,link
ES,8,prtvtdes,15,CC-PCC (Coalición Canaria),Coalición Canaria,81,hand
ES,8,prtvtdes,18,PACMA,Partido Animalista Contra el Maltrato Animal,3219,link
ES,8,prtvtdes,50,Other,other,,hand
ES,8,prtvtdes,51,Blank vote,blank-invalid,,hand
ES,8,prtvtdes,52,Invalid vote,blank-invalid,,hand
ES,8,prtvtdes,66,Not applicable*,,,missing
ES,8,prtvtdes,77,Refusal*,refused,,missing
ES,8,prtvtdes,88,Don't know*,dont-know,,missing
ES,8,prtvtdes,99,No answer*,,,missing
ES,9,prtvtees,1,PP,Partido Progresista,5750,name
ES,9,prtvtees,2,PSOE,Partido Socialista Obrero Español,1338,name
ES,9,prtvtees,3,Unidas Podemos,Unidas Podemos,7656,link
ES,9,prtvtees,5,Ciudadanos,Ciudadanos — Partido de la Ciudadanía,3217,hand
ES,9,prtvtees,7,En Comú Podem,En Comú Podem,8031,link
ES,9,prtvtees,8,Más País,Más País,8395,link
ES,9,prtvtees,9,Compromís,Coalició Compromís,5623,hand
ES,9,prtvtees,10,ERC,Esquerra Republicana de Catalunya,848,name
ES,9,prtvtees,11,Junts per Catalunya/PDeCAT,Junts per Catalunya — Partit Demòcrata Europeu Català,9097,hand
ES,9,prtvtees,12,Bloque Nacionalista Galego,Bloque Nacionalista Galego,1011,name
ES,9,prtvtees,13,EAJ-PNV,Partido Nacionalista Vasco — Euzko Alderdi Jeltzalea,1637,hand
ES,9,prtvtees,14,EH-Bildu,Euskal Herria Bildu / Reunir Euskal Herria,5668,name
ES,9,prtvtees,15,CC-PNC,Coalición Canaria,81,hand
ES,9,prtvtees,16,VOX,Vox,3218,link
ES,9,prtvtees,17,Navarra Suma,Navarra Suma [og],,hand
ES,9,prtvtees,18,PACMA,Partido Animalista Contra el Maltrato Animal,3219,link
ES,9,prtvtees,19,CUP,Candidatura d'Unitat Popular,8357,link
ES,9,prtvtees,20,PRC,PRC [og],,hand
ES,9,prtvtees,53,Other,other,,hand
ES,9,prtvtees,54,Blank vote,blank-invalid,,hand
ES,9,prtvtees,55,Invalid vote,blank-invalid,,hand
ES,9,prtvtees,66,Not applicable*,,,missing
ES,9,prtvtees,77,Refusal*,refused,,missing
ES,9,prtvtees,88,Don't know*,dont-know,,missing
ES,1,prtvtes,1,Partido Popular (PP),Alianza-Partido Popular / Partido Popular,441,link
ES,1,prtvtes,2,Partido Socialista Obrero Español (PSOE),Partido Socialista Obrero Español,1338,link
ES,1,prtvtes,3,Izquierda Unida (IU),Izquierda Unida,247,link
ES,1,prtvtes,4,Convergència i Unió (CiU),Convergència i Unió,139,link
ES,1,prtvtes,5,Esquerra Repubicana de Catalunya (ERC),Esquerra Republicana de Catalunya,848,link
ES,1,prtvtes,6,Iniciativa per Catalunya-Verds (ICV),Iniciativa per Catalunya Verds,1260,link
ES,1,prtvtes,7,Partido Nacionalista Vasco (PNV),Partido Nacionalista Vasco — Euzko Alderdi Jeltzalea,1637,link
ES,1,prtvtes,8,Eusko Alkartasuna (EA),Eusko Alkartasuna,1324,link
ES,1,prtvtes,9,Bloque Nacionalista Galego (BNG),Bloque Nacionalista Galego,1011,link
ES,1,prtvtes,10,Coalición Canaria (CC),Coalición Canaria,81,link
ES,1,prtvtes,11,Partido Andalucista (PA),Partidu Andalucista,1497,link
ES,1,prtvtes,12,Chunta Aragonesista (CHA),Chunta Aragonesista,1564,link
ES,1,prtvtes,66,Not applicable*,,,missing
ES,1,prtvtes,68,Other,other,,hand
ES,1,prtvtes,77,Refusal*,refused,,missing
ES,1,prtvtes,88,Don't know*,dont-know,,missing
ES,10,prtvtfes,1,PSOE,Partido Socialista Obrero Español,1338,name
ES,10,prtvtfes,2,PP,Partido Progresista,5750,name
ES,10,prtvtfes,3,VOX,Vox,3218,link
ES,10,prtvtfes,4,Unidas Podemos,Unidas Podemos,7656,link
ES,10,prtvtfes,5,En Comú Podem,En Comú Podem,8031,link
ES,10,prtvtfes,6,Ciudadanos,Ciudadanos — Partido de la Ciudadanía,3217,hand
ES,10,prtvtfes,7,Más País,Más País,8395,link
ES,10,prtvtfes,8,ERC,Esquerra Republicana de Catalunya,848,name
ES,10,prtvtfes,9,Junts x Cat,Junts per Catalunya,7421,hand
ES,10,prtvtfes,10,CUP,Candidatura d'Unitat Popular,8357,link
ES,10,prtvtfes,11,EAJ-PNV,Partido Nacionalista Vasco — Euzko Alderdi Jeltzalea,1637,hand
ES,10,prtvtfes,12,EH-Bildu,Euskal Herria Bildu / Reunir Euskal Herria,5668,name
ES,10,prtvtfes,13,CC-PNC-NC,Acuerdo de Unidad Nacionalista,8262,link
ES,10,prtvtfes,14,Navarra Suma,Navarra Suma [og],,hand
ES,10,prtvtfes,15,Més Compromis,Coalició Compromís,5623,hand
ES,10,prtvtfes,16,BNG,Bloque Nacionalista Galego,1011,name
ES,10,prtvtfes,17,PRC,PRC [og],,hand
ES,10,prtvtfes,18,Teruel Existe,Teruel Existe [og],,hand
ES,10,prtvtfes,53,Other,other,,hand
ES,10,prtvtfes,54,Blank vote,blank-invalid,,hand
ES,10,prtvtfes,55,Invalid vote,blank-invalid,,hand
ES,10,prtvtfes,66,Not applicable*,,,missing
ES,10,prtvtfes,99,No answer*,,,missing
ES,11,prtvtges,1,PP,Partido Progresista,5750,name
ES,11,prtvtges,2,PSOE,Partido Socialista Obrero Español,1338,name
ES,11,prtvtges,3,VOX,Vox,3218,link
ES,11,prtvtges,4,SUMAR,SUMAR [og],,hand
ES,11,prtvtges,5,ERC,Esquerra Republicana de Catalunya,848,name
ES,11,prtvtges,6,Junts x Cat,Junts per Catalunya,7421,hand
ES,11,prtvtges,7,EH-Bildu,Euskal Herria Bildu / Reunir Euskal Herria,5668,name
ES,11,prtvtges,8,EAJ-PNV,Partido Nacionalista Vasco — Euzko Alderdi Jeltzalea,1637,hand
ES,11,prtvtges,9,BNG,Bloque Nacionalista Galego,1011,name
ES,11,prtvtges,10,Coalición Canaria (CC),Coalición Canaria,81,link
ES,11,prtvtges,11,UPN,Union del Pueblo Navarro,722,link
ES,11,prtvtges,12,PACMA,Partido Animalista Contra el Maltrato Animal,3219,link
ES,11,prtvtges,50,Other,other,,hand
ES,11,prtvtges,51,Blank vote,blank-invalid,,hand
ES,11,prtvtges,52,Invalid vote,blank-invalid,,hand
ES,11,prtvtges,66,Not applicable*,,,missing
ES,11,prtvtges,77,Refusal*,refused,,missing
ES,11,prtvtges,88,Don't know*,dont-know,,missing
FI,4,prtclafi,1,The National Coalition Party,Kansallinen Kokoomus,495,link
FI,4,prtclafi,2,The Swedish People's Party (SPP),Ruotsalainen Kansanpuolue / Svenska Folkepartiet i Finland,1229,link
FI,4,prtclafi,3,"Liberals, (The liberal party of Finland)",Liberaalinen kansanpuolue,249,link
FI,4,prtclafi,4,The Centre Party,Maalaisliitto / Keskusta,901,link
FI,4,prtclafi,5,True Finns,Suomen Puolue / Perussuomalaiset,1689,link
FI,4,prtclafi,6,Christian Democrats,Kristillisdemokraatit,703,link
FI,4,prtclafi,7,Green League,Vihreä Liitto,479,link
FI,4,prtclafi,8,Social Democratic Party,Suomen Sosialidemokraattinen Puolue,1303,link
FI,4,prtclafi,9,Left Alliance,Vasemmistoliitto,1044,link
FI,4,prtclafi,10,Communist Party,Suomen Kommunistinen Puolue,7030,link
FI,4,prtclafi,11,The Communist Workers' Party,The Communist Workers' Party [og],,hand
FI,4,prtclafi,12,Other,other,,hand
FI,4,prtclafi,66,Not applicable*,,,missing
FI,4,prtclafi,77,Refusal*,refused,,missing
FI,4,prtclafi,88,Don't know*,dont-know,,missing
FI,5,prtclbfi,1,The National Coalition Party,Kansallinen Kokoomus,495,link
FI,5,prtclbfi,2,The Swedish People's Party (SPP),Ruotsalainen Kansanpuolue / Svenska Folkepartiet i Finland,1229,link
FI,5,prtclbfi,3,"Liberals, (The liberal party of Finland)",Liberaalinen kansanpuolue,249,link
FI,5,prtclbfi,4,The Centre Party,Maalaisliitto / Keskusta,901,link
FI,5,prtclbfi,5,True Finns,Suomen Puolue / Perussuomalaiset,1689,link
FI,5,prtclbfi,6,Christian Democrats,Kristillisdemokraatit,703,link
FI,5,prtclbfi,9,Senior Citizens' Party,Senior Citizens' Party [og],,hand
FI,5,prtclbfi,13,Green League,Vihreä Liitto,479,link
FI,5,prtclbfi,14,Social Democratic Party,Suomen Sosialidemokraattinen Puolue,1303,link
FI,5,prtclbfi,15,Left Alliance,Vasemmistoliitto,1044,link
FI,5,prtclbfi,16,Communist Party,Suomen Kommunistinen Puolue,7030,link
FI,5,prtclbfi,17,The Communist Workers' Party,The Communist Workers' Party [og],,hand
FI,5,prtclbfi,18,Workers' Party,Workers' Party [og],,hand
FI,5,prtclbfi,19,Other,other,,hand
FI,5,prtclbfi,66,Not applicable*,,,missing
FI,5,prtclbfi,77,Refusal*,refused,,missing
FI,5,prtclbfi,88,Don't know*,dont-know,,missing
FI,6,prtclcfi,1,The National Coalition Party,Kansallinen Kokoomus,495,link
FI,6,prtclcfi,2,The Swedish People's Party (SPP),Ruotsalainen Kansanpuolue / Svenska Folkepartiet i Finland,1229,link
FI,6,prtclcfi,3,The Centre Party,Maalaisliitto / Keskusta,901,link
FI,6,prtclcfi,4,True Finns,Suomen Puolue / Perussuomalaiset,1689,link
FI,6,prtclcfi,5,Christian Democrats,Kristillisdemokraatit,703,link
FI,6,prtclcfi,8,Pirate Party,Piraattipuolue / Piratpartiet,9148,link
FI,6,prtclcfi,12,Green League,Vihreä Liitto,479,link
FI,6,prtclcfi,13,Social Democratic Party,Suomen Sosialidemokraattinen Puolue,1303,link
FI,6,prtclcfi,14,Left Alliance,Vasemmistoliitto,1044,link
FI,6,prtclcfi,15,Communist Party,Suomen Kommunistinen Puolue,7030,link
FI,6,prtclcfi,16,The Communist Workers' Party,The Communist Workers' Party [og],,hand
FI,6,prtclcfi,18,Other,other,,hand
FI,6,prtclcfi,66,Not applicable*,,,missing
FI,6,prtclcfi,77,Refusal*,refused,,missing
FI,6,prtclcfi,88,Don't know*,dont-know,,missing
FI,7,prtclcfi,1,The National Coalition Party,Kansallinen Kokoomus,495,link
FI,7,prtclcfi,2,The Swedish People's Party (SPP),Ruotsalainen Kansanpuolue / Svenska Folkepartiet i Finland,1229,link
FI,7,prtclcfi,3,The Centre Party,Maalaisliitto / Keskusta,901,link
FI,7,prtclcfi,4,True Finns,Suomen Puolue / Perussuomalaiset,1689,link
FI,7,prtclcfi,5,Christian Democrats,Kristillisdemokraatit,703,link
FI,7,prtclcfi,7,Change 2011,Change 2011 [og],,hand
FI,7,prtclcfi,8,Pirate Party,Piraattipuolue / Piratpartiet,9148,link
FI,7,prtclcfi,10,Independence Party,Independence Party [og],,hand
FI,7,prtclcfi,12,Green League,Vihreä Liitto,479,link
FI,7,prtclcfi,13,Social Democratic Party,Suomen Sosialidemokraattinen Puolue,1303,link
FI,7,prtclcfi,14,Left Alliance,Vasemmistoliitto,1044,link
FI,7,prtclcfi,15,Communist Party,Suomen Kommunistinen Puolue,7030,link
FI,7,prtclcfi,18,Other,other,,hand
FI,7,prtclcfi,66,Not applicable*,,,missing
FI,7,prtclcfi,77,Refusal*,refused,,missing
FI,7,prtclcfi,88,Don't know*,dont-know,,missing
FI,8,prtcldfi,1,The National Coalition Party,Kansallinen Kokoomus,495,link
FI,8,prtcldfi,2,The Swedish People's Party (SPP),Ruotsalainen Kansanpuolue / Svenska Folkepartiet i Finland,1229,link
FI,8,prtcldfi,3,The Centre Party,Maalaisliitto / Keskusta,901,link
FI,8,prtcldfi,4,True Finns,Suomen Puolue / Perussuomalaiset,1689,link
FI,8,prtcldfi,5,Christian Democrats,Kristillisdemokraatit,703,link
FI,8,prtcldfi,7,Pirate Party,Piraattipuolue / Piratpartiet,9148,link
FI,8,prtcldfi,8,Independence Party,Independence Party [og],,hand
FI,8,prtcldfi,10,Green League,Vihreä Liitto,479,link
FI,8,prtcldfi,11,Social Democratic Party,Suomen Sosialidemokraattinen Puolue,1303,link
FI,8,prtcldfi,12,Left Alliance,Vasemmistoliitto,1044,link
FI,8,prtcldfi,13,Communist Party,Suomen Kommunistinen Puolue,7030,link
FI,8,prtcldfi,15,Workers' Party,Workers' Party [og],,hand
FI,8,prtcldfi,16,Other,other,,hand
FI,8,prtcldfi,66,Not applicable*,,,missing
FI,8,prtcldfi,77,Refusal*,refused,,missing
FI,8,prtcldfi,88,Don't know*,dont-know,,missing
FI,9,prtclefi,1,The National Coalition Party,Kansallinen Kokoomus,495,link
FI,9,prtclefi,2,The Swedish People's Party (SPP),Ruotsalainen Kansanpuolue / Svenska Folkepartiet i Finland,1229,link
FI,9,prtclefi,3,The Centre Party,Maalaisliitto / Keskusta,901,link
FI,9,prtclefi,4,True Finns,Suomen Puolue / Perussuomalaiset,1689,link
FI,9,prtclefi,5,Blue Reform,Uusi vaihtoehto / Sininen tulevaisuus,5859,link
FI,9,prtclefi,6,Christian Democrats,Kristillisdemokraatit,703,link
FI,9,prtclefi,8,Liberal Party - Freedom to Choose,Liberal Party - Freedom to Choose [og],,hand
FI,9,prtclefi,9,Pirate Party,Piraattipuolue / Piratpartiet,9148,link
FI,9,prtclefi,10,Independence Party,Independence Party [og],,hand
FI,9,prtclefi,11,Green League,Vihreä Liitto,479,link
FI,9,prtclefi,13,Feminist Party,Feminist Party [og],,hand
FI,9,prtclefi,14,Social Democratic Party,Suomen Sosialidemokraattinen Puolue,1303,link
FI,9,prtclefi,15,Left Alliance,Vasemmistoliitto,1044,link
FI,9,prtclefi,16,Communist Party,Suomen Kommunistinen Puolue,7030,link
FI,9,prtclefi,18,Other,other,,hand
FI,9,prtclefi,66,Not applicable*,,,missing
FI,9,prtclefi,77,Refusal*,refused,,missing
FI,9,prtclefi,88,Don't know*,dont-know,,missing
FI,10,prtclffi,1,The National Coalition Party,Kansallinen Kokoomus,495,link
FI,10,prtclffi,2,The Swedish People's Party (SPP),Ruotsalainen Kansanpuolue / Svenska Folkepartiet i Finland,1229,link
FI,10,prtclffi,3,The Centre Party,Maalaisliitto / Keskusta,901,link
FI,10,prtclffi,5,True Finns,Suomen Puolue / Perussuomalaiset,1689,link
FI,10,prtclffi,7,Christian Democrats,Kristillisdemokraatit,703,link
FI,10,prtclffi,8,Movement Now,Liike Nyt,8639,link
FI,10,prtclffi,12,The Liberal Party - Freedom to Choose,The Liberal Party - Freedom to Choose [og],,hand
FI,10,prtclffi,13,Feminist Party,Feminist Party [og],,hand
FI,10,prtclffi,16,Green League,Vihreä Liitto,479,link
FI,10,prtclffi,17,Social Democratic Party,Suomen Sosialidemokraattinen Puolue,1303,link
FI,10,prtclffi,18,Left Alliance,Vasemmistoliitto,1044,link
FI,10,prtclffi,19,Communist Party,Suomen Kommunistinen Puolue,7030,link
FI,10,prtclffi,23,Crystal Party,Crystal Party [og],,hand
FI,10,prtclffi,24,Other,other,,hand
FI,10,prtclffi,66,Not applicable*,,,missing
FI,10,prtclffi,77,Refusal*,refused,,missing
FI,10,prtclffi,88,Don't know*,dont-know,,missing
FI,1,prtclfi,1,The National Coalition Party,Kansallinen Kokoomus,495,link
FI,1,prtclfi,2,The Swedish People's Party (SPP),Ruotsalainen Kansanpuolue / Svenska Folkepartiet i Finland,1229,link
FI,1,prtclfi,3,"Liberals, (The liberal party of Finland)",Liberaalinen kansanpuolue,249,link
FI,1,prtclfi,4,The Centre Party,Maalaisliitto / Keskusta,901,link
FI,1,prtclfi,5,True Finns,Suomen Puolue / Perussuomalaiset,1689,link
FI,1,prtclfi,6,Christian Democrats,Kristillisdemokraatit,703,link
FI,1,prtclfi,8,Green League,Vihreä Liitto,479,link
FI,1,prtclfi,9,Social Democratic Party,Suomen Sosialidemokraattinen Puolue,1303,link
FI,1,prtclfi,10,Left Alliance,Vasemmistoliitto,1044,link
FI,1,prtclfi,11,Communist Party,Suomen Kommunistinen Puolue,7030,link
FI,1,prtclfi,12,The Communist Workers' Party,The Communist Workers' Party [og],,hand
FI,1,prtclfi,13,Natural law party,Natural law party [og],,hand
FI,1,prtclfi,14,Other,other,,hand
FI,1,prtclfi,66,Not applicable*,,,missing
FI,1,prtclfi,77,Refusal*,refused,,missing
FI,1,prtclfi,88,Don't know*,dont-know,,missing
FI,2,prtclfi,1,The National Coalition Party,Kansallinen Kokoomus,495,link
FI,2,prtclfi,2,The Swedish People's Party (SPP),Ruotsalainen Kansanpuolue / Svenska Folkepartiet i Finland,1229,link
FI,2,prtclfi,3,"Liberals, (The liberal party of Finland)",Liberaalinen kansanpuolue,249,link
FI,2,prtclfi,4,The Centre Party,Maalaisliitto / Keskusta,901,link
FI,2,prtclfi,5,True Finns,Suomen Puolue / Perussuomalaiset,1689,link
FI,2,prtclfi,6,Christian Democrats,Kristillisdemokraatit,703,link
FI,2,prtclfi,8,Green League,Vihreä Liitto,479,link
FI,2,prtclfi,9,Social Democratic Party,Suomen Sosialidemokraattinen Puolue,1303,link
FI,2,prtclfi,10,Left Alliance,Vasemmistoliitto,1044,link
FI,2,prtclfi,11,Communist Party,Suomen Kommunistinen Puolue,7030,link
FI,2,prtclfi,12,The Communist Workers' Party,The Communist Workers' Party [og],,hand
FI,2,prtclfi,14,Other,other,,hand
FI,2,prtclfi,66,Not applicable*,,,missing
FI,2,prtclfi,77,Refusal*,refused,,missing
FI,2,prtclfi,88,Don't know*,dont-know,,missing
FI,3,prtclfi,1,The National Coalition Party,Kansallinen Kokoomus,495,link
FI,3,prtclfi,2,The Swedish People's Party (SPP),Ruotsalainen Kansanpuolue / Svenska Folkepartiet i Finland,1229,link
FI,3,prtclfi,4,The Centre Party,Maalaisliitto / Keskusta,901,link
FI,3,prtclfi,5,True Finns,Suomen Puolue / Perussuomalaiset,1689,link
FI,3,prtclfi,6,Christian Democrats,Kristillisdemokraatit,703,link
FI,3,prtclfi,8,Green League,Vihreä Liitto,479,link
FI,3,prtclfi,9,Social Democratic Party,Suomen Sosialidemokraattinen Puolue,1303,link
FI,3,prtclfi,10,Left Alliance,Vasemmistoliitto,1044,link
FI,3,prtclfi,14,Other,other,,hand
FI,3,prtclfi,66,Not applicable*,,,missing
FI,3,prtclfi,77,Refusal*,refused,,missing
FI,3,prtclfi,88,Don't know*,dont-know,,missing
FI,11,prtclgfi,1,Social Democratic Party,Suomen Sosialidemokraattinen Puolue,1303,link
FI,11,prtclgfi,2,The Centre Party,Maalaisliitto / Keskusta,901,link
FI,11,prtclgfi,3,The National Coalition Party,Kansallinen Kokoomus,495,link
FI,11,prtclgfi,4,The Swedish People's Party (SPP),Ruotsalainen Kansanpuolue / Svenska Folkepartiet i Finland,1229,link
FI,11,prtclgfi,5,Christian Democrats,Kristillisdemokraatit,703,link
FI,11,prtclgfi,6,Green League,Vihreä Liitto,479,link
FI,11,prtclgfi,7,Left Alliance,Vasemmistoliitto,1044,link
FI,11,prtclgfi,8,True Finns,Suomen Puolue / Perussuomalaiset,1689,link
FI,11,prtclgfi,9,The Liberal Party - Freedom to Choose,The Liberal Party - Freedom to Choose [og],,hand
FI,11,prtclgfi,10,Pirate Party,Piraattipuolue / Piratpartiet,9148,link
FI,11,prtclgfi,11,Animal Justice Party,Animal Justice Party [og],,hand
FI,11,prtclgfi,17,Open Party,Open Party [og],,hand
FI,11,prtclgfi,18,Communist Party,Suomen Kommunistinen Puolue,7030,link
FI,11,prtclgfi,21,Freedom Alliance,Freedom Alliance [og],,hand
FI,11,prtclgfi,23,För Åland,För Åland [og],,hand
FI,11,prtclgfi,24,Other,other,,hand
FI,11,prtclgfi,66,Not applicable*,,,missing
FI,11,prtclgfi,77,Refusal*,refused,,missing
FI,11,prtclgfi,88,Don't know*,dont-know,,missing
FI,11,prtclgfi,99,No answer*,,,missing
FI,4,prtvtafi,1,The National Coalition Party,Kansallinen Kokoomus,495,link
FI,4,prtvtafi,2,The Swedish People's Party (SPP),Ruotsalainen Kansanpuolue / Svenska Folkepartiet i Finland,1229,link
FI,4,prtvtafi,3,"Liberals, (The liberal party of Finland)",Liberaalinen kansanpuolue,249,link
FI,4,prtvtafi,4,The Centre Party,Maalaisliitto / Keskusta,901,link
FI,4,prtvtafi,5,True Finns,Suomen Puolue / Perussuomalaiset,1689,link
FI,4,prtvtafi,6,Christian Democrats,Kristillisdemokraatit,703,link
FI,4,prtvtafi,7,Green League,Vihreä Liitto,479,link
FI,4,prtvtafi,8,Social Democratic Party,Suomen Sosialidemokraattinen Puolue,1303,link
FI,4,prtvtafi,9,Left Alliance,Vasemmistoliitto,1044,link
FI,4,prtvtafi,10,Communist Party,Suomen Kommunistinen Puolue,7030,link
FI,4,prtvtafi,11,The Communist Workers' Party,The Communist Workers' Party [og],,hand
FI,4,prtvtafi,12,Other,other,,hand
FI,4,prtvtafi,66,Not applicable*,,,missing
FI,4,prtvtafi,77,Refusal*,refused,,missing
FI,4,prtvtafi,88,Don't know*,dont-know,,missing
FI,4,prtvtafi,99,No answer*,,,missing
FI,5,prtvtbfi,1,The National Coalition Party,Kansallinen Kokoomus,495,link
FI,5,prtvtbfi,2,The Swedish People's Party (SPP),Ruotsalainen Kansanpuolue / Svenska Folkepartiet i Finland,1229,link
FI,5,prtvtbfi,3,"Liberals, (The liberal party of Finland)",Liberaalinen kansanpuolue,249,link
FI,5,prtvtbfi,4,The Centre Party,Maalaisliitto / Keskusta,901,link
FI,5,prtvtbfi,5,True Finns,Suomen Puolue / Perussuomalaiset,1689,link
FI,5,prtvtbfi,6,Christian Democrats,Kristillisdemokraatit,703,link
FI,5,prtvtbfi,8,Finnish People's Blue-whites,Finnish People's Blue-whites [og],,hand
FI,5,prtvtbfi,9,Senior Citizens' Party,Senior Citizens' Party [og],,hand
FI,5,prtvtbfi,11,Independence Party,Independence Party [og],,hand
FI,5,prtvtbfi,13,Green League,Vihreä Liitto,479,link
FI,5,prtvtbfi,14,Social Democratic Party,Suomen Sosialidemokraattinen Puolue,1303,link
FI,5,prtvtbfi,15,Left Alliance,Vasemmistoliitto,1044,link
FI,5,prtvtbfi,16,Communist Party,Suomen Kommunistinen Puolue,7030,link
FI,5,prtvtbfi,17,The Communist Workers' Party,The Communist Workers' Party [og],,hand
FI,5,prtvtbfi,18,Workers' Party,Workers' Party [og],,hand
FI,5,prtvtbfi,19,Other,other,,hand
FI,5,prtvtbfi,66,Not applicable*,,,missing
FI,5,prtvtbfi,77,Refusal*,refused,,missing
FI,5,prtvtbfi,88,Don't know*,dont-know,,missing
FI,6,prtvtcfi,1,The National Coalition Party,Kansallinen Kokoomus,495,link
FI,6,prtvtcfi,2,The Swedish People's Party (SPP),Ruotsalainen Kansanpuolue / Svenska Folkepartiet i Finland,1229,link
FI,6,prtvtcfi,3,The Centre Party,Maalaisliitto / Keskusta,901,link
FI,6,prtvtcfi,4,True Finns,Suomen Puolue / Perussuomalaiset,1689,link
FI,6,prtvtcfi,5,Christian Democrats,Kristillisdemokraatit,703,link
FI,6,prtvtcfi,6,Freedom Party,Freedom Party [og],,hand
FI,6,prtvtcfi,8,Pirate Party,Piraattipuolue / Piratpartiet,9148,link
FI,6,prtvtcfi,11,For the Poor,For the Poor [og],,hand
FI,6,prtvtcfi,12,Green League,Vihreä Liitto,479,link
FI,6,prtvtcfi,13,Social Democratic Party,Suomen Sosialidemokraattinen Puolue,1303,link
FI,6,prtvtcfi,14,Left Alliance,Vasemmistoliitto,1044,link
FI,6,prtvtcfi,15,Communist Party,Suomen Kommunistinen Puolue,7030,link
FI,6,prtvtcfi,17,Workers' Party,Workers' Party [og],,hand
FI,6,prtvtcfi,18,Other,other,,hand
FI,6,prtvtcfi,66,Not applicable*,,,missing
FI,6,prtvtcfi,77,Refusal*,refused,,missing
FI,6,prtvtcfi,88,Don't know*,dont-know,,missing
FI,7,prtvtcfi,1,The National Coalition Party,Kansallinen Kokoomus,495,link
FI,7,prtvtcfi,2,The Swedish People's Party (SPP),Ruotsalainen Kansanpuolue / Svenska Folkepartiet i Finland,1229,link
FI,7,prtvtcfi,3,The Centre Party,Maalaisliitto / Keskusta,901,link
FI,7,prtvtcfi,4,True Finns,Suomen Puolue / Perussuomalaiset,1689,link
FI,7,prtvtcfi,5,Christian Democrats,Kristillisdemokraatit,703,link
FI,7,prtvtcfi,7,Change 2011,Change 2011 [og],,hand
FI,7,prtvtcfi,8,Pirate Party,Piraattipuolue / Piratpartiet,9148,link
FI,7,prtvtcfi,10,Independence Party,Independence Party [og],,hand
FI,7,prtvtcfi,12,Green League,Vihreä Liitto,479,link
FI,7,prtvtcfi,13,Social Democratic Party,Suomen Sosialidemokraattinen Puolue,1303,link
FI,7,prtvtcfi,14,Left Alliance,Vasemmistoliitto,1044,link
FI,7,prtvtcfi,15,Communist Party,Suomen Kommunistinen Puolue,7030,link
FI,7,prtvtcfi,16,The Communist Workers' Party,The Communist Workers' Party [og],,hand
FI,7,prtvtcfi,18,Other,other,,hand
FI,7,prtvtcfi,66,Not applicable*,,,missing
FI,7,prtvtcfi,77,Refusal*,refused,,missing
FI,7,prtvtcfi,88,Don't know*,dont-know,,missing
FI,8,prtvtdfi,1,The National Coalition Party,Kansallinen Kokoomus,495,link
FI,8,prtvtdfi,2,The Swedish People's Party (SPP),Ruotsalainen Kansanpuolue / Svenska Folkepartiet i Finland,1229,link
FI,8,prtvtdfi,3,The Centre Party,Maalaisliitto / Keskusta,901,link
FI,8,prtvtdfi,4,True Finns,Suomen Puolue / Perussuomalaiset,1689,link
FI,8,prtvtdfi,5,Christian Democrats,Kristillisdemokraatit,703,link
FI,8,prtvtdfi,6,Freedom Party,Freedom Party [og],,hand
FI,8,prtvtdfi,7,Pirate Party,Piraattipuolue / Piratpartiet,9148,link
FI,8,prtvtdfi,10,Green League,Vihreä Liitto,479,link
FI,8,prtvtdfi,11,Social Democratic Party,Suomen Sosialidemokraattinen Puolue,1303,link
FI,8,prtvtdfi,12,Left Alliance,Vasemmistoliitto,1044,link
FI,8,prtvtdfi,15,Workers' Party,Workers' Party [og],,hand
FI,8,prtvtdfi,16,Other,other,,hand
FI,8,prtvtdfi,66,Not applicable*,,,missing
FI,8,prtvtdfi,77,Refusal*,refused,,missing
FI,8,prtvtdfi,88,Don't know*,dont-know,,missing
FI,8,prtvtdfi,99,No answer*,,,missing
FI,9,prtvtdfi,1,The National Coalition Party,Kansallinen Kokoomus,495,link
FI,9,prtvtdfi,2,The Swedish People's Party (SPP),Ruotsalainen Kansanpuolue / Svenska Folkepartiet i Finland,1229,link
FI,9,prtvtdfi,3,The Centre Party,Maalaisliitto / Keskusta,901,link
FI,9,prtvtdfi,4,True Finns,Suomen Puolue / Perussuomalaiset,1689,link
FI,9,prtvtdfi,5,Christian Democrats,Kristillisdemokraatit,703,link
FI,9,prtvtdfi,6,Freedom Party,Freedom Party [og],,hand
FI,9,prtvtdfi,7,Pirate Party,Piraattipuolue / Piratpartiet,9148,link
FI,9,prtvtdfi,8,Independence Party,Independence Party [og],,hand
FI,9,prtvtdfi,9,For the Poor,For the Poor [og],,hand
FI,9,prtvtdfi,10,Green League,Vihreä Liitto,479,link
FI,9,prtvtdfi,11,Social Democratic Party,Suomen Sosialidemokraattinen Puolue,1303,link
FI,9,prtvtdfi,12,Left Alliance,Vasemmistoliitto,1044,link
FI,9,prtvtdfi,13,Communist Party,Suomen Kommunistinen Puolue,7030,link
FI,9,prtvtdfi,15,Workers' Party,Workers' Party [og],,hand
FI,9,prtvtdfi,16,Other,other,,hand
FI,9,prtvtdfi,66,Not applicable*,,,missing
FI,9,prtvtdfi,77,Refusal*,refused,,missing
FI,9,prtvtdfi,88,Don't know*,dont-know,,missing
FI,9,prtvtdfi,99,No answer*,,,missing
FI,10,prtvtefi,1,The National Coalition Party,Kansallinen Kokoomus,495,link
FI,10,prtvtefi,2,The Swedish People's Party (SPP),Ruotsalainen Kansanpuolue / Svenska Folkepartiet i Finland,1229,link
FI,10,prtvtefi,3,The Centre Party,Maalaisliitto / Keskusta,901,link
FI,10,prtvtefi,5,True Finns,Suomen Puolue / Perussuomalaiset,1689,link
FI,10,prtvtefi,7,Christian Democrats,Kristillisdemokraatit,703,link
FI,10,prtvtefi,8,Movement Now,Liike Nyt,8639,link
FI,10,prtvtefi,10,Pirate Party,Piraattipuolue / Piratpartiet,9148,link
FI,10,prtvtefi,16,Green League,Vihreä Liitto,479,link
FI,10,prtvtefi,17,Social Democratic Party,Suomen Sosialidemokraattinen Puolue,1303,link
FI,10,prtvtefi,18,Left Alliance,Vasemmistoliitto,1044,link
FI,10,prtvtefi,19,Communist Party,Suomen Kommunistinen Puolue,7030,link
FI,10,prtvtefi,22,Other,other,,hand
FI,10,prtvtefi,66,Not applicable*,,,missing
FI,10,prtvtefi,77,Refusal*,refused,,missing
FI,10,prtvtefi,88,Don't know*,dont-know,,missing
FI,11,prtvtffi,1,Social Democratic Party,Suomen Sosialidemokraattinen Puolue,1303,link
FI,11,prtvtffi,2,The Centre Party,Maalaisliitto / Keskusta,901,link
FI,11,prtvtffi,3,The National Coalition Party,Kansallinen Kokoomus,495,link
FI,11,prtvtffi,4,The Swedish People's Party (SPP),Ruotsalainen Kansanpuolue / Svenska Folkepartiet i Finland,1229,link
FI,11,prtvtffi,5,Christian Democrats,Kristillisdemokraatit,703,link
FI,11,prtvtffi,6,Green League,Vihreä Liitto,479,link
FI,11,prtvtffi,7,Left Alliance,Vasemmistoliitto,1044,link
FI,11,prtvtffi,8,True Finns,Suomen Puolue / Perussuomalaiset,1689,link
FI,11,prtvtffi,9,The Liberal Party - Freedom to Choose,The Liberal Party - Freedom to Choose [og],,hand
FI,11,prtvtffi,10,Pirate Party,Piraattipuolue / Piratpartiet,9148,link
FI,11,prtvtffi,11,Animal Justice Party,Animal Justice Party [og],,hand
FI,11,prtvtffi,16,Movement Now,Liike Nyt,8639,link
FI,11,prtvtffi,20,Power Belongs to the People,Power Belongs to the People [og],,hand
FI,11,prtvtffi,21,Freedom Alliance,Freedom Alliance [og],,hand
FI,11,prtvtffi,23,För Åland,För Åland [og],,hand
FI,11,prtvtffi,24,Other,other,,hand
FI,11,prtvtffi,66,Not applicable*,,,missing
FI,11,prtvtffi,77,Refusal*,refused,,missing
FI,11,prtvtffi,88,Don't know*,dont-know,,missing
FI,11,prtvtffi,99,No answer*,,,missing
FI,1,prtvtfi,1,The National Coalition Party,Kansallinen Kokoomus,495,link
FI,1,prtvtfi,2,The Swedish People's Party (SPP),Ruotsalainen Kansanpuolue / Svenska Folkepartiet i Finland,1229,link
FI,1,prtvtfi,3,"Liberals, (The liberal party of Finland)",Liberaalinen kansanpuolue,249,link
FI,1,prtvtfi,4,The Centre Party,Maalaisliitto / Keskusta,901,link
FI,1,prtvtfi,5,True Finns,Suomen Puolue / Perussuomalaiset,1689,link
FI,1,prtvtfi,6,Christian Democrats,Kristillisdemokraatit,703,link
FI,1,prtvtfi,7,League for Free Finland,Vapaan Suomen Liitto,1259,link
FI,1,prtvtfi,8,Green League,Vihreä Liitto,479,link
FI,1,prtvtfi,9,Social Democratic Party,Suomen Sosialidemokraattinen Puolue,1303,link
FI,1,prtvtfi,10,Left Alliance,Vasemmistoliitto,1044,link
FI,1,prtvtfi,11,Communist Party,Suomen Kommunistinen Puolue,7030,link
FI,1,prtvtfi,12,The Communist Workers' Party,The Communist Workers' Party [og],,hand
FI,1,prtvtfi,14,Other,other,,hand
FI,1,prtvtfi,66,Not applicable*,,,missing
FI,1,prtvtfi,77,Refusal*,refused,,missing
FI,1,prtvtfi,88,Don't know*,dont-know,,missing
FI,2,prtvtfi,1,The National Coalition Party,Kansallinen Kokoomus,495,link
FI,2,prtvtfi,2,The Swedish People's Party (SPP),Ruotsalainen Kansanpuolue / Svenska Folkepartiet i Finland,1229,link
FI,2,prtvtfi,3,"Liberals, (The liberal party of Finland)",Liberaalinen kansanpuolue,249,link
FI,2,prtvtfi,4,The Centre Party,Maalaisliitto / Keskusta,901,link
FI,2,prtvtfi,5,True Finns,Suomen Puolue / Perussuomalaiset,1689,link
FI,2,prtvtfi,6,Christian Democrats,Kristillisdemokraatit,703,link
FI,2,prtvtfi,7,League for Free Finland,Vapaan Suomen Liitto,1259,link
FI,2,prtvtfi,8,Green League,Vihreä Liitto,479,link
FI,2,prtvtfi,9,Social Democratic Party,Suomen Sosialidemokraattinen Puolue,1303,link
FI,2,prtvtfi,10,Left Alliance,Vasemmistoliitto,1044,link
FI,2,prtvtfi,11,Communist Party,Suomen Kommunistinen Puolue,7030,link
FI,2,prtvtfi,12,The Communist Workers' Party,The Communist Workers' Party [og],,hand
FI,2,prtvtfi,14,Other,other,,hand
FI,2,prtvtfi,66,Not applicable*,,,missing
FI,2,prtvtfi,77,Refusal*,refused,,missing
FI,2,prtvtfi,88,Don't know*,dont-know,,missing
FI,3,prtvtfi,1,The National Coalition Party,Kansallinen Kokoomus,495,link
FI,3,prtvtfi,2,The Swedish People's Party (SPP),Ruotsalainen Kansanpuolue / Svenska Folkepartiet i Finland,1229,link
FI,3,prtvtfi,4,The Centre Party,Maalaisliitto / Keskusta,901,link
FI,3,prtvtfi,5,True Finns,Suomen Puolue / Perussuomalaiset,1689,link
FI,3,prtvtfi,6,Christian Democrats,Kristillisdemokraatit,703,link
FI,3,prtvtfi,8,Green League,Vihreä Liitto,479,link
FI,3,prtvtfi,9,Social Democratic Party,Suomen Sosialidemokraattinen Puolue,1303,link
FI,3,prtvtfi,10,Left Alliance,Vasemmistoliitto,1044,link
FI,3,prtvtfi,11,Communist Party,Suomen Kommunistinen Puolue,7030,link
FI,3,prtvtfi,14,Other,other,,hand
FI,3,prtvtfi,66,Not applicable*,,,missing
FI,3,prtvtfi,77,Refusal*,refused,,missing
FI,3,prtvtfi,88,Don't know*,dont-know,,missing
FR,3,prtclafr,1,"CPNT (Chasse, pêche, nature et traditions)","Chasse, pêche, nature, traditions",1313,link
FR,3,prtclafr,2,FN (Front national),Front National / Rassemblement national,433,link
FR,3,prtclafr,3,LCR (Ligue communiste révolutionnaire),Ligue communiste révolutionnaire,1506,link
FR,3,prtclafr,4,LO (Lutte ouvrière),Lutte ouvrière,617,link
FR,3,prtclafr,5,MRC (Mouvement républicain et citoyen),Mouvement des citoyens / Pôle républicain,3156,hand
FR,3,prtclafr,6,MNR (Mouvement national républicain),Mouvement national républicain,1634,link
FR,3,prtclafr,7,MPF (Mouvement pour la France),Mouvement pour la France,364,link
FR,3,prtclafr,8,PC (Parti communiste),Parti communiste française,1251,link
FR,3,prtclafr,9,PRG (Parti radical de gauche),Parti radical de gauche,1783,hand
FR,3,prtclafr,10,PS (Parti socialiste),Parti socialiste,1478,link
FR,3,prtclafr,11,UMP (L’Union),Union pour un mouvement populaire,1595,hand
FR,3,prtclafr,12,UDF (Union pour la démocratie française),Union pour la démocratie française,213,link
FR,3,prtclafr,13,Les Verts,Les Verts,1108,link
FR,3,prtclafr,14,Autres mouvements écologistes,divers ecologistes,8657,link
FR,3,prtclafr,15,Autre,other,,hand
FR,3,prtclafr,66,Not applicable*,,,missing
FR,3,prtclafr,77,Refusal*,refused,,missing
FR,3,prtclafr,88,Don't know*,dont-know,,missing
FR,4,prtclbfr,1,"CPNT (Chasse, Pêche, Nature et Traditions)","Chasse, pêche, nature, traditions",1313,link
FR,4,prtclbfr,2,FN (Front National),Front National / Rassemblement national,433,link
FR,4,prtclbfr,3,LCR (Ligue Communiste Révolutionnaire),Ligue communiste révolutionnaire,1506,link
FR,4,prtclbfr,4,LO (Lutte Ouvrière),Lutte ouvrière,617,link
FR,4,prtclbfr,5,MRC (Mouvement Rèpublicain et Citoyen),Mouvement des citoyens / Pôle républicain,3156,hand
FR,4,prtclbfr,6,MPF (Mouvement pour la France),Mouvement pour la France,364,link
FR,4,prtclbfr,7,Nouveau Centre,Nouveau centre,1255,link
FR,4,prtclbfr,8,PC (Parti Communiste),Parti communiste française,1251,link
FR,4,prtclbfr,9,PRG (Parti Radical de Gauche),Parti radical de gauche,1783,hand
FR,4,prtclbfr,10,PS (Parti Socialiste),Parti socialiste,1478,link
FR,4,prtclbfr,11,UMP (Union pour la Majorité Présidentielle),Union pour un mouvement populaire,1595,hand
FR,4,prtclbfr,12,UDF-MoDem (Mouvement Democrate),Mouvement démocrate,496,link
FR,4,prtclbfr,13,Les Verts,Les Verts,1108,link
FR,4,prtclbfr,14,Autres mouvements écologistes,divers ecologistes,8657,link
FR,4,prtclbfr,15,Autre,other,,hand
FR,4,prtclbfr,66,Not applicable*,,,missing
FR,4,prtclbfr,77,Refusal*,refused,,missing
FR,4,prtclbfr,88,Don't know*,dont-know,,missing
FR,5,prtclcfr,1,FN (Front National),Front National / Rassemblement national,433,link
FR,5,prtclcfr,2,LO (Lutte ouvrière),Lutte ouvrière,617,link
FR,5,prtclcfr,3,MoDem (Mouvement Démocrate),Mouvement démocrate,496,hand
FR,5,prtclcfr,4,Nouveau Centre,Nouveau centre,1255,link
FR,5,prtclcfr,5,NPA (Nouveau Parti Anti-capitaliste),Nouveau Parti Anticapitaliste,6684,hand
FR,5,prtclcfr,6,PC (Parti communiste),Parti communiste française,1251,link
FR,5,prtclcfr,7,PRG (Parti Radical de Gauche),Parti radical de gauche,1783,hand
FR,5,prtclcfr,8,PS (Parti Socialiste),Parti socialiste,1478,link
FR,5,prtclcfr,9,UMP (Union pour la Majorité Présidentielle),Union pour un mouvement populaire,1595,hand
FR,5,prtclcfr,10,Les Verts – Europe Ecologie,Europe Écologie — Les Verts,5650,link
FR,5,prtclcfr,15,Autre (PRECISEZ),other,,hand
FR,5,prtclcfr,66,Not applicable*,,,missing
FR,5,prtclcfr,77,Refusal*,refused,,missing
FR,5,prtclcfr,88,Don't know*,dont-know,,missing
FR,6,prtcldfr,1,Nouveau Centre,Nouveau centre,1255,link
FR,6,prtcldfr,2,FN (Front National),Front National / Rassemblement national,433,link
FR,6,prtcldfr,3,PR (Parti Radical Valoisien),Parti radical [socialiste],14,link
FR,6,prtcldfr,4,NPA (Nouveau Parti Anti-Capitaliste),Nouveau Parti Anticapitaliste,6684,hand
FR,6,prtcldfr,5,LO (Lutte Ouvrière),Lutte ouvrière,617,link
FR,6,prtcldfr,6,PG (Parti de Gauche),Parti de Gauche,8359,link
FR,6,prtcldfr,7,PCF (Parti Communiste Français),Parti communiste française,1251,hand
FR,6,prtcldfr,8,Parti Radical de Gauche,Parti radical de gauche,1783,name
FR,6,prtcldfr,9,MPF (Mouvement pour la France),Mouvement pour la France,364,link
FR,6,prtcldfr,10,UDI (Union des Démocrates Indépendants),Union des démocrates et indépendants,3229,link
FR,6,prtcldfr,11,PS (Parti Socialiste),Parti socialiste,1478,link
FR,6,prtcldfr,12,UMP (Union pour un Mouvement Populaire),Union pour un mouvement populaire,1595,hand
FR,6,prtcldfr,13,MODEM (Mouvement Démocrate),Mouvement démocrate,496,hand
FR,6,prtcldfr,14,EELV (Europe Ecologie Les Verts),Europe Écologie — Les Verts,5650,link
FR,6,prtcldfr,15,Autres mouvements écologistes,divers ecologistes,8657,link
FR,6,prtcldfr,16,Autre,other,,hand
FR,6,prtcldfr,66,Not applicable*,,,missing
FR,6,prtcldfr,77,Refusal*,refused,,missing
FR,6,prtcldfr,88,Don't know*,dont-know,,missing
FR,7,prtcldfr,1,Nouveau Centre,Nouveau centre,1255,link
FR,7,prtcldfr,2,FN (Front National),Front National / Rassemblement national,433,link
FR,7,prtcldfr,3,PR (Parti Radical Valoisien),Parti radical [socialiste],14,link
FR,7,prtcldfr,4,NPA (Nouveau Parti Anti-Capitaliste),Nouveau Parti Anticapitaliste,6684,hand
FR,7,prtcldfr,5,LO (Lutte Ouvrière),Lutte ouvrière,617,link
FR,7,prtcldfr,6,PG (Parti de Gauche),Parti de Gauche,8359,link
FR,7,prtcldfr,7,PCF (Parti Communiste Français),Parti communiste française,1251,hand
FR,7,prtcldfr,8,Parti Radical de Gauche,Parti radical de gauche,1783,name
FR,7,prtcldfr,9,MPF (Mouvement pour la France),Mouvement pour la France,364,link
FR,7,prtcldfr,10,UDI (Union des Démocrates Indépendants),Union des démocrates et indépendants,3229,link
FR,7,prtcldfr,11,PS (Parti Socialiste),Parti socialiste,1478,link
FR,7,prtcldfr,12,UMP (Union pour un Mouvement Populaire),Union pour un mouvement populaire,1595,hand
FR,7,prtcldfr,13,MODEM (Mouvement Démocrate),Mouvement démocrate,496,hand
FR,7,prtcldfr,14,EELV (Europe Ecologie Les Verts),Europe Écologie — Les Verts,5650,link
FR,7,prtcldfr,15,Autres mouvements écologistes,divers ecologistes,8657,link
FR,7,prtcldfr,16,Autre,other,,hand
FR,7,prtcldfr,66,Not applicable*,,,missing
FR,7,prtcldfr,77,Refusal*,refused,,missing
FR,7,prtcldfr,88,Don't know*,dont-know,,missing
FR,7,prtcldfr,99,No answer*,,,missing
FR,8,prtclefr,1,Nouveau Centre,Nouveau centre,1255,link
FR,8,prtclefr,2,FN (Front National),Front National / Rassemblement national,433,link
FR,8,prtclefr,3,PR (Parti Radical Valoisien),Parti radical [socialiste],14,link
FR,8,prtclefr,4,NPA (Nouveau Parti Anti-Capitaliste),Nouveau Parti Anticapitaliste,6684,hand
FR,8,prtclefr,5,LO (Lutte Ouvrière),Lutte ouvrière,617,link
FR,8,prtclefr,6,PG (Parti de Gauche),Parti de Gauche,8359,link
FR,8,prtclefr,7,PCF (Parti Communiste Francais),Parti communiste française,1251,hand
FR,8,prtclefr,8,Parti Radical de Gauche,Parti radical de gauche,1783,name
FR,8,prtclefr,9,MPF (Mouvement pour la France),Mouvement pour la France,364,link
FR,8,prtclefr,10,UDI (Union des democrates independants),Union des démocrates et indépendants,3229,name
FR,8,prtclefr,11,PS (Parti Socialiste),Parti socialiste,1478,link
FR,8,prtclefr,12,LR (Les Republicains),Les Républicains,8168,link
FR,8,prtclefr,13,MODEM (Mouvement Démocrate),Mouvement démocrate,496,hand
FR,8,prtclefr,14,EELV (Europe Ecologie Les Verts),Europe Écologie — Les Verts,5650,link
FR,8,prtclefr,15,Autres mouvements écologistes,divers ecologistes,8657,link
FR,8,prtclefr,16,Autre (precisez),other,,hand
FR,8,prtclefr,66,Not applicable*,,,missing
FR,8,prtclefr,77,Refusal*,refused,,missing
FR,8,prtclefr,88,Don't know*,dont-know,,missing
FR,9,prtclffr,1,LO (Lutte Ouvrière),Lutte ouvrière,617,link
FR,9,prtclffr,2,NPA (Nouveau Parti Anti-Capitaliste),Nouveau Parti Anticapitaliste,6684,hand
FR,9,prtclffr,3,PCF (Parti Communiste Français),Parti communiste française,1251,hand
FR,9,prtclffr,4,FI (La France Insoumise),La France Insoumise,5858,link
FR,9,prtclffr,5,PS (Parti Socialiste),Parti socialiste,1478,link
FR,9,prtclffr,6,EELV (Europe Ecologie Les Verts),Europe Écologie — Les Verts,5650,link
FR,9,prtclffr,7,LREM (La République en Marche),La République En Marche! / Renaissance,5857,link
FR,9,prtclffr,8,MODEM (Mouvement Démocrate),Mouvement démocrate,496,hand
FR,9,prtclffr,9,LR (Les Républicains),Les Républicains,8168,link
FR,9,prtclffr,10,Debout la France,Debout la France,3207,link
FR,9,prtclffr,11,FN (Front National),Front National / Rassemblement national,433,link
FR,9,prtclffr,12,Autre,other,,hand
FR,9,prtclffr,66,Not applicable*,,,missing
FR,9,prtclffr,77,Refusal*,refused,,missing
FR,9,prtclffr,88,Don't know*,dont-know,,missing
FR,10,prtclffr,1,LO (Lutte Ouvrière),Lutte ouvrière,617,link
FR,10,prtclffr,2,NPA (Nouveau Parti Anti-Capitaliste),Nouveau Parti Anticapitaliste,6684,hand
FR,10,prtclffr,3,PCF (Parti Communiste Français),Parti communiste française,1251,hand
FR,10,prtclffr,4,FI (La France Insoumise),La France Insoumise,5858,link
FR,10,prtclffr,5,PS (Parti Socialiste),Parti socialiste,1478,link
FR,10,prtclffr,6,EELV (Europe Ecologie Les Verts),Europe Écologie — Les Verts,5650,link
FR,10,prtclffr,7,LREM (La République en Marche),La République En Marche! / Renaissance,5857,link
FR,10,prtclffr,8,MODEM (Mouvement Démocrate),Mouvement démocrate,496,hand
FR,10,prtclffr,9,LR (Les Républicains),Les Républicains,8168,link
FR,10,prtclffr,10,Debout la France,Debout la France,3207,link
FR,10,prtclffr,11,FN (Front National),Front National / Rassemblement national,433,link
FR,10,prtclffr,12,Autre,other,,hand
FR,10,prtclffr,66,Not applicable*,,,missing
FR,10,prtclffr,77,Refusal*,refused,,missing
FR,10,prtclffr,88,Don't know*,dont-know,,missing
FR,1,prtclfr,1,"CPNT (Chasse, Pêche, Nature et Traditions)","Chasse, pêche, nature, traditions",1313,link
FR,1,prtclfr,2,DL (Démocratie Libérale),Démocratie Libérale,4364,link
FR,1,prtclfr,3,FN (Front National),Front National / Rassemblement national,433,link
FR,1,prtclfr,4,LCR (ligue communiste révolutionnaire),Ligue communiste révolutionnaire,1506,link
FR,1,prtclfr,5,LO (Lutte ouvrière),Lutte ouvrière,617,link
FR,1,prtclfr,6,MDC (Mouvement des citoyens),Mouvement des citoyens / Pôle républicain,3156,link
FR,1,prtclfr,7,MNR (Mouvement National Républicain),Mouvement national républicain,1634,link
FR,1,prtclfr,8,MPF (Mouvement pour la France),Mouvement pour la France,364,link
FR,1,prtclfr,9,PC (Parti communiste),Parti communiste française,1251,link
FR,1,prtclfr,10,PS (Parti Socialiste),Parti socialiste,1478,link
FR,1,prtclfr,11,RPF (Rassemblement du Peuple Français),RPF (Rassemblement du Peuple Français) [og],,hand
FR,1,prtclfr,12,UMP (Union de la Majorité Présidentielle),Union pour un mouvement populaire,1595,link
FR,1,prtclfr,13,UDF (Union pour la Démocratie Française),Union pour la démocratie française,213,link
FR,1,prtclfr,14,Les Verts,Les Verts,1108,link
FR,1,prtclfr,15,Autres mouvements écologistes,divers ecologistes,8657,link
FR,1,prtclfr,16,Autre,other,,hand
FR,1,prtclfr,66,Not applicable*,,,missing
FR,1,prtclfr,77,Refusal*,refused,,missing
FR,1,prtclfr,88,Don't know*,dont-know,,missing
FR,2,prtclfr,1,"CPNT (Chasse, Pêche, Nature et Traditions)","Chasse, pêche, nature, traditions",1313,link
FR,2,prtclfr,2,DL (Démocratie Libérale),Démocratie Libérale,4364,link
FR,2,prtclfr,3,FN (Front National),Front National / Rassemblement national,433,link
FR,2,prtclfr,4,LCR (ligue communiste révolutionnaire),Ligue communiste révolutionnaire,1506,link
FR,2,prtclfr,5,LO (Lutte ouvrière),Lutte ouvrière,617,link
FR,2,prtclfr,7,MNR (Mouvement National Républicain),Mouvement national républicain,1634,link
FR,2,prtclfr,8,MPF (Mouvement pour la France),Mouvement pour la France,364,link
FR,2,prtclfr,9,PC (Parti communiste),Parti communiste française,1251,link
FR,2,prtclfr,10,PS (Parti Socialiste),Parti socialiste,1478,link
FR,2,prtclfr,11,RPF (Rassemblement du Peuple Français),RPF (Rassemblement du Peuple Français) [og],,hand
FR,2,prtclfr,12,UMP (Union de la Majorité Présidentielle),Union pour un mouvement populaire,1595,link
FR,2,prtclfr,13,UDF (Union pour la Démocratie Française),Union pour la démocratie française,213,link
FR,2,prtclfr,14,Les Verts,Les Verts,1108,link
FR,2,prtclfr,15,Autres mouvements écologistes,divers ecologistes,8657,link
FR,2,prtclfr,16,Autre,other,,hand
FR,2,prtclfr,66,Not applicable*,,,missing
FR,2,prtclfr,77,Refusal*,refused,,missing
FR,2,prtclfr,88,Don't know*,dont-know,,missing
FR,11,prtclgfr,1,PCF (Parti Communiste Français),Parti communiste française,1251,hand
FR,11,prtclgfr,2,FI (La France Insoumise),La France Insoumise,5858,link
FR,11,prtclgfr,3,PS (Parti Socialiste),Parti socialiste,1478,link
FR,11,prtclgfr,4,EELV (Europe Ecologie Les Verts),Europe Écologie — Les Verts,5650,link
FR,11,prtclgfr,5,Renaissance (ex La République en Marche !),La République En Marche! / Renaissance,5857,hand
FR,11,prtclgfr,6,Horizons,Horizons,9134,link
FR,11,prtclgfr,7,MODEM (Mouvement Démocrate),Mouvement démocrate,496,hand
FR,11,prtclgfr,8,LR (Les Républicains),Les Républicains,8168,link
FR,11,prtclgfr,9,"Le Rassemblement National (RN, ex Front National)",Front National / Rassemblement national,433,hand
FR,11,prtclgfr,10,Reconquête !,Reconquête,9064,link
FR,11,prtclgfr,31,Autre,other,,hand
FR,11,prtclgfr,66,Not applicable*,,,missing
FR,11,prtclgfr,77,Refusal*,refused,,missing
FR,11,prtclgfr,88,Don't know*,dont-know,,missing
FR,3,prtvtafr,1,"CPNT (Chasse, pêche, nature et traditions)","Chasse, pêche, nature, traditions",1313,link
FR,3,prtvtafr,2,DL (Démocratie libérale),Démocratie Libérale,4364,link
FR,3,prtvtafr,3,FN (Front national),Front National / Rassemblement national,433,link
FR,3,prtvtafr,4,LCR (Ligue communiste révolutionnaire),Ligue communiste révolutionnaire,1506,link
FR,3,prtvtafr,5,LO (Lutte ouvrière),Lutte ouvrière,617,link
FR,3,prtvtafr,6,MDC (Mouvement des citoyens),Mouvement des citoyens / Pôle républicain,3156,link
FR,3,prtvtafr,7,MNR (Mouvement national républicain),Mouvement national républicain,1634,link
FR,3,prtvtafr,8,MPF (Mouvement pour la France),Mouvement pour la France,364,link
FR,3,prtvtafr,9,PC (Parti communiste),Parti communiste française,1251,link
FR,3,prtvtafr,10,PS (Parti socialiste),Parti socialiste,1478,link
FR,3,prtvtafr,11,RPF (Rassemblement du peuple français),RPF (Rassemblement du Peuple Français) [og],,hand
FR,3,prtvtafr,12,UMP (Union pour la majorité présidentielle),Union pour un mouvement populaire,1595,hand
FR,3,prtvtafr,13,UDF (Union pour la démocratie française),Union pour la démocratie française,213,link
FR,3,prtvtafr,14,Les Verts,Les Verts,1108,link
FR,3,prtvtafr,15,Autres mouvements écologistes,divers ecologistes,8657,link
FR,3,prtvtafr,16,Autre,other,,hand
FR,3,prtvtafr,17,Blanc,blank-invalid,,hand
FR,3,prtvtafr,66,Not applicable*,,,missing
FR,3,prtvtafr,77,Refusal*,refused,,missing
FR,3,prtvtafr,88,Don't know*,dont-know,,missing
FR,4,prtvtbfr,1,"CPNT (Chasse, Pêche, Nature et Traditions)","Chasse, pêche, nature, traditions",1313,link
FR,4,prtvtbfr,2,FN (Front National),Front National / Rassemblement national,433,link
FR,4,prtvtbfr,3,LCR (Ligue Communiste Révolutionnaire),Ligue communiste révolutionnaire,1506,link
FR,4,prtvtbfr,4,LO (Lutte Ouvrière),Lutte ouvrière,617,link
FR,4,prtvtbfr,5,MPF (Mouvement pour la France),Mouvement pour la France,364,link
FR,4,prtvtbfr,6,Nouveau Centre,Nouveau centre,1255,link
FR,4,prtvtbfr,7,PC (Parti Communiste),Parti communiste française,1251,link
FR,4,prtvtbfr,8,PS (Parti Socialiste),Parti socialiste,1478,link
FR,4,prtvtbfr,9,PRG (Parti Radical de Gauche),Parti radical de gauche,1783,hand
FR,4,prtvtbfr,10,UDF-MoDem (Mouvement Democrate),Mouvement démocrate,496,link
FR,4,prtvtbfr,11,UMP (Union pour la Majorité Présidentielle),Union pour un mouvement populaire,1595,hand
FR,4,prtvtbfr,12,Les Verts,Les Verts,1108,link
FR,4,prtvtbfr,13,Autres mouvements écologistes,divers ecologistes,8657,link
FR,4,prtvtbfr,14,Divers gauche,divers gauche,126,link
FR,4,prtvtbfr,15,Divers droite,divers droite,1776,link
FR,4,prtvtbfr,16,Autre,other,,hand
FR,4,prtvtbfr,17,Blanc,blank-invalid,,hand
FR,4,prtvtbfr,18,Nul,blank-invalid,,hand
FR,4,prtvtbfr,66,Not applicable*,,,missing
FR,4,prtvtbfr,77,Refusal*,refused,,missing
FR,4,prtvtbfr,88,Don't know*,dont-know,,missing
FR,5,prtvtbfr,1,"CPNT (Chasse, Pêche, Nature et Traditions)","Chasse, pêche, nature, traditions",1313,link
FR,5,prtvtbfr,2,FN (Front National),Front National / Rassemblement national,433,link
FR,5,prtvtbfr,3,LCR (Ligue Communiste Révolutionnaire),Ligue communiste révolutionnaire,1506,link
FR,5,prtvtbfr,4,LO (Lutte Ouvrière),Lutte ouvrière,617,link
FR,5,prtvtbfr,5,MPF (Mouvement pour la France),Mouvement pour la France,364,link
FR,5,prtvtbfr,6,Nouveau Centre,Nouveau centre,1255,link
FR,5,prtvtbfr,7,PC (Parti Communiste),Parti communiste française,1251,link
FR,5,prtvtbfr,8,PS (Parti Socialiste),Parti socialiste,1478,link
FR,5,prtvtbfr,9,PRG (Parti Radical de Gauche),Parti radical de gauche,1783,hand
FR,5,prtvtbfr,10,UDF-MoDem (Mouvement Democrate),Mouvement démocrate,496,link
FR,5,prtvtbfr,11,UMP (Union pour la Majorité Présidentielle),Union pour un mouvement populaire,1595,hand
FR,5,prtvtbfr,12,Les Verts,Les Verts,1108,link
FR,5,prtvtbfr,13,Autres mouvements écologistes,divers ecologistes,8657,link
FR,5,prtvtbfr,14,Divers gauche,divers gauche,126,link
FR,5,prtvtbfr,15,Divers droite,divers droite,1776,link
FR,5,prtvtbfr,16,Autre,other,,hand
FR,5,prtvtbfr,17,Blanc,blank-invalid,,hand
FR,5,prtvtbfr,18,Nul,blank-invalid,,hand
FR,5,prtvtbfr,66,Not applicable*,,,missing
FR,5,prtvtbfr,77,Refusal*,refused,,missing
FR,5,prtvtbfr,88,Don't know*,dont-know,,missing
FR,6,prtvtcfr,1,Nouveau Centre,Nouveau centre,1255,link
FR,6,prtvtcfr,2,FN (Front National),Front National / Rassemblement national,433,link
FR,6,prtvtcfr,3,PR (Parti Radical Valoisien),Parti radical [socialiste],14,link
FR,6,prtvtcfr,4,NPA (Nouveau Parti Anti-Capitaliste),Nouveau Parti Anticapitaliste,6684,hand
FR,6,prtvtcfr,5,LO (Lutte Ouvrière),Lutte ouvrière,617,link
FR,6,prtvtcfr,6,FDG (Front de Gauche),Front de Gauche,4363,link
FR,6,prtvtcfr,7,Parti Radical de Gauche,Parti radical de gauche,1783,name
FR,6,prtvtcfr,8,MPF (Mouvement pour la France),Mouvement pour la France,364,link
FR,6,prtvtcfr,9,PS (Parti Socialiste),Parti socialiste,1478,link
FR,6,prtvtcfr,10,UMP (Union pour un Mouvement Populaire),Union pour un mouvement populaire,1595,hand
FR,6,prtvtcfr,11,MODEM (Mouvement Démocrate),Mouvement démocrate,496,hand
FR,6,prtvtcfr,12,EELV (Europe Ecologie Les Verts),Europe Écologie — Les Verts,5650,link
FR,6,prtvtcfr,13,Autres mouvements écologistes,divers ecologistes,8657,link
FR,6,prtvtcfr,14,Autre,other,,hand
FR,6,prtvtcfr,15,Blanc,blank-invalid,,hand
FR,6,prtvtcfr,16,Nul,blank-invalid,,hand
FR,6,prtvtcfr,66,Not applicable*,,,missing
FR,6,prtvtcfr,77,Refusal*,refused,,missing
FR,6,prtvtcfr,88,Don't know*,dont-know,,missing
FR,7,prtvtcfr,1,Nouveau Centre,Nouveau centre,1255,link
FR,7,prtvtcfr,2,FN (Front National),Front National / Rassemblement national,433,link
FR,7,prtvtcfr,3,PR (Parti Radical Valoisien),Parti radical [socialiste],14,link
FR,7,prtvtcfr,4,NPA (Nouveau Parti Anti-Capitaliste),Nouveau Parti Anticapitaliste,6684,hand
FR,7,prtvtcfr,5,LO (Lutte Ouvrière),Lutte ouvrière,617,link
FR,7,prtvtcfr,6,FDG (Front de Gauche),Front de Gauche,4363,link
FR,7,prtvtcfr,7,Parti Radical de Gauche,Parti radical de gauche,1783,name
FR,7,prtvtcfr,8,MPF (Mouvement pour la France),Mouvement pour la France,364,link
FR,7,prtvtcfr,9,PS (Parti Socialiste),Parti socialiste,1478,link
FR,7,prtvtcfr,10,UMP (Union pour un Mouvement Populaire),Union pour un mouvement populaire,1595,hand
FR,7,prtvtcfr,11,MODEM (Mouvement Démocrate),Mouvement démocrate,496,hand
FR,7,prtvtcfr,12,EELV (Europe Ecologie Les Verts),Europe Écologie — Les Verts,5650,link
FR,7,prtvtcfr,13,Autres mouvements écologistes,divers ecologistes,8657,link
FR,7,prtvtcfr,14,Autre,other,,hand
FR,7,prtvtcfr,15,Blanc,blank-invalid,,hand
FR,7,prtvtcfr,16,Nul,blank-invalid,,hand
FR,7,prtvtcfr,66,Not applicable*,,,missing
FR,7,prtvtcfr,77,Refusal*,refused,,missing
FR,7,prtvtcfr,88,Don't know*,dont-know,,missing
FR,8,prtvtcfr,1,Nouveau Centre,Nouveau centre,1255,link
FR,8,prtvtcfr,2,FN (Front National),Front National / Rassemblement national,433,link
FR,8,prtvtcfr,3,PR (Parti Radical Valoisien),Parti radical [socialiste],14,link
FR,8,prtvtcfr,4,NPA (Nouveau Parti Anti-Capitaliste),Nouveau Parti Anticapitaliste,6684,hand
FR,8,prtvtcfr,5,LO (Lutte Ouvrière),Lutte ouvrière,617,link
FR,8,prtvtcfr,6,FDG (Front de Gauche),Front de Gauche,4363,link
FR,8,prtvtcfr,7,Parti Radical de Gauche,Parti radical de gauche,1783,name
FR,8,prtvtcfr,8,MPF (Mouvement pour la France),Mouvement pour la France,364,link
FR,8,prtvtcfr,9,PS (Parti Socialiste),Parti socialiste,1478,link
FR,8,prtvtcfr,10,UMP (Union pour un Mouvement Populaire),Union pour un mouvement populaire,1595,hand
FR,8,prtvtcfr,11,MODEM (Mouvement Démocrate),Mouvement démocrate,496,hand
FR,8,prtvtcfr,12,EELV (Europe Ecologie Les Verts),Europe Écologie — Les Verts,5650,link
FR,8,prtvtcfr,13,Autres mouvements écologistes,divers ecologistes,8657,link
FR,8,prtvtcfr,14,Autre,other,,hand
FR,8,prtvtcfr,15,Blanc,blank-invalid,,hand
FR,8,prtvtcfr,16,Nul,blank-invalid,,hand
FR,8,prtvtcfr,66,Not applicable*,,,missing
FR,8,prtvtcfr,77,Refusal*,refused,,missing
FR,8,prtvtcfr,88,Don't know*,dont-know,,missing
FR,9,prtvtdfr,1,LO (Lutte Ouvrière),Lutte ouvrière,617,link
FR,9,prtvtdfr,2,NPA (Nouveau Parti Anti-Capitaliste),Nouveau Parti Anticapitaliste,6684,hand
FR,9,prtvtdfr,3,PCF (Parti Communiste Français),Parti communiste française,1251,hand
FR,9,prtvtdfr,4,FI (La France Insoumise),La France Insoumise,5858,link
FR,9,prtvtdfr,5,PS (Parti Socialiste),Parti socialiste,1478,link
FR,9,prtvtdfr,6,EELV (Europe Ecologie Les Verts),Europe Écologie — Les Verts,5650,link
FR,9,prtvtdfr,7,LREM (La République en Marche),La République En Marche! / Renaissance,5857,link
FR,9,prtvtdfr,8,MODEM (Mouvement Démocrate),Mouvement démocrate,496,hand
FR,9,prtvtdfr,9,LR (Les Républicains),Les Républicains,8168,link
FR,9,prtvtdfr,10,Debout la France,Debout la France,3207,link
FR,9,prtvtdfr,11,FN (Front National),Front National / Rassemblement national,433,link
FR,9,prtvtdfr,12,Autre,other,,hand
FR,9,prtvtdfr,66,Not applicable*,,,missing
FR,9,prtvtdfr,77,Refusal*,refused,,missing
FR,9,prtvtdfr,88,Don't know*,dont-know,,missing
FR,10,prtvtefr,1,LO (Lutte Ouvrière),Lutte ouvrière,617,link
FR,10,prtvtefr,2,NPA (Nouveau Parti Anti-Capitaliste),Nouveau Parti Anticapitaliste,6684,hand
FR,10,prtvtefr,3,PCF (Parti Communiste Français),Parti communiste française,1251,hand
FR,10,prtvtefr,4,FI (La France Insoumise),La France Insoumise,5858,link
FR,10,prtvtefr,5,PS (Parti Socialiste),Parti socialiste,1478,link
FR,10,prtvtefr,6,EELV (Europe Ecologie Les Verts),Europe Écologie — Les Verts,5650,link
FR,10,prtvtefr,7,LREM (La République en Marche),La République En Marche! / Renaissance,5857,link
FR,10,prtvtefr,8,MODEM (Mouvement Démocrate),Mouvement démocrate,496,hand
FR,10,prtvtefr,9,LR (Les Républicains),Les Républicains,8168,link
FR,10,prtvtefr,10,Debout la France,Debout la France,3207,link
FR,10,prtvtefr,11,FN (Front National),Front National / Rassemblement national,433,link
FR,10,prtvtefr,12,Autre,other,,hand
FR,10,prtvtefr,13,Blanc,blank-invalid,,hand
FR,10,prtvtefr,14,Nul,blank-invalid,,hand
FR,10,prtvtefr,66,Not applicable*,,,missing
FR,10,prtvtefr,77,Refusal*,refused,,missing
FR,10,prtvtefr,88,Don't know*,dont-know,,missing
FR,11,prtvtffr,1,LO (Lutte Ouvrière),Lutte ouvrière,617,link
FR,11,prtvtffr,2,NPA (Nouveau Parti Anti-Capitaliste),Nouveau Parti Anticapitaliste,6684,hand
FR,11,prtvtffr,3,"NUPES (Nouvelle Union Populaire Ecologique et Sociale: FI, EELV, PCF, PS)","NUPES (Nouvelle Union Populaire Ecologique et Sociale: FI, EELV, PCF, PS) [og]",,hand
FR,11,prtvtffr,4,Un candidat divers gauche,divers gauche,126,hand
FR,11,prtvtffr,5,"Ensemble ! (LREM, MODEM et Horizons)","Ensemble ! (LREM, MODEM et Horizons) [og]",,hand
FR,11,prtvtffr,6,Les Républicains et l’UDI,Les Républicains et l’UDI [og],,hand
FR,11,prtvtffr,7,"l’Union pour la France (Debout la France, Les Patriotes et Génération Frexit)","l’Union pour la France (Debout la France, Les Patriotes et Génération Frexit) [og]",,hand
FR,11,prtvtffr,8,Le Rassemblement national (ex Front National),Front National / Rassemblement national,433,hand
FR,11,prtvtffr,9,Reconquête !,Reconquête,9064,link
FR,11,prtvtffr,10,Blanc,blank-invalid,,hand
FR,11,prtvtffr,11,Nul,blank-invalid,,hand
FR,11,prtvtffr,31,Autre,other,,hand
FR,11,prtvtffr,66,Not applicable*,,,missing
FR,11,prtvtffr,77,Refusal*,refused,,missing
FR,11,prtvtffr,88,Don't know*,dont-know,,missing
FR,1,prtvtfr,1,"CPNT (Chasse, Pêche, Nature et Traditions)","Chasse, pêche, nature, traditions",1313,link
FR,1,prtvtfr,2,DL (Démocratie Libérale),Démocratie Libérale,4364,link
FR,1,prtvtfr,3,FN (Front National),Front National / Rassemblement national,433,link
FR,1,prtvtfr,4,LCR (ligue communiste révolutionnaire),Ligue communiste révolutionnaire,1506,link
FR,1,prtvtfr,5,LO (Lutte ouvrière),Lutte ouvrière,617,link
FR,1,prtvtfr,6,MDC (Mouvement des citoyens),Mouvement des citoyens / Pôle républicain,3156,link
FR,1,prtvtfr,7,MNR (Mouvement National Républicain),Mouvement national républicain,1634,link
FR,1,prtvtfr,8,MPF (Mouvement pour la France),Mouvement pour la France,364,link
FR,1,prtvtfr,9,PC (Parti communiste),Parti communiste française,1251,link
FR,1,prtvtfr,10,PS (Parti Socialiste),Parti socialiste,1478,link
FR,1,prtvtfr,11,RPF (Rassemblement du Peuple Français),RPF (Rassemblement du Peuple Français) [og],,hand
FR,1,prtvtfr,12,UMP (Union de la Majorité Présidentielle),Union pour un mouvement populaire,1595,link
FR,1,prtvtfr,13,UDF (Union pour la Démocratie Française),Union pour la démocratie française,213,link
FR,1,prtvtfr,14,Les Verts,Les Verts,1108,link
FR,1,prtvtfr,15,Autres mouvements écologistes,divers ecologistes,8657,link
FR,1,prtvtfr,16,Autre,other,,hand
FR,1,prtvtfr,66,Not applicable*,,,missing
FR,1,prtvtfr,77,Refusal*,refused,,missing
FR,1,prtvtfr,88,Don't know*,dont-know,,missing
FR,1,prtvtfr,99,No answer*,,,missing
FR,2,prtvtfr,1,"CPNT (Chasse, Pêche, Nature et Traditions)","Chasse, pêche, nature, traditions",1313,link
FR,2,prtvtfr,2,DL (Démocratie Libérale),Démocratie Libérale,4364,link
FR,2,prtvtfr,3,FN (Front National),Front National / Rassemblement national,433,link
FR,2,prtvtfr,4,LCR (ligue communiste révolutionnaire),Ligue communiste révolutionnaire,1506,link
FR,2,prtvtfr,5,LO (Lutte ouvrière),Lutte ouvrière,617,link
FR,2,prtvtfr,6,MDC (Mouvement des citoyens),Mouvement des citoyens / Pôle républicain,3156,link
FR,2,prtvtfr,7,MNR (Mouvement National Républicain),Mouvement national républicain,1634,link
FR,2,prtvtfr,8,MPF (Mouvement pour la France),Mouvement pour la France,364,link
FR,2,prtvtfr,9,PC (Parti communiste),Parti communiste française,1251,link
FR,2,prtvtfr,10,PS (Parti Socialiste),Parti socialiste,1478,link
FR,2,prtvtfr,11,RPF (Rassemblement du Peuple Français),RPF (Rassemblement du Peuple Français) [og],,hand
FR,2,prtvtfr,12,UMP (Union de la Majorité Présidentielle),Union pour un mouvement populaire,1595,link
FR,2,prtvtfr,13,UDF (Union pour la Démocratie Française),Union pour la démocratie française,213,link
FR,2,prtvtfr,14,Les Verts,Les Verts,1108,link
FR,2,prtvtfr,15,Autres mouvements écologistes,divers ecologistes,8657,link
FR,2,prtvtfr,16,Autre,other,,hand
FR,2,prtvtfr,66,Not applicable*,,,missing
FR,2,prtvtfr,77,Refusal*,refused,,missing
FR,2,prtvtfr,88,Don't know*,dont-know,,missing
GB,3,prtclagb,1,Conservative,Conservatives,1567,link
GB,3,prtclagb,2,Labour,Labour Party,1516,link
GB,3,prtclagb,3,Liberal Democrat,Liberal Democrats,1388,link
GB,3,prtclagb,4,Scottish National Party,Scottish National Party,986,link
GB,3,prtclagb,5,Plaid Cymru,Plaid Cymru,1002,link
GB,3,prtclagb,6,Green Party,Green Party of England and Wales,1794,link
GB,3,prtclagb,7,British National Party,British National Party,855,link
GB,3,prtclagb,8,UK Independence Party,United Kingdom Independence Party,601,link
GB,3,prtclagb,9,Independent,independent,,hand
GB,3,prtclagb,11,Ulster Unionist Party (nir),Ulster Unionist Party,1366,link
GB,3,prtclagb,12,Democratic Unionist Party (nir),Democratic Unionist Party,335,link
GB,3,prtclagb,13,Sinn Féin (nir),Sinn Féin,963,link
GB,3,prtclagb,14,Social Democratic and Labour Party (nir),Social Democratic and Labour Party,762,link
GB,3,prtclagb,15,Alliance Party (nir),Alliance Party of Northern Ireland,1477,link
GB,3,prtclagb,21,Workers' Party (nir),Páirtí na nOibrithe,8360,link
GB,3,prtclagb,22,Other,other,,hand
GB,3,prtclagb,66,Not applicable*,,,missing
GB,3,prtclagb,77,Refusal*,refused,,missing
GB,3,prtclagb,88,Don't know*,dont-know,,missing
GB,7,prtclbgb,1,Conservative,Conservatives,1567,link
GB,7,prtclbgb,2,Labour,Labour Party,1516,link
GB,7,prtclbgb,3,Liberal Democrat,Liberal Democrats,1388,link
GB,7,prtclbgb,4,Scottish National Party,Scottish National Party,986,link
GB,7,prtclbgb,5,Plaid Cymru,Plaid Cymru,1002,link
GB,7,prtclbgb,6,Green Party,Green Party of England and Wales,1794,link
GB,7,prtclbgb,7,UK Independence Party,United Kingdom Independence Party,601,link
GB,7,prtclbgb,8,Other,other,,hand
GB,7,prtclbgb,9,Ulster Unionist Party (nir),Ulster Unionist Party,1366,link
GB,7,prtclbgb,10,Democratic Unionist Party (nir),Democratic Unionist Party,335,link
GB,7,prtclbgb,11,Sinn Féin (nir),Sinn Féin,963,link
GB,7,prtclbgb,12,Social Democratic and Labour Party (nir),Social Democratic and Labour Party,762,link
GB,7,prtclbgb,13,Alliance Party (nir),Alliance Party of Northern Ireland,1477,link
GB,7,prtclbgb,14,Traditional Unionist (nir),Traditional Unionist (nir) [og],,hand
GB,7,prtclbgb,16,Independent(s) (nir),independent,,hand
GB,7,prtclbgb,18,Other (nir),other,,hand
GB,7,prtclbgb,66,Not applicable*,,,missing
GB,7,prtclbgb,77,Refusal*,refused,,missing
GB,7,prtclbgb,88,Don't know*,dont-know,,missing
GB,8,prtclbgb,1,Conservative,Conservatives,1567,link
GB,8,prtclbgb,2,Labour,Labour Party,1516,link
GB,8,prtclbgb,3,Liberal Democrat,Liberal Democrats,1388,link
GB,8,prtclbgb,4,Scottish National Party,Scottish National Party,986,link
GB,8,prtclbgb,5,Plaid Cymru,Plaid Cymru,1002,link
GB,8,prtclbgb,6,Green Party,Green Party of England and Wales,1794,link
GB,8,prtclbgb,7,UK Independence Party,United Kingdom Independence Party,601,link
GB,8,prtclbgb,8,Other,other,,hand
GB,8,prtclbgb,9,Ulster Unionist Party (nir),Ulster Unionist Party,1366,link
GB,8,prtclbgb,10,Democratic Unionist Party (nir),Democratic Unionist Party,335,link
GB,8,prtclbgb,11,Sinn Féin (nir),Sinn Féin,963,link
GB,8,prtclbgb,12,Social Democratic and Labour Party (nir),Social Democratic and Labour Party,762,link
GB,8,prtclbgb,13,Alliance Party (nir),Alliance Party of Northern Ireland,1477,link
GB,8,prtclbgb,18,Other (nir),other,,hand
GB,8,prtclbgb,66,Not applicable*,,,missing
GB,8,prtclbgb,77,Refusal*,refused,,missing
GB,8,prtclbgb,88,Don't know*,dont-know,,missing
GB,9,prtclcgb,1,Conservative,Conservatives,1567,link
GB,9,prtclcgb,2,Labour,Labour Party,1516,link
GB,9,prtclcgb,3,Liberal Democrat,Liberal Democrats,1388,link
GB,9,prtclcgb,4,Scottish National Party,Scottish National Party,986,link
GB,9,prtclcgb,5,Plaid Cymru,Plaid Cymru,1002,link
GB,9,prtclcgb,6,Green Party,Green Party of England and Wales,1794,link
GB,9,prtclcgb,7,UK Independence Party,United Kingdom Independence Party,601,link
GB,9,prtclcgb,8,Other,other,,hand
GB,9,prtclcgb,9,Ulster Unionist Party (nir),Ulster Unionist Party,1366,link
GB,9,prtclcgb,10,Democratic Unionist Party (nir),Democratic Unionist Party,335,link
GB,9,prtclcgb,11,Sinn Féin (nir),Sinn Féin,963,link
GB,9,prtclcgb,12,Social Democratic and Labour Party (nir),Social Democratic and Labour Party,762,link
GB,9,prtclcgb,13,Alliance Party (nir),Alliance Party of Northern Ireland,1477,link
GB,9,prtclcgb,15,Green Party (nir),Green Party in Northern Ireland,8240,link
GB,9,prtclcgb,19,Other (nir),other,,hand
GB,9,prtclcgb,66,Not applicable*,,,missing
GB,9,prtclcgb,77,Refusal*,refused,,missing
GB,9,prtclcgb,88,Don't know*,dont-know,,missing
GB,10,prtcldgb,1,Conservative,Conservatives,1567,link
GB,10,prtcldgb,2,Labour,Labour Party,1516,link
GB,10,prtcldgb,3,Liberal Democrat,Liberal Democrats,1388,link
GB,10,prtcldgb,4,Scottish National Party,Scottish National Party,986,link
GB,10,prtcldgb,5,Plaid Cymru,Plaid Cymru,1002,link
GB,10,prtcldgb,6,Green Party,Green Party of England and Wales,1794,link
GB,10,prtcldgb,7,UK Independence Party,United Kingdom Independence Party,601,link
GB,10,prtcldgb,8,Brexit Party,Brexit Party,7364,link
GB,10,prtcldgb,9,Other,other,,hand
GB,10,prtcldgb,10,Ulster Unionist Party (nir),Ulster Unionist Party,1366,link
GB,10,prtcldgb,12,Sinn Féin (nir),Sinn Féin,963,link
GB,10,prtcldgb,22,Other (nir),other,,hand
GB,10,prtcldgb,66,Not applicable*,,,missing
GB,10,prtcldgb,77,Refusal*,refused,,missing
GB,10,prtcldgb,88,Don't know*,dont-know,,missing
GB,11,prtcldgb,1,Conservative,Conservatives,1567,link
GB,11,prtcldgb,2,Labour,Labour Party,1516,link
GB,11,prtcldgb,3,Liberal Democrat,Liberal Democrats,1388,link
GB,11,prtcldgb,4,Scottish National Party,Scottish National Party,986,link
GB,11,prtcldgb,5,Plaid Cymru,Plaid Cymru,1002,link
GB,11,prtcldgb,6,Green Party,Green Party of England and Wales,1794,link
GB,11,prtcldgb,7,UK Independence Party,United Kingdom Independence Party,601,link
GB,11,prtcldgb,8,Brexit Party,Brexit Party,7364,link
GB,11,prtcldgb,11,Democratic Unionist Party (nir),Democratic Unionist Party,335,link
GB,11,prtcldgb,12,Sinn Féin (nir),Sinn Féin,963,link
GB,11,prtcldgb,13,Social Democratic and Labour Party (nir),Social Democratic and Labour Party,762,link
GB,11,prtcldgb,15,Traditional Unionist (nir),Traditional Unionist (nir) [og],,hand
GB,11,prtcldgb,22,Other (nir),other,,hand
GB,11,prtcldgb,66,Not applicable*,,,missing
GB,11,prtcldgb,77,Refusal*,refused,,missing
GB,11,prtcldgb,88,Don't know*,dont-know,,missing
GB,1,prtclgb,1,Conservative,Conservatives,1567,link
GB,1,prtclgb,2,Labour,Labour Party,1516,link
GB,1,prtclgb,3,Liberal Democrat,Liberal Democrats,1388,link
GB,1,prtclgb,4,Scottish National Party,Scottish National Party,986,link
GB,1,prtclgb,5,Plaid Cymru,Plaid Cymru,1002,link
GB,1,prtclgb,6,Green Party,Green Party of England and Wales,1794,link
GB,1,prtclgb,7,Other,other,,hand
GB,1,prtclgb,11,Ulster Unionist Party (nir),Ulster Unionist Party,1366,link
GB,1,prtclgb,12,Democratic Unionist Party (nir),Democratic Unionist Party,335,link
GB,1,prtclgb,13,Sinn Féin (nir),Sinn Féin,963,link
GB,1,prtclgb,14,Social Democratic and Labour Party (nir),Social Democratic and Labour Party,762,link
GB,1,prtclgb,15,Alliance Party (nir),Alliance Party of Northern Ireland,1477,link
GB,1,prtclgb,22,Other (nir),other,,hand
GB,1,prtclgb,66,Not applicable*,,,missing
GB,1,prtclgb,77,Refusal*,refused,,missing
GB,1,prtclgb,88,Don't know*,dont-know,,missing
GB,2,prtclgb,1,Conservative,Conservatives,1567,link
GB,2,prtclgb,2,Labour,Labour Party,1516,link
GB,2,prtclgb,3,Liberal Democrat,Liberal Democrats,1388,link
GB,2,prtclgb,4,Scottish National Party,Scottish National Party,986,link
GB,2,prtclgb,6,Green Party,Green Party of England and Wales,1794,link
GB,2,prtclgb,7,Other,other,,hand
GB,2,prtclgb,11,Ulster Unionist Party (nir),Ulster Unionist Party,1366,link
GB,2,prtclgb,12,Democratic Unionist Party (nir),Democratic Unionist Party,335,link
GB,2,prtclgb,13,Sinn Féin (nir),Sinn Féin,963,link
GB,2,prtclgb,14,Social Democratic and Labour Party (nir),Social Democratic and Labour Party,762,link
GB,2,prtclgb,18,Women's Coalition (nir),Northern Ireland Women's Coalition,8272,link
GB,2,prtclgb,22,Other (nir),other,,hand
GB,2,prtclgb,66,Not applicable*,,,missing
GB,2,prtclgb,77,Refusal*,refused,,missing
GB,2,prtclgb,88,Don't know*,dont-know,,missing
GB,2,prtclgb,99,No answer*,,,missing
GB,4,prtclgb,1,Conservative,Conservatives,1567,link
GB,4,prtclgb,2,Labour,Labour Party,1516,link
GB,4,prtclgb,3,Liberal Democrat,Liberal Democrats,1388,link
GB,4,prtclgb,4,Scottish National Party,Scottish National Party,986,link
GB,4,prtclgb,5,Plaid Cymru,Plaid Cymru,1002,link
GB,4,prtclgb,6,Green Party,Green Party of England and Wales,1794,link
GB,4,prtclgb,7,Other,other,,hand
GB,4,prtclgb,11,Ulster Unionist Party (nir),Ulster Unionist Party,1366,link
GB,4,prtclgb,12,Democratic Unionist Party (nir),Democratic Unionist Party,335,link
GB,4,prtclgb,13,Sinn Féin (nir),Sinn Féin,963,link
GB,4,prtclgb,14,Social Democratic and Labour Party (nir),Social Democratic and Labour Party,762,link
GB,4,prtclgb,15,Alliance Party (nir),Alliance Party of Northern Ireland,1477,link
GB,4,prtclgb,66,Not applicable*,,,missing
GB,4,prtclgb,77,Refusal*,refused,,missing
GB,4,prtclgb,88,Don't know*,dont-know,,missing
GB,5,prtclgb,1,Conservative,Conservatives,1567,link
GB,5,prtclgb,2,Labour,Labour Party,1516,link
GB,5,prtclgb,3,Liberal Democrat,Liberal Democrats,1388,link
GB,5,prtclgb,4,Scottish National Party,Scottish National Party,986,link
GB,5,prtclgb,5,Plaid Cymru,Plaid Cymru,1002,link
GB,5,prtclgb,6,Green Party,Green Party of England and Wales,1794,link
GB,5,prtclgb,7,Other,other,,hand
GB,5,prtclgb,11,Ulster Unionist Party (nir),Ulster Unionist Party,1366,link
GB,5,prtclgb,12,Democratic Unionist Party (nir),Democratic Unionist Party,335,link
GB,5,prtclgb,13,Sinn Féin (nir),Sinn Féin,963,link
GB,5,prtclgb,14,Social Democratic and Labour Party (nir),Social Democratic and Labour Party,762,link
GB,5,prtclgb,15,Alliance Party (nir),Alliance Party of Northern Ireland,1477,link
GB,5,prtclgb,22,Other (nir),other,,hand
GB,5,prtclgb,66,Not applicable*,,,missing
GB,5,prtclgb,77,Refusal*,refused,,missing
GB,5,prtclgb,88,Don't know*,dont-know,,missing
GB,6,prtclgb,1,Conservative,Conservatives,1567,link
GB,6,prtclgb,2,Labour,Labour Party,1516,link
GB,6,prtclgb,3,Liberal Democrat,Liberal Democrats,1388,link
GB,6,prtclgb,4,Scottish National Party,Scottish National Party,986,link
GB,6,prtclgb,5,Plaid Cymru,Plaid Cymru,1002,link
GB,6,prtclgb,6,Green Party,Green Party of England and Wales,1794,link
GB,6,prtclgb,7,Other,other,,hand
GB,6,prtclgb,11,Ulster Unionist Party (nir),Ulster Unionist Party,1366,link
GB,6,prtclgb,12,Democratic Unionist Party (nir),Democratic Unionist Party,335,link
GB,6,prtclgb,13,Sinn Féin (nir),Sinn Féin,963,link
GB,6,prtclgb,14,Social Democratic and Labour Party (nir),Social Democratic and Labour Party,762,link
GB,6,prtclgb,15,Alliance Party (nir),Alliance Party of Northern Ireland,1477,link
GB,6,prtclgb,22,Other (nir),other,,hand
GB,6,prtclgb,66,Not applicable*,,,missing
GB,6,prtclgb,77,Refusal*,refused,,missing
GB,6,prtclgb,88,Don't know*,dont-know,,missing
GB,3,prtvtagb,1,Conservative,Conservatives,1567,link
GB,3,prtvtagb,2,Labour,Labour Party,1516,link
GB,3,prtvtagb,3,Liberal Democrat,Liberal Democrats,1388,link
GB,3,prtvtagb,4,Scottish National Party,Scottish National Party,986,link
GB,3,prtvtagb,5,Plaid Cymru,Plaid Cymru,1002,link
GB,3,prtvtagb,6,Green Party,Green Party of England and Wales,1794,link
GB,3,prtvtagb,7,British National Party,British National Party,855,link
GB,3,prtvtagb,8,UK Independence Party,United Kingdom Independence Party,601,link
GB,3,prtvtagb,9,Independent,independent,,hand
GB,3,prtvtagb,11,Ulster Unionist Party (nir),Ulster Unionist Party,1366,link
GB,3,prtvtagb,12,Democratic Unionist Party (nir),Democratic Unionist Party,335,link
GB,3,prtvtagb,13,Sinn Féin (nir),Sinn Féin,963,link
GB,3,prtvtagb,14,Social Democratic and Labour Party (nir),Social Democratic and Labour Party,762,link
GB,3,prtvtagb,15,Alliance Party (nir),Alliance Party of Northern Ireland,1477,link
GB,3,prtvtagb,22,Other,other,,hand
GB,3,prtvtagb,66,Not applicable*,,,missing
GB,3,prtvtagb,77,Refusal*,refused,,missing
GB,3,prtvtagb,88,Don't know*,dont-know,,missing
GB,7,prtvtbgb,1,Conservative,Conservatives,1567,link
GB,7,prtvtbgb,2,Labour,Labour Party,1516,link
GB,7,prtvtbgb,3,Liberal Democrat,Liberal Democrats,1388,link
GB,7,prtvtbgb,4,Scottish National Party,Scottish National Party,986,link
GB,7,prtvtbgb,5,Plaid Cymru,Plaid Cymru,1002,link
GB,7,prtvtbgb,6,Green Party,Green Party of England and Wales,1794,link
GB,7,prtvtbgb,7,UK Independence Party,United Kingdom Independence Party,601,link
GB,7,prtvtbgb,8,Other,other,,hand
GB,7,prtvtbgb,9,Ulster Unionist Party (nir),Ulster Unionist Party,1366,link
GB,7,prtvtbgb,10,Democratic Unionist Party (nir),Democratic Unionist Party,335,link
GB,7,prtvtbgb,11,Sinn Féin (nir),Sinn Féin,963,link
GB,7,prtvtbgb,12,Social Democratic and Labour Party (nir),Social Democratic and Labour Party,762,link
GB,7,prtvtbgb,13,Alliance Party (nir),Alliance Party of Northern Ireland,1477,link
GB,7,prtvtbgb,16,Independent(s) (nir),independent,,hand
GB,7,prtvtbgb,18,Other (nir),other,,hand
GB,7,prtvtbgb,66,Not applicable*,,,missing
GB,7,prtvtbgb,77,Refusal*,refused,,missing
GB,7,prtvtbgb,88,Don't know*,dont-know,,missing
GB,8,prtvtbgb,1,Conservative,Conservatives,1567,link
GB,8,prtvtbgb,2,Labour,Labour Party,1516,link
GB,8,prtvtbgb,3,Liberal Democrat,Liberal Democrats,1388,link
GB,8,prtvtbgb,4,Scottish National Party,Scottish National Party,986,link
GB,8,prtvtbgb,5,Plaid Cymru,Plaid Cymru,1002,link
GB,8,prtvtbgb,6,Green Party,Green Party of England and Wales,1794,link
GB,8,prtvtbgb,7,UK Independence Party,United Kingdom Independence Party,601,link
GB,8,prtvtbgb,8,Other,other,,hand
GB,8,prtvtbgb,9,Ulster Unionist Party (nir),Ulster Unionist Party,1366,link
GB,8,prtvtbgb,10,Democratic Unionist Party (nir),Democratic Unionist Party,335,link
GB,8,prtvtbgb,11,Sinn Féin (nir),Sinn Féin,963,link
GB,8,prtvtbgb,12,Social Democratic and Labour Party (nir),Social Democratic and Labour Party,762,link
GB,8,prtvtbgb,13,Alliance Party (nir),Alliance Party of Northern Ireland,1477,link
GB,8,prtvtbgb,14,Traditional Unionist (nir),Traditional Unionist (nir) [og],,hand
GB,8,prtvtbgb,16,Independent(s) (nir),independent,,hand
GB,8,prtvtbgb,18,Other (nir),other,,hand
GB,8,prtvtbgb,66,Not applicable*,,,missing
GB,8,prtvtbgb,77,Refusal*,refused,,missing
GB,8,prtvtbgb,88,Don't know*,dont-know,,missing
GB,9,prtvtcgb,1,Conservative,Conservatives,1567,link
GB,9,prtvtcgb,2,Labour,Labour Party,1516,link
GB,9,prtvtcgb,3,Liberal Democrat,Liberal Democrats,1388,link
GB,9,prtvtcgb,4,Scottish National Party,Scottish National Party,986,link
GB,9,prtvtcgb,5,Plaid Cymru,Plaid Cymru,1002,link
GB,9,prtvtcgb,6,Green Party,Green Party of England and Wales,1794,link
GB,9,prtvtcgb,7,UK Independence Party,United Kingdom Independence Party,601,link
GB,9,prtvtcgb,8,Other,other,,hand
GB,9,prtvtcgb,9,Ulster Unionist Party (nir),Ulster Unionist Party,1366,link
GB,9,prtvtcgb,10,Democratic Unionist Party (nir),Democratic Unionist Party,335,link
GB,9,prtvtcgb,11,Sinn Féin (nir),Sinn Féin,963,link
GB,9,prtvtcgb,12,Social Democratic and Labour Party (nir),Social Democratic and Labour Party,762,link
GB,9,prtvtcgb,13,Alliance Party (nir),Alliance Party of Northern Ireland,1477,link
GB,9,prtvtcgb,15,Green Party (nir),Green Party in Northern Ireland,8240,link
GB,9,prtvtcgb,16,Independent(s) (nir),independent,,hand
GB,9,prtvtcgb,19,Other (nir),other,,hand
GB,9,prtvtcgb,66,Not applicable*,,,missing
GB,9,prtvtcgb,77,Refusal*,refused,,missing
GB,9,prtvtcgb,88,Don't know*,dont-know,,missing
GB,10,prtvtdgb,1,Conservative,Conservatives,1567,link
GB,10,prtvtdgb,2,Labour,Labour Party,1516,link
GB,10,prtvtdgb,3,Liberal Democrat,Liberal Democrats,1388,link
GB,10,prtvtdgb,4,Scottish National Party,Scottish National Party,986,link
GB,10,prtvtdgb,5,Plaid Cymru,Plaid Cymru,1002,link
GB,10,prtvtdgb,6,Green Party,Green Party of England and Wales,1794,link
GB,10,prtvtdgb,7,UK Independence Party,United Kingdom Independence Party,601,link
GB,10,prtvtdgb,8,Brexit Party,Brexit Party,7364,link
GB,10,prtvtdgb,9,Other,other,,hand
GB,10,prtvtdgb,10,Ulster Unionist Party (nir),Ulster Unionist Party,1366,link
GB,10,prtvtdgb,11,Democratic Unionist Party (nir),Democratic Unionist Party,335,link
GB,10,prtvtdgb,12,Sinn Féin (nir),Sinn Féin,963,link
GB,10,prtvtdgb,23,Independent candidate,independent,,hand
GB,10,prtvtdgb,66,Not applicable*,,,missing
GB,10,prtvtdgb,77,Refusal*,refused,,missing
GB,10,prtvtdgb,88,Don't know*,dont-know,,missing
GB,11,prtvtdgb,1,Conservative,Conservatives,1567,link
GB,11,prtvtdgb,2,Labour,Labour Party,1516,link
GB,11,prtvtdgb,3,Liberal Democrat,Liberal Democrats,1388,link
GB,11,prtvtdgb,4,Scottish National Party,Scottish National Party,986,link
GB,11,prtvtdgb,5,Plaid Cymru,Plaid Cymru,1002,link
GB,11,prtvtdgb,6,Green Party,Green Party of England and Wales,1794,link
GB,11,prtvtdgb,7,UK Independence Party,United Kingdom Independence Party,601,link
GB,11,prtvtdgb,8,Brexit Party,Brexit Party,7364,link
GB,11,prtvtdgb,11,Democratic Unionist Party (nir),Democratic Unionist Party,335,link
GB,11,prtvtdgb,12,Sinn Féin (nir),Sinn Féin,963,link
GB,11,prtvtdgb,13,Social Democratic and Labour Party (nir),Social Democratic and Labour Party,762,link
GB,11,prtvtdgb,14,Alliance Party (nir),Alliance Party of Northern Ireland,1477,link
GB,11,prtvtdgb,15,Traditional Unionist (nir),Traditional Unionist (nir) [og],,hand
GB,11,prtvtdgb,22,Other (nir),other,,hand
GB,11,prtvtdgb,66,Not applicable*,,,missing
GB,11,prtvtdgb,77,Refusal*,refused,,missing
GB,11,prtvtdgb,88,Don't know*,dont-know,,missing
GB,1,prtvtgb,1,Conservative,Conservatives,1567,link
GB,1,prtvtgb,2,Labour,Labour Party,1516,link
GB,1,prtvtgb,3,Liberal Democrat,Liberal Democrats,1388,link
GB,1,prtvtgb,4,Scottish National Party,Scottish National Party,986,link
GB,1,prtvtgb,5,Plaid Cymru,Plaid Cymru,1002,link
GB,1,prtvtgb,6,Green Party,Green Party of England and Wales,1794,link
GB,1,prtvtgb,7,Other,other,,hand
GB,1,prtvtgb,11,Ulster Unionist Party (nir),Ulster Unionist Party,1366,link
GB,1,prtvtgb,12,Democratic Unionist Party (nir),Democratic Unionist Party,335,link
GB,1,prtvtgb,13,Sinn Féin (nir),Sinn Féin,963,link
GB,1,prtvtgb,14,Social Democratic and Labour Party (nir),Social Democratic and Labour Party,762,link
GB,1,prtvtgb,15,Alliance Party (nir),Alliance Party of Northern Ireland,1477,link
GB,1,prtvtgb,17,United Kingdom Unionist Party (nir),UK Unionist Party,8263,link
GB,1,prtvtgb,18,Women's Coalition (nir),Northern Ireland Women's Coalition,8272,link
GB,1,prtvtgb,66,Not applicable*,,,missing
GB,1,prtvtgb,77,Refusal*,refused,,missing
GB,1,prtvtgb,88,Don't know*,dont-know,,missing
GB,2,prtvtgb,1,Conservative,Conservatives,1567,link
GB,2,prtvtgb,2,Labour,Labour Party,1516,link
GB,2,prtvtgb,3,Liberal Democrat,Liberal Democrats,1388,link
GB,2,prtvtgb,4,Scottish National Party,Scottish National Party,986,link
GB,2,prtvtgb,5,Plaid Cymru,Plaid Cymru,1002,link
GB,2,prtvtgb,6,Green Party,Green Party of England and Wales,1794,link
GB,2,prtvtgb,7,Other,other,,hand
GB,2,prtvtgb,11,Ulster Unionist Party (nir),Ulster Unionist Party,1366,link
GB,2,prtvtgb,12,Democratic Unionist Party (nir),Democratic Unionist Party,335,link
GB,2,prtvtgb,13,Sinn Féin (nir),Sinn Féin,963,link
GB,2,prtvtgb,14,Social Democratic and Labour Party (nir),Social Democratic and Labour Party,762,link
GB,2,prtvtgb,22,Other (nir),other,,hand
GB,2,prtvtgb,66,Not applicable*,,,missing
GB,2,prtvtgb,77,Refusal*,refused,,missing
GB,2,prtvtgb,88,Don't know*,dont-know,,missing
GB,4,prtvtgb,1,Conservative,Conservatives,1567,link
GB,4,prtvtgb,2,Labour,Labour Party,1516,link
GB,4,prtvtgb,3,Liberal Democrat,Liberal Democrats,1388,link
GB,4,prtvtgb,4,Scottish National Party,Scottish National Party,986,link
GB,4,prtvtgb,5,Plaid Cymru,Plaid Cymru,1002,link
GB,4,prtvtgb,6,Green Party,Green Party of England and Wales,1794,link
GB,4,prtvtgb,7,Other,other,,hand
GB,4,prtvtgb,11,Ulster Unionist Party (nir),Ulster Unionist Party,1366,link
GB,4,prtvtgb,12,Democratic Unionist Party (nir),Democratic Unionist Party,335,link
GB,4,prtvtgb,13,Sinn Féin (nir),Sinn Féin,963,link
GB,4,prtvtgb,14,Social Democratic and Labour Party (nir),Social Democratic and Labour Party,762,link
GB,4,prtvtgb,15,Alliance Party (nir),Alliance Party of Northern Ireland,1477,link
GB,4,prtvtgb,66,Not applicable*,,,missing
GB,4,prtvtgb,77,Refusal*,refused,,missing
GB,4,prtvtgb,88,Don't know*,dont-know,,missing
GB,5,prtvtgb,1,Conservative,Conservatives,1567,link
GB,5,prtvtgb,2,Labour,Labour Party,1516,link
GB,5,prtvtgb,3,Liberal Democrat,Liberal Democrats,1388,link
GB,5,prtvtgb,4,Scottish National Party,Scottish National Party,986,link
GB,5,prtvtgb,5,Plaid Cymru,Plaid Cymru,1002,link
GB,5,prtvtgb,6,Green Party,Green Party of England and Wales,1794,link
GB,5,prtvtgb,7,Other,other,,hand
GB,5,prtvtgb,11,Ulster Unionist Party (nir),Ulster Unionist Party,1366,link
GB,5,prtvtgb,12,Democratic Unionist Party (nir),Democratic Unionist Party,335,link
GB,5,prtvtgb,13,Sinn Féin (nir),Sinn Féin,963,link
GB,5,prtvtgb,14,Social Democratic and Labour Party (nir),Social Democratic and Labour Party,762,link
GB,5,prtvtgb,15,Alliance Party (nir),Alliance Party of Northern Ireland,1477,link
GB,5,prtvtgb,66,Not applicable*,,,missing
GB,5,prtvtgb,77,Refusal*,refused,,missing
GB,5,prtvtgb,88,Don't know*,dont-know,,missing
GB,6,prtvtgb,1,Conservative,Conservatives,1567,link
GB,6,prtvtgb,2,Labour,Labour Party,1516,link
GB,6,prtvtgb,3,Liberal Democrat,Liberal Democrats,1388,link
GB,6,prtvtgb,4,Scottish National Party,Scottish National Party,986,link
GB,6,prtvtgb,5,Plaid Cymru,Plaid Cymru,1002,link
GB,6,prtvtgb,6,Green Party,Green Party of England and Wales,1794,link
GB,6,prtvtgb,7,Other,other,,hand
GB,6,prtvtgb,11,Ulster Unionist Party (nir),Ulster Unionist Party,1366,link
GB,6,prtvtgb,12,Democratic Unionist Party (nir),Democratic Unionist Party,335,link
GB,6,prtvtgb,13,Sinn Féin (nir),Sinn Féin,963,link
GB,6,prtvtgb,14,Social Democratic and Labour Party (nir),Social Democratic and Labour Party,762,link
GB,6,prtvtgb,15,Alliance Party (nir),Alliance Party of Northern Ireland,1477,link
GB,6,prtvtgb,22,Other (nir),other,,hand
GB,6,prtvtgb,66,Not applicable*,,,missing
GB,6,prtvtgb,77,Refusal*,refused,,missing
GB,6,prtvtgb,88,Don't know*,dont-know,,missing
GR,2,prtclagr,1,PASOK (Panhellenic Socialist Movement),Panellinio Sosialistikó Kínima,1468,link
GR,2,prtclagr,2,ND (New Democracy),Néa Đimokratía,794,link
GR,2,prtclagr,3,KKE Communist Party),Kommounistikó Kómma Elládas,48,name
GR,2,prtclagr,4,SYN (Left Wing Coalition),Synaspismós tīs Aristerás,516,link
GR,2,prtclagr,5,DIKKI (Democratic Social Movement),Dimokratiko Koinoniko Kinima,1682,link
GR,2,prtclagr,6,LAOS (Popular Orthodox Party),Laïkós Orthódoxos Synagermós,965,link
GR,2,prtclagr,7,Other,other,,hand
GR,2,prtclagr,66,Not applicable*,,,missing
GR,2,prtclagr,77,Refusal*,refused,,missing
GR,2,prtclagr,88,Don't know*,dont-know,,missing
GR,4,prtclbgr,1,Panhellenic Socialist Movement – PASOK,Panellinio Sosialistikó Kínima,1468,hand
GR,4,prtclbgr,2,New Democracy - ND,Néa Đimokratía,794,hand
GR,4,prtclbgr,3,Communist Party - KKE,Kommounistikó Kómma Elládas,48,hand
GR,4,prtclbgr,4,Coalition of the Radical Left - SYRIZA,Synaspismós Rizospastikís Aristerás,301,link
GR,4,prtclbgr,5,Popular Orthodox Rally - LAOS,Laïkós Orthódoxos Synagermós,965,hand
GR,4,prtclbgr,6,Greens,Oikologoi Prasinoi,378,link
GR,4,prtclbgr,7,Other,other,,hand
GR,4,prtclbgr,66,Not applicable*,,,missing
GR,4,prtclbgr,77,Refusal*,refused,,missing
GR,4,prtclbgr,88,Don't know*,dont-know,,missing
GR,5,prtclcgr,1,The Panhellenic Socialist Movement (PASOK),Panellinio Sosialistikó Kínima,1468,hand
GR,5,prtclcgr,2,New Democracy (ND),Néa Đimokratía,794,hand
GR,5,prtclcgr,3,The Communist Party of Greece (KKE),Kommounistikó Kómma Elládas,48,hand
GR,5,prtclcgr,4,The Popular Orthodox Rally (LAOS),Laïkós Orthódoxos Synagermós,965,hand
GR,5,prtclcgr,5,The Coalition of the Radical Left (SYRIZA),Synaspismós Rizospastikís Aristerás,301,hand
GR,5,prtclcgr,6,The Ecologist Greens (OP),Oikologoi Prasinoi,378,hand
GR,5,prtclcgr,7,Democratic Alliance (DS),Dimokratiki Symmachia,1284,link
GR,5,prtclcgr,8,Democratic Left (DIMAR),Dimokratiki Aristera,1160,link
GR,5,prtclcgr,10,No one,none,,hand
GR,5,prtclcgr,11,Invalid,blank-invalid,,hand
GR,5,prtclcgr,12,Golden Dawn (Xrusi Augi),Laïkós Sýndesmos / Chrysí Avgí,1660,link
GR,5,prtclcgr,13,The Liberal Alliance (FS),Drasi — Fileleytheri Symmachia,1130,link
GR,5,prtclcgr,66,Not applicable*,,,missing
GR,5,prtclcgr,77,Refusal*,refused,,missing
GR,5,prtclcgr,88,Don't know*,dont-know,,missing
GR,10,prtcldgr,1,ΝΔ,Néa Đimokratía,794,hand
GR,10,prtcldgr,2,ΣΥΡΙΖΑ,Synaspismós Rizospastikís Aristerás,301,link
GR,10,prtcldgr,3,ΚΙΝΑ.ΑΛ,Kinima Allagis,7909,hand
GR,10,prtcldgr,4,ΚΚΕ,Kommounistikó Kómma Elládas,48,hand
GR,10,prtcldgr,5,Ελληνική Λύση,Elliniki Lisi,7347,link
GR,10,prtcldgr,6,ΜέΡΑ25,Métopo Evropaikís Realistikís Anypakoís,7348,link
GR,10,prtcldgr,7,Χρυσή Αυγή,Laïkós Sýndesmos / Chrysí Avgí,1660,hand
GR,10,prtcldgr,8,Πλεύση Ελευθερίας,Plefsi Eleftherias,9088,link
GR,10,prtcldgr,9,Ένωση Κεντρώων,Enosi Kentroon,2510,link
GR,10,prtcldgr,31,Other,other,,hand
GR,10,prtcldgr,66,Not applicable*,,,missing
GR,10,prtcldgr,77,Refusal*,refused,,missing
GR,10,prtcldgr,88,Don't know*,dont-know,,missing
GR,11,prtclegr,1,ΝΔ,Néa Đimokratía,794,hand
GR,11,prtclegr,2,ΣΥΡΙΖΑ,Synaspismós Rizospastikís Aristerás,301,link
GR,11,prtclegr,3,ΚΙΝΑ.ΑΛ,Kinima Allagis,7909,hand
GR,11,prtclegr,4,ΚΚΕ,Kommounistikó Kómma Elládas,48,hand
GR,11,prtclegr,5,Ελληνική Λύση,Elliniki Lisi,7347,link
GR,11,prtclegr,6,Σπαρτιάτες,Spartiátes,9129,link
GR,11,prtclegr,7,Νίκη,Dimokratikó Patriotikó Kínima 'Níki',9126,link
GR,11,prtclegr,8,Πλεύση Ελευθερίας,Plefsi Eleftherias,9088,link
GR,11,prtclegr,9,Ανταρσία,Antikapitalistiki Aristeri Synergasia gia tin Anatropi,95,hand
GR,11,prtclegr,10,Νεά Αριστερά,Néa Aristerá,9316,link
GR,11,prtclegr,11,ΜέΡΑ25,Métopo Evropaikís Realistikís Anypakoís,7348,link
GR,11,prtclegr,12,ΛΑΟΣ,Laïkós Orthódoxos Synagermós,965,hand
GR,11,prtclegr,13,Οικολόγοι Πράσινοι,Oikologoi Prasinoi,378,hand
GR,11,prtclegr,66,Not applicable*,,,missing
GR,11,prtclegr,77,Refusal*,refused,,missing
GR,11,prtclegr,88,Don't know*,dont-know,,missing
GR,1,prtclgr,1,PASOK (Panhellenic Socialist Movement),Panellinio Sosialistikó Kínima,1468,link
GR,1,prtclgr,2,ND (New Democracy),Néa Đimokratía,794,link
GR,1,prtclgr,3,KKE (Communist party),Kommounistikó Kómma Elládas,48,link
GR,1,prtclgr,4,SYN (Left Wing Coalition),Synaspismós tīs Aristerás,516,link
GR,1,prtclgr,5,DIKKI (Democratic Social Movement),Dimokratiko Koinoniko Kinima,1682,link
GR,1,prtclgr,6,Other parties,other,,hand
GR,1,prtclgr,66,Not applicable*,,,missing
GR,1,prtclgr,77,Refusal*,refused,,missing
GR,1,prtclgr,88,Don't know*,dont-know,,missing
GR,2,prtvtagr,1,PASOK (Panhellenic Socialist Movement),Panellinio Sosialistikó Kínima,1468,link
GR,2,prtvtagr,2,ND (New Democracy),Néa Đimokratía,794,link
GR,2,prtvtagr,3,KKE Communist Party),Kommounistikó Kómma Elládas,48,name
GR,2,prtvtagr,4,SYN (Left Wing Coalition),Synaspismós tīs Aristerás,516,link
GR,2,prtvtagr,5,DIKKI (Democratic Social Movement),Dimokratiko Koinoniko Kinima,1682,link
GR,2,prtvtagr,6,LAOS (Popular Orthodox Party),Laïkós Orthódoxos Synagermós,965,link
GR,2,prtvtagr,7,Other,other,,hand
GR,2,prtvtagr,66,Not applicable*,,,missing
GR,2,prtvtagr,77,Refusal*,refused,,missing
GR,2,prtvtagr,88,Don't know*,dont-know,,missing
GR,4,prtvtbgr,1,Panhellenic Socialist Movement – PASOK,Panellinio Sosialistikó Kínima,1468,hand
GR,4,prtvtbgr,2,New Democracy - ND,Néa Đimokratía,794,hand
GR,4,prtvtbgr,3,Communist Party - KKE,Kommounistikó Kómma Elládas,48,hand
GR,4,prtvtbgr,4,Coalition of the Radical Left - SYRIZA,Synaspismós Rizospastikís Aristerás,301,link
GR,4,prtvtbgr,5,Popular Orthodox Rally - LAOS,Laïkós Orthódoxos Synagermós,965,hand
GR,4,prtvtbgr,6,Greens,Oikologoi Prasinoi,378,link
GR,4,prtvtbgr,7,Other,other,,hand
GR,4,prtvtbgr,66,Not applicable*,,,missing
GR,4,prtvtbgr,77,Refusal*,refused,,missing
GR,4,prtvtbgr,88,Don't know*,dont-know,,missing
GR,5,prtvtcgr,1,The Panhellenic Socialist Movement (PASOK),Panellinio Sosialistikó Kínima,1468,hand
GR,5,prtvtcgr,2,New Democracy (ND),Néa Đimokratía,794,hand
GR,5,prtvtcgr,3,The Communist Party of Greece (KKE),Kommounistikó Kómma Elládas,48,hand
GR,5,prtvtcgr,4,The Popular Orthodox Rally (LAOS),Laïkós Orthódoxos Synagermós,965,hand
GR,5,prtvtcgr,5,The Coalition of the Radical Left (SYRIZA),Synaspismós Rizospastikís Aristerás,301,hand
GR,5,prtvtcgr,6,The Ecologist Greens (OP),Oikologoi Prasinoi,378,hand
GR,5,prtvtcgr,7,Null,blank-invalid,,hand
GR,5,prtvtcgr,8,No one,none,,hand
GR,5,prtvtcgr,9,Invalid,blank-invalid,,hand
GR,5,prtvtcgr,10,Golden Dawn (Xrusi Augi),Laïkós Sýndesmos / Chrysí Avgí,1660,link
GR,5,prtvtcgr,11,The Liberal Alliance (FS),Drasi — Fileleytheri Symmachia,1130,link
GR,5,prtvtcgr,12,The Anticapitalist Left Cooperation for the Overthrow (ANTARSYA),Antikapitalistiki Aristeri Synergasia gia tin Anatropi,95,link
GR,5,prtvtcgr,13,Smokers' Groups for Art and Visual Formation (KOTES),Smokers' Groups for Art and Visual Formation (KOTES) [og],,hand
GR,5,prtvtcgr,14,Independent Citizens' Movement (SPITHA),Independent Citizens' Movement (SPITHA) [og],,hand
GR,5,prtvtcgr,66,Not applicable*,,,missing
GR,5,prtvtcgr,77,Refusal*,refused,,missing
GR,5,prtvtcgr,88,Don't know*,dont-know,,missing
GR,10,prtvtdgr,1,ΝΔ,Néa Đimokratía,794,hand
GR,10,prtvtdgr,2,ΣΥΡΙΖΑ,Synaspismós Rizospastikís Aristerás,301,link
GR,10,prtvtdgr,3,ΚΙΝΑ.ΑΛ,Kinima Allagis,7909,hand
GR,10,prtvtdgr,4,ΚΚΕ,Kommounistikó Kómma Elládas,48,hand
GR,10,prtvtdgr,5,Ελληνική Λύση,Elliniki Lisi,7347,link
GR,10,prtvtdgr,6,ΜέΡΑ25,Métopo Evropaikís Realistikís Anypakoís,7348,link
GR,10,prtvtdgr,7,Χρυσή Αυγή,Laïkós Sýndesmos / Chrysí Avgí,1660,hand
GR,10,prtvtdgr,8,Πλεύση Ελευθερίας,Plefsi Eleftherias,9088,link
GR,10,prtvtdgr,9,Ένωση Κεντρώων,Enosi Kentroon,2510,link
GR,10,prtvtdgr,31,Other,other,,hand
GR,10,prtvtdgr,66,Not applicable*,,,missing
GR,10,prtvtdgr,77,Refusal*,refused,,missing
GR,10,prtvtdgr,88,Don't know*,dont-know,,missing
GR,11,prtvtegr,1,ΝΔ,Néa Đimokratía,794,hand
GR,11,prtvtegr,2,ΣΥΡΙΖΑ,Synaspismós Rizospastikís Aristerás,301,link
GR,11,prtvtegr,3,ΚΙΝΑ.ΑΛ,Kinima Allagis,7909,hand
GR,11,prtvtegr,4,ΚΚΕ,Kommounistikó Kómma Elládas,48,hand
GR,11,prtvtegr,5,Ελληνική Λύση,Elliniki Lisi,7347,link
GR,11,prtvtegr,6,Σπαρτιάτες,Spartiátes,9129,link
GR,11,prtvtegr,7,Νίκη,Dimokratikó Patriotikó Kínima 'Níki',9126,link
GR,11,prtvtegr,8,Πλεύση Ελευθερίας,Plefsi Eleftherias,9088,link
GR,11,prtvtegr,9,Ανταρσία,Antikapitalistiki Aristeri Synergasia gia tin Anatropi,95,hand
GR,11,prtvtegr,11,ΜέΡΑ25,Métopo Evropaikís Realistikís Anypakoís,7348,link
GR,11,prtvtegr,12,ΛΑΟΣ,Laïkós Orthódoxos Synagermós,965,hand
GR,11,prtvtegr,13,Οικολόγοι Πράσινοι,Oikologoi Prasinoi,378,hand
GR,11,prtvtegr,14,Δημιουργία Ξανά,Dimiourgia Xana,471,link
GR,11,prtvtegr,15,Ένωση Κεντρώων,Enosi Kentroon,2510,link
GR,11,prtvtegr,32,Invalid,blank-invalid,,hand
GR,11,prtvtegr,33,Blank,blank-invalid,,hand
GR,11,prtvtegr,66,Not applicable*,,,missing
GR,11,prtvtegr,77,Refusal*,refused,,missing
GR,11,prtvtegr,88,Don't know*,dont-know,,missing
GR,1,prtvtgr,1,PASOK (Panhellenic Socialist Movement),Panellinio Sosialistikó Kínima,1468,link
GR,1,prtvtgr,2,ND (New Democracy),Néa Đimokratía,794,link
GR,1,prtvtgr,3,KKE (Communist party),Kommounistikó Kómma Elládas,48,link
GR,1,prtvtgr,4,SYN (Left Wing Coalition),Synaspismós tīs Aristerás,516,link
GR,1,prtvtgr,5,DIKKI (Democratic Social Movement),Dimokratiko Koinoniko Kinima,1682,link
GR,1,prtvtgr,6,Other parties,other,,hand
GR,1,prtvtgr,66,Not applicable*,,,missing
GR,1,prtvtgr,77,Refusal*,refused,,missing
GR,1,prtvtgr,88,Don't know*,dont-know,,missing
HR,9,prtclahr,1,Hrvatska demokratska zajednica (HDZ),Hrvatska demokratska zajednica,1431,link
HR,9,prtclahr,2,Socijaldemokratska partija Hrvatske (SDP),Socijaldemokratska partija Hrvatske,1475,link
HR,9,prtclahr,3,Most nezavisnih lista (Most),Most nezavisnih lista,4865,link
HR,9,prtclahr,4,Živi zid,Živi zid,4867,link
HR,9,prtclahr,5,Hrvatska seljačka stranka (HSS),Hrvatska seljačka stranka,72,name
HR,9,prtclahr,6,Hrvatska narodna stranka - Liberalni demokrati (HNS),Hrvatska narodna stranka — Liberalni Demokrati,799,link
HR,9,prtclahr,7,Istarski demokratski sabor (IDS),Istarski demokratski sabor,513,link
HR,9,prtclahr,8,Bandić Milan 365 - Stranka rada i solidarnosti,Bandić Milan 365 — Stranka rada i solidarnosti,5452,link
HR,9,prtclahr,9,Hrvatska socijalno liberalna stranka (HSLS),Hrvatska socijalno liberalna stranka,214,hand
HR,9,prtclahr,10,Hrvatski demokratski savez Slavonije i Baranje (HDSSB),Hrvatski demokratski savez Slavonije i Baranje,2347,link
HR,9,prtclahr,11,Samostalna demokratska srpska stranka (SDSS),Samostalna demokratska srpska stranka,2348,link
HR,9,prtclahr,12,Neovisni za Hrvatsku (HNR),Neovisni za Hrvatsku,7422,link
HR,9,prtclahr,13,Hrvatska konzervativna stranka (HKS),Hrvatska konzervativna stranka,9085,link
HR,9,prtclahr,14,Hrast - Pokret za modernu Hrvatsku,Hrvatski rast,3138,link
HR,9,prtclahr,15,"START - Stranka antikorupcije, razvoja i transparentnosti","START - Stranka antikorupcije, razvoja i transparentnosti [og]",,hand
HR,9,prtclahr,16,Lista Mislav Kolakušić,Lista Mislav Kolakušić [og],,hand
HR,9,prtclahr,17,GLAS - Građansko-liberalni savez,Građansko-liberalni savez,8178,link
HR,9,prtclahr,18,Other,other,,hand
HR,9,prtclahr,66,Not applicable*,,,missing
HR,9,prtclahr,77,Refusal*,refused,,missing
HR,9,prtclahr,88,Don't know*,dont-know,,missing
HR,10,prtclbhr,1,Centar,Pametno,7336,hand
HR,10,prtclbhr,2,Domovinski pokret,Domovinski pokret,8981,link
HR,10,prtclbhr,3,Fokus,Fokus,9480,hand
HR,10,prtclbhr,5,Hrvatska demokratska zajednica (HDZ),Hrvatska demokratska zajednica,1431,link
HR,10,prtclbhr,6,Hrvatska demokršćanska stranka (HDS),Hrvatska kršćanska demokratska stranka,5458,hand
HR,10,prtclbhr,7,Hrvatska narodna stranka - Liberalni demokrati (HNS),Hrvatska narodna stranka — Liberalni Demokrati,799,link
HR,10,prtclbhr,8,Hrvatska seljačka stranka (HSS),Hrvatska seljačka stranka,72,name
HR,10,prtclbhr,9,Hrvatska socijalno liberalna stranka (HSLS),Hrvatska socijalno liberalna stranka,214,hand
HR,10,prtclbhr,10,Hrvatska stranka umirovljenika (HSU),Hrvatska stranka umirovljenika,2062,link
HR,10,prtclbhr,11,Hrvatski suverenisti,Hrvatski suverenisti,9086,link
HR,10,prtclbhr,12,Istarski demokratski sabor (IDS),Istarski demokratski sabor,513,link
HR,10,prtclbhr,13,Most nezavisnih lista (Most),Most nezavisnih lista,4865,link
HR,10,prtclbhr,14,Možemo! - politička platforma,Možemo! – politička platforma,8980,link
HR,10,prtclbhr,15,Narodna stranka – Reformista,Narodna stranka — Reformisti,4866,link
HR,10,prtclbhr,16,Nova ljevica,Nova ljevica [og],,hand
HR,10,prtclbhr,17,Radnička fronta,Radnička fronta [og],,hand
HR,10,prtclbhr,18,Samostalna demokratska srpska stranka (SDSS),Samostalna demokratska srpska stranka,2348,link
HR,10,prtclbhr,19,Socijaldemokratska partija Hrvatske (SDP),Socijaldemokratska partija Hrvatske,1475,link
HR,10,prtclbhr,20,Other,other,,hand
HR,10,prtclbhr,66,Not applicable*,,,missing
HR,10,prtclbhr,77,Refusal*,refused,,missing
HR,10,prtclbhr,88,Don't know*,dont-know,,missing
HR,11,prtclbhr,1,Centar,Pametno,7336,hand
HR,11,prtclbhr,2,Domovinski pokret,Domovinski pokret,8981,link
HR,11,prtclbhr,3,Fokus,Fokus,9480,hand
HR,11,prtclbhr,5,Hrvatska demokratska zajednica (HDZ),Hrvatska demokratska zajednica,1431,link
HR,11,prtclbhr,7,Hrvatska narodna stranka - Liberalni demokrati (HNS),Hrvatska narodna stranka — Liberalni Demokrati,799,link
HR,11,prtclbhr,8,Hrvatska seljačka stranka (HSS),Hrvatska seljačka stranka,72,name
HR,11,prtclbhr,9,Hrvatska socijalno liberalna stranka (HSLS),Hrvatska socijalno liberalna stranka,214,hand
HR,11,prtclbhr,10,Hrvatska stranka umirovljenika (HSU),Hrvatska stranka umirovljenika,2062,link
HR,11,prtclbhr,11,Hrvatski suverenisti,Hrvatski suverenisti,9086,link
HR,11,prtclbhr,12,Istarski demokratski sabor (IDS),Istarski demokratski sabor,513,link
HR,11,prtclbhr,13,Most nezavisnih lista (Most),Most nezavisnih lista,4865,link
HR,11,prtclbhr,14,Možemo! - politička platforma,Možemo! – politička platforma,8980,link
HR,11,prtclbhr,15,Narodna stranka – Reformista,Narodna stranka — Reformisti,4866,link
HR,11,prtclbhr,16,Nova ljevica,Nova ljevica [og],,hand
HR,11,prtclbhr,17,Radnička fronta,Radnička fronta [og],,hand
HR,11,prtclbhr,18,Samostalna demokratska srpska stranka (SDSS),Samostalna demokratska srpska stranka,2348,link
HR,11,prtclbhr,19,Socijaldemokratska partija Hrvatske (SDP),Socijaldemokratska partija Hrvatske,1475,link
HR,11,prtclbhr,20,Other,other,,hand
HR,11,prtclbhr,66,Not applicable*,,,missing
HR,11,prtclbhr,77,Refusal*,refused,,missing
HR,11,prtclbhr,88,Don't know*,dont-know,,missing
HR,4,prtclhr,1,Hrvatska demokratska zajednica (HDZ),Hrvatska demokratska zajednica,1431,link
HR,4,prtclhr,2,Socijaldemokratska partija Hrvatske (SDP),Socijaldemokratska partija Hrvatske,1475,link
HR,4,prtclhr,3,Hrvatska narodna stranka - Liberalni demokrati (HNS),Hrvatska narodna stranka — Liberalni Demokrati,799,link
HR,4,prtclhr,4,Hrvatska seljacka stranka (HSS),Hrvatska seljačka stranka,72,link
HR,4,prtclhr,5,Hrvatsko socijalno-liberalna stranka (HSLS),Hrvatska socijalno liberalna stranka,214,link
HR,4,prtclhr,6,Istarski demokratski sabor (IDS),Istarski demokratski sabor,513,link
HR,4,prtclhr,7,Hrvatski demokratski savez Slavonije i Baranje (HDSSB),Hrvatski demokratski savez Slavonije i Baranje,2347,link
HR,4,prtclhr,8,Samostalna demokratska Srpska stranka (SDSS),Samostalna demokratska srpska stranka,2348,link
HR,4,prtclhr,9,Hrvatska stranka prava (HSP),Hrvatska stranka prava,253,link
HR,4,prtclhr,10,Hrvatska stranka umirovljenika (HSU),Hrvatska stranka umirovljenika,2062,link
HR,4,prtclhr,11,Other,other,,hand
HR,4,prtclhr,66,Not applicable*,,,missing
HR,4,prtclhr,77,Refusal*,refused,,missing
HR,4,prtclhr,88,Don't know*,dont-know,,missing
HR,4,prtclhr,99,No answer*,,,missing
HR,5,prtclhr,1,Hrvatska demokratska zajednica (HDZ),Hrvatska demokratska zajednica,1431,link
HR,5,prtclhr,2,Socijaldemokratska partija Hrvatske (SDP),Socijaldemokratska partija Hrvatske,1475,link
HR,5,prtclhr,3,Hrvatska narodna stranka - Liberalni demokrati (HNS),Hrvatska narodna stranka — Liberalni Demokrati,799,link
HR,5,prtclhr,4,Hrvatska seljacka stranka (HSS),Hrvatska seljačka stranka,72,link
HR,5,prtclhr,5,Hrvatsko socijalno-liberalna stranka (HSLS),Hrvatska socijalno liberalna stranka,214,link
HR,5,prtclhr,6,Istarski demokratski sabor (IDS),Istarski demokratski sabor,513,link
HR,5,prtclhr,7,Hrvatski demokratski savez Slavonije i Baranje (HDSSB),Hrvatski demokratski savez Slavonije i Baranje,2347,link
HR,5,prtclhr,8,Samostalna demokratska Srpska stranka (SDSS),Samostalna demokratska srpska stranka,2348,link
HR,5,prtclhr,9,Hrvatska stranka prava (HSP),Hrvatska stranka prava,253,link
HR,5,prtclhr,10,Hrvatska stranka umirovljenika (HSU),Hrvatska stranka umirovljenika,2062,link
HR,5,prtclhr,11,Other,other,,hand
HR,5,prtclhr,66,Not applicable*,,,missing
HR,5,prtclhr,77,Refusal*,refused,,missing
HR,5,prtclhr,88,Don't know*,dont-know,,missing
HR,5,prtclhr,99,No answer*,,,missing
HR,9,prtvtahr,1,Hrvatska demokratska zajednica (HDZ),Hrvatska demokratska zajednica,1431,link
HR,9,prtvtahr,2,"Narodna koalicija - SDP, HNS, HSU, HSS",Kukuriku koalicija,2522,link
HR,9,prtvtahr,3,Most nezavisnih lista (Most),Most nezavisnih lista,4865,link
HR,9,prtvtahr,4,"Koalicija Živi zid, Promijenimo Hrvatsku, Abeceda, HDSS","Koalicija Živi zid, Promijenimo Hrvatsku, Abeceda, HDSS [og]",,hand
HR,9,prtvtahr,5,"Koalicija za premijera - BM 365, NS-R, NV-SR, HSS-SR, BUZ",Koalicija za Premijera,9092,link
HR,9,prtvtahr,6,"Koalicija IDS, PGS, LRI","Koalicija IDS, PGS, LRI [og]",,hand
HR,9,prtvtahr,7,Koalicija HDSSB-HKS,Koalicija HDSSB-HKS [og],,hand
HR,9,prtvtahr,8,Samostalna demokratska srpska stranka (SDSS),Samostalna demokratska srpska stranka,2348,link
HR,9,prtvtahr,9,Koalicija Pametno i Za grad,Koalicija Pametno i Za grad [og],,hand
HR,9,prtvtahr,10,Other,other,,hand
HR,9,prtvtahr,66,Not applicable*,,,missing
HR,9,prtvtahr,77,Refusal*,refused,,missing
HR,9,prtvtahr,88,Don't know*,dont-know,,missing
HR,10,prtvtbhr,1,"HDZ, HSLS","HDZ, HSLS [og]",,hand
HR,10,prtvtbhr,2,"SDP, HSS, HSU","SDP, HSS, HSU [og]",,hand
HR,10,prtvtbhr,3,"DP, HS, Blok za Hrvatsku, HKS, Hrast","DP, HS, Blok za Hrvatsku, HKS, Hrast [og]",,hand
HR,10,prtvtbhr,4,Most,Most nezavisnih lista,4865,name
HR,10,prtvtbhr,5,"Možemo, Zagreb je naš, NLJ, RF, Orah","Možemo, Zagreb je naš, NLJ, RF, Orah [og]",,hand
HR,10,prtvtbhr,6,"SiP, Pametno, Fokus","SiP, Pametno, Fokus [og]",,hand
HR,10,prtvtbhr,7,Reformisti,Narodna stranka — Reformisti,4866,link
HR,10,prtvtbhr,8,HNS,Hrvatska narodna stranka — Liberalni Demokrati,799,hand
HR,10,prtvtbhr,9,SDSS,Samostalna demokratska srpska stranka,2348,name
HR,10,prtvtbhr,10,Other,other,,hand
HR,10,prtvtbhr,66,Not applicable*,,,missing
HR,10,prtvtbhr,77,Refusal*,refused,,missing
HR,10,prtvtbhr,88,Don't know*,dont-know,,missing
HR,11,prtvtchr,1,"HDZ, HSLS","HDZ, HSLS [og]",,hand
HR,11,prtvtchr,2,"Restart koalicija – SDP, HSS, HSU, SNAGA, GLAS, IDS, PGS","Restart koalicija – SDP, HSS, HSU, SNAGA, GLAS, IDS, PGS [og]",,hand
HR,11,prtvtchr,3,"DP Miroslava Škore, Hrvatski suverenisti, Blok za Hrvatsku, HKS, Hrast, SU, Zelena Lista","DP Miroslava Škore, Hrvatski suverenisti, Blok za Hrvatsku, HKS, Hrast, SU, Zelena Lista [og]",,hand
HR,11,prtvtchr,4,Most,Most nezavisnih lista,4865,name
HR,11,prtvtchr,5,"Možemo! - politička platforma, Zageb je naš, NL, RF, ORAH, Za Grad","Možemo! - politička platforma, Zageb je naš, NL, RF, ORAH, Za Grad [og]",,hand
HR,11,prtvtchr,6,"SiP, Pametno, Fokus","SiP, Pametno, Fokus [og]",,hand
HR,11,prtvtchr,7,"Narodna stranka - Reformisti - Hrvatska seljačka stranka braće Radić, Stranka hrvatskih umirovljenika","Narodna stranka - Reformisti - Hrvatska seljačka stranka braće Radić, Stranka hrvatskih umirovljenika [og]",,hand
HR,11,prtvtchr,8,HNS,Hrvatska narodna stranka — Liberalni Demokrati,799,hand
HR,11,prtvtchr,9,SDSS,Samostalna demokratska srpska stranka,2348,name
HR,11,prtvtchr,10,Other,other,,hand
HR,11,prtvtchr,66,Not applicable*,,,missing
HR,11,prtvtchr,77,Refusal*,refused,,missing
HR,11,prtvtchr,88,Don't know*,dont-know,,missing
HR,4,prtvthr,1,Hrvatska demokratska zajednica (HDZ),Hrvatska demokratska zajednica,1431,link
HR,4,prtvthr,2,Socijaldemokratska partija Hrvatske (SDP),Socijaldemokratska partija Hrvatske,1475,link
HR,4,prtvthr,3,Hrvatska narodna stranka - Liberalni demokrati (HNS),Hrvatska narodna stranka — Liberalni Demokrati,799,link
HR,4,prtvthr,4,Hrvatska seljacka stranka (HSS),Hrvatska seljačka stranka,72,link
HR,4,prtvthr,5,Hrvatsko socijalno-liberalna stranka (HSLS),Hrvatska socijalno liberalna stranka,214,link
HR,4,prtvthr,6,Istarski demokratski sabor (IDS),Istarski demokratski sabor,513,link
HR,4,prtvthr,7,Hrvatski demokratski savez Slavonije i Baranje (HDSSB),Hrvatski demokratski savez Slavonije i Baranje,2347,link
HR,4,prtvthr,8,Samostalna demokratska Srpska stranka (SDSS),Samostalna demokratska srpska stranka,2348,link
HR,4,prtvthr,9,Hrvatska stranka prava (HSP),Hrvatska stranka prava,253,link
HR,4,prtvthr,10,Hrvatska stranka umirovljenika (HSU),Hrvatska stranka umirovljenika,2062,link
HR,4,prtvthr,11,Other,other,,hand
HR,4,prtvthr,66,Not applicable*,,,missing
HR,4,prtvthr,77,Refusal*,refused,,missing
HR,4,prtvthr,88,Don't know*,dont-know,,missing
HR,4,prtvthr,99,No answer*,,,missing
HR,5,prtvthr,1,Hrvatska demokratska zajednica (HDZ),Hrvatska demokratska zajednica,1431,link
HR,5,prtvthr,2,Socijaldemokratska partija Hrvatske (SDP),Socijaldemokratska partija Hrvatske,1475,link
HR,5,prtvthr,3,Hrvatska narodna stranka - Liberalni demokrati (HNS),Hrvatska narodna stranka — Liberalni Demokrati,799,link
HR,5,prtvthr,4,Hrvatska seljacka stranka (HSS),Hrvatska seljačka stranka,72,link
HR,5,prtvthr,5,Hrvatsko socijalno-liberalna stranka (HSLS),Hrvatska socijalno liberalna stranka,214,link
HR,5,prtvthr,6,Istarski demokratski sabor (IDS),Istarski demokratski sabor,513,link
HR,5,prtvthr,7,Hrvatski demokratski savez Slavonije i Baranje (HDSSB),Hrvatski demokratski savez Slavonije i Baranje,2347,link
HR,5,prtvthr,8,Samostalna demokratska Srpska stranka (SDSS),Samostalna demokratska srpska stranka,2348,link
HR,5,prtvthr,9,Hrvatska stranka prava (HSP),Hrvatska stranka prava,253,link
HR,5,prtvthr,10,Hrvatska stranka umirovljenika (HSU),Hrvatska stranka umirovljenika,2062,link
HR,5,prtvthr,11,Other,other,,hand
HR,5,prtvthr,66,Not applicable*,,,missing
HR,5,prtvthr,77,Refusal*,refused,,missing
HR,5,prtvthr,88,Don't know*,dont-know,,missing
HR,5,prtvthr,99,No answer*,,,missing
HU,3,prtclahu,3,FIDESZ,Fidesz — Magyar Polgári Szövetség,1691,name
HU,3,prtclahu,4,"FKNP (FÜGGETLEN KISGAZDA-, NEMZETI EGYSÉG PÁRT)","FKNP (FÜGGETLEN KISGAZDA-, NEMZETI EGYSÉG PÁRT) [og]",,hand
HU,3,prtclahu,5,Jobbik (Jobbik Magyarországért Mozgalom),Jobbik Magyarországért Mozgalom,42,link
HU,3,prtclahu,6,KDNP,Kereszténydemokrata Néppárt,1412,link
HU,3,prtclahu,8,MDF,Magyar Demokrata Fórum,1697,link
HU,3,prtclahu,9,MIÉP,Magyar Igazság és Élet Pártja,1597,link
HU,3,prtclahu,11,MRDP (MAGYARORSZÁGI ROMÁK DEMOKRATIKUS PÁRTJA),MRDP (MAGYARORSZÁGI ROMÁK DEMOKRATIKUS PÁRTJA) [og],,hand
HU,3,prtclahu,13,MSZP,Magyar Szocialista Párt,1408,name
HU,3,prtclahu,14,MUNKÁSPÁRT,Magyar Kommunista Munkáspárt,859,hand
HU,3,prtclahu,19,SZDP (SZOCIÁLDEMOKRATA PÁRT),Magyarországi Szociáldemokrata Párt,1726,link
HU,3,prtclahu,20,SZDSZ,Szabad Demokraták Szövetsége,910,name
HU,3,prtclahu,21,Other,other,,hand
HU,3,prtclahu,66,Not applicable*,,,missing
HU,3,prtclahu,77,Refusal*,refused,,missing
HU,3,prtclahu,88,Don't know*,dont-know,,missing
HU,4,prtclbhu,1,Fidesz - KDNP,Fidesz — KDNP pártszövetség / Magyar Szolidaritás Szövetsége,6366,link
HU,4,prtclbhu,2,MDF,Magyar Demokrata Fórum,1697,link
HU,4,prtclbhu,3,MIÉP,Magyar Igazság és Élet Pártja,1597,link
HU,4,prtclbhu,4,MSZP,Magyar Szocialista Párt,1408,name
HU,4,prtclbhu,5,Munkáspárt,Magyar Kommunista Munkáspárt,859,hand
HU,4,prtclbhu,6,SZDSZ,Szabad Demokraták Szövetsége,910,name
HU,4,prtclbhu,7,Centrumpárt,Centrumpárt,1779,name
HU,4,prtclbhu,8,Kereszténydemokrata Párt - Keresztény Centrum Összefogás,Kereszténydemokrata Néppárt,1412,link
HU,4,prtclbhu,9,Magyar Vidék és Polgári Párt,Magyar Vidék és Polgári Párt [og],,hand
HU,4,prtclbhu,11,Jobbik Magyarországért Mozgalom,Jobbik Magyarországért Mozgalom,42,name
HU,4,prtclbhu,16,Other,other,,hand
HU,4,prtclbhu,66,Not applicable*,,,missing
HU,4,prtclbhu,77,Refusal*,refused,,missing
HU,4,prtclbhu,88,Don't know*,dont-know,,missing
HU,5,prtclchu,1,Fidesz - KDNP,Fidesz — KDNP pártszövetség / Magyar Szolidaritás Szövetsége,6366,link
HU,5,prtclchu,2,MDF,Magyar Demokrata Fórum,1697,link
HU,5,prtclchu,4,MSZP,Magyar Szocialista Párt,1408,name
HU,5,prtclchu,5,Munkaspart,Magyar Kommunista Munkáspárt,859,hand
HU,5,prtclchu,6,SZDSZ,Szabad Demokraták Szövetsége,910,name
HU,5,prtclchu,8,Keresztenydemokrata Part - Kereszteny Centrum Osszefogas,Keresztenydemokrata Part - Kereszteny Centrum Osszefogas [og],,hand
HU,5,prtclchu,9,Magyar Videk es Polgari Part,Magyar Videk es Polgari Part [og],,hand
HU,5,prtclchu,11,Jobbik Magyarorszagert Mozgalom,Jobbik Magyarországért Mozgalom,42,link
HU,5,prtclchu,12,Magyarorszagi Szocialdemokrata Part,Magyarországi Szociáldemokrata Párt,1726,link
HU,5,prtclchu,13,Lehet Mas a Politika (LMP),Lehet Más a Politika — LMP – Magyarország Zöld Pártja,1650,link
HU,5,prtclchu,55,Other,other,,hand
HU,5,prtclchu,66,Not applicable*,,,missing
HU,5,prtclchu,77,Refusal*,refused,,missing
HU,6,prtcldhu,4,DK (Demokratikus Koalíció),Demokratikus Koalíció,469,link
HU,6,prtcldhu,5,"Együtt 2014 Mozgalom (Haza és Haladás, Milla, Szolidaritás)",Együtt — A Korszakváltók Pártja,2458,link
HU,6,prtcldhu,6,FIDESZ (Fidesz Magyar Polgári Párt),Fidesz — Magyar Polgári Szövetség,1691,link
HU,6,prtcldhu,7,Jobbik (Jobbik Magyarországért Mozgalom),Jobbik Magyarországért Mozgalom,42,link
HU,6,prtcldhu,8,KDNP (Kereszténydemokrata Néppárt),Kereszténydemokrata Néppárt,1412,hand
HU,6,prtcldhu,9,LMP (Lehet Más A Politika),Lehet Más a Politika — LMP – Magyarország Zöld Pártja,1650,hand
HU,6,prtcldhu,12,MIÉP (Magyar Igazság És Élet Pártja),Magyar Igazság és Élet Pártja,1597,link
HU,6,prtcldhu,13,MSZDP (Magyar Szociáldemokrata Párt),Magyarországi Szociáldemokrata Párt,1726,hand
HU,6,prtcldhu,14,MSZP (Magyar Szocialista Párt),Magyar Szocialista Párt,1408,hand
HU,6,prtcldhu,15,Munkáspárt (Magyar Kommunista Munkáspárt),Magyar Kommunista Munkáspárt,859,hand
HU,6,prtcldhu,17,SZDSZ (Szabad Demokraták Szövetsége - A Magyar Liberális Párt),Szabad Demokraták Szövetsége,910,hand
HU,6,prtcldhu,66,Not applicable*,,,missing
HU,6,prtcldhu,77,Refusal*,refused,,missing
HU,6,prtcldhu,88,Don't know*,dont-know,,missing
HU,7,prtclehu,1,DK (Demokratikus Koalíció),Demokratikus Koalíció,469,link
HU,7,prtclehu,2,Együtt2014 Mozgalom,Együtt — A Korszakváltók Pártja,2458,link
HU,7,prtclehu,3,Fidesz (Fidesz Magyar Polgári Párt),Fidesz — Magyar Polgári Szövetség,1691,link
HU,7,prtclehu,4,Jobbik (Jobbik Magyarországért Mozgalom),Jobbik Magyarországért Mozgalom,42,link
HU,7,prtclehu,5,KDNP (Kereszténydemokrata Néppárt),Kereszténydemokrata Néppárt,1412,hand
HU,7,prtclehu,6,LMP (Lehet Más A Politika),Lehet Más a Politika — LMP – Magyarország Zöld Pártja,1650,hand
HU,7,prtclehu,7,MSZP (Magyar Szocialista Párt),Magyar Szocialista Párt,1408,hand
HU,7,prtclehu,8,Munkáspárt (Magyar Kommunista Munkáspárt),Magyar Kommunista Munkáspárt,859,hand
HU,7,prtclehu,55,Other,other,,hand
HU,7,prtclehu,66,Not applicable*,,,missing
HU,7,prtclehu,77,Refusal*,refused,,missing
HU,8,prtclfhu,1,DK (Demokratikus Koalíció),Demokratikus Koalíció,469,link
HU,8,prtclfhu,2,Együtt2014 Mozgalom,Együtt — A Korszakváltók Pártja,2458,link
HU,8,prtclfhu,3,Fidesz (Fidesz Magyar Polgári Párt),Fidesz — Magyar Polgári Szövetség,1691,link
HU,8,prtclfhu,4,Jobbik (Jobbik Magyarországért Mozgalom),Jobbik Magyarországért Mozgalom,42,link
HU,8,prtclfhu,5,KDNP (Kereszténydemokrata Néppárt),Kereszténydemokrata Néppárt,1412,hand
HU,8,prtclfhu,6,LMP (Lehet Más A Politika),Lehet Más a Politika — LMP – Magyarország Zöld Pártja,1650,hand
HU,8,prtclfhu,7,MSZP (Magyar Szocialista Párt),Magyar Szocialista Párt,1408,hand
HU,8,prtclfhu,8,Munkáspárt (Magyar Kommunista Munkáspárt),Magyar Kommunista Munkáspárt,859,hand
HU,8,prtclfhu,9,Momentum Mozgalom,Momentum Mozgalom,8249,link
HU,8,prtclfhu,55,Other,other,,hand
HU,8,prtclfhu,66,Not applicable*,,,missing
HU,8,prtclfhu,77,Refusal*,refused,,missing
HU,8,prtclfhu,88,Don't know*,dont-know,,missing
HU,9,prtclghu,1,DK (Demokratikus Koalíció),Demokratikus Koalíció,469,link
HU,9,prtclghu,2,Együtt2014 Mozgalom,Együtt — A Korszakváltók Pártja,2458,link
HU,9,prtclghu,3,Fidesz (Fidesz Magyar Polgári Párt),Fidesz — Magyar Polgári Szövetség,1691,link
HU,9,prtclghu,4,Jobbik (Jobbik Magyarországért Mozgalom),Jobbik Magyarországért Mozgalom,42,link
HU,9,prtclghu,5,KDNP (Kereszténydemokrata Néppárt),Kereszténydemokrata Néppárt,1412,hand
HU,9,prtclghu,6,LMP (Lehet Más A Politika),Lehet Más a Politika — LMP – Magyarország Zöld Pártja,1650,hand
HU,9,prtclghu,7,MSZP (Magyar Szocialista Párt),Magyar Szocialista Párt,1408,hand
HU,9,prtclghu,8,Munkáspárt (Magyar Kommunista Munkáspárt),Magyar Kommunista Munkáspárt,859,hand
HU,9,prtclghu,9,Momentum Mozgalom,Momentum Mozgalom,8249,link
HU,9,prtclghu,10,Párbeszéd (Párbeszéd Magyarországért Párt),Párbeszéd Magyarországért,3115,link
HU,9,prtclghu,11,MKKP (Magyar Kétfarkú Kutya Párt),Magyar Kétfarkú Kutya Párt,6129,link
HU,9,prtclghu,55,Other,other,,hand
HU,9,prtclghu,66,Not applicable*,,,missing
HU,9,prtclghu,77,Refusal*,refused,,missing
HU,9,prtclghu,88,Don't know*,dont-know,,missing
HU,10,prtclhhu,1,DK (Demokratikus Koalíció),Demokratikus Koalíció,469,link
HU,10,prtclhhu,2,Párbeszéd (Párbeszéd Magyarországért Párt),Párbeszéd Magyarországért,3115,link
HU,10,prtclhhu,3,Fidesz (Fidesz Magyar Polgári Párt),Fidesz — Magyar Polgári Szövetség,1691,link
HU,10,prtclhhu,4,Jobbik (Jobbik Magyarországért Mozgalom),Jobbik Magyarországért Mozgalom,42,link
HU,10,prtclhhu,5,KDNP (Kereszténydemokrata Néppárt),Kereszténydemokrata Néppárt,1412,hand
HU,10,prtclhhu,6,LMP (Lehet Más A Politika),Lehet Más a Politika — LMP – Magyarország Zöld Pártja,1650,hand
HU,10,prtclhhu,7,MSZP (Magyar Szocialista Párt),Magyar Szocialista Párt,1408,hand
HU,10,prtclhhu,8,Munkáspárt (Magyar Kommunista Munkáspárt),Magyar Kommunista Munkáspárt,859,hand
HU,10,prtclhhu,9,Momentum Mozgalom,Momentum Mozgalom,8249,link
HU,10,prtclhhu,10,Mi Hazánk Mozgalom,Mi Hazánk Mozgalom,7349,link
HU,10,prtclhhu,11,MKKP (Magyar Kétfarkú Kutya Párt),Magyar Kétfarkú Kutya Párt,6129,link
HU,10,prtclhhu,55,Other,other,,hand
HU,10,prtclhhu,66,Not applicable*,,,missing
HU,10,prtclhhu,77,Refusal*,refused,,missing
HU,10,prtclhhu,88,Don't know*,dont-know,,missing
HU,1,prtclhu,1,Center Party,Centrumpárt,1779,link
HU,1,prtclhu,2,FYD-Federation of Young Democrats,Fidesz — Magyar Polgári Szövetség,1691,link
HU,1,prtclhu,3,ISHP-Independent Small Holders,Független Kisgazdapárt,1294,link
HU,1,prtclhu,4,HDF- Hungarian Democratic Forum,Magyar Demokrata Fórum,1697,link
HU,1,prtclhu,5,HTJP-Hungarian Truth,HTJP-Hungarian Truth [og],,hand
HU,1,prtclhu,6,HSP-Hungarian Socialist Party,Magyar Szocialista Párt,1408,link
HU,1,prtclhu,7,WP-Workers Party,Magyar Kommunista Munkáspárt,859,link
HU,1,prtclhu,8,FFD-Free Democrats,Szabad Demokraták Szövetsége,910,link
HU,1,prtclhu,9,Other,other,,hand
HU,1,prtclhu,66,Not applicable*,,,missing
HU,1,prtclhu,77,Refusal*,refused,,missing
HU,1,prtclhu,88,Don't know*,dont-know,,missing
HU,1,prtclhu,99,No answer*,,,missing
HU,2,prtclhu,1,Center Party,Centrumpárt,1779,link
HU,2,prtclhu,2,FYD-Federation of Young Democrats,Fidesz — Magyar Polgári Szövetség,1691,link
HU,2,prtclhu,3,ISHP-Independent Small Holders,Független Kisgazdapárt,1294,link
HU,2,prtclhu,4,HDF- Hungarian Democratic Forum,Magyar Demokrata Fórum,1697,link
HU,2,prtclhu,5,HTJP-Hungarian Truth,HTJP-Hungarian Truth [og],,hand
HU,2,prtclhu,6,HSP-Hungarian Socialist Party,Magyar Szocialista Párt,1408,link
HU,2,prtclhu,7,WP-Workers Party,Magyar Kommunista Munkáspárt,859,link
HU,2,prtclhu,8,FFD-Free Democrats,Szabad Demokraták Szövetsége,910,link
HU,2,prtclhu,9,Other,other,,hand
HU,2,prtclhu,66,Not applicable*,,,missing
HU,2,prtclhu,77,Refusal*,refused,,missing
HU,2,prtclhu,88,Don't know*,dont-know,,missing
HU,2,prtclhu,99,No answer*,,,missing
HU,11,prtclihu,1,Jobbik (Jobbik Magyarországért Mozgalom),Jobbik Magyarországért Mozgalom,42,link
HU,11,prtclihu,2,Momentum Mozgalom,Momentum Mozgalom,8249,link
HU,11,prtclihu,3,MSZP (Magyar Szocialista Párt),Magyar Szocialista Párt,1408,hand
HU,11,prtclihu,4,LMP (Lehet Más A Politika),Lehet Más a Politika — LMP – Magyarország Zöld Pártja,1650,hand
HU,11,prtclihu,5,Párbeszéd (Párbeszéd Magyarországért Párt),Párbeszéd Magyarországért,3115,link
HU,11,prtclihu,6,NÉP (Normális Élet Pártja),NÉP (Normális Élet Pártja) [og],,hand
HU,11,prtclihu,7,MKKP (Magyar Kétfarkú Kutya Párt),Magyar Kétfarkú Kutya Párt,6129,link
HU,11,prtclihu,8,MEMO (Megoldás Mozgalom),Megoldás Mozgalom,9128,link
HU,11,prtclihu,9,Mi Hazánk Mozgalom,Mi Hazánk Mozgalom,7349,link
HU,11,prtclihu,10,Fidesz (Fidesz Magyar Polgári Párt),Fidesz — Magyar Polgári Szövetség,1691,link
HU,11,prtclihu,11,KDNP (Kereszténydemokrata Néppárt),Kereszténydemokrata Néppárt,1412,hand
HU,11,prtclihu,12,DK (Demokratikus Koalíció),Demokratikus Koalíció,469,link
HU,11,prtclihu,66,Not applicable*,,,missing
HU,11,prtclihu,77,Refusal*,refused,,missing
HU,11,prtclihu,88,Don't know*,dont-know,,missing
HU,11,prtclihu,99,No answer*,,,missing
HU,3,prtvtahu,1,Fidesz - KDNP,Fidesz — KDNP pártszövetség / Magyar Szolidaritás Szövetsége,6366,link
HU,3,prtvtahu,2,MDF,Magyar Demokrata Fórum,1697,link
HU,3,prtvtahu,3,Harmadik Út (MIÉP - Jobbik Magyarországért),MIÉP — Jobbik a Harmadik Út pártszövetség,8264,link
HU,3,prtvtahu,4,MSZP,Magyar Szocialista Párt,1408,name
HU,3,prtvtahu,5,Munkáspárt,Magyar Kommunista Munkáspárt,859,hand
HU,3,prtvtahu,6,SZDSZ,Szabad Demokraták Szövetsége,910,name
HU,3,prtvtahu,7,Centrumpárt,Centrumpárt,1779,name
HU,3,prtvtahu,8,Other,other,,hand
HU,3,prtvtahu,66,Not applicable*,,,missing
HU,3,prtvtahu,77,Refusal*,refused,,missing
HU,3,prtvtahu,88,Don't know*,dont-know,,missing
HU,4,prtvtbhu,1,Fidesz - KDNP,Fidesz — KDNP pártszövetség / Magyar Szolidaritás Szövetsége,6366,link
HU,4,prtvtbhu,2,MDF,Magyar Demokrata Fórum,1697,link
HU,4,prtvtbhu,3,MIÉP - Jobbik a Harmadik Út,MIÉP — Jobbik a Harmadik Út pártszövetség,8264,hand
HU,4,prtvtbhu,4,MSZP,Magyar Szocialista Párt,1408,name
HU,4,prtvtbhu,5,Munkáspárt,Magyar Kommunista Munkáspárt,859,hand
HU,4,prtvtbhu,6,SZDSZ,Szabad Demokraták Szövetsége,910,name
HU,4,prtvtbhu,7,Centrumpárt,Centrumpárt,1779,name
HU,4,prtvtbhu,8,Kereszténydemokrata Párt - Keresztény Centrum Összefogás,Kereszténydemokrata Néppárt,1412,link
HU,4,prtvtbhu,9,Magyar Vidék és Polgári Párt,Magyar Vidék és Polgári Párt [og],,hand
HU,4,prtvtbhu,66,Not applicable*,,,missing
HU,4,prtvtbhu,77,Refusal*,refused,,missing
HU,4,prtvtbhu,88,Don't know*,dont-know,,missing
HU,5,prtvtchu,1,Fidesz - KDNP,Fidesz — KDNP pártszövetség / Magyar Szolidaritás Szövetsége,6366,link
HU,5,prtvtchu,2,MDF,Magyar Demokrata Fórum,1697,link
HU,5,prtvtchu,4,MSZP,Magyar Szocialista Párt,1408,name
HU,5,prtvtchu,5,Munkaspart,Magyar Kommunista Munkáspárt,859,hand
HU,5,prtvtchu,6,SZDSZ,Szabad Demokraták Szövetsége,910,name
HU,5,prtvtchu,7,Centrum Part,Centrumpárt,1779,hand
HU,5,prtvtchu,9,Magyar Videk es Polgari Part,Magyar Videk es Polgari Part [og],,hand
HU,5,prtvtchu,11,Jobbik Magyarorszagert Mozgalom,Jobbik Magyarországért Mozgalom,42,link
HU,5,prtvtchu,12,Magyarorszagi Szocialdemokrata Part,Magyarországi Szociáldemokrata Párt,1726,link
HU,5,prtvtchu,13,Lehet Mas a Politika (LMP),Lehet Más a Politika — LMP – Magyarország Zöld Pártja,1650,link
HU,5,prtvtchu,55,Other,other,,hand
HU,5,prtvtchu,66,Not applicable*,,,missing
HU,5,prtvtchu,77,Refusal*,refused,,missing
HU,5,prtvtchu,88,Don't know*,dont-know,,missing
HU,6,prtvtdhu,1,Centrum Párt (Centrum Összefogás Magyarországért),Centrumpárt,1779,hand
HU,6,prtvtdhu,2,CM (Civil Mozgalom),CM (Civil Mozgalom) [og],,hand
HU,6,prtvtdhu,3,Fidesz - KDNP (Fidesz – Magyar Polgári Szövetség Kereszténydemokrata Néppárt),Fidesz — KDNP pártszövetség / Magyar Szolidaritás Szövetsége,6366,hand
HU,6,prtvtdhu,4,Jobbik (Jobbik Magyarországért Mozgalom),Jobbik Magyarországért Mozgalom,42,link
HU,6,prtvtdhu,5,LMP (Lehet Más A Politika),Lehet Más a Politika — LMP – Magyarország Zöld Pártja,1650,hand
HU,6,prtvtdhu,6,MDF (Magyar Demokrata Fórum),Magyar Demokrata Fórum,1697,hand
HU,6,prtvtdhu,7,MIÉP (Magyar Igazság És Élet Pártja),Magyar Igazság és Élet Pártja,1597,link
HU,6,prtvtdhu,8,MSZP (Magyar Szocialista Párt),Magyar Szocialista Párt,1408,hand
HU,6,prtvtdhu,9,MSZDP (Magyar Szociáldemokrata Párt),Magyarországi Szociáldemokrata Párt,1726,hand
HU,6,prtvtdhu,10,Munkáspárt (Magyar Kommunista Munkáspárt),Magyar Kommunista Munkáspárt,859,hand
HU,6,prtvtdhu,13,SZDSZ (Szabad Demokraták Szövetsége - A Magyar Liberális Párt),Szabad Demokraták Szövetsége,910,hand
HU,6,prtvtdhu,55,Other,other,,hand
HU,6,prtvtdhu,66,Not applicable*,,,missing
HU,6,prtvtdhu,77,Refusal*,refused,,missing
HU,6,prtvtdhu,88,Don't know*,dont-know,,missing
HU,7,prtvtehu,1,Fidesz - KDNP (Fidesz – Magyar Polgári Szövetség Keresztényd),Fidesz — KDNP pártszövetség / Magyar Szolidaritás Szövetsége,6366,hand
HU,7,prtvtehu,2,Jobbik (Jobbik Magyarországért Mozgalom),Jobbik Magyarországért Mozgalom,42,link
HU,7,prtvtehu,3,LMP (Lehet Más A Politika),Lehet Más a Politika — LMP – Magyarország Zöld Pártja,1650,hand
HU,7,prtvtehu,4,MSZP-Együtt-DK-PM-MLP (Kormányváltók),Összefogás,8265,link
HU,7,prtvtehu,5,Munkáspárt (Magyar Kommunista Munkáspárt),Magyar Kommunista Munkáspárt,859,hand
HU,7,prtvtehu,55,Other,other,,hand
HU,7,prtvtehu,66,Not applicable*,,,missing
HU,7,prtvtehu,77,Refusal*,refused,,missing
HU,7,prtvtehu,88,Don't know*,dont-know,,missing
HU,8,prtvtehu,1,Fidesz - KDNP (Fidesz – Magyar Polgári Szövetség Keresztényd),Fidesz — KDNP pártszövetség / Magyar Szolidaritás Szövetsége,6366,hand
HU,8,prtvtehu,2,Jobbik (Jobbik Magyarországért Mozgalom),Jobbik Magyarországért Mozgalom,42,link
HU,8,prtvtehu,3,LMP (Lehet Más A Politika),Lehet Más a Politika — LMP – Magyarország Zöld Pártja,1650,hand
HU,8,prtvtehu,4,MSZP-Együtt-DK-PM-MLP (Kormányváltók),Összefogás,8265,link
HU,8,prtvtehu,5,Munkáspárt (Magyar Kommunista Munkáspárt),Magyar Kommunista Munkáspárt,859,hand
HU,8,prtvtehu,55,Other,other,,hand
HU,8,prtvtehu,66,Not applicable*,,,missing
HU,8,prtvtehu,77,Refusal*,refused,,missing
HU,8,prtvtehu,88,Don't know*,dont-know,,missing
HU,9,prtvtfhu,1,DK (Demokratikus Koalíció),Demokratikus Koalíció,469,link
HU,9,prtvtfhu,2,Együtt2014 Mozgalom,Együtt — A Korszakváltók Pártja,2458,link
HU,9,prtvtfhu,3,Fidesz (Fidesz Magyar Polgári Párt),Fidesz — Magyar Polgári Szövetség,1691,link
HU,9,prtvtfhu,4,Jobbik (Jobbik Magyarországért Mozgalom),Jobbik Magyarországért Mozgalom,42,link
HU,9,prtvtfhu,5,KDNP (Kereszténydemokrata Néppárt),Kereszténydemokrata Néppárt,1412,hand
HU,9,prtvtfhu,6,LMP (Lehet Más A Politika),Lehet Más a Politika — LMP – Magyarország Zöld Pártja,1650,hand
HU,9,prtvtfhu,7,MSZP (Magyar Szocialista Párt),Magyar Szocialista Párt,1408,hand
HU,9,prtvtfhu,8,Munkáspárt (Magyar Kommunista Munkáspárt),Magyar Kommunista Munkáspárt,859,hand
HU,9,prtvtfhu,9,Momentum Mozgalom,Momentum Mozgalom,8249,link
HU,9,prtvtfhu,10,Párbeszéd (Párbeszéd Magyarországért Párt),Párbeszéd Magyarországért,3115,link
HU,9,prtvtfhu,11,MKKP (Magyar Kétfarkú Kutya Párt),Magyar Kétfarkú Kutya Párt,6129,link
HU,9,prtvtfhu,55,Other,other,,hand
HU,9,prtvtfhu,66,Not applicable*,,,missing
HU,9,prtvtfhu,77,Refusal*,refused,,missing
HU,9,prtvtfhu,88,Don't know*,dont-know,,missing
HU,10,prtvtghu,1,DK (Demokratikus Koalíció),Demokratikus Koalíció,469,link
HU,10,prtvtghu,2,Együtt2014 Mozgalom,Együtt — A Korszakváltók Pártja,2458,link
HU,10,prtvtghu,3,Fidesz (Fidesz Magyar Polgári Párt),Fidesz — Magyar Polgári Szövetség,1691,link
HU,10,prtvtghu,4,Jobbik (Jobbik Magyarországért Mozgalom),Jobbik Magyarországért Mozgalom,42,link
HU,10,prtvtghu,5,KDNP (Kereszténydemokrata Néppárt),Kereszténydemokrata Néppárt,1412,hand
HU,10,prtvtghu,6,LMP (Lehet Más A Politika),Lehet Más a Politika — LMP – Magyarország Zöld Pártja,1650,hand
HU,10,prtvtghu,7,MSZP (Magyar Szocialista Párt),Magyar Szocialista Párt,1408,hand
HU,10,prtvtghu,8,Munkáspárt (Magyar Kommunista Munkáspárt),Magyar Kommunista Munkáspárt,859,hand
HU,10,prtvtghu,9,Momentum Mozgalom,Momentum Mozgalom,8249,link
HU,10,prtvtghu,10,MKKP (Magyar Kétfarkú Kutya Párt),Magyar Kétfarkú Kutya Párt,6129,link
HU,10,prtvtghu,55,Other,other,,hand
HU,10,prtvtghu,66,Not applicable*,,,missing
HU,10,prtvtghu,77,Refusal*,refused,,missing
HU,10,prtvtghu,88,Don't know*,dont-know,,missing
HU,11,prtvthhu,1,Ellenzéki Összefogás (DK-JOBBIK-LMP-MOMENTUM-MSZP-LMP-PÁRBESZÉD),Ellenzéki Összefogás (DK-JOBBIK-LMP-MOMENTUM-MSZP-LMP-PÁRBESZÉD) [og],,hand
HU,11,prtvthhu,2,NÉP (Normális Élet Pártja),NÉP (Normális Élet Pártja) [og],,hand
HU,11,prtvthhu,3,MKKP (Magyar Kétfarkú Kutya Párt),Magyar Kétfarkú Kutya Párt,6129,link
HU,11,prtvthhu,4,Momentum Mozgalom,Momentum Mozgalom,8249,link
HU,11,prtvthhu,5,Mi Hazánk,Mi Hazánk Mozgalom,7349,link
HU,11,prtvthhu,6,6 FIDESZ-KDNP (Fidesz Magyar Polgári Szövetség-Kereszténydemokrata Néppárt),Fidesz — KDNP pártszövetség / Magyar Szolidaritás Szövetsége,6366,hand
HU,11,prtvthhu,66,Not applicable*,,,missing
HU,11,prtvthhu,77,Refusal*,refused,,missing
HU,11,prtvthhu,88,Don't know*,dont-know,,missing
HU,1,prtvthu,1,Center Party,Centrumpárt,1779,link
HU,1,prtvthu,2,FYD-HDF Fed.of Young Democrats&Hungarian Dem.Forum,Fidesz — Magyar Demokrata Fórum,8266,link
HU,1,prtvthu,3,ISHP-Independent Small Holders,Független Kisgazdapárt,1294,link
HU,1,prtvthu,4,HTJP-Hungarian Truth,HTJP-Hungarian Truth [og],,hand
HU,1,prtvthu,5,HSP-Hungarian Socialist Party,Magyar Szocialista Párt,1408,link
HU,1,prtvthu,6,WP-Workers Party,Magyar Kommunista Munkáspárt,859,link
HU,1,prtvthu,7,FFD-Free Democrats,Szabad Demokraták Szövetsége,910,link
HU,1,prtvthu,8,None of them,blank-invalid,,hand
HU,1,prtvthu,66,Not applicable*,,,missing
HU,1,prtvthu,77,Refusal*,refused,,missing
HU,1,prtvthu,88,Don't know*,dont-know,,missing
HU,1,prtvthu,99,No answer*,,,missing
HU,2,prtvthu,1,Center Party,Centrumpárt,1779,link
HU,2,prtvthu,2,FYD-HDF Fed.of Young Democrats&Hungarian Dem.Forum,Fidesz — Magyar Demokrata Fórum,8266,link
HU,2,prtvthu,3,ISHP-Independent Small Holders,Független Kisgazdapárt,1294,link
HU,2,prtvthu,4,HTJP-Hungarian Truth,HTJP-Hungarian Truth [og],,hand
HU,2,prtvthu,5,HSP-Hungarian Socialist Party,Magyar Szocialista Párt,1408,link
HU,2,prtvthu,6,WP-Workers Party,Magyar Kommunista Munkáspárt,859,link
HU,2,prtvthu,7,FFD-Free Democrats,Szabad Demokraták Szövetsége,910,link
HU,2,prtvthu,8,None of them,blank-invalid,,hand
HU,2,prtvthu,66,Not applicable*,,,missing
HU,2,prtvthu,77,Refusal*,refused,,missing
HU,2,prtvthu,88,Don't know*,dont-know,,missing
HU,2,prtvthu,99,No answer*,,,missing
IE,3,prtclaie,1,Fianna Fáil,Fianna Fáil,1055,link
IE,3,prtclaie,2,Fine Gael,Fine Gael,1288,link
IE,3,prtclaie,3,Labour,Páirti Lucht Oibre,562,link
IE,3,prtclaie,4,Progressive Democrats,An Pairti Daonlathach,924,link
IE,3,prtclaie,5,Green Party,Green Party-Comhaontas Glas,1775,link
IE,3,prtclaie,6,Sinn Féin,Sinn Féin (Provisional),4,link
IE,3,prtclaie,8,Other,other,,hand
IE,3,prtclaie,66,Not applicable*,,,missing
IE,3,prtclaie,77,Refusal*,refused,,missing
IE,3,prtclaie,88,Don't know*,dont-know,,missing
IE,3,prtclaie,99,No answer*,,,missing
IE,4,prtclbie,1,Fianna Fáil,Fianna Fáil,1055,link
IE,4,prtclbie,2,Fine Gael,Fine Gael,1288,link
IE,4,prtclbie,3,Labour,Páirti Lucht Oibre,562,link
IE,4,prtclbie,4,Green Party,Green Party-Comhaontas Glas,1775,link
IE,4,prtclbie,5,Sinn Féin,Sinn Féin (Provisional),4,link
IE,4,prtclbie,6,Other,other,,hand
IE,4,prtclbie,66,Not applicable*,,,missing
IE,4,prtclbie,77,Refusal*,refused,,missing
IE,4,prtclbie,88,Don't know*,dont-know,,missing
IE,5,prtclcie,1,Fianna Fáil,Fianna Fáil,1055,link
IE,5,prtclcie,2,Fine Gael,Fine Gael,1288,link
IE,5,prtclcie,3,Green Party,Green Party-Comhaontas Glas,1775,link
IE,5,prtclcie,4,Independent,independent,,hand
IE,5,prtclcie,5,Labour,Páirti Lucht Oibre,562,link
IE,5,prtclcie,6,People Before Profit,People Before Profit Alliance,242,link
IE,5,prtclcie,7,Sinn Féin,Sinn Féin (Provisional),4,link
IE,5,prtclcie,8,Socialist Party,Páirtí Sóisialach,1448,hand
IE,5,prtclcie,9,United Left Alliance,United Left Alliance,1978,link
IE,5,prtclcie,10,Other,other,,hand
IE,5,prtclcie,66,Not applicable*,,,missing
IE,5,prtclcie,77,Refusal*,refused,,missing
IE,5,prtclcie,88,Don't know*,dont-know,,missing
IE,6,prtclcie,1,Fianna Fáil,Fianna Fáil,1055,link
IE,6,prtclcie,2,Fine Gael,Fine Gael,1288,link
IE,6,prtclcie,3,Green Party,Green Party-Comhaontas Glas,1775,link
IE,6,prtclcie,4,Independent,independent,,hand
IE,6,prtclcie,5,Labour,Páirti Lucht Oibre,562,link
IE,6,prtclcie,6,People Before Profit,People Before Profit Alliance,242,link
IE,6,prtclcie,7,Sinn Féin,Sinn Féin (Provisional),4,link
IE,6,prtclcie,8,Socialist Party,Páirtí Sóisialach,1448,hand
IE,6,prtclcie,9,United Left Alliance,United Left Alliance,1978,link
IE,6,prtclcie,10,Other,other,,hand
IE,6,prtclcie,66,Not applicable*,,,missing
IE,6,prtclcie,77,Refusal*,refused,,missing
IE,7,prtclcie,1,Fianna Fáil,Fianna Fáil,1055,link
IE,7,prtclcie,2,Fine Gael,Fine Gael,1288,link
IE,7,prtclcie,3,Green Party,Green Party-Comhaontas Glas,1775,link
IE,7,prtclcie,4,Independent,independent,,hand
IE,7,prtclcie,5,Labour,Páirti Lucht Oibre,562,link
IE,7,prtclcie,6,People Before Profit,People Before Profit Alliance,242,link
IE,7,prtclcie,7,Sinn Féin,Sinn Féin (Provisional),4,link
IE,7,prtclcie,8,Socialist Party,Páirtí Sóisialach,1448,hand
IE,7,prtclcie,10,Other,other,,hand
IE,7,prtclcie,66,Not applicable*,,,missing
IE,7,prtclcie,77,Refusal*,refused,,missing
IE,8,prtcldie,1,Anti-Austerity Alliance - People Before Profit,Solidarity — People Before Profit,8241,link
IE,8,prtcldie,2,Fianna Fáil,Fianna Fáil,1055,link
IE,8,prtcldie,3,Fine Gael,Fine Gael,1288,link
IE,8,prtcldie,4,Green Party,Green Party-Comhaontas Glas,1775,link
IE,8,prtcldie,5,Independent,independent,,hand
IE,8,prtcldie,6,Labour,Páirti Lucht Oibre,562,link
IE,8,prtcldie,7,Sinn Féin,Sinn Féin (Provisional),4,link
IE,8,prtcldie,8,Social Democrats,Daonlathaigh Shóisialta,4870,link
IE,8,prtcldie,9,Socialist Party - United Left Alliance,Anti-Austerity Alliance / Solidarity,8242,link
IE,8,prtcldie,10,Other,other,,hand
IE,8,prtcldie,66,Not applicable*,,,missing
IE,8,prtcldie,77,Refusal*,refused,,missing
IE,8,prtcldie,88,Don't know*,dont-know,,missing
IE,9,prtcleie,1,Solidarity/People Before Profit (Solidarity/PBP),Solidarity — People Before Profit,8241,hand
IE,9,prtcleie,2,Fianna Fáil,Fianna Fáil,1055,link
IE,9,prtcleie,3,Fine Gael,Fine Gael,1288,link
IE,9,prtcleie,4,Green Party,Green Party-Comhaontas Glas,1775,link
IE,9,prtcleie,5,Independent,independent,,hand
IE,9,prtcleie,6,Labour,Páirti Lucht Oibre,562,link
IE,9,prtcleie,7,Sinn Féin,Sinn Féin (Provisional),4,link
IE,9,prtcleie,8,Social Democrats,Daonlathaigh Shóisialta,4870,link
IE,9,prtcleie,9,Socialist Party,Páirtí Sóisialach,1448,hand
IE,9,prtcleie,10,RENUA Ireland,Renua Ireland,4869,link
IE,9,prtcleie,11,Independent Alliance,Independent Alliance,8179,link
IE,9,prtcleie,12,Workers' Party,Páirtí na nOibrithe,208,link
IE,9,prtcleie,13,Other,other,,hand
IE,9,prtcleie,66,Not applicable*,,,missing
IE,9,prtcleie,77,Refusal*,refused,,missing
IE,9,prtcleie,88,Don't know*,dont-know,,missing
IE,10,prtclfie,1,Fianna Fáil,Fianna Fáil,1055,link
IE,10,prtclfie,2,Fine Gael,Fine Gael,1288,link
IE,10,prtclfie,3,Labour,Páirti Lucht Oibre,562,link
IE,10,prtclfie,4,Sinn Féin,Sinn Féin (Provisional),4,link
IE,10,prtclfie,5,Independent,independent,,hand
IE,10,prtclfie,6,Green Party,Green Party-Comhaontas Glas,1775,link
IE,10,prtclfie,7,Socialist Party,Páirtí Sóisialach,1448,hand
IE,10,prtclfie,8,Solidarity/People Before Profit (Solidarity/PBP),Solidarity — People Before Profit,8241,hand
IE,10,prtclfie,10,Aontu,Aontú,8642,link
IE,10,prtclfie,12,Social Democrats,Daonlathaigh Shóisialta,4870,link
IE,10,prtclfie,13,Workers' Party,Páirtí na nOibrithe,208,link
IE,10,prtclfie,14,Other,other,,hand
IE,10,prtclfie,66,Not applicable*,,,missing
IE,10,prtclfie,77,Refusal*,refused,,missing
IE,10,prtclfie,88,Don't know*,dont-know,,missing
IE,11,prtclfie,1,Fianna Fáil,Fianna Fáil,1055,link
IE,11,prtclfie,2,Fine Gael,Fine Gael,1288,link
IE,11,prtclfie,3,Labour,Páirti Lucht Oibre,562,link
IE,11,prtclfie,4,Sinn Féin,Sinn Féin (Provisional),4,link
IE,11,prtclfie,5,Independent,independent,,hand
IE,11,prtclfie,6,Green Party,Green Party-Comhaontas Glas,1775,link
IE,11,prtclfie,7,Socialist Party,Páirtí Sóisialach,1448,hand
IE,11,prtclfie,8,Solidarity/People Before Profit (Solidarity/PBP),Solidarity — People Before Profit,8241,hand
IE,11,prtclfie,10,Aontu,Aontú,8642,link
IE,11,prtclfie,11,Independents4Change,Neamhspleáigh ar son an Athraithe,8181,link
IE,11,prtclfie,12,Social Democrats,Daonlathaigh Shóisialta,4870,link
IE,11,prtclfie,13,Workers' Party,Páirtí na nOibrithe,208,link
IE,11,prtclfie,14,Other,other,,hand
IE,11,prtclfie,66,Not applicable*,,,missing
IE,11,prtclfie,77,Refusal*,refused,,missing
IE,11,prtclfie,88,Don't know*,dont-know,,missing
IE,1,prtclie,1,Fianna Fáil,Fianna Fáil,1055,link
IE,1,prtclie,2,Fine Gael,Fine Gael,1288,link
IE,1,prtclie,3,Labour,Páirti Lucht Oibre,562,link
IE,1,prtclie,4,Progressive Democrats,An Pairti Daonlathach,924,link
IE,1,prtclie,5,Green Party,Green Party-Comhaontas Glas,1775,link
IE,1,prtclie,6,Sinn Féin,Sinn Féin (Provisional),4,link
IE,1,prtclie,7,Other,other,,hand
IE,1,prtclie,66,Not applicable*,,,missing
IE,1,prtclie,77,Refusal*,refused,,missing
IE,1,prtclie,88,Don't know*,dont-know,,missing
IE,1,prtclie,99,No answer*,,,missing
IE,2,prtclie,1,Fianna Fáil,Fianna Fáil,1055,link
IE,2,prtclie,2,Fine Gael,Fine Gael,1288,link
IE,2,prtclie,3,Labour,Páirti Lucht Oibre,562,link
IE,2,prtclie,4,Progressive Democrats,An Pairti Daonlathach,924,link
IE,2,prtclie,5,Green Party,Green Party-Comhaontas Glas,1775,link
IE,2,prtclie,6,Sinn Féin,Sinn Féin (Provisional),4,link
IE,2,prtclie,7,Other,other,,hand
IE,2,prtclie,66,Not applicable*,,,missing
IE,2,prtclie,77,Refusal*,refused,,missing
IE,2,prtclie,88,Don't know*,dont-know,,missing
IE,2,prtclie,99,No answer*,,,missing
IE,5,prtvtaie,1,Fianna Fáil,Fianna Fáil,1055,link
IE,5,prtvtaie,2,Fine Gael,Fine Gael,1288,link
IE,5,prtvtaie,3,Green Party,Green Party-Comhaontas Glas,1775,link
IE,5,prtvtaie,4,Independent,independent,,hand
IE,5,prtvtaie,5,Labour,Páirti Lucht Oibre,562,link
IE,5,prtvtaie,6,People Before Profit,People Before Profit Alliance,242,link
IE,5,prtvtaie,7,Sinn Féin,Sinn Féin (Provisional),4,link
IE,5,prtvtaie,8,Socialist Party,Páirtí Sóisialach,1448,hand
IE,5,prtvtaie,9,United Left Alliance,United Left Alliance,1978,link
IE,5,prtvtaie,10,Other,other,,hand
IE,5,prtvtaie,66,Not applicable*,,,missing
IE,5,prtvtaie,77,Refusal*,refused,,missing
IE,5,prtvtaie,88,Don't know*,dont-know,,missing
IE,6,prtvtaie,1,Fianna Fáil,Fianna Fáil,1055,link
IE,6,prtvtaie,2,Fine Gael,Fine Gael,1288,link
IE,6,prtvtaie,3,Green Party,Green Party-Comhaontas Glas,1775,link
IE,6,prtvtaie,4,Independent,independent,,hand
IE,6,prtvtaie,5,Labour,Páirti Lucht Oibre,562,link
IE,6,prtvtaie,6,People Before Profit,People Before Profit Alliance,242,link
IE,6,prtvtaie,7,Sinn Féin,Sinn Féin (Provisional),4,link
IE,6,prtvtaie,8,Socialist Party,Páirtí Sóisialach,1448,hand
IE,6,prtvtaie,10,Other,other,,hand
IE,6,prtvtaie,66,Not applicable*,,,missing
IE,6,prtvtaie,77,Refusal*,refused,,missing
IE,6,prtvtaie,88,Don't know*,dont-know,,missing
IE,7,prtvtaie,1,Fianna Fáil,Fianna Fáil,1055,link
IE,7,prtvtaie,2,Fine Gael,Fine Gael,1288,link
IE,7,prtvtaie,3,Green Party,Green Party-Comhaontas Glas,1775,link
IE,7,prtvtaie,4,Independent,independent,,hand
IE,7,prtvtaie,5,Labour,Páirti Lucht Oibre,562,link
IE,7,prtvtaie,6,People Before Profit,People Before Profit Alliance,242,link
IE,7,prtvtaie,7,Sinn Féin,Sinn Féin (Provisional),4,link
IE,7,prtvtaie,8,Socialist Party,Páirtí Sóisialach,1448,hand
IE,7,prtvtaie,9,United Left Alliance,United Left Alliance,1978,link
IE,7,prtvtaie,10,Other,other,,hand
IE,7,prtvtaie,66,Not applicable*,,,missing
IE,7,prtvtaie,77,Refusal*,refused,,missing
IE,7,prtvtaie,88,Don't know*,dont-know,,missing
IE,8,prtvtbie,1,Anti-Austerity Alliance - People Before Profit,Solidarity — People Before Profit,8241,link
IE,8,prtvtbie,2,Fianna Fáil,Fianna Fáil,1055,link
IE,8,prtvtbie,3,Fine Gael,Fine Gael,1288,link
IE,8,prtvtbie,4,Green Party,Green Party-Comhaontas Glas,1775,link
IE,8,prtvtbie,5,Independent,independent,,hand
IE,8,prtvtbie,6,Labour,Páirti Lucht Oibre,562,link
IE,8,prtvtbie,7,Sinn Féin,Sinn Féin (Provisional),4,link
IE,8,prtvtbie,8,Social Democrats,Daonlathaigh Shóisialta,4870,link
IE,8,prtvtbie,9,Socialist Party - United Left Alliance,Anti-Austerity Alliance / Solidarity,8242,link
IE,8,prtvtbie,10,Other,other,,hand
IE,8,prtvtbie,66,Not applicable*,,,missing
IE,8,prtvtbie,77,Refusal*,refused,,missing
IE,8,prtvtbie,88,Don't know*,dont-know,,missing
IE,9,prtvtcie,1,Anti-Austerity Alliance - People Before Profit,Solidarity — People Before Profit,8241,link
IE,9,prtvtcie,2,Fianna Fáil,Fianna Fáil,1055,link
IE,9,prtvtcie,3,Fine Gael,Fine Gael,1288,link
IE,9,prtvtcie,4,Green Party,Green Party-Comhaontas Glas,1775,link
IE,9,prtvtcie,5,Independent,independent,,hand
IE,9,prtvtcie,6,Labour,Páirti Lucht Oibre,562,link
IE,9,prtvtcie,7,Sinn Féin,Sinn Féin (Provisional),4,link
IE,9,prtvtcie,8,Social Democrats,Daonlathaigh Shóisialta,4870,link
IE,9,prtvtcie,9,Socialist Party - United Left Alliance,Anti-Austerity Alliance / Solidarity,8242,link
IE,9,prtvtcie,10,Other,other,,hand
IE,9,prtvtcie,66,Not applicable*,,,missing
IE,9,prtvtcie,77,Refusal*,refused,,missing
IE,9,prtvtcie,88,Don't know*,dont-know,,missing
IE,10,prtvtdie,1,Fianna Fáil,Fianna Fáil,1055,link
IE,10,prtvtdie,2,Fine Gael,Fine Gael,1288,link
IE,10,prtvtdie,3,Labour,Páirti Lucht Oibre,562,link
IE,10,prtvtdie,4,Sinn Féin,Sinn Féin (Provisional),4,link
IE,10,prtvtdie,5,Independent,independent,,hand
IE,10,prtvtdie,6,Green Party,Green Party-Comhaontas Glas,1775,link
IE,10,prtvtdie,7,Socialist Party,Páirtí Sóisialach,1448,hand
IE,10,prtvtdie,8,Solidarity/People Before Profit (Solidarity/PBP),Solidarity — People Before Profit,8241,hand
IE,10,prtvtdie,9,RENUA Ireland,Renua Ireland,4869,link
IE,10,prtvtdie,10,Aontu,Aontú,8642,link
IE,10,prtvtdie,11,Independents4Change,Neamhspleáigh ar son an Athraithe,8181,link
IE,10,prtvtdie,12,Social Democrats,Daonlathaigh Shóisialta,4870,link
IE,10,prtvtdie,13,Workers' Party,Páirtí na nOibrithe,208,link
IE,10,prtvtdie,14,Other,other,,hand
IE,10,prtvtdie,66,Not applicable*,,,missing
IE,10,prtvtdie,77,Refusal*,refused,,missing
IE,10,prtvtdie,88,Don't know*,dont-know,,missing
IE,11,prtvteie,1,Fianna Fáil,Fianna Fáil,1055,link
IE,11,prtvteie,2,Fine Gael,Fine Gael,1288,link
IE,11,prtvteie,3,Labour,Páirti Lucht Oibre,562,link
IE,11,prtvteie,4,Sinn Féin,Sinn Féin (Provisional),4,link
IE,11,prtvteie,5,Independent,independent,,hand
IE,11,prtvteie,6,Green Party,Green Party-Comhaontas Glas,1775,link
IE,11,prtvteie,7,Socialist Party,Páirtí Sóisialach,1448,hand
IE,11,prtvteie,8,Solidarity/People Before Profit (Solidarity/PBP),Solidarity — People Before Profit,8241,hand
IE,11,prtvteie,10,Aontu,Aontú,8642,link
IE,11,prtvteie,11,Social Democrats,Daonlathaigh Shóisialta,4870,link
IE,11,prtvteie,12,Other,other,,hand
IE,11,prtvteie,66,Not applicable*,,,missing
IE,11,prtvteie,77,Refusal*,refused,,missing
IE,11,prtvteie,88,Don't know*,dont-know,,missing
IE,1,prtvtie,1,Fianna Fáil,Fianna Fáil,1055,link
IE,1,prtvtie,2,Fine Gael,Fine Gael,1288,link
IE,1,prtvtie,3,Labour,Páirti Lucht Oibre,562,link
IE,1,prtvtie,4,Progressive Democrats,An Pairti Daonlathach,924,link
IE,1,prtvtie,5,Green Party,Green Party-Comhaontas Glas,1775,link
IE,1,prtvtie,6,Sinn Féin,Sinn Féin (Provisional),4,link
IE,1,prtvtie,7,Independent,independent,,hand
IE,1,prtvtie,8,Other,other,,hand
IE,1,prtvtie,66,Not applicable*,,,missing
IE,1,prtvtie,77,Refusal*,refused,,missing
IE,1,prtvtie,88,Don't know*,dont-know,,missing
IE,1,prtvtie,99,No answer*,,,missing
IE,2,prtvtie,1,Fianna Fáil,Fianna Fáil,1055,link
IE,2,prtvtie,2,Fine Gael,Fine Gael,1288,link
IE,2,prtvtie,3,Labour,Páirti Lucht Oibre,562,link
IE,2,prtvtie,4,Progressive Democrats,An Pairti Daonlathach,924,link
IE,2,prtvtie,5,Green Party,Green Party-Comhaontas Glas,1775,link
IE,2,prtvtie,6,Sinn Féin,Sinn Féin (Provisional),4,link
IE,2,prtvtie,7,Independent,independent,,hand
IE,2,prtvtie,8,Other,other,,hand
IE,2,prtvtie,66,Not applicable*,,,missing
IE,2,prtvtie,77,Refusal*,refused,,missing
IE,2,prtvtie,88,Don't know*,dont-know,,missing
IE,2,prtvtie,99,No answer*,,,missing
IE,3,prtvtie,1,Fianna Fáil,Fianna Fáil,1055,link
IE,3,prtvtie,2,Fine Gael,Fine Gael,1288,link
IE,3,prtvtie,3,Labour,Páirti Lucht Oibre,562,link
IE,3,prtvtie,4,Progressive Democrats,An Pairti Daonlathach,924,link
IE,3,prtvtie,5,Green Party,Green Party-Comhaontas Glas,1775,link
IE,3,prtvtie,6,Sinn Féin,Sinn Féin (Provisional),4,link
IE,3,prtvtie,7,Independent,independent,,hand
IE,3,prtvtie,8,Other,other,,hand
IE,3,prtvtie,66,Not applicable*,,,missing
IE,3,prtvtie,77,Refusal*,refused,,missing
IE,3,prtvtie,88,Don't know*,dont-know,,missing
IE,3,prtvtie,99,No answer*,,,missing
IE,4,prtvtie,1,Fianna Fáil,Fianna Fáil,1055,link
IE,4,prtvtie,2,Fine Gael,Fine Gael,1288,link
IE,4,prtvtie,3,Labour,Páirti Lucht Oibre,562,link
IE,4,prtvtie,4,Progressive Democrats,An Pairti Daonlathach,924,link
IE,4,prtvtie,5,Green Party,Green Party-Comhaontas Glas,1775,link
IE,4,prtvtie,6,Sinn Féin,Sinn Féin (Provisional),4,link
IE,4,prtvtie,7,Independent,independent,,hand
IE,4,prtvtie,8,Other,other,,hand
IE,4,prtvtie,66,Not applicable*,,,missing
IE,4,prtvtie,77,Refusal*,refused,,missing
IE,4,prtvtie,88,Don't know*,dont-know,,missing
IT,6,prtclbit,1,Partido Democratico (PD),Partito Democratico,802,link
IT,6,prtclbit,2,Sinistra Ecologia e Libertà (SEL),Sinistra Italiana,1212,link
IT,6,prtclbit,3,Rivoluzione Civile (Ingroia),Rivoluzione Civile,2277,link
IT,6,prtclbit,4,Movimento 5 Stelle,Movimento 5 Stelle,2046,link
IT,6,prtclbit,5,Scelta Civica (con Monti),Scelta Civica,2281,link
IT,6,prtclbit,6,UDC,Unione di Centro,201,link
IT,6,prtclbit,8,Popolo delle Libertà (PDL),Il Popolo della Libertà,365,hand
IT,6,prtclbit,9,Lega Nord,Lega Nord,1221,link
IT,6,prtclbit,10,Fratelli d'Italia,Fratelli d'Italia,2280,link
IT,6,prtclbit,11,Radicali Italiani (Amnistia giustizia e libertà),Radicali Italiani,8248,link
IT,6,prtclbit,12,FARE - Giannino,Fermare il Declino,2279,link
IT,6,prtclbit,13,La destra,La Destra,8188,hand
IT,6,prtclbit,14,Altro,other,,hand
IT,6,prtclbit,66,Not applicable*,,,missing
IT,6,prtclbit,77,Refusal*,refused,,missing
IT,6,prtclbit,88,Don't know*,dont-know,,missing
IT,6,prtclbit,99,No answer*,,,missing
IT,8,prtclcit,1,Movimento 5 Stelle,Movimento 5 Stelle,2046,link
IT,8,prtclcit,2,Partido Democratico (PD),Partito Democratico,802,link
IT,8,prtclcit,3,Lega Nord,Lega Nord,1221,link
IT,8,prtclcit,4,Forza Italia,Forza Italia (2013),8058,hand
IT,8,prtclcit,5,Fratelli d'Italia - An,Fratelli d'Italia,2280,hand
IT,8,prtclcit,6,Articolo 1 Mdp,Articolo Uno,8361,link
IT,8,prtclcit,7,Alternativa popolare,Alternativa Popolare,9090,link
IT,8,prtclcit,8,Sinistra italiana,Sinistra Italiana,1212,name
IT,8,prtclcit,9,Altro (scrivere),other,,hand
IT,8,prtclcit,66,Not applicable*,,,missing
IT,8,prtclcit,77,Refusal*,refused,,missing
IT,8,prtclcit,88,Don't know*,dont-know,,missing
IT,9,prtcldit,1,Partido Democratico (PD),Partito Democratico,802,link
IT,9,prtcldit,2,+ Europa,Più Europa,6155,link
IT,9,prtcldit,3,Italia Europa Insieme,Insieme,7671,link
IT,9,prtcldit,4,Civia Popolare Lorenzin,Civica Popolare,7670,link
IT,9,prtcldit,5,SVP-PATT,Südtiroler Volkspartei,1369,link
IT,9,prtcldit,6,Liberi e Uguali,Liberi e Uguali,8246,link
IT,9,prtcldit,7,Movimento 5 Stelle,Movimento 5 Stelle,2046,link
IT,9,prtcldit,8,Forza Italia,Forza Italia (2013),8058,hand
IT,9,prtcldit,9,Lega Nord,Lega Nord,1221,link
IT,9,prtcldit,10,Fratelli d'Italia,Fratelli d'Italia,2280,link
IT,9,prtcldit,12,Potere al popolo,Potere al Popolo,8247,link
IT,9,prtcldit,13,Casapound Italia,CasaPound Italia,8244,link
IT,9,prtcldit,14,Altro,other,,hand
IT,9,prtcldit,66,Not applicable*,,,missing
IT,9,prtcldit,77,Refusal*,refused,,missing
IT,9,prtcldit,88,Don't know*,dont-know,,missing
IT,10,prtcleit,1,Movimento 5 Stelle,Movimento 5 Stelle,2046,link
IT,10,prtcleit,2,Partido Democratico,Partito Democratico,802,hand
IT,10,prtcleit,3,Lega,Lega Nord,1221,hand
IT,10,prtcleit,4,Forza Italia,Forza Italia (2013),8058,hand
IT,10,prtcleit,5,Fratelli d'Italia con Giorgia Meloni,Fratelli d'Italia,2280,hand
IT,10,prtcleit,6,Liberi e Uguali (LEU),Liberi e Uguali,8246,hand
IT,10,prtcleit,7,+ Europa,Più Europa,6155,link
IT,10,prtcleit,8,Noi con l'Italia - UDC,Noi con l'Italia - UDC [og],,hand
IT,10,prtcleit,9,Potere al popolo,Potere al Popolo,8247,link
IT,10,prtcleit,14,SVP-PATT,Südtiroler Volkspartei,1369,link
IT,10,prtcleit,31,Altro,other,,hand
IT,10,prtcleit,33,Italia Viva,Italia Viva,8641,link
IT,10,prtcleit,34,Unione Valdotaine,Union Valdôtaine,548,link
IT,10,prtcleit,35,Partito Comunista,Partito Comunista [og],,hand
IT,10,prtcleit,36,Vox Italia,Vox Italia [og],,hand
IT,10,prtcleit,37,Partito Socialista,Partito Socialista [og],,hand
IT,10,prtcleit,38,Verdi/ Europa Verde,Europa Verde,9110,link
IT,10,prtcleit,39,Italexit,Italexit for Italy,9081,link
IT,10,prtcleit,40,Azione di Calenda,Azione,9082,link
IT,10,prtcleit,66,Not applicable*,,,missing
IT,10,prtcleit,77,Refusal*,refused,,missing
IT,10,prtcleit,88,Don't know*,dont-know,,missing
IT,10,prtcleit,99,No answer*,,,missing
IT,11,prtclfit,1,Fratelli d'Italia,Fratelli d'Italia,2280,link
IT,11,prtclfit,2,Partido Democratico (PD),Partito Democratico,802,link
IT,11,prtclfit,3,Movimento 5 Stelle,Movimento 5 Stelle,2046,link
IT,11,prtclfit,4,Lega,Lega Nord,1221,hand
IT,11,prtclfit,5,Forza Italia,Forza Italia (2013),8058,hand
IT,11,prtclfit,6,Terzo Polo (Azione-Italia Viva),Terzo Polo (Azione-Italia Viva) [og],,hand
IT,11,prtclfit,7,Alleanza Verdi e Sinistra,Alleanza Verdi e Sinistra [og],,hand
IT,11,prtclfit,8,+ Europa,Più Europa,6155,link
IT,11,prtclfit,9,Italexit,Italexit for Italy,9081,link
IT,11,prtclfit,10,Unione Popolare,Unione Popolare [og],,hand
IT,11,prtclfit,11,Italia Sovrana e Popolare,Italia Sovrana e Popolare,9127,link
IT,11,prtclfit,31,Altro,other,,hand
IT,11,prtclfit,66,Not applicable*,,,missing
IT,11,prtclfit,77,Refusal*,refused,,missing
IT,11,prtclfit,88,Don't know*,dont-know,,missing
IT,11,prtclfit,99,No answer*,,,missing
IT,1,prtclit,1,Democratici di Sinistra,Democratici di Sinistra,878,link
IT,1,prtclit,2,La Margherita,Democrazia è Libertà — La Margherita,279,link
IT,1,prtclit,3,Comunisti Italiani,Partito dei Comunisti Italiani,1635,link
IT,1,prtclit,4,Verdi,Federazione dei Verdi,851,link
IT,1,prtclit,5,SDI,Socialisti Democratici Italiani,750,link
IT,1,prtclit,7,Rifondazione Comunis,Partito della Rifondazione Comunista,1404,link
IT,1,prtclit,8,Forza Italia,Forza Italia,1626,hand
IT,1,prtclit,9,Alleanza Nazionale,Alleanza Nazionale,813,link
IT,1,prtclit,10,CCD-CDU,Centro Cristiano Democratico  / Cristiani Democratici Uniti (Biancofiore),962,link
IT,1,prtclit,11,Lega Nord,Lega Nord,1221,link
IT,1,prtclit,12,Nuovo PSI,Nuovo Partito Socialisti Italiani,888,link
IT,1,prtclit,13,Lista di Pietro,Lista di Pietro — Italia del Valori,768,hand
IT,1,prtclit,14,Democrazia Europea,Democrazia Europea,1327,link
IT,1,prtclit,15,Pannella-Bonino,Lista Bonino,2134,link
IT,1,prtclit,16,Fiamma Tricolore,Fiamma Tricolore,1101,link
IT,1,prtclit,17,Altro (SPECIFICARE),other,,hand
IT,1,prtclit,66,Not applicable*,,,missing
IT,1,prtclit,77,Refusal*,refused,,missing
IT,1,prtclit,88,Don't know*,dont-know,,missing
IT,6,prtvtbit,1,Partido Democratico (PD),Partito Democratico,802,link
IT,6,prtvtbit,2,Sinistra Ecologia e Libertà (SEL),Sinistra Italiana,1212,link
IT,6,prtvtbit,3,Rivoluzione Civile (Ingroia),Rivoluzione Civile,2277,link
IT,6,prtvtbit,4,Movimento 5 Stelle,Movimento 5 Stelle,2046,link
IT,6,prtvtbit,5,Scelta Civica (con Monti),Scelta Civica,2281,link
IT,6,prtvtbit,6,UDC,Unione di Centro,201,link
IT,6,prtvtbit,8,Popolo delle Libertà (PdL),Il Popolo della Libertà,365,hand
IT,6,prtvtbit,9,Lega Nord,Lega Nord,1221,link
IT,6,prtvtbit,10,Fratelli d'Italia,Fratelli d'Italia,2280,link
IT,6,prtvtbit,12,FARE - Giannino,Fermare il Declino,2279,link
IT,6,prtvtbit,13,La destra,La Destra,8188,hand
IT,6,prtvtbit,14,Altro,other,,hand
IT,6,prtvtbit,66,Not applicable*,,,missing
IT,6,prtvtbit,77,Refusal*,refused,,missing
IT,6,prtvtbit,88,Don't know*,dont-know,,missing
IT,6,prtvtbit,99,No answer*,,,missing
IT,8,prtvtbit,1,Partido Democratico (PD),Partito Democratico,802,link
IT,8,prtvtbit,2,Sinistra Ecologia e Libertà (SEL),Sinistra Italiana,1212,link
IT,8,prtvtbit,3,Rivoluzione Civile (Ingroia),Rivoluzione Civile,2277,link
IT,8,prtvtbit,4,Movimento 5 Stelle,Movimento 5 Stelle,2046,link
IT,8,prtvtbit,5,Scelta Civica (con Monti),Scelta Civica,2281,link
IT,8,prtvtbit,6,UDC,Unione di Centro,201,link
IT,8,prtvtbit,7,FLI,Futuro e libertà per l'Italia,1179,link
IT,8,prtvtbit,8,Popolo delle Libertà (PdL),Il Popolo della Libertà,365,hand
IT,8,prtvtbit,9,Lega Nord,Lega Nord,1221,link
IT,8,prtvtbit,10,Fratelli d'Italia,Fratelli d'Italia,2280,link
IT,8,prtvtbit,11,Radicali Italiani (Amnistia giustizia e libertà),Radicali Italiani,8248,link
IT,8,prtvtbit,12,FARE - Giannino,Fermare il Declino,2279,link
IT,8,prtvtbit,13,La destra,La Destra,8188,hand
IT,8,prtvtbit,14,Altro,other,,hand
IT,8,prtvtbit,66,Not applicable*,,,missing
IT,8,prtvtbit,77,Refusal*,refused,,missing
IT,8,prtvtbit,88,Don't know*,dont-know,,missing
IT,9,prtvtcit,1,Partido Democratico (PD),Partito Democratico,802,link
IT,9,prtvtcit,2,+ Europa,Più Europa,6155,link
IT,9,prtvtcit,3,Italia Europa Insieme,Insieme,7671,link
IT,9,prtvtcit,4,Civia Popolare Lorenzin,Civica Popolare,7670,link
IT,9,prtvtcit,5,SVP-PATT,Südtiroler Volkspartei,1369,link
IT,9,prtvtcit,6,Liberi e Uguali,Liberi e Uguali,8246,link
IT,9,prtvtcit,7,Movimento 5 Stelle,Movimento 5 Stelle,2046,link
IT,9,prtvtcit,8,Forza Italia,Forza Italia (2013),8058,hand
IT,9,prtvtcit,9,Lega Nord,Lega Nord,1221,link
IT,9,prtvtcit,10,Fratelli d'Italia,Fratelli d'Italia,2280,link
IT,9,prtvtcit,11,Noi con l'Italia - UDC,Noi con l'Italia - UDC [og],,hand
IT,9,prtvtcit,12,Potere al popolo,Potere al Popolo,8247,link
IT,9,prtvtcit,13,Casapound Italia,CasaPound Italia,8244,link
IT,9,prtvtcit,14,Altro,other,,hand
IT,9,prtvtcit,66,Not applicable*,,,missing
IT,9,prtvtcit,77,Refusal*,refused,,missing
IT,9,prtvtcit,88,Don't know*,dont-know,,missing
IT,10,prtvtdit,1,Movimento 5 Stelle,Movimento 5 Stelle,2046,link
IT,10,prtvtdit,2,Partido Democratico (PD),Partito Democratico,802,link
IT,10,prtvtdit,3,Lega,Lega Nord,1221,hand
IT,10,prtvtdit,4,Forza Italia,Forza Italia (2013),8058,hand
IT,10,prtvtdit,5,Fratelli d'Italia con Giorgia Meloni,Fratelli d'Italia,2280,hand
IT,10,prtvtdit,6,Liberi e Uguali (LEU),Liberi e Uguali,8246,hand
IT,10,prtvtdit,7,+ Europa,Più Europa,6155,link
IT,10,prtvtdit,8,Noi con l'Italia - UDC,Noi con l'Italia - UDC [og],,hand
IT,10,prtvtdit,9,Potere al popolo,Potere al Popolo,8247,link
IT,10,prtvtdit,10,Casapound Italia,CasaPound Italia,8244,link
IT,10,prtvtdit,11,Italia Europa Insieme,Insieme,7671,link
IT,10,prtvtdit,12,Il popolo della famiglia,Il popolo della famiglia [og],,hand
IT,10,prtvtdit,14,SVP-PATT,Südtiroler Volkspartei,1369,link
IT,10,prtvtdit,31,Altro,other,,hand
IT,10,prtvtdit,32,Blank vote,blank-invalid,,hand
IT,10,prtvtdit,66,Not applicable*,,,missing
IT,10,prtvtdit,77,Refusal*,refused,,missing
IT,10,prtvtdit,88,Don't know*,dont-know,,missing
IT,10,prtvtdit,99,No answer*,,,missing
IT,11,prtvteit,1,Fratelli d'Italia,Fratelli d'Italia,2280,link
IT,11,prtvteit,2,Partido Democratico (PD),Partito Democratico,802,link
IT,11,prtvteit,3,Movimento 5 Stelle,Movimento 5 Stelle,2046,link
IT,11,prtvteit,4,Lega,Lega Nord,1221,hand
IT,11,prtvteit,5,Forza Italia,Forza Italia (2013),8058,hand
IT,11,prtvteit,6,Terzo Polo (Azione-Italia Viva),Terzo Polo (Azione-Italia Viva) [og],,hand
IT,11,prtvteit,7,Alleanza Verdi e Sinistra,Alleanza Verdi e Sinistra [og],,hand
IT,11,prtvteit,8,+ Europa,Più Europa,6155,link
IT,11,prtvteit,9,Italexit,Italexit for Italy,9081,link
IT,11,prtvteit,10,Unione Popolare,Unione Popolare [og],,hand
IT,11,prtvteit,11,Italia Sovrana e Popolare,Italia Sovrana e Popolare,9127,link
IT,11,prtvteit,31,Altro,other,,hand
IT,11,prtvteit,66,Not applicable*,,,missing
IT,11,prtvteit,77,Refusal*,refused,,missing
IT,11,prtvteit,88,Don't know*,dont-know,,missing
IT,11,prtvteit,99,No answer*,,,missing
IT,1,prtvtit,1,Democratici di Sinistra,Democratici di Sinistra,878,link
IT,1,prtvtit,2,La Margherita,Democrazia è Libertà — La Margherita,279,link
IT,1,prtvtit,3,Comunisti Italiani,Partito dei Comunisti Italiani,1635,link
IT,1,prtvtit,4,Verdi e Sdi (Girasole),Il Girasole,1782,link
IT,1,prtvtit,7,Rifondazione Comunista,Partito della Rifondazione Comunista,1404,link
IT,1,prtvtit,8,Forza Italia,Forza Italia,1626,hand
IT,1,prtvtit,9,Alleanza Nazionale,Alleanza Nazionale,813,link
IT,1,prtvtit,10,CCD-CDU (Biancofiore),Centro Cristiano Democratico  / Cristiani Democratici Uniti (Biancofiore),962,link
IT,1,prtvtit,11,Lega Nord,Lega Nord,1221,link
IT,1,prtvtit,12,Nuovo PSI,Nuovo Partito Socialisti Italiani,888,link
IT,1,prtvtit,13,Lista Di Pietro,Lista di Pietro — Italia del Valori,768,hand
IT,1,prtvtit,14,Democrazia Europea,Democrazia Europea,1327,link
IT,1,prtvtit,15,Pannella-Bonino,Lista Bonino,2134,link
IT,1,prtvtit,16,Fiamma Tricolore,Fiamma Tricolore,1101,link
IT,1,prtvtit,17,Altro,other,,hand
IT,1,prtvtit,66,Not applicable*,,,missing
IT,1,prtvtit,70,Ha votato solo al maggioritario,did-not-vote,,hand
IT,1,prtvtit,77,Refusal*,refused,,missing
IT,1,prtvtit,88,Don't know*,dont-know,,missing
LT,6,prtclalt,1,Liberals' Movement of the Republic of Lithuania (LRLS),Lietuvos Respublikos Liberalų sąjūdis,1744,name
LT,6,prtclalt,2,Republican Party (RP),Republican Party (RP) [og],,hand
LT,6,prtclalt,3,Labour Party (DP),Darbo Partija,102,link
LT,6,prtclalt,5,Homeland Union - Lithuanian Christian Democrats (TS-LKD),Tėvynės sąjunga — Lietuvos krikščionys demokratai,193,name
LT,6,prtclalt,6,Political Party 'The Way of Courage' (DK),Drąsos Kelias,74,link
LT,6,prtclalt,7,Electoral Action of Poles in Lithuania (LLRA),Lietuvos lenkų rinkimų akcija,556,name
LT,6,prtclalt,8,Lithuanian Social Democratic Party (LSDP),Lietuvos socialdemokratų partija,64,name
LT,6,prtclalt,9,Party Order and Justice (TT),Tvarka ir teisingumas — Liberalų Demokratų Partija,237,name
LT,6,prtclalt,10,Lithuanian Centre Party (LCP),Lietuvos Centro Partija,5455,name
LT,6,prtclalt,11,Lithuanian Social Democratic Union (LSDS),Lietuvos socialdemokratų sąjunga,8258,link
LT,6,prtclalt,12,Nationalist Union (TS),Lietuvių tautininkų ir respublikonų sąjunga,9107,hand
LT,6,prtclalt,14,Christian Party (KP),Krikščionių partija,8254,link
LT,6,prtclalt,16,Socialist People's Front (SLF),Fronto partija / Socialistinis liaudies frontas,1250,link
LT,6,prtclalt,17,Lithuanian Peasant and Greens Union (LVZS),Lietuvos valstiečių ir žaliųjų sąjunga / Lietuvos valstiečių liaudininkų sąjunga,1490,hand
LT,6,prtclalt,18,Party 'Young Lithuania' (JL),Jaunoji Lietuva,1026,name
LT,6,prtclalt,19,Liberal and Centre Union (LiCS),Liberalų ir centro sąjunga,1193,name
LT,6,prtclalt,21,Political Party 'Union Yes' (ST),Tėvynės atgimimas ir perspektyva,1806,link
LT,6,prtclalt,23,Lithuanian Pensioners' Party (LPP),Lithuanian Pensioners' Party,8255,link
LT,6,prtclalt,25,Political Party 'Lithuanian Green Movement' (LZS),Lietuvos žalioji partija,1407,hand
LT,6,prtclalt,66,Not applicable*,,,missing
LT,6,prtclalt,77,Refusal*,refused,,missing
LT,7,prtclalt,1,Liberals' Movement of the Republic of Lithuania (LRLS),Lietuvos Respublikos Liberalų sąjūdis,1744,name
LT,7,prtclalt,3,Labour Party (DP),Darbo Partija,102,link
LT,7,prtclalt,4,Democratic Labour and Unity Party (DDVP),Democratic Labour and Unity Party (DDVP) [og],,hand
LT,7,prtclalt,5,Homeland Union - Lithuanian Christian Democrats (TS-LKD),Tėvynės sąjunga — Lietuvos krikščionys demokratai,193,name
LT,7,prtclalt,6,Political Party 'The Way of Courage' (DK),Drąsos Kelias,74,link
LT,7,prtclalt,7,Electoral Action of Poles in Lithuania (LLRA),Lietuvos lenkų rinkimų akcija,556,name
LT,7,prtclalt,8,Lithuanian Social Democratic Party (LSDP),Lietuvos socialdemokratų partija,64,name
LT,7,prtclalt,9,Party Order and Justice (TT),Tvarka ir teisingumas — Liberalų Demokratų Partija,237,name
LT,7,prtclalt,10,Lithuanian Centre Party (LCP),Lietuvos Centro Partija,5455,name
LT,7,prtclalt,11,Lithuanian Social Democratic Union (LSDS),Lietuvos socialdemokratų sąjunga,8258,link
LT,7,prtclalt,12,Nationalist Union (TS),Lietuvių tautininkų ir respublikonų sąjunga,9107,hand
LT,7,prtclalt,14,Christian Party (KP),Krikščionių partija,8254,link
LT,7,prtclalt,15,Lithuanian People's Party (LZP),Lietuvos žalioji partija,1407,hand
LT,7,prtclalt,16,Socialist People's Front (SLF),Fronto partija / Socialistinis liaudies frontas,1250,link
LT,7,prtclalt,17,Lithuanian Peasant and Greens Union (LVZS),Lietuvos valstiečių ir žaliųjų sąjunga / Lietuvos valstiečių liaudininkų sąjunga,1490,hand
LT,7,prtclalt,18,Party 'Young Lithuania' (JL),Jaunoji Lietuva,1026,name
LT,7,prtclalt,19,Liberal and Centre Union (LiCS),Liberalų ir centro sąjunga,1193,name
LT,7,prtclalt,24,Political Party 'List of Lithuania' (LS),"Politinė partija ""Lietuvos sąrašas""",6738,link
LT,7,prtclalt,27,Zemaiciai (Samogitian) Party (ZP),Žemaičių partija,1291,link
LT,7,prtclalt,66,Not applicable*,,,missing
LT,7,prtclalt,77,Refusal*,refused,,missing
LT,7,prtclalt,88,Don't know*,dont-know,,missing
LT,8,prtclblt,1,Homeland Union - Lithuanian Christian Democrats (TS-LKD),Tėvynės sąjunga — Lietuvos krikščionys demokratai,193,name
LT,8,prtclblt,2,Lithuanian Peasant and Greens Union (LVZS),Lietuvos valstiečių ir žaliųjų sąjunga / Lietuvos valstiečių liaudininkų sąjunga,1490,hand
LT,8,prtclblt,3,Lithuanian Social Democratic Party (LSDP),Lietuvos socialdemokratų partija,64,name
LT,8,prtclblt,4,Liberals' Movement of the Republic of Lithuania (LRLS),Lietuvos Respublikos Liberalų sąjūdis,1744,name
LT,8,prtclblt,5,Electoral Action of Poles in Lithuania-Christian Families Alliance (LLRA-KSS),Lietuvos lenkų rinkimų akcija,556,hand
LT,8,prtclblt,6,Party Order and Justice (TT),Tvarka ir teisingumas — Liberalų Demokratų Partija,237,name
LT,8,prtclblt,7,Labour Party (DP),Darbo Partija,102,link
LT,8,prtclblt,8,Lithuanian Freedom Union (Liberals) (LLSL),Lietuvos Laisvės Sąjunga (Liberalai),5456,link
LT,8,prtclblt,9,Lithuanian Greens Party (LZP),Lietuvos žalioji partija,1407,link
LT,8,prtclblt,10,Political Party 'List of Lithuania' (LS),"Politinė partija ""Lietuvos sąrašas""",6738,link
LT,8,prtclblt,12,Political Party 'The Way of Courage' (DK),Drąsos Kelias,74,link
LT,8,prtclblt,13,Lithuanian Centre Party (LCP),Lietuvos Centro Partija,5455,name
LT,8,prtclblt,66,Not applicable*,,,missing
LT,8,prtclblt,77,Refusal*,refused,,missing
LT,8,prtclblt,88,Don't know*,dont-know,,missing
LT,9,prtclblt,1,Homeland Union - Lithuanian Christian Democrats (TS-LKD),Tėvynės sąjunga — Lietuvos krikščionys demokratai,193,name
LT,9,prtclblt,2,Lithuanian Peasant and Greens Union (LVZS),Lietuvos valstiečių ir žaliųjų sąjunga / Lietuvos valstiečių liaudininkų sąjunga,1490,hand
LT,9,prtclblt,3,Lithuanian Social Democratic Party (LSDP),Lietuvos socialdemokratų partija,64,name
LT,9,prtclblt,4,Liberals' Movement of the Republic of Lithuania (LRLS),Lietuvos Respublikos Liberalų sąjūdis,1744,name
LT,9,prtclblt,5,Electoral Action of Poles in Lithuania-Christian Families Alliance (LLRA-KSS),Lietuvos lenkų rinkimų akcija,556,hand
LT,9,prtclblt,6,Party Order and Justice (TT),Tvarka ir teisingumas — Liberalų Demokratų Partija,237,name
LT,9,prtclblt,7,Labour Party (DP),Darbo Partija,102,link
LT,9,prtclblt,8,Lithuanian Freedom Union (Liberals) (LLSL),Lietuvos Laisvės Sąjunga (Liberalai),5456,link
LT,9,prtclblt,9,Lithuanian Greens Party (LZP),Lietuvos žalioji partija,1407,link
LT,9,prtclblt,12,Political Party 'The Way of Courage' (DK),Drąsos Kelias,74,link
LT,9,prtclblt,13,Lithuanian Centre Party (LCP),Lietuvos Centro Partija,5455,name
LT,9,prtclblt,14,Lithuanian Pensioners' Party (LPP),Lithuanian Pensioners' Party,8255,link
LT,9,prtclblt,15,Party 'Young Lithuania' (JL),Jaunoji Lietuva,1026,name
LT,9,prtclblt,17,Other,other,,hand
LT,9,prtclblt,66,Not applicable*,,,missing
LT,9,prtclblt,77,Refusal*,refused,,missing
LT,9,prtclblt,88,Don't know*,dont-know,,missing
LT,10,prtclclt,1,Homeland Union - Lithuanian Christian Democrats (TS-LKD),Tėvynės sąjunga — Lietuvos krikščionys demokratai,193,name
LT,10,prtclclt,2,Lithuanian Peasant and Greens Union (LVZS),Lietuvos valstiečių ir žaliųjų sąjunga / Lietuvos valstiečių liaudininkų sąjunga,1490,hand
LT,10,prtclclt,3,Labour Party (DP),Darbo Partija,102,link
LT,10,prtclclt,4,Lithuanian Social Democratic Party (LSDP),Lietuvos socialdemokratų partija,64,name
LT,10,prtclclt,5,Freedom Party (LP),Laisvės partija,8982,link
LT,10,prtclclt,6,Liberals' Movement of the Republic of Lithuania (LRLS),Lietuvos Respublikos Liberalų sąjūdis,1744,name
LT,10,prtclclt,7,Electoral Action of Poles in Lithuania-Christian Families Alliance (LLRA-KSS),Lietuvos lenkų rinkimų akcija,556,hand
LT,10,prtclclt,8,Social Democratic Labour Party of Lithuania (LSDDP),Lietuvos socialdemokratų darbo partija — Lietuvos regionų partija,7352,link
LT,10,prtclclt,9,Centre Party - Nationalists (CPT),Lietuvos Centro Partija,5455,hand
LT,10,prtclclt,10,National Alliance (NS),https://en.wikipedia.org/wiki/National_Alliance_(Lithuania),9096,link
LT,10,prtclclt,11,Party 'Freedom and Justice' (LT),Lietuvos Laisvės Sąjunga (Liberalai),5456,link
LT,10,prtclclt,12,Lithuanian Greens Party (LZP),Lietuvos žalioji partija,1407,link
LT,10,prtclclt,13,Political Party 'The Way of Courage' (DK),Drąsos Kelias,74,link
LT,10,prtclclt,14,Party 'Lithuania - For everyone' (LV),Party 'Lithuania - For everyone' (LV) [og],,hand
LT,10,prtclclt,15,Christian Union (KS),Christian Union (KS) [og],,hand
LT,10,prtclclt,16,Union of Intergenerational Solidarity - Cohesion for Lithuania (KSSL),Union of Intergenerational Solidarity - Cohesion for Lithuania (KSSL) [og],,hand
LT,10,prtclclt,17,Lithuanian People's Party (LLP),Lietuvos liaudies partija,8256,link
LT,10,prtclclt,65,Other,other,,hand
LT,10,prtclclt,66,Not applicable*,,,missing
LT,10,prtclclt,77,Refusal*,refused,,missing
LT,10,prtclclt,88,Don't know*,dont-know,,missing
LT,11,prtclclt,1,Homeland Union - Lithuanian Christian Democrats (TS-LKD),Tėvynės sąjunga — Lietuvos krikščionys demokratai,193,name
LT,11,prtclclt,2,Lithuanian Peasant and Greens Union (LVZS),Lietuvos valstiečių ir žaliųjų sąjunga / Lietuvos valstiečių liaudininkų sąjunga,1490,hand
LT,11,prtclclt,3,Labour Party (DP),Darbo Partija,102,link
LT,11,prtclclt,4,Lithuanian Social Democratic Party (LSDP),Lietuvos socialdemokratų partija,64,name
LT,11,prtclclt,5,Freedom Party (LP),Laisvės partija,8982,link
LT,11,prtclclt,6,Liberals' Movement of the Republic of Lithuania (LRLS),Lietuvos Respublikos Liberalų sąjūdis,1744,name
LT,11,prtclclt,7,Electoral Action of Poles in Lithuania-Christian Families Alliance (LLRA-KSS),Lietuvos lenkų rinkimų akcija,556,hand
LT,11,prtclclt,8,Social Democratic Labour Party of Lithuania (LSDDP),Lietuvos socialdemokratų darbo partija — Lietuvos regionų partija,7352,link
LT,11,prtclclt,9,Centre Party - Nationalists (CPT),Lietuvos Centro Partija,5455,hand
LT,11,prtclclt,10,National Alliance (NS),https://en.wikipedia.org/wiki/National_Alliance_(Lithuania),9096,link
LT,11,prtclclt,11,Party 'Freedom and Justice' (LT),Lietuvos Laisvės Sąjunga (Liberalai),5456,link
LT,11,prtclclt,12,Lithuanian Greens Party (LZP),Lietuvos žalioji partija,1407,link
LT,11,prtclclt,13,Political Party 'The Way of Courage' (DK),Drąsos Kelias,74,link
LT,11,prtclclt,14,Party 'Lithuania - For everyone' (LV),Party 'Lithuania - For everyone' (LV) [og],,hand
LT,11,prtclclt,15,Christian Union (KS),Christian Union (KS) [og],,hand
LT,11,prtclclt,65,Other,other,,hand
LT,11,prtclclt,66,Not applicable*,,,missing
LT,11,prtclclt,77,Refusal*,refused,,missing
LT,11,prtclclt,88,Don't know*,dont-know,,missing
LT,5,prtcllt,1,Lithuanian Social Democratic Party (LSDP),Lietuvos socialdemokratų partija,64,name
LT,5,prtcllt,2,Union of Russians of Lithuania (LRS),Lietuvos rusų sąjunga,168,name
LT,5,prtcllt,3,Party 'Front' (Frontas),Fronto partija / Socialistinis liaudies frontas,1250,name
LT,5,prtcllt,4,Lithuanian Centre Party (LCP),Lietuvos Centro Partija,5455,name
LT,5,prtcllt,5,Homeland Union - Lithuanian Christian Democrats (TS-LKD),Tėvynės sąjunga — Lietuvos krikščionys demokratai,193,name
LT,5,prtcllt,6,New Union (Social Liberals) (NS),Naujoji sąjunga (socialliberalai),1800,name
LT,5,prtcllt,7,Party of Civic Democracy (PDP),Pilietinės demokratijos partija,105,name
LT,5,prtcllt,8,Electoral Action of Poles in Lithuania (LLRA),Lietuvos lenkų rinkimų akcija,556,name
LT,5,prtcllt,9,National Resurrection Party (TPP),Tautos prisikėlimo partija,347,name
LT,5,prtcllt,10,Labour Party (DP),Darbo Partija,102,link
LT,5,prtcllt,12,Liberals' Movement of the Republic of Lithuania (LRLS),Lietuvos Respublikos Liberalų sąjūdis,1744,name
LT,5,prtcllt,13,Lithuanian Peasant Popular Union (LVLS),Lietuvos valstiečių ir žaliųjų sąjunga / Lietuvos valstiečių liaudininkų sąjunga,1490,name
LT,5,prtcllt,14,Party Order and Justice (TT),Tvarka ir teisingumas — Liberalų Demokratų Partija,237,name
LT,5,prtcllt,15,Liberal and Centre Union (LiCS),Liberalų ir centro sąjunga,1193,name
LT,5,prtcllt,16,Party 'Young Lithuania' (JL),Jaunoji Lietuva,1026,name
LT,5,prtcllt,17,Lithuanian Social Democratic Union (LSDS),Lietuvos socialdemokratų sąjunga,8258,link
LT,5,prtcllt,19,Lithuanian People's Union 'For the Fair Lithuania' (UTL),"Liaudies sąjunga ""Uz teisingą Lietuvą""",1409,name
LT,5,prtcllt,20,Other,other,,hand
LT,5,prtcllt,66,Not applicable*,,,missing
LT,5,prtcllt,77,Refusal*,refused,,missing
LT,5,prtcllt,88,Don't know*,dont-know,,missing
LT,6,prtvalt1,1,Liberals' Movement of the Republic of Lithuania (LRLS),Lietuvos Respublikos Liberalų sąjūdis,1744,name
LT,6,prtvalt1,2,Republican Party (RP),Republican Party (RP) [og],,hand
LT,6,prtvalt1,3,Labour Party (DP),Darbo Partija,102,link
LT,6,prtvalt1,4,Democratic Labour and Unity Party (DDVP),Democratic Labour and Unity Party (DDVP) [og],,hand
LT,6,prtvalt1,5,Homeland Union - Lithuanian Christian Democrats (TS-LKD),Tėvynės sąjunga — Lietuvos krikščionys demokratai,193,name
LT,6,prtvalt1,6,Political Party 'The Way of Courage' (DK),Drąsos Kelias,74,link
LT,6,prtvalt1,7,Electoral Action of Poles in Lithuania (LLRA),Lietuvos lenkų rinkimų akcija,556,name
LT,6,prtvalt1,8,Lithuanian Social Democratic Party (LSDP),Lietuvos socialdemokratų partija,64,name
LT,6,prtvalt1,9,Party Order and Justice (TT),Tvarka ir teisingumas — Liberalų Demokratų Partija,237,name
LT,6,prtvalt1,10,National Association 'For Lithuania in Lithuania' (ULL),Už Lietuvą Lietuvoje,8257,link
LT,6,prtvalt1,11,Christian Party (KP),Krikščionių partija,8254,link
LT,6,prtvalt1,13,Socialist People's Front (SLF),Fronto partija / Socialistinis liaudies frontas,1250,link
LT,6,prtvalt1,14,Lithuanian Peasant and Greens Union (LVZS),Lietuvos valstiečių ir žaliųjų sąjunga / Lietuvos valstiečių liaudininkų sąjunga,1490,hand
LT,6,prtvalt1,15,Party 'Young Lithuania' (JL),Jaunoji Lietuva,1026,name
LT,6,prtvalt1,16,Liberal and Centre Union (LiCS),Liberalų ir centro sąjunga,1193,name
LT,6,prtvalt1,18,Political Party 'Union Yes' (ST),Tėvynės atgimimas ir perspektyva,1806,link
LT,6,prtvalt1,44,Did not vote for a multi-member nationwide candidate list,did-not-vote,,hand
LT,6,prtvalt1,55,Don't know if voted for a multi-member nationwide candidate list,dont-know,,hand
LT,6,prtvalt1,66,Not applicable*,,,missing
LT,6,prtvalt1,77,Refusal*,refused,,missing
LT,6,prtvalt1,88,Don't know*,dont-know,,missing
LT,7,prtvalt1,1,Liberals' Movement of the Republic of Lithuania (LRLS),Lietuvos Respublikos Liberalų sąjūdis,1744,name
LT,7,prtvalt1,2,Republican Party (RP),Republican Party (RP) [og],,hand
LT,7,prtvalt1,3,Labour Party (DP),Darbo Partija,102,link
LT,7,prtvalt1,4,Democratic Labour and Unity Party (DDVP),Democratic Labour and Unity Party (DDVP) [og],,hand
LT,7,prtvalt1,5,Homeland Union - Lithuanian Christian Democrats (TS-LKD),Tėvynės sąjunga — Lietuvos krikščionys demokratai,193,name
LT,7,prtvalt1,6,Political Party 'The Way of Courage' (DK),Drąsos Kelias,74,link
LT,7,prtvalt1,7,Electoral Action of Poles in Lithuania (LLRA),Lietuvos lenkų rinkimų akcija,556,name
LT,7,prtvalt1,8,Lithuanian Social Democratic Party (LSDP),Lietuvos socialdemokratų partija,64,name
LT,7,prtvalt1,9,Party Order and Justice (TT),Tvarka ir teisingumas — Liberalų Demokratų Partija,237,name
LT,7,prtvalt1,10,National Association 'For Lithuania in Lithuania' (ULL),Už Lietuvą Lietuvoje,8257,link
LT,7,prtvalt1,11,Christian Party (KP),Krikščionių partija,8254,link
LT,7,prtvalt1,12,Lithuanian People's Party (LZP),Lietuvos žalioji partija,1407,hand
LT,7,prtvalt1,13,Socialist People's Front (SLF),Fronto partija / Socialistinis liaudies frontas,1250,link
LT,7,prtvalt1,14,Lithuanian Peasant and Greens Union (LVZS),Lietuvos valstiečių ir žaliųjų sąjunga / Lietuvos valstiečių liaudininkų sąjunga,1490,hand
LT,7,prtvalt1,15,Party 'Young Lithuania' (JL),Jaunoji Lietuva,1026,name
LT,7,prtvalt1,16,Liberal and Centre Union (LiCS),Liberalų ir centro sąjunga,1193,name
LT,7,prtvalt1,18,Political Party 'Union Yes' (ST),Tėvynės atgimimas ir perspektyva,1806,link
LT,7,prtvalt1,44,Did not vote for a multi-member nationwide candidate list,did-not-vote,,hand
LT,7,prtvalt1,55,Don't know if voted for a multi-member nationwide candidate list,dont-know,,hand
LT,7,prtvalt1,66,Not applicable*,,,missing
LT,7,prtvalt1,77,Refusal*,refused,,missing
LT,7,prtvalt1,88,Don't know*,dont-know,,missing
LT,6,prtvalt2,1,Liberals' Movement of the Republic of Lithuania (LRLS),Lietuvos Respublikos Liberalų sąjūdis,1744,name
LT,6,prtvalt2,2,Republican Party (RP),Republican Party (RP) [og],,hand
LT,6,prtvalt2,3,Labour Party (DP),Darbo Partija,102,link
LT,6,prtvalt2,4,Democratic Labour and Unity Party (DDVP),Democratic Labour and Unity Party (DDVP) [og],,hand
LT,6,prtvalt2,5,Homeland Union - Lithuanian Christian Democrats (TS-LKD),Tėvynės sąjunga — Lietuvos krikščionys demokratai,193,name
LT,6,prtvalt2,6,Political Party 'The Way of Courage' (DK),Drąsos Kelias,74,link
LT,6,prtvalt2,7,Electoral Action of Poles in Lithuania (LLRA),Lietuvos lenkų rinkimų akcija,556,name
LT,6,prtvalt2,8,Lithuanian Social Democratic Party (LSDP),Lietuvos socialdemokratų partija,64,name
LT,6,prtvalt2,9,Party Order and Justice (TT),Tvarka ir teisingumas — Liberalų Demokratų Partija,237,name
LT,6,prtvalt2,11,Lithuanian Social Democratic Union (LSDS),Lietuvos socialdemokratų sąjunga,8258,link
LT,6,prtvalt2,14,Christian Party (KP),Krikščionių partija,8254,link
LT,6,prtvalt2,16,Socialist People's Front (SLF),Fronto partija / Socialistinis liaudies frontas,1250,link
LT,6,prtvalt2,17,Lithuanian Peasant and Greens Union (LVZS),Lietuvos valstiečių ir žaliųjų sąjunga / Lietuvos valstiečių liaudininkų sąjunga,1490,hand
LT,6,prtvalt2,18,Party 'Young Lithuania' (JL),Jaunoji Lietuva,1026,name
LT,6,prtvalt2,19,Liberal and Centre Union (LiCS),Liberalų ir centro sąjunga,1193,name
LT,6,prtvalt2,21,Political Party 'Union Yes' (ST),Tėvynės atgimimas ir perspektyva,1806,link
LT,6,prtvalt2,23,Lithuanian Pensioners' Party (LPP),Lithuanian Pensioners' Party,8255,link
LT,6,prtvalt2,28,Independent/Self-Nominated,independent,,hand
LT,6,prtvalt2,44,Did not vote for a single-member constituency candidate list,did-not-vote,,hand
LT,6,prtvalt2,55,Don't know if voted for a single-member constituency candidate list,dont-know,,hand
LT,6,prtvalt2,66,Not applicable*,,,missing
LT,6,prtvalt2,77,Refusal*,refused,,missing
LT,6,prtvalt2,88,Don't know*,dont-know,,missing
LT,7,prtvalt2,1,Liberals' Movement of the Republic of Lithuania (LRLS),Lietuvos Respublikos Liberalų sąjūdis,1744,name
LT,7,prtvalt2,2,Republican Party (RP),Republican Party (RP) [og],,hand
LT,7,prtvalt2,3,Labour Party (DP),Darbo Partija,102,link
LT,7,prtvalt2,4,Democratic Labour and Unity Party (DDVP),Democratic Labour and Unity Party (DDVP) [og],,hand
LT,7,prtvalt2,5,Homeland Union - Lithuanian Christian Democrats (TS-LKD),Tėvynės sąjunga — Lietuvos krikščionys demokratai,193,name
LT,7,prtvalt2,6,Political Party 'The Way of Courage' (DK),Drąsos Kelias,74,link
LT,7,prtvalt2,7,Electoral Action of Poles in Lithuania (LLRA),Lietuvos lenkų rinkimų akcija,556,name
LT,7,prtvalt2,8,Lithuanian Social Democratic Party (LSDP),Lietuvos socialdemokratų partija,64,name
LT,7,prtvalt2,9,Party Order and Justice (TT),Tvarka ir teisingumas — Liberalų Demokratų Partija,237,name
LT,7,prtvalt2,10,Lithuanian Centre Party (LCP),Lietuvos Centro Partija,5455,name
LT,7,prtvalt2,11,Lithuanian Social Democratic Union (LSDS),Lietuvos socialdemokratų sąjunga,8258,link
LT,7,prtvalt2,13,National Unity Union (TVS),National Unity Union (TVS) [og],,hand
LT,7,prtvalt2,15,Lithuanian People's Party (LZP),Lietuvos žalioji partija,1407,hand
LT,7,prtvalt2,17,Lithuanian Peasant and Greens Union (LVZS),Lietuvos valstiečių ir žaliųjų sąjunga / Lietuvos valstiečių liaudininkų sąjunga,1490,hand
LT,7,prtvalt2,18,Party 'Young Lithuania' (JL),Jaunoji Lietuva,1026,name
LT,7,prtvalt2,19,Liberal and Centre Union (LiCS),Liberalų ir centro sąjunga,1193,name
LT,7,prtvalt2,21,Political Party 'Union Yes' (ST),Tėvynės atgimimas ir perspektyva,1806,link
LT,7,prtvalt2,25,Political Party 'Lithuanian Green Movement' (LZS),Lietuvos žalioji partija,1407,hand
LT,7,prtvalt2,28,Independent/Self-Nominated,independent,,hand
LT,7,prtvalt2,44,Did not vote for a single-member constituency candidate list,did-not-vote,,hand
LT,7,prtvalt2,55,Don't know if voted for a single-member constituency candidate list,dont-know,,hand
LT,7,prtvalt2,66,Not applicable*,,,missing
LT,7,prtvalt2,77,Refusal*,refused,,missing
LT,7,prtvalt2,88,Don't know*,dont-know,,missing
LT,6,prtvalt3,1,Liberals' Movement of the Republic of Lithuania (LRLS),Lietuvos Respublikos Liberalų sąjūdis,1744,name
LT,6,prtvalt3,2,Republican Party (RP),Republican Party (RP) [og],,hand
LT,6,prtvalt3,3,Labour Party (DP),Darbo Partija,102,link
LT,6,prtvalt3,4,Democratic Labour and Unity Party (DDVP),Democratic Labour and Unity Party (DDVP) [og],,hand
LT,6,prtvalt3,5,Homeland Union - Lithuanian Christian Democrats (TS-LKD),Tėvynės sąjunga — Lietuvos krikščionys demokratai,193,name
LT,6,prtvalt3,6,Political Party 'The Way of Courage' (DK),Drąsos Kelias,74,link
LT,6,prtvalt3,7,Electoral Action of Poles in Lithuania (LLRA),Lietuvos lenkų rinkimų akcija,556,name
LT,6,prtvalt3,8,Lithuanian Social Democratic Party (LSDP),Lietuvos socialdemokratų partija,64,name
LT,6,prtvalt3,9,Party Order and Justice (TT),Tvarka ir teisingumas — Liberalų Demokratų Partija,237,name
LT,6,prtvalt3,11,Lithuanian Social Democratic Union (LSDS),Lietuvos socialdemokratų sąjunga,8258,link
LT,6,prtvalt3,14,Christian Party (KP),Krikščionių partija,8254,link
LT,6,prtvalt3,17,Lithuanian Peasant and Greens Union (LVZS),Lietuvos valstiečių ir žaliųjų sąjunga / Lietuvos valstiečių liaudininkų sąjunga,1490,hand
LT,6,prtvalt3,18,Party 'Young Lithuania' (JL),Jaunoji Lietuva,1026,name
LT,6,prtvalt3,19,Liberal and Centre Union (LiCS),Liberalų ir centro sąjunga,1193,name
LT,6,prtvalt3,21,Political Party 'Union Yes' (ST),Tėvynės atgimimas ir perspektyva,1806,link
LT,6,prtvalt3,28,Independent/Self-Nominated,independent,,hand
LT,6,prtvalt3,33,No 2nd round in single-member constituency,did-not-vote,,hand
LT,6,prtvalt3,44,"Did not vote for a single-member constituency candidate list, 2nd round",did-not-vote,,hand
LT,6,prtvalt3,55,"Don't know if voted for a single-member constituency candidate list, 2nd round",dont-know,,hand
LT,6,prtvalt3,66,Not applicable*,,,missing
LT,6,prtvalt3,77,Refusal*,refused,,missing
LT,6,prtvalt3,88,Don't know*,dont-know,,missing
LT,7,prtvalt3,1,Liberals' Movement of the Republic of Lithuania (LRLS),Lietuvos Respublikos Liberalų sąjūdis,1744,name
LT,7,prtvalt3,3,Labour Party (DP),Darbo Partija,102,link
LT,7,prtvalt3,4,Democratic Labour and Unity Party (DDVP),Democratic Labour and Unity Party (DDVP) [og],,hand
LT,7,prtvalt3,5,Homeland Union - Lithuanian Christian Democrats (TS-LKD),Tėvynės sąjunga — Lietuvos krikščionys demokratai,193,name
LT,7,prtvalt3,6,Political Party 'The Way of Courage' (DK),Drąsos Kelias,74,link
LT,7,prtvalt3,7,Electoral Action of Poles in Lithuania (LLRA),Lietuvos lenkų rinkimų akcija,556,name
LT,7,prtvalt3,8,Lithuanian Social Democratic Party (LSDP),Lietuvos socialdemokratų partija,64,name
LT,7,prtvalt3,9,Party Order and Justice (TT),Tvarka ir teisingumas — Liberalų Demokratų Partija,237,name
LT,7,prtvalt3,10,Lithuanian Centre Party (LCP),Lietuvos Centro Partija,5455,name
LT,7,prtvalt3,11,Lithuanian Social Democratic Union (LSDS),Lietuvos socialdemokratų sąjunga,8258,link
LT,7,prtvalt3,13,National Unity Union (TVS),National Unity Union (TVS) [og],,hand
LT,7,prtvalt3,16,Socialist People's Front (SLF),Fronto partija / Socialistinis liaudies frontas,1250,link
LT,7,prtvalt3,17,Lithuanian Peasant and Greens Union (LVZS),Lietuvos valstiečių ir žaliųjų sąjunga / Lietuvos valstiečių liaudininkų sąjunga,1490,hand
LT,7,prtvalt3,19,Liberal and Centre Union (LiCS),Liberalų ir centro sąjunga,1193,name
LT,7,prtvalt3,21,Political Party 'Union Yes' (ST),Tėvynės atgimimas ir perspektyva,1806,link
LT,7,prtvalt3,28,Independent/Self-Nominated,independent,,hand
LT,7,prtvalt3,33,No 2nd round in single-member constituency,did-not-vote,,hand
LT,7,prtvalt3,44,"Did not vote for a single-member constituency candidate list, 2nd round",did-not-vote,,hand
LT,7,prtvalt3,55,"Don't know if voted for a single-member constituency candidate list, 2nd round",dont-know,,hand
LT,7,prtvalt3,66,Not applicable*,,,missing
LT,7,prtvalt3,77,Refusal*,refused,,missing
LT,7,prtvalt3,88,Don't know*,dont-know,,missing
LT,8,prtvblt1,1,Lithuanian Social Democratic Party (LSDP),Lietuvos socialdemokratų partija,64,name
LT,8,prtvblt1,2,Homeland Union - Lithuanian Christian Democrats (TS-LKD),Tėvynės sąjunga — Lietuvos krikščionys demokratai,193,name
LT,8,prtvblt1,3,Lithuanian Freedom Union (Liberals) (LLSL),Lietuvos Laisvės Sąjunga (Liberalai),5456,link
LT,8,prtvblt1,4,"Coalition of S. Buškevičius and the Nationalists 'Against corruption and poverty' (Party 'Young Lithuania', Nationalis","Coalition of S. Buškevičius and the Nationalists 'Against corruption and poverty' (Party 'Young Lithuania', Nationalis [og]",,hand
LT,8,prtvblt1,5,Party Order and Justice (TT),Tvarka ir teisingumas — Liberalų Demokratų Partija,237,name
LT,8,prtvblt1,6,Lithuanian Peasant and Greens Union (LVZS),Lietuvos valstiečių ir žaliųjų sąjunga / Lietuvos valstiečių liaudininkų sąjunga,1490,hand
LT,8,prtvblt1,7,Liberals' Movement of the Republic of Lithuania (LRLS),Lietuvos Respublikos Liberalų sąjūdis,1744,name
LT,8,prtvblt1,8,Labour Party (DP),Darbo Partija,102,link
LT,8,prtvblt1,9,Political Party 'The Way of Courage' (DK),Drąsos Kelias,74,link
LT,8,prtvblt1,11,Electoral Action of Poles in Lithuania-Christian Families Alliance (LLRA-KSS),Lietuvos lenkų rinkimų akcija,556,hand
LT,8,prtvblt1,12,Lithuanian Greens Party (LZP),Lietuvos žalioji partija,1407,link
LT,8,prtvblt1,13,Political Party 'List of Lithuania' (LS),"Politinė partija ""Lietuvos sąrašas""",6738,link
LT,8,prtvblt1,14,"Anti-corruption coalition of K. Krivickas and N. Puteikis (Lithuanian Centre Party, Lithuanian Pensioners' Party) (APKK)","Anti-corruption coalition of K. Krivickas and N. Puteikis (Lithuanian Centre Party, Lithuanian Pensioners' Party) (APKK) [og]",,hand
LT,8,prtvblt1,61,Did not vote for a multi-member nationwide candidate list,did-not-vote,,hand
LT,8,prtvblt1,62,Refused to tell if voted for a multi-member nationwide candidate list,refused,,hand
LT,8,prtvblt1,63,Don't know if voted for a multi-member nationwide candidate list,dont-know,,hand
LT,8,prtvblt1,66,Not applicable*,,,missing
LT,8,prtvblt1,77,Refusal*,refused,,missing
LT,8,prtvblt1,88,Don't know*,dont-know,,missing
LT,9,prtvblt1,1,Lithuanian Social Democratic Party (LSDP),Lietuvos socialdemokratų partija,64,name
LT,9,prtvblt1,2,Homeland Union - Lithuanian Christian Democrats (TS-LKD),Tėvynės sąjunga — Lietuvos krikščionys demokratai,193,name
LT,9,prtvblt1,3,Lithuanian Freedom Union (Liberals) (LLSL),Lietuvos Laisvės Sąjunga (Liberalai),5456,link
LT,9,prtvblt1,4,"Coalition of S. Buškevičius and the Nationalists 'Against corruption and poverty' (Party 'Young Lithuania', Nationalis","Coalition of S. Buškevičius and the Nationalists 'Against corruption and poverty' (Party 'Young Lithuania', Nationalis [og]",,hand
LT,9,prtvblt1,5,Party Order and Justice (TT),Tvarka ir teisingumas — Liberalų Demokratų Partija,237,name
LT,9,prtvblt1,6,Lithuanian Peasant and Greens Union (LVZS),Lietuvos valstiečių ir žaliųjų sąjunga / Lietuvos valstiečių liaudininkų sąjunga,1490,hand
LT,9,prtvblt1,7,Liberals' Movement of the Republic of Lithuania (LRLS),Lietuvos Respublikos Liberalų sąjūdis,1744,name
LT,9,prtvblt1,8,Labour Party (DP),Darbo Partija,102,link
LT,9,prtvblt1,9,Political Party 'The Way of Courage' (DK),Drąsos Kelias,74,link
LT,9,prtvblt1,10,Lithuanian People's Party (LLP),Lietuvos liaudies partija,8256,link
LT,9,prtvblt1,11,Electoral Action of Poles in Lithuania-Christian Families Alliance (LLRA-KSS),Lietuvos lenkų rinkimų akcija,556,hand
LT,9,prtvblt1,12,Lithuanian Greens Party (LZP),Lietuvos žalioji partija,1407,link
LT,9,prtvblt1,13,Political Party 'List of Lithuania' (LS),"Politinė partija ""Lietuvos sąrašas""",6738,link
LT,9,prtvblt1,14,"Anti-corruption coalition of K. Krivickas and N. Puteikis (Lithuanian Centre Party, Lithuanian Pensioners' Party) (APKK)","Anti-corruption coalition of K. Krivickas and N. Puteikis (Lithuanian Centre Party, Lithuanian Pensioners' Party) (APKK) [og]",,hand
LT,9,prtvblt1,61,Did not vote for a multi-member nationwide candidate list,did-not-vote,,hand
LT,9,prtvblt1,62,Refused to tell if voted for a multi-member nationwide candidate list,refused,,hand
LT,9,prtvblt1,63,Don't know if voted for a multi-member nationwide candidate list,dont-know,,hand
LT,9,prtvblt1,66,Not applicable*,,,missing
LT,9,prtvblt1,77,Refusal*,refused,,missing
LT,9,prtvblt1,88,Don't know*,dont-know,,missing
LT,8,prtvblt2,1,Lithuanian Social Democratic Party (LSDP),Lietuvos socialdemokratų partija,64,name
LT,8,prtvblt2,2,Homeland Union - Lithuanian Christian Democrats (TS-LKD),Tėvynės sąjunga — Lietuvos krikščionys demokratai,193,name
LT,8,prtvblt2,3,Lithuanian Freedom Union (Liberals) (LLSL),Lietuvos Laisvės Sąjunga (Liberalai),5456,link
LT,8,prtvblt2,4,Party 'Young Lithuania' (JL),Jaunoji Lietuva,1026,name
LT,8,prtvblt2,6,Party Order and Justice (TT),Tvarka ir teisingumas — Liberalų Demokratų Partija,237,name
LT,8,prtvblt2,7,Lithuanian Peasant and Greens Union (LVZS),Lietuvos valstiečių ir žaliųjų sąjunga / Lietuvos valstiečių liaudininkų sąjunga,1490,hand
LT,8,prtvblt2,8,Liberals' Movement of the Republic of Lithuania (LRLS),Lietuvos Respublikos Liberalų sąjūdis,1744,name
LT,8,prtvblt2,9,Labour Party (DP),Darbo Partija,102,link
LT,8,prtvblt2,10,Political Party 'The Way of Courage' (DK),Drąsos Kelias,74,link
LT,8,prtvblt2,11,Lithuanian People's Party (LLP),Lietuvos liaudies partija,8256,link
LT,8,prtvblt2,12,Electoral Action of Poles in Lithuania-Christian Families Alliance (LLRA-KSS),Lietuvos lenkų rinkimų akcija,556,hand
LT,8,prtvblt2,13,Lithuanian Greens Party (LZP),Lietuvos žalioji partija,1407,link
LT,8,prtvblt2,14,Political Party 'List of Lithuania' (LS),"Politinė partija ""Lietuvos sąrašas""",6738,link
LT,8,prtvblt2,15,Lithuanian Centre Party (LCP),Lietuvos Centro Partija,5455,name
LT,8,prtvblt2,17,Independent/Self-Nominated,independent,,hand
LT,8,prtvblt2,61,Did not vote for a single-member constituency candidate list,did-not-vote,,hand
LT,8,prtvblt2,62,Refused to tell if voted for a single-member constituency candidate list,refused,,hand
LT,8,prtvblt2,63,Don't know if voted for a single-member constituency candidate list,dont-know,,hand
LT,8,prtvblt2,66,Not applicable*,,,missing
LT,8,prtvblt2,77,Refusal*,refused,,missing
LT,8,prtvblt2,88,Don't know*,dont-know,,missing
LT,9,prtvblt2,1,Lithuanian Social Democratic Party (LSDP),Lietuvos socialdemokratų partija,64,name
LT,9,prtvblt2,2,Homeland Union - Lithuanian Christian Democrats (TS-LKD),Tėvynės sąjunga — Lietuvos krikščionys demokratai,193,name
LT,9,prtvblt2,3,Lithuanian Freedom Union (Liberals) (LLSL),Lietuvos Laisvės Sąjunga (Liberalai),5456,link
LT,9,prtvblt2,4,Party 'Young Lithuania' (JL),Jaunoji Lietuva,1026,name
LT,9,prtvblt2,5,Nationalist Union (TS),Lietuvių tautininkų ir respublikonų sąjunga,9107,hand
LT,9,prtvblt2,6,Party Order and Justice (TT),Tvarka ir teisingumas — Liberalų Demokratų Partija,237,name
LT,9,prtvblt2,7,Lithuanian Peasant and Greens Union (LVZS),Lietuvos valstiečių ir žaliųjų sąjunga / Lietuvos valstiečių liaudininkų sąjunga,1490,hand
LT,9,prtvblt2,8,Liberals' Movement of the Republic of Lithuania (LRLS),Lietuvos Respublikos Liberalų sąjūdis,1744,name
LT,9,prtvblt2,9,Labour Party (DP),Darbo Partija,102,link
LT,9,prtvblt2,10,Political Party 'The Way of Courage' (DK),Drąsos Kelias,74,link
LT,9,prtvblt2,12,Electoral Action of Poles in Lithuania-Christian Families Alliance (LLRA-KSS),Lietuvos lenkų rinkimų akcija,556,hand
LT,9,prtvblt2,13,Lithuanian Greens Party (LZP),Lietuvos žalioji partija,1407,link
LT,9,prtvblt2,15,Lithuanian Centre Party (LCP),Lietuvos Centro Partija,5455,name
LT,9,prtvblt2,16,Lithuanian Pensioners' Party (LPP),Lithuanian Pensioners' Party,8255,link
LT,9,prtvblt2,17,Independent/Self-Nominated,independent,,hand
LT,9,prtvblt2,61,Did not vote for a single-member constituency candidate list,did-not-vote,,hand
LT,9,prtvblt2,62,Refused to tell if voted for a single-member constituency candidate list,refused,,hand
LT,9,prtvblt2,63,Don't know if voted for a single-member constituency candidate list,dont-know,,hand
LT,9,prtvblt2,66,Not applicable*,,,missing
LT,9,prtvblt2,77,Refusal*,refused,,missing
LT,9,prtvblt2,88,Don't know*,dont-know,,missing
LT,9,prtvblt2,99,No answer*,,,missing
LT,8,prtvblt3,1,Lithuanian Social Democratic Party (LSDP),Lietuvos socialdemokratų partija,64,name
LT,8,prtvblt3,2,Homeland Union - Lithuanian Christian Democrats (TS-LKD),Tėvynės sąjunga — Lietuvos krikščionys demokratai,193,name
LT,8,prtvblt3,3,Lithuanian Freedom Union (Liberals) (LLSL),Lietuvos Laisvės Sąjunga (Liberalai),5456,link
LT,8,prtvblt3,4,Party 'Young Lithuania' (JL),Jaunoji Lietuva,1026,name
LT,8,prtvblt3,5,Nationalist Union (TS),Lietuvių tautininkų ir respublikonų sąjunga,9107,hand
LT,8,prtvblt3,6,Party Order and Justice (TT),Tvarka ir teisingumas — Liberalų Demokratų Partija,237,name
LT,8,prtvblt3,7,Lithuanian Peasant and Greens Union (LVZS),Lietuvos valstiečių ir žaliųjų sąjunga / Lietuvos valstiečių liaudininkų sąjunga,1490,hand
LT,8,prtvblt3,8,Liberals' Movement of the Republic of Lithuania (LRLS),Lietuvos Respublikos Liberalų sąjūdis,1744,name
LT,8,prtvblt3,9,Labour Party (DP),Darbo Partija,102,link
LT,8,prtvblt3,11,Lithuanian People's Party (LLP),Lietuvos liaudies partija,8256,link
LT,8,prtvblt3,12,Electoral Action of Poles in Lithuania-Christian Families Alliance (LLRA-KSS),Lietuvos lenkų rinkimų akcija,556,hand
LT,8,prtvblt3,13,Lithuanian Greens Party (LZP),Lietuvos žalioji partija,1407,link
LT,8,prtvblt3,15,Lithuanian Centre Party (LCP),Lietuvos Centro Partija,5455,name
LT,8,prtvblt3,17,Independent/Self-Nominated,independent,,hand
LT,8,prtvblt3,60,No 2nd round in single-member constituency,did-not-vote,,hand
LT,8,prtvblt3,61,"Did not vote for a single-member constituency candidate list, 2nd round",did-not-vote,,hand
LT,8,prtvblt3,62,"Refused to tell if voted for a single-member constituency candidate list, 2nd round",refused,,hand
LT,8,prtvblt3,63,"Don't know if voted for a single-member constituency candidate list, 2nd round",dont-know,,hand
LT,8,prtvblt3,66,Not applicable*,,,missing
LT,8,prtvblt3,77,Refusal*,refused,,missing
LT,8,prtvblt3,88,Don't know*,dont-know,,missing
LT,9,prtvblt3,1,Lithuanian Social Democratic Party (LSDP),Lietuvos socialdemokratų partija,64,name
LT,9,prtvblt3,2,Homeland Union - Lithuanian Christian Democrats (TS-LKD),Tėvynės sąjunga — Lietuvos krikščionys demokratai,193,name
LT,9,prtvblt3,3,Lithuanian Freedom Union (Liberals) (LLSL),Lietuvos Laisvės Sąjunga (Liberalai),5456,link
LT,9,prtvblt3,4,Party 'Young Lithuania' (JL),Jaunoji Lietuva,1026,name
LT,9,prtvblt3,5,Nationalist Union (TS),Lietuvių tautininkų ir respublikonų sąjunga,9107,hand
LT,9,prtvblt3,6,Party Order and Justice (TT),Tvarka ir teisingumas — Liberalų Demokratų Partija,237,name
LT,9,prtvblt3,7,Lithuanian Peasant and Greens Union (LVZS),Lietuvos valstiečių ir žaliųjų sąjunga / Lietuvos valstiečių liaudininkų sąjunga,1490,hand
LT,9,prtvblt3,8,Liberals' Movement of the Republic of Lithuania (LRLS),Lietuvos Respublikos Liberalų sąjūdis,1744,name
LT,9,prtvblt3,9,Labour Party (DP),Darbo Partija,102,link
LT,9,prtvblt3,10,Political Party 'The Way of Courage' (DK),Drąsos Kelias,74,link
LT,9,prtvblt3,12,Electoral Action of Poles in Lithuania-Christian Families Alliance (LLRA-KSS),Lietuvos lenkų rinkimų akcija,556,hand
LT,9,prtvblt3,13,Lithuanian Greens Party (LZP),Lietuvos žalioji partija,1407,link
LT,9,prtvblt3,14,Political Party 'List of Lithuania' (LS),"Politinė partija ""Lietuvos sąrašas""",6738,link
LT,9,prtvblt3,15,Lithuanian Centre Party (LCP),Lietuvos Centro Partija,5455,name
LT,9,prtvblt3,17,Independent/Self-Nominated,independent,,hand
LT,9,prtvblt3,61,"Did not vote for a single-member constituency candidate list, 2nd round",did-not-vote,,hand
LT,9,prtvblt3,62,"Refused to tell if voted for a single-member constituency candidate list, 2nd round",refused,,hand
LT,9,prtvblt3,63,"Don't know if voted for a single-member constituency candidate list, 2nd round",dont-know,,hand
LT,9,prtvblt3,66,Not applicable*,,,missing
LT,9,prtvblt3,77,Refusal*,refused,,missing
LT,9,prtvblt3,88,Don't know*,dont-know,,missing
LT,9,prtvblt3,99,No answer*,,,missing
LT,10,prtvclt1,1,Political Party 'The Way of Courage' (DK),Drąsos Kelias,74,link
LT,10,prtvclt1,2,Party 'Freedom and Justice' (LT),Lietuvos Laisvės Sąjunga (Liberalai),5456,link
LT,10,prtvclt1,3,Freedom Party (LP),Laisvės partija,8982,link
LT,10,prtvclt1,4,Lithuanian People's Party (LLP),Lietuvos liaudies partija,8256,link
LT,10,prtvclt1,5,Homeland Union - Lithuanian Christian Democrats (TS-LKD),Tėvynės sąjunga — Lietuvos krikščionys demokratai,193,name
LT,10,prtvclt1,6,Centre Party - Nationalists (CPT),Lietuvos Centro Partija,5455,hand
LT,10,prtvclt1,7,National Alliance (NS),https://en.wikipedia.org/wiki/National_Alliance_(Lithuania),9096,link
LT,10,prtvclt1,8,Electoral Action of Poles in Lithuania-Christian Families Alliance (LLRA-KSS),Lietuvos lenkų rinkimų akcija,556,hand
LT,10,prtvclt1,9,Social Democratic Labour Party of Lithuania (LSDDP),Lietuvos socialdemokratų darbo partija — Lietuvos regionų partija,7352,link
LT,10,prtvclt1,10,Union of Intergenerational Solidarity - Cohesion for Lithuania (KSSL),Union of Intergenerational Solidarity - Cohesion for Lithuania (KSSL) [og],,hand
LT,10,prtvclt1,11,Party 'Lithuania - For everyone' (LV),Party 'Lithuania - For everyone' (LV) [og],,hand
LT,10,prtvclt1,12,Liberals' Movement of the Republic of Lithuania (LRLS),Lietuvos Respublikos Liberalų sąjūdis,1744,name
LT,10,prtvclt1,13,Lithuanian Peasant and Greens Union (LVZS),Lietuvos valstiečių ir žaliųjų sąjunga / Lietuvos valstiečių liaudininkų sąjunga,1490,hand
LT,10,prtvclt1,14,Lithuanian Greens Party (LZP),Lietuvos žalioji partija,1407,link
LT,10,prtvclt1,15,Christian Union (KS),Christian Union (KS) [og],,hand
LT,10,prtvclt1,16,Labour Party (DP),Darbo Partija,102,link
LT,10,prtvclt1,17,Lithuanian Social Democratic Party (LSDP),Lietuvos socialdemokratų partija,64,name
LT,10,prtvclt1,66,Not applicable*,,,missing
LT,10,prtvclt1,77,Refusal*,refused,,missing
LT,10,prtvclt1,88,Don't know*,dont-know,,missing
LT,10,prtvclt1,99,No answer*,,,missing
LT,11,prtvclt1,1,Political Party 'The Way of Courage' (DK),Drąsos Kelias,74,link
LT,11,prtvclt1,2,Party 'Freedom and Justice' (LT),Lietuvos Laisvės Sąjunga (Liberalai),5456,link
LT,11,prtvclt1,3,Freedom Party (LP),Laisvės partija,8982,link
LT,11,prtvclt1,4,Lithuanian People's Party (LLP),Lietuvos liaudies partija,8256,link
LT,11,prtvclt1,5,Homeland Union - Lithuanian Christian Democrats (TS-LKD),Tėvynės sąjunga — Lietuvos krikščionys demokratai,193,name
LT,11,prtvclt1,6,Centre Party - Nationalists (CPT),Lietuvos Centro Partija,5455,hand
LT,11,prtvclt1,7,National Alliance (NS),https://en.wikipedia.org/wiki/National_Alliance_(Lithuania),9096,link
LT,11,prtvclt1,8,Electoral Action of Poles in Lithuania-Christian Families Alliance (LLRA-KSS),Lietuvos lenkų rinkimų akcija,556,hand
LT,11,prtvclt1,9,Social Democratic Labour Party of Lithuania (LSDDP),Lietuvos socialdemokratų darbo partija — Lietuvos regionų partija,7352,link
LT,11,prtvclt1,10,Union of Intergenerational Solidarity - Cohesion for Lithuania (KSSL),Union of Intergenerational Solidarity - Cohesion for Lithuania (KSSL) [og],,hand
LT,11,prtvclt1,11,Party 'Lithuania - For everyone' (LV),Party 'Lithuania - For everyone' (LV) [og],,hand
LT,11,prtvclt1,12,Liberals' Movement of the Republic of Lithuania (LRLS),Lietuvos Respublikos Liberalų sąjūdis,1744,name
LT,11,prtvclt1,13,Lithuanian Peasant and Greens Union (LVZS),Lietuvos valstiečių ir žaliųjų sąjunga / Lietuvos valstiečių liaudininkų sąjunga,1490,hand
LT,11,prtvclt1,14,Lithuanian Greens Party (LZP),Lietuvos žalioji partija,1407,link
LT,11,prtvclt1,15,Christian Union (KS),Christian Union (KS) [og],,hand
LT,11,prtvclt1,16,Labour Party (DP),Darbo Partija,102,link
LT,11,prtvclt1,17,Lithuanian Social Democratic Party (LSDP),Lietuvos socialdemokratų partija,64,name
LT,11,prtvclt1,66,Not applicable*,,,missing
LT,11,prtvclt1,77,Refusal*,refused,,missing
LT,11,prtvclt1,88,Don't know*,dont-know,,missing
LT,10,prtvclt2,1,Political Party 'The Way of Courage' (DK),Drąsos Kelias,74,link
LT,10,prtvclt2,3,Freedom Party (LP),Laisvės partija,8982,link
LT,10,prtvclt2,5,Homeland Union - Lithuanian Christian Democrats (TS-LKD),Tėvynės sąjunga — Lietuvos krikščionys demokratai,193,name
LT,10,prtvclt2,7,National Alliance (NS),https://en.wikipedia.org/wiki/National_Alliance_(Lithuania),9096,link
LT,10,prtvclt2,9,Social Democratic Labour Party of Lithuania (LSDDP),Lietuvos socialdemokratų darbo partija — Lietuvos regionų partija,7352,link
LT,10,prtvclt2,13,Lithuanian Peasant and Greens Union (LVZS),Lietuvos valstiečių ir žaliųjų sąjunga / Lietuvos valstiečių liaudininkų sąjunga,1490,hand
LT,10,prtvclt2,16,Labour Party (DP),Darbo Partija,102,link
LT,10,prtvclt2,17,Lithuanian Social Democratic Party (LSDP),Lietuvos socialdemokratų partija,64,name
LT,10,prtvclt2,18,Political Party 'List of Lithuania' (LS),"Politinė partija ""Lietuvos sąrašas""",6738,link
LT,10,prtvclt2,66,Not applicable*,,,missing
LT,10,prtvclt2,77,Refusal*,refused,,missing
LT,10,prtvclt2,88,Don't know*,dont-know,,missing
LT,10,prtvclt2,99,No answer*,,,missing
LT,11,prtvclt2,1,Political Party 'The Way of Courage' (DK),Drąsos Kelias,74,link
LT,11,prtvclt2,2,Party 'Freedom and Justice' (LT),Lietuvos Laisvės Sąjunga (Liberalai),5456,link
LT,11,prtvclt2,3,Freedom Party (LP),Laisvės partija,8982,link
LT,11,prtvclt2,5,Homeland Union - Lithuanian Christian Democrats (TS-LKD),Tėvynės sąjunga — Lietuvos krikščionys demokratai,193,name
LT,11,prtvclt2,9,Social Democratic Labour Party of Lithuania (LSDDP),Lietuvos socialdemokratų darbo partija — Lietuvos regionų partija,7352,link
LT,11,prtvclt2,11,Party 'Lithuania - For everyone' (LV),Party 'Lithuania - For everyone' (LV) [og],,hand
LT,11,prtvclt2,12,Liberals' Movement of the Republic of Lithuania (LRLS),Lietuvos Respublikos Liberalų sąjūdis,1744,name
LT,11,prtvclt2,13,Lithuanian Peasant and Greens Union (LVZS),Lietuvos valstiečių ir žaliųjų sąjunga / Lietuvos valstiečių liaudininkų sąjunga,1490,hand
LT,11,prtvclt2,14,Lithuanian Greens Party (LZP),Lietuvos žalioji partija,1407,link
LT,11,prtvclt2,16,Labour Party (DP),Darbo Partija,102,link
LT,11,prtvclt2,17,Lithuanian Social Democratic Party (LSDP),Lietuvos socialdemokratų partija,64,name
LT,11,prtvclt2,66,Not applicable*,,,missing
LT,11,prtvclt2,77,Refusal*,refused,,missing
LT,11,prtvclt2,88,Don't know*,dont-know,,missing
LT,10,prtvclt3,5,Homeland Union - Lithuanian Christian Democrats (TS-LKD),Tėvynės sąjunga — Lietuvos krikščionys demokratai,193,name
LT,10,prtvclt3,7,National Alliance (NS),https://en.wikipedia.org/wiki/National_Alliance_(Lithuania),9096,link
LT,10,prtvclt3,9,Social Democratic Labour Party of Lithuania (LSDDP),Lietuvos socialdemokratų darbo partija — Lietuvos regionų partija,7352,link
LT,10,prtvclt3,12,Liberals' Movement of the Republic of Lithuania (LRLS),Lietuvos Respublikos Liberalų sąjūdis,1744,name
LT,10,prtvclt3,13,Lithuanian Peasant and Greens Union (LVZS),Lietuvos valstiečių ir žaliųjų sąjunga / Lietuvos valstiečių liaudininkų sąjunga,1490,hand
LT,10,prtvclt3,14,Lithuanian Greens Party (LZP),Lietuvos žalioji partija,1407,link
LT,10,prtvclt3,17,Lithuanian Social Democratic Party (LSDP),Lietuvos socialdemokratų partija,64,name
LT,10,prtvclt3,66,Not applicable*,,,missing
LT,10,prtvclt3,77,Refusal*,refused,,missing
LT,10,prtvclt3,88,Don't know*,dont-know,,missing
LT,10,prtvclt3,99,No answer*,,,missing
LT,11,prtvclt3,3,Freedom Party (LP),Laisvės partija,8982,link
LT,11,prtvclt3,5,Homeland Union - Lithuanian Christian Democrats (TS-LKD),Tėvynės sąjunga — Lietuvos krikščionys demokratai,193,name
LT,11,prtvclt3,8,Electoral Action of Poles in Lithuania-Christian Families Alliance (LLRA-KSS),Lietuvos lenkų rinkimų akcija,556,hand
LT,11,prtvclt3,13,Lithuanian Peasant and Greens Union (LVZS),Lietuvos valstiečių ir žaliųjų sąjunga / Lietuvos valstiečių liaudininkų sąjunga,1490,hand
LT,11,prtvclt3,17,Lithuanian Social Democratic Party (LSDP),Lietuvos socialdemokratų partija,64,name
LT,11,prtvclt3,66,Not applicable*,,,missing
LT,11,prtvclt3,77,Refusal*,refused,,missing
LT,11,prtvclt3,88,Don't know*,dont-know,,missing
LT,5,prtvlt1,1,Lithuanian Social Democratic Party (LSDP),Lietuvos socialdemokratų partija,64,name
LT,5,prtvlt1,2,Union of Russians of Lithuania (LRS),Lietuvos rusų sąjunga,168,name
LT,5,prtvlt1,3,Party 'Front' (Frontas),Fronto partija / Socialistinis liaudies frontas,1250,name
LT,5,prtvlt1,4,Lithuanian Centre Party (LCP),Lietuvos Centro Partija,5455,name
LT,5,prtvlt1,5,Homeland Union - Lithuanian Christian Democrats (TS-LKD),Tėvynės sąjunga — Lietuvos krikščionys demokratai,193,name
LT,5,prtvlt1,6,New Union (Social Liberals) (NS),Naujoji sąjunga (socialliberalai),1800,name
LT,5,prtvlt1,7,Party of Civic Democracy (PDP),Pilietinės demokratijos partija,105,name
LT,5,prtvlt1,8,Electoral Action of Poles in Lithuania (LLRA),Lietuvos lenkų rinkimų akcija,556,name
LT,5,prtvlt1,9,National Resurrection Party (TPP),Tautos prisikėlimo partija,347,name
LT,5,prtvlt1,10,The Coalition Labour Party + Youth,Koalicija Darbo partija + Jaunimas,8279,name
LT,5,prtvlt1,11,Liberals' Movement of the Republic of Lithuania (LRLS),Lietuvos Respublikos Liberalų sąjūdis,1744,name
LT,5,prtvlt1,12,Lithuanian Peasant Popular Union (LVLS),Lietuvos valstiečių ir žaliųjų sąjunga / Lietuvos valstiečių liaudininkų sąjunga,1490,name
LT,5,prtvlt1,13,Party Order and Justice (TT),Tvarka ir teisingumas — Liberalų Demokratų Partija,237,name
LT,5,prtvlt1,14,Liberal and Centre Union (LiCS),Liberalų ir centro sąjunga,1193,name
LT,5,prtvlt1,15,Party 'Young Lithuania' (JL),Jaunoji Lietuva,1026,name
LT,5,prtvlt1,16,Lithuanian Social Democratic Union (LSDS),Lietuvos socialdemokratų sąjunga,8258,link
LT,5,prtvlt1,44,Did not vote for a multi-member nationwide candidate list,did-not-vote,,hand
LT,5,prtvlt1,55,Don't know if voted for a multi-member nationwide candidate list,dont-know,,hand
LT,5,prtvlt1,66,Not applicable*,,,missing
LT,5,prtvlt1,77,Refusal*,refused,,missing
LT,5,prtvlt1,88,Don't know*,dont-know,,missing
LT,5,prtvlt2,1,Lithuanian Social Democratic Party (LSDP),Lietuvos socialdemokratų partija,64,name
LT,5,prtvlt2,2,Union of Russians of Lithuania (LRS),Lietuvos rusų sąjunga,168,name
LT,5,prtvlt2,3,Party 'Front' (Frontas),Fronto partija / Socialistinis liaudies frontas,1250,name
LT,5,prtvlt2,4,Lithuanian Centre Party (LCP),Lietuvos Centro Partija,5455,name
LT,5,prtvlt2,5,Homeland Union - Lithuanian Christian Democrats (TS-LKD),Tėvynės sąjunga — Lietuvos krikščionys demokratai,193,name
LT,5,prtvlt2,6,New Union (Social Liberals) (NS),Naujoji sąjunga (socialliberalai),1800,name
LT,5,prtvlt2,7,Party of Civic Democracy (PDP),Pilietinės demokratijos partija,105,name
LT,5,prtvlt2,8,Electoral Action of Poles in Lithuania (LLRA),Lietuvos lenkų rinkimų akcija,556,name
LT,5,prtvlt2,9,National Resurrection Party (TPP),Tautos prisikėlimo partija,347,name
LT,5,prtvlt2,10,Labour Party (DP),Darbo Partija,102,link
LT,5,prtvlt2,11,Labourist Party (LP),Labourist Party (LP) [og],,hand
LT,5,prtvlt2,12,Liberals' Movement of the Republic of Lithuania (LRLS),Lietuvos Respublikos Liberalų sąjūdis,1744,name
LT,5,prtvlt2,13,Lithuanian Peasant Popular Union (LVLS),Lietuvos valstiečių ir žaliųjų sąjunga / Lietuvos valstiečių liaudininkų sąjunga,1490,name
LT,5,prtvlt2,14,Party Order and Justice (TT),Tvarka ir teisingumas — Liberalų Demokratų Partija,237,name
LT,5,prtvlt2,15,Liberal and Centre Union (LiCS),Liberalų ir centro sąjunga,1193,name
LT,5,prtvlt2,16,Party 'Young Lithuania' (JL),Jaunoji Lietuva,1026,name
LT,5,prtvlt2,17,Lithuanian Social Democratic Union (LSDS),Lietuvos socialdemokratų sąjunga,8258,link
LT,5,prtvlt2,20,Independent/Self-Nominated,independent,,hand
LT,5,prtvlt2,44,Did not vote for a single-member constituency candidate list,did-not-vote,,hand
LT,5,prtvlt2,55,Don't know if voted for a single-member constituency candidate list,dont-know,,hand
LT,5,prtvlt2,66,Not applicable*,,,missing
LT,5,prtvlt2,77,Refusal*,refused,,missing
LT,5,prtvlt2,88,Don't know*,dont-know,,missing
LT,5,prtvlt3,1,Lithuanian Social Democratic Party (LSDP),Lietuvos socialdemokratų partija,64,name
LT,5,prtvlt3,2,Union of Russians of Lithuania (LRS),Lietuvos rusų sąjunga,168,name
LT,5,prtvlt3,4,Lithuanian Centre Party (LCP),Lietuvos Centro Partija,5455,name
LT,5,prtvlt3,5,Homeland Union - Lithuanian Christian Democrats (TS-LKD),Tėvynės sąjunga — Lietuvos krikščionys demokratai,193,name
LT,5,prtvlt3,6,New Union (Social Liberals) (NS),Naujoji sąjunga (socialliberalai),1800,name
LT,5,prtvlt3,7,Party of Civic Democracy (PDP),Pilietinės demokratijos partija,105,name
LT,5,prtvlt3,8,Electoral Action of Poles in Lithuania (LLRA),Lietuvos lenkų rinkimų akcija,556,name
LT,5,prtvlt3,9,National Resurrection Party (TPP),Tautos prisikėlimo partija,347,name
LT,5,prtvlt3,10,Labour Party (DP),Darbo Partija,102,link
LT,5,prtvlt3,12,Liberals' Movement of the Republic of Lithuania (LRLS),Lietuvos Respublikos Liberalų sąjūdis,1744,name
LT,5,prtvlt3,13,Lithuanian Peasant Popular Union (LVLS),Lietuvos valstiečių ir žaliųjų sąjunga / Lietuvos valstiečių liaudininkų sąjunga,1490,name
LT,5,prtvlt3,14,Party Order and Justice (TT),Tvarka ir teisingumas — Liberalų Demokratų Partija,237,name
LT,5,prtvlt3,15,Liberal and Centre Union (LiCS),Liberalų ir centro sąjunga,1193,name
LT,5,prtvlt3,16,Party 'Young Lithuania' (JL),Jaunoji Lietuva,1026,name
LT,5,prtvlt3,17,Lithuanian Social Democratic Union (LSDS),Lietuvos socialdemokratų sąjunga,8258,link
LT,5,prtvlt3,18,Lithuanian Freedom Union (LLS),Lietuvos laisvės sąjunga,1410,link
LT,5,prtvlt3,20,Independent/Self-Nominated,independent,,hand
LT,5,prtvlt3,33,No 2nd round in single-member constituency,did-not-vote,,hand
LT,5,prtvlt3,44,"Did not vote for a single-member constituency candidate list, 2nd round",did-not-vote,,hand
LT,5,prtvlt3,55,"Don't know if voted for a single-member constituency candidate list, 2nd round",dont-know,,hand
LT,5,prtvlt3,66,Not applicable*,,,missing
LT,5,prtvlt3,77,Refusal*,refused,,missing
LT,5,prtvlt3,88,Don't know*,dont-know,,missing
LV,9,prtclalv,1,Latvijas Krievu savienība,Latvijas Krievu savienība / Русский союз Латвии,5657,link
LV,9,prtclalv,2,Jaunā konservatīvā partija,Jaunā konservatīvā partija,6355,link
LV,9,prtclalv,4,Nacionālā apvienība 'Visu Latvijai!' - 'Tēvzemei un Brīvībai/LNNK',Nacionālā apvienība,7619,link
LV,9,prtclalv,5,Progresīvie,Progresīvie,6357,link
LV,9,prtclalv,7,LSDSP/KDS/GKL,LSDSP/KDS/GKL [og],,hand
LV,9,prtclalv,8,No sirds Latvijai,No sirds Latvijai,3193,link
LV,9,prtclalv,9,Sociāldemokrātiskā partija 'Saskaņa',"Sociāldemokrātiskā Partija ""Saskaņa""",5976,link
LV,9,prtclalv,10,Attīstībai/Par!,Attīstībai/Par!,8393,link
LV,9,prtclalv,11,Latvijas Reģionu Apvienība,Latvijas Reģionu apvienība,3194,link
LV,9,prtclalv,12,Latviešu Nacionālisti,Latviešu Nacionālisti [og],,hand
LV,9,prtclalv,13,Jaunā Vienotība,Jaunā Vienotība,9089,link
LV,9,prtclalv,15,Politiskā partija KPV LV,Kam pieder valsts? — Par cilvēcīgu Latviju,6356,link
LV,9,prtclalv,16,Zaļo un Zemnieku savienība,Zaļo un Zemnieku savienība,701,name
LV,9,prtclalv,17,Other,other,,hand
LV,9,prtclalv,66,Not applicable*,,,missing
LV,9,prtclalv,77,Refusal*,refused,,missing
LV,9,prtclalv,88,Don't know*,dont-know,,missing
LV,10,prtclalv,1,Latvijas Krievu savienība,Latvijas Krievu savienība / Русский союз Латвии,5657,link
LV,10,prtclalv,2,Jaunā konservatīvā partija,Jaunā konservatīvā partija,6355,link
LV,10,prtclalv,4,Nacionālā apvienība 'Visu Latvijai!' - 'Tēvzemei un Brīvībai/LNNK',Nacionālā apvienība,7619,link
LV,10,prtclalv,5,Progresīvie,Progresīvie,6357,link
LV,10,prtclalv,8,No sirds Latvijai,No sirds Latvijai,3193,link
LV,10,prtclalv,9,Sociāldemokrātiskā partija 'Saskaņa',"Sociāldemokrātiskā Partija ""Saskaņa""",5976,link
LV,10,prtclalv,10,Attīstībai/Par!,Attīstībai/Par!,8393,link
LV,10,prtclalv,11,Latvijas Reģionu Apvienība,Latvijas Reģionu apvienība,3194,link
LV,10,prtclalv,12,Latviešu Nacionālisti,Latviešu Nacionālisti [og],,hand
LV,10,prtclalv,13,Jaunā Vienotība,Jaunā Vienotība,9089,link
LV,10,prtclalv,14,Par alternatīvu,Par alternatīvu [og],,hand
LV,10,prtclalv,15,Politiskā partija KPV LV,Kam pieder valsts? — Par cilvēcīgu Latviju,6356,link
LV,10,prtclalv,16,Zaļo un Zemnieku savienība,Zaļo un Zemnieku savienība,701,name
LV,10,prtclalv,17,Other,other,,hand
LV,10,prtclalv,66,Not applicable*,,,missing
LV,10,prtclalv,99,No answer*,,,missing
LV,11,prtclblv,1,Jaunā Vienotība,Jaunā Vienotība,9089,link
LV,11,prtclblv,2,Latvijas Krievu savienība,Latvijas Krievu savienība / Русский союз Латвии,5657,link
LV,11,prtclblv,3,Zaļo un Zemnieku savienība,Zaļo un Zemnieku savienība,701,name
LV,11,prtclblv,4,Tautas kalpi Latvijai,Tautas kalpi Latvijai,9139,name
LV,11,prtclblv,5,Suverēnā vara,Suverēnā vara,9138,name
LV,11,prtclblv,7,Sociāldemokrātiskā partija 'Saskaņa',"Sociāldemokrātiskā Partija ""Saskaņa""",5976,link
LV,11,prtclblv,8,Politiskā partija 'Stabilitātei!',Stabilitātei!,9080,hand
LV,11,prtclblv,9,Politiskā partija 'Tautas varas spēks',Spēks vienotībā / Alternative / Tautas varas spēks,3214,hand
LV,11,prtclblv,10,Partija 'Vienoti Latvijai',Vienoti Latvijai,3195,hand
LV,11,prtclblv,11,Nacionālā apvienība 'Visu Latvijai!' - 'Tēvzemei un Brīvībai/LNNK',Nacionālā apvienība,7619,link
LV,11,prtclblv,12,Latvija pirmajā vietā,Latvija pirmajā vietā,9078,name
LV,11,prtclblv,13,Konservatīvie,Jaunā konservatīvā partija,6355,hand
LV,11,prtclblv,15,Progresīvie,Progresīvie,6357,link
LV,11,prtclblv,16,Attīstībai/Par!,Attīstībai/Par!,8393,link
LV,11,prtclblv,17,Apvienība Latvijai,Apvienība Latvijai [og],,hand
LV,11,prtclblv,18,"Apvienotais saraksts — Latvijas Zaļā partija, Latvijas Reģionu Apvienība, Liepājas partija","Apvienotais saraksts — Latvijas Zaļā partija, Latvijas Reģionu Apvienība, Liepājas partija [og]",,hand
LV,11,prtclblv,20,Other,other,,hand
LV,11,prtclblv,66,Not applicable*,,,missing
LV,11,prtclblv,77,Refusal*,refused,,missing
LV,11,prtclblv,88,Don't know*,dont-know,,missing
LV,4,prtcllv,1,The People's Party,Tautas Partija,1755,name
LV,4,prtcllv,2,Greens and Farmers Union,Zaļo un Zemnieku savienība,701,name
LV,4,prtcllv,3,New Era,Jaunais Laiks,1531,name
LV,4,prtcllv,4,Concord Centre,Saskaņas Centrs,1056,name
LV,4,prtcllv,5,Latvia's First party/Latvia's Way,Latvijas Pirmā partija / Latvijas Ceļš,461,name
LV,4,prtcllv,6,For Fatherland and Freedom/ LNNK,Tēvzemei un Brīvībai / LNNK,1704,name
LV,4,prtcllv,7,For Human Rights in a United Latvia,Par cilvēka tiesībām vienotā Latvijā,176,name
LV,4,prtcllv,8,Other,other,,hand
LV,4,prtcllv,66,Not applicable*,,,missing
LV,4,prtcllv,77,Refusal*,refused,,missing
LV,4,prtcllv,88,Don't know*,dont-know,,missing
LV,9,prtvtalv,1,Latvijas Krievu savienība,Latvijas Krievu savienība / Русский союз Латвии,5657,link
LV,9,prtvtalv,2,Jaunā konservatīvā partija,Jaunā konservatīvā partija,6355,link
LV,9,prtvtalv,4,Nacionālā apvienība 'Visu Latvijai!' - 'Tēvzemei un Brīvībai/LNNK',Nacionālā apvienība,7619,link
LV,9,prtvtalv,5,Progresīvie,Progresīvie,6357,link
LV,9,prtvtalv,6,Latvijas centriskā partija,Latvijas centriskā partija [og],,hand
LV,9,prtvtalv,7,LSDSP/KDS/GKL,LSDSP/KDS/GKL [og],,hand
LV,9,prtvtalv,8,No sirds Latvijai,No sirds Latvijai,3193,link
LV,9,prtvtalv,9,Sociāldemokrātiskā partija 'Saskaņa',"Sociāldemokrātiskā Partija ""Saskaņa""",5976,link
LV,9,prtvtalv,10,Attīstībai/Par!,Attīstībai/Par!,8393,link
LV,9,prtvtalv,11,Latvijas Reģionu Apvienība,Latvijas Reģionu apvienība,3194,link
LV,9,prtvtalv,12,Latviešu Nacionālisti,Latviešu Nacionālisti [og],,hand
LV,9,prtvtalv,13,Jaunā Vienotība,Jaunā Vienotība,9089,link
LV,9,prtvtalv,14,Par alternatīvu,Par alternatīvu [og],,hand
LV,9,prtvtalv,15,Politiskā partija KPV LV,Kam pieder valsts? — Par cilvēcīgu Latviju,6356,link
LV,9,prtvtalv,16,Zaļo un Zemnieku savienība,Zaļo un Zemnieku savienība,701,name
LV,9,prtvtalv,66,Not applicable*,,,missing
LV,9,prtvtalv,77,Refusal*,refused,,missing
LV,9,prtvtalv,88,Don't know*,dont-know,,missing
LV,10,prtvtalv,1,Latvijas Krievu savienība,Latvijas Krievu savienība / Русский союз Латвии,5657,link
LV,10,prtvtalv,2,Jaunā konservatīvā partija,Jaunā konservatīvā partija,6355,link
LV,10,prtvtalv,4,Nacionālā apvienība 'Visu Latvijai!' - 'Tēvzemei un Brīvībai/LNNK',Nacionālā apvienība,7619,link
LV,10,prtvtalv,5,Progresīvie,Progresīvie,6357,link
LV,10,prtvtalv,6,Latvijas centriskā partija,Latvijas centriskā partija [og],,hand
LV,10,prtvtalv,8,No sirds Latvijai,No sirds Latvijai,3193,link
LV,10,prtvtalv,9,Sociāldemokrātiskā partija 'Saskaņa',"Sociāldemokrātiskā Partija ""Saskaņa""",5976,link
LV,10,prtvtalv,10,Attīstībai/Par!,Attīstībai/Par!,8393,link
LV,10,prtvtalv,11,Latvijas Reģionu Apvienība,Latvijas Reģionu apvienība,3194,link
LV,10,prtvtalv,12,Latviešu Nacionālisti,Latviešu Nacionālisti [og],,hand
LV,10,prtvtalv,13,Jaunā Vienotība,Jaunā Vienotība,9089,link
LV,10,prtvtalv,14,Par alternatīvu,Par alternatīvu [og],,hand
LV,10,prtvtalv,15,Politiskā partija KPV LV,Kam pieder valsts? — Par cilvēcīgu Latviju,6356,link
LV,10,prtvtalv,16,Zaļo un Zemnieku savienība,Zaļo un Zemnieku savienība,701,name
LV,10,prtvtalv,17,Other,other,,hand
LV,10,prtvtalv,66,Not applicable*,,,missing
LV,10,prtvtalv,99,No answer*,,,missing
LV,11,prtvtblv,1,Jaunā Vienotība,Jaunā Vienotība,9089,link
LV,11,prtvtblv,2,Latvijas Krievu savienība,Latvijas Krievu savienība / Русский союз Латвии,5657,link
LV,11,prtvtblv,3,Zaļo un Zemnieku savienība,Zaļo un Zemnieku savienība,701,name
LV,11,prtvtblv,4,Tautas kalpi Latvijai,Tautas kalpi Latvijai,9139,name
LV,11,prtvtblv,5,Suverēnā vara,Suverēnā vara,9138,name
LV,11,prtvtblv,6,Kristīgi Progresīvā Partija,Kristīgi Progresīvā Partija [og],,hand
LV,11,prtvtblv,7,Sociāldemokrātiskā partija 'Saskaņa',"Sociāldemokrātiskā Partija ""Saskaņa""",5976,link
LV,11,prtvtblv,8,Politiskā partija 'Stabilitātei!',Stabilitātei!,9080,hand
LV,11,prtvtblv,9,Politiskā partija 'Tautas varas spēks',Spēks vienotībā / Alternative / Tautas varas spēks,3214,hand
LV,11,prtvtblv,10,Partija 'Vienoti Latvijai',Vienoti Latvijai,3195,hand
LV,11,prtvtblv,11,Nacionālā apvienība 'Visu Latvijai!' - 'Tēvzemei un Brīvībai/LNNK',Nacionālā apvienība,7619,link
LV,11,prtvtblv,12,Latvija pirmajā vietā,Latvija pirmajā vietā,9078,name
LV,11,prtvtblv,13,Konservatīvie,Jaunā konservatīvā partija,6355,hand
LV,11,prtvtblv,14,Politiskā partija 'Katram un katrai',Katram un katrai,9076,hand
LV,11,prtvtblv,15,Progresīvie,Progresīvie,6357,link
LV,11,prtvtblv,16,Attīstībai/Par!,Attīstībai/Par!,8393,link
LV,11,prtvtblv,17,Apvienība Latvijai,Apvienība Latvijai [og],,hand
LV,11,prtvtblv,18,"Apvienotais saraksts — Latvijas Zaļā partija, Latvijas Reģionu Apvienība, Liepājas partija","Apvienotais saraksts — Latvijas Zaļā partija, Latvijas Reģionu Apvienība, Liepājas partija [og]",,hand
LV,11,prtvtblv,19,Politiskā partija 'Republika',Republika,9079,hand
LV,11,prtvtblv,66,Not applicable*,,,missing
LV,11,prtvtblv,77,Refusal*,refused,,missing
LV,11,prtvtblv,88,Don't know*,dont-know,,missing
LV,4,prtvtlv,1,The People's Party,Tautas Partija,1755,name
LV,4,prtvtlv,2,Greens and Farmers Union,Zaļo un Zemnieku savienība,701,name
LV,4,prtvtlv,3,New Era,Jaunais Laiks,1531,name
LV,4,prtvtlv,4,Concord Centre,Saskaņas Centrs,1056,name
LV,4,prtvtlv,5,Latvia's First party/Latvia's Way,Latvijas Pirmā partija / Latvijas Ceļš,461,name
LV,4,prtvtlv,6,For Fatherland and Freedom/ LNNK,Tēvzemei un Brīvībai / LNNK,1704,name
LV,4,prtvtlv,7,For Human Rights in a United Latvia,Par cilvēka tiesībām vienotā Latvijā,176,name
LV,4,prtvtlv,8,Other,other,,hand
LV,4,prtvtlv,66,Not applicable*,,,missing
LV,4,prtvtlv,77,Refusal*,refused,,missing
LV,4,prtvtlv,88,Don't know*,dont-know,,missing
NL,2,prtclanl,1,Christian Democratic Appeal,Christen Democratisch Appèl,1157,link
NL,2,prtclanl,2,Labour Party,Partij van de Arbeid,1234,link
NL,2,prtclanl,3,People's Party for Freedom and Democracy,Volkspartij voor Vrijheid en Democratie,828,link
NL,2,prtclanl,4,List Pim Fortuyn,Lijst Pim Fortuyn,1528,link
NL,2,prtclanl,5,Democrats '66,Democraten 66,45,link
NL,2,prtclanl,6,Green Left,GroenLinks,1537,link
NL,2,prtclanl,7,Socialist Party,Socialistiese Partij,1363,link
NL,2,prtclanl,8,Christian Union,ChristenUnie,1459,link
NL,2,prtclanl,9,Liveable Netherlands,Leefbaar Nederland,1420,link
NL,2,prtclanl,10,Reformed Political Party,Staatkundig Gereformeerde Partij,1178,link
NL,2,prtclanl,11,Party for the Animals,Partij voor de Dieren,1467,link
NL,2,prtclanl,12,Group Geert Wilders,Partij voor de Vrijheid,298,hand
NL,2,prtclanl,13,United Senior People Party,Algemeen Ouderen Verbond / Verenigde Senioren Partij,994,link
NL,2,prtclanl,14,Europe Transparant,Europa Transparant,523,link
NL,2,prtclanl,15,Other,other,,hand
NL,2,prtclanl,66,Not applicable*,,,missing
NL,2,prtclanl,77,Refusal*,refused,,missing
NL,2,prtclanl,88,Don't know*,dont-know,,missing
NL,2,prtclanl,99,No answer*,,,missing
NL,4,prtclbnl,1,Christian Democratic Appeal,Christen Democratisch Appèl,1157,link
NL,4,prtclbnl,2,Labour Party,Partij van de Arbeid,1234,link
NL,4,prtclbnl,3,People's Party for Freedom and Democracy,Volkspartij voor Vrijheid en Democratie,828,link
NL,4,prtclbnl,4,List Pim Fortuyn,Lijst Pim Fortuyn,1528,link
NL,4,prtclbnl,5,Democrats '66,Democraten 66,45,link
NL,4,prtclbnl,6,Green Left,GroenLinks,1537,link
NL,4,prtclbnl,7,Socialist Party,Socialistiese Partij,1363,link
NL,4,prtclbnl,8,Christian Union,ChristenUnie,1459,link
NL,4,prtclbnl,9,Liveable Netherlands,Leefbaar Nederland,1420,link
NL,4,prtclbnl,10,Reformed Political Party,Staatkundig Gereformeerde Partij,1178,link
NL,4,prtclbnl,11,Party for Freedom,Partij voor de Vrijheid,298,link
NL,4,prtclbnl,12,Party for the Animals,Partij voor de Dieren,1467,link
NL,4,prtclbnl,13,TON (List Verdonk),Trots op Nederland,1656,link
NL,4,prtclbnl,66,Not applicable*,,,missing
NL,4,prtclbnl,77,Refusal*,refused,,missing
NL,4,prtclbnl,88,Don't know*,dont-know,,missing
NL,5,prtclcnl,1,People's Party for Freedom and Democracy,Volkspartij voor Vrijheid en Democratie,828,link
NL,5,prtclcnl,2,Labour Party,Partij van de Arbeid,1234,link
NL,5,prtclcnl,3,Party for Freedom,Partij voor de Vrijheid,298,link
NL,5,prtclcnl,4,Christian Democratic Appeal,Christen Democratisch Appèl,1157,link
NL,5,prtclcnl,5,Socialist Party,Socialistiese Partij,1363,link
NL,5,prtclcnl,6,Democrats '66,Democraten 66,45,link
NL,5,prtclcnl,7,Green Left,GroenLinks,1537,link
NL,5,prtclcnl,8,Christian Union,ChristenUnie,1459,link
NL,5,prtclcnl,9,Reformed Political Party,Staatkundig Gereformeerde Partij,1178,link
NL,5,prtclcnl,10,Party for the Animals,Partij voor de Dieren,1467,link
NL,5,prtclcnl,12,Other,other,,hand
NL,5,prtclcnl,66,Not applicable*,,,missing
NL,5,prtclcnl,77,Refusal*,refused,,missing
NL,5,prtclcnl,88,Don't know*,dont-know,,missing
NL,6,prtcldnl,1,People's Party for Freedom and Democracy,Volkspartij voor Vrijheid en Democratie,828,link
NL,6,prtcldnl,2,Labour Party,Partij van de Arbeid,1234,link
NL,6,prtcldnl,3,Party for Freedom,Partij voor de Vrijheid,298,link
NL,6,prtcldnl,4,Christian Democratic Appeal,Christen Democratisch Appèl,1157,link
NL,6,prtcldnl,5,Socialist Party,Socialistiese Partij,1363,link
NL,6,prtcldnl,6,Democrats '66,Democraten 66,45,link
NL,6,prtcldnl,7,Green Left,GroenLinks,1537,link
NL,6,prtcldnl,8,Christian Union,ChristenUnie,1459,link
NL,6,prtcldnl,9,Reformed Political Party,Staatkundig Gereformeerde Partij,1178,link
NL,6,prtcldnl,10,Party for the Animals,Partij voor de Dieren,1467,link
NL,6,prtcldnl,12,50Plus,50PLUS,714,link
NL,6,prtcldnl,13,Other,other,,hand
NL,6,prtcldnl,66,Not applicable*,,,missing
NL,6,prtcldnl,77,Refusal*,refused,,missing
NL,6,prtcldnl,88,Don't know*,dont-know,,missing
NL,7,prtclenl,1,People's Party for Freedom and Democracy,Volkspartij voor Vrijheid en Democratie,828,link
NL,7,prtclenl,2,Labour Party,Partij van de Arbeid,1234,link
NL,7,prtclenl,3,Party for Freedom,Partij voor de Vrijheid,298,link
NL,7,prtclenl,4,Socialist Party,Socialistiese Partij,1363,link
NL,7,prtclenl,5,Christian Democratic Appeal,Christen Democratisch Appèl,1157,link
NL,7,prtclenl,6,Democrats '66,Democraten 66,45,link
NL,7,prtclenl,7,Christian Union,ChristenUnie,1459,link
NL,7,prtclenl,8,Green Left,GroenLinks,1537,link
NL,7,prtclenl,9,Reformed Political Party,Staatkundig Gereformeerde Partij,1178,link
NL,7,prtclenl,10,Party for the Animals,Partij voor de Dieren,1467,link
NL,7,prtclenl,11,50PLUS,50PLUS,714,link
NL,7,prtclenl,16,Other,other,,hand
NL,7,prtclenl,66,Not applicable*,,,missing
NL,7,prtclenl,77,Refusal*,refused,,missing
NL,7,prtclenl,88,Don't know*,dont-know,,missing
NL,7,prtclenl,99,No answer*,,,missing
NL,8,prtclenl,1,People's Party for Freedom and Democracy,Volkspartij voor Vrijheid en Democratie,828,link
NL,8,prtclenl,2,Labour Party,Partij van de Arbeid,1234,link
NL,8,prtclenl,3,Party for Freedom,Partij voor de Vrijheid,298,link
NL,8,prtclenl,4,Socialist Party,Socialistiese Partij,1363,link
NL,8,prtclenl,5,Christian Democratic Appeal,Christen Democratisch Appèl,1157,link
NL,8,prtclenl,6,Democrats '66,Democraten 66,45,link
NL,8,prtclenl,7,Christian Union,ChristenUnie,1459,link
NL,8,prtclenl,8,Green Left,GroenLinks,1537,link
NL,8,prtclenl,9,Reformed Political Party,Staatkundig Gereformeerde Partij,1178,link
NL,8,prtclenl,10,Party for the Animals,Partij voor de Dieren,1467,link
NL,8,prtclenl,11,50PLUS,50PLUS,714,link
NL,8,prtclenl,16,Other,other,,hand
NL,8,prtclenl,66,Not applicable*,,,missing
NL,8,prtclenl,77,Refusal*,refused,,missing
NL,8,prtclenl,88,Don't know*,dont-know,,missing
NL,9,prtclfnl,1,People's Party for Freedom and Democracy,Volkspartij voor Vrijheid en Democratie,828,link
NL,9,prtclfnl,2,Labour Party,Partij van de Arbeid,1234,link
NL,9,prtclfnl,3,Party for Freedom,Partij voor de Vrijheid,298,link
NL,9,prtclfnl,4,Socialist Party,Socialistiese Partij,1363,link
NL,9,prtclfnl,5,Christian Democratic Appeal,Christen Democratisch Appèl,1157,link
NL,9,prtclfnl,6,Democrats '66,Democraten 66,45,link
NL,9,prtclfnl,7,Christian Union,ChristenUnie,1459,link
NL,9,prtclfnl,8,Green Left,GroenLinks,1537,link
NL,9,prtclfnl,9,Reformed Political Party,Staatkundig Gereformeerde Partij,1178,link
NL,9,prtclfnl,10,Party for the Animals,Partij voor de Dieren,1467,link
NL,9,prtclfnl,11,50PLUS,50PLUS,714,link
NL,9,prtclfnl,12,DENK,Beweging DENK,5856,link
NL,9,prtclfnl,13,Forum for Democracy,Forum voor Democratie,5855,link
NL,9,prtclfnl,14,Article 1,Article 1 [og],,hand
NL,9,prtclfnl,16,Other,other,,hand
NL,9,prtclfnl,66,Not applicable*,,,missing
NL,9,prtclfnl,77,Refusal*,refused,,missing
NL,9,prtclfnl,88,Don't know*,dont-know,,missing
NL,10,prtclgnl,1,People's Party for Freedom and Democracy,Volkspartij voor Vrijheid en Democratie,828,link
NL,10,prtclgnl,2,Labour Party,Partij van de Arbeid,1234,link
NL,10,prtclgnl,3,Party for Freedom,Partij voor de Vrijheid,298,link
NL,10,prtclgnl,4,Socialist Party,Socialistiese Partij,1363,link
NL,10,prtclgnl,5,Christian Democratic Appeal,Christen Democratisch Appèl,1157,link
NL,10,prtclgnl,6,Democrats '66,Democraten 66,45,link
NL,10,prtclgnl,7,Christian Union,ChristenUnie,1459,link
NL,10,prtclgnl,8,Green Left,GroenLinks,1537,link
NL,10,prtclgnl,9,Reformed Political Party,Staatkundig Gereformeerde Partij,1178,link
NL,10,prtclgnl,10,Party for the Animals,Partij voor de Dieren,1467,link
NL,10,prtclgnl,11,50PLUS,50PLUS,714,link
NL,10,prtclgnl,12,DENK,Beweging DENK,5856,link
NL,10,prtclgnl,13,Forum for Democracy,Forum voor Democratie,5855,link
NL,10,prtclgnl,14,Article 1,Article 1 [og],,hand
NL,10,prtclgnl,15,Volt,Volt Nederland,7355,link
NL,10,prtclgnl,16,JA21,Juiste Antwoord21,9011,link
NL,10,prtclgnl,17,BoerBurgerBeweging,BoerBurgerBeweging,9010,link
NL,10,prtclgnl,18,Pieter Omtzigt,independent,,hand
NL,10,prtclgnl,19,Belang van Nederland,Belang van Nederland,9106,link
NL,10,prtclgnl,31,Other,other,,hand
NL,10,prtclgnl,66,Not applicable*,,,missing
NL,10,prtclgnl,77,Refusal*,refused,,missing
NL,10,prtclgnl,88,Don't know*,dont-know,,missing
NL,11,prtclhnl,1,People's Party for Freedom and Democracy,Volkspartij voor Vrijheid en Democratie,828,link
NL,11,prtclhnl,2,Labour Party,Partij van de Arbeid,1234,link
NL,11,prtclhnl,3,Party for Freedom,Partij voor de Vrijheid,298,link
NL,11,prtclhnl,4,Socialist Party,Socialistiese Partij,1363,link
NL,11,prtclhnl,5,Christian Democratic Appeal,Christen Democratisch Appèl,1157,link
NL,11,prtclhnl,6,Democrats '66,Democraten 66,45,link
NL,11,prtclhnl,7,Christian Union,ChristenUnie,1459,link
NL,11,prtclhnl,8,Green Left,GroenLinks,1537,link
NL,11,prtclhnl,9,Reformed Political Party,Staatkundig Gereformeerde Partij,1178,link
NL,11,prtclhnl,10,Party for the Animals,Partij voor de Dieren,1467,link
NL,11,prtclhnl,11,50PLUS,50PLUS,714,link
NL,11,prtclhnl,12,DENK,Beweging DENK,5856,link
NL,11,prtclhnl,13,Forum for Democracy,Forum voor Democratie,5855,link
NL,11,prtclhnl,14,Artikel1/Bij1,Artikel1/Bij1 [og],,hand
NL,11,prtclhnl,15,Volt,Volt Nederland,7355,link
NL,11,prtclhnl,16,JA21,Juiste Antwoord21,9011,link
NL,11,prtclhnl,17,BoerBurgerBeweging,BoerBurgerBeweging,9010,link
NL,11,prtclhnl,18,Omtzigt/NSC,Nieuw Sociaal Contract,9348,link
NL,11,prtclhnl,31,Other,other,,hand
NL,11,prtclhnl,66,Not applicable*,,,missing
NL,11,prtclhnl,77,Refusal*,refused,,missing
NL,11,prtclhnl,88,Don't know*,dont-know,,missing
NL,1,prtclnl,1,Christian Democratic Appeal,Christen Democratisch Appèl,1157,link
NL,1,prtclnl,2,Labour Party,Partij van de Arbeid,1234,link
NL,1,prtclnl,3,People's Party for Freedom and Democracy,Volkspartij voor Vrijheid en Democratie,828,link
NL,1,prtclnl,4,List Pim Fortuyn,Lijst Pim Fortuyn,1528,link
NL,1,prtclnl,5,Democrats '66,Democraten 66,45,link
NL,1,prtclnl,6,Green Left,GroenLinks,1537,link
NL,1,prtclnl,7,Socialist Party,Socialistiese Partij,1363,link
NL,1,prtclnl,8,Christian Union,ChristenUnie,1459,link
NL,1,prtclnl,9,Liveable Netherlands,Leefbaar Nederland,1420,link
NL,1,prtclnl,10,Reformed Political Party,Staatkundig Gereformeerde Partij,1178,link
NL,1,prtclnl,11,Other,other,,hand
NL,1,prtclnl,66,Not applicable*,,,missing
NL,1,prtclnl,77,Refusal*,refused,,missing
NL,1,prtclnl,88,Don't know*,dont-know,,missing
NL,3,prtclnl,1,Christian Democratic Appeal,Christen Democratisch Appèl,1157,link
NL,3,prtclnl,2,Labour Party,Partij van de Arbeid,1234,link
NL,3,prtclnl,3,People's Party for Freedom and Democracy,Volkspartij voor Vrijheid en Democratie,828,link
NL,3,prtclnl,4,List Pim Fortuyn,Lijst Pim Fortuyn,1528,link
NL,3,prtclnl,5,Democrats '66,Democraten 66,45,link
NL,3,prtclnl,6,Green Left,GroenLinks,1537,link
NL,3,prtclnl,7,Socialist Party,Socialistiese Partij,1363,link
NL,3,prtclnl,8,Christian Union,ChristenUnie,1459,link
NL,3,prtclnl,9,Liveable Netherlands,Leefbaar Nederland,1420,link
NL,3,prtclnl,10,Reformed Political Party,Staatkundig Gereformeerde Partij,1178,link
NL,3,prtclnl,11,Other,other,,hand
NL,3,prtclnl,66,Not applicable*,,,missing
NL,3,prtclnl,77,Refusal*,refused,,missing
NL,3,prtclnl,88,Don't know*,dont-know,,missing
NL,2,prtvtanl,1,Christian Democratic Appeal,Christen Democratisch Appèl,1157,link
NL,2,prtvtanl,2,Labour Party,Partij van de Arbeid,1234,link
NL,2,prtvtanl,3,People's Party for Freedom and Democracy,Volkspartij voor Vrijheid en Democratie,828,link
NL,2,prtvtanl,4,List Pim Fortuyn,Lijst Pim Fortuyn,1528,link
NL,2,prtvtanl,5,Democrats '66,Democraten 66,45,link
NL,2,prtvtanl,6,Green Left,GroenLinks,1537,link
NL,2,prtvtanl,7,Socialist Party,Socialistiese Partij,1363,link
NL,2,prtvtanl,8,Christian Union,ChristenUnie,1459,link
NL,2,prtvtanl,9,Liveable Netherlands,Leefbaar Nederland,1420,link
NL,2,prtvtanl,10,Reformed Political Party,Staatkundig Gereformeerde Partij,1178,link
NL,2,prtvtanl,11,Party for the Animals,Partij voor de Dieren,1467,link
NL,2,prtvtanl,12,Other,other,,hand
NL,2,prtvtanl,13,Blanc,blank-invalid,,hand
NL,2,prtvtanl,66,Not applicable*,,,missing
NL,2,prtvtanl,77,Refusal*,refused,,missing
NL,2,prtvtanl,88,Don't know*,dont-know,,missing
NL,2,prtvtanl,99,No answer*,,,missing
NL,3,prtvtbnl,1,Christian Democratic Appeal,Christen Democratisch Appèl,1157,link
NL,3,prtvtbnl,2,Labour Party,Partij van de Arbeid,1234,link
NL,3,prtvtbnl,3,People's Party for Freedom and Democracy,Volkspartij voor Vrijheid en Democratie,828,link
NL,3,prtvtbnl,4,List Pim Fortuyn,Lijst Pim Fortuyn,1528,link
NL,3,prtvtbnl,5,Democrats '66,Democraten 66,45,link
NL,3,prtvtbnl,6,Green Left,GroenLinks,1537,link
NL,3,prtvtbnl,7,Socialist Party,Socialistiese Partij,1363,link
NL,3,prtvtbnl,8,Christian Union,ChristenUnie,1459,link
NL,3,prtvtbnl,9,Liveable Netherlands,Leefbaar Nederland,1420,link
NL,3,prtvtbnl,10,Reformed Political Party,Staatkundig Gereformeerde Partij,1178,link
NL,3,prtvtbnl,11,Other,other,,hand
NL,3,prtvtbnl,12,Blanc,blank-invalid,,hand
NL,3,prtvtbnl,66,Not applicable*,,,missing
NL,3,prtvtbnl,77,Refusal*,refused,,missing
NL,3,prtvtbnl,88,Don't know*,dont-know,,missing
NL,4,prtvtcnl,1,Christian Democratic Appeal,Christen Democratisch Appèl,1157,link
NL,4,prtvtcnl,2,Labour Party,Partij van de Arbeid,1234,link
NL,4,prtvtcnl,3,People's Party for Freedom and Democracy,Volkspartij voor Vrijheid en Democratie,828,link
NL,4,prtvtcnl,4,List Pim Fortuyn,Lijst Pim Fortuyn,1528,link
NL,4,prtvtcnl,5,Democrats '66,Democraten 66,45,link
NL,4,prtvtcnl,6,Green Left,GroenLinks,1537,link
NL,4,prtvtcnl,7,Socialist Party,Socialistiese Partij,1363,link
NL,4,prtvtcnl,8,Christian Union,ChristenUnie,1459,link
NL,4,prtvtcnl,9,Liveable Netherlands,Leefbaar Nederland,1420,link
NL,4,prtvtcnl,10,Reformed Political Party,Staatkundig Gereformeerde Partij,1178,link
NL,4,prtvtcnl,11,Party for Freedom,Partij voor de Vrijheid,298,link
NL,4,prtvtcnl,12,Party for the Animals,Partij voor de Dieren,1467,link
NL,4,prtvtcnl,13,Other,other,,hand
NL,4,prtvtcnl,14,Blanc,blank-invalid,,hand
NL,4,prtvtcnl,66,Not applicable*,,,missing
NL,4,prtvtcnl,77,Refusal*,refused,,missing
NL,4,prtvtcnl,88,Don't know*,dont-know,,missing
NL,5,prtvtdnl,1,People's Party for Freedom and Democracy,Volkspartij voor Vrijheid en Democratie,828,link
NL,5,prtvtdnl,2,Labour Party,Partij van de Arbeid,1234,link
NL,5,prtvtdnl,3,Party for Freedom,Partij voor de Vrijheid,298,link
NL,5,prtvtdnl,4,Christian Democratic Appeal,Christen Democratisch Appèl,1157,link
NL,5,prtvtdnl,5,Socialist Party,Socialistiese Partij,1363,link
NL,5,prtvtdnl,6,Democrats '66,Democraten 66,45,link
NL,5,prtvtdnl,7,Green Left,GroenLinks,1537,link
NL,5,prtvtdnl,8,Christian Union,ChristenUnie,1459,link
NL,5,prtvtdnl,9,Reformed Political Party,Staatkundig Gereformeerde Partij,1178,link
NL,5,prtvtdnl,10,Party for the Animals,Partij voor de Dieren,1467,link
NL,5,prtvtdnl,11,TON (List Verdonk),Trots op Nederland,1656,link
NL,5,prtvtdnl,12,Other,other,,hand
NL,5,prtvtdnl,13,Blanc,blank-invalid,,hand
NL,5,prtvtdnl,66,Not applicable*,,,missing
NL,5,prtvtdnl,77,Refusal*,refused,,missing
NL,5,prtvtdnl,88,Don't know*,dont-know,,missing
NL,6,prtvtenl,1,People's Party for Freedom and Democracy,Volkspartij voor Vrijheid en Democratie,828,link
NL,6,prtvtenl,2,Labour Party,Partij van de Arbeid,1234,link
NL,6,prtvtenl,3,Party for Freedom,Partij voor de Vrijheid,298,link
NL,6,prtvtenl,4,Christian Democratic Appeal,Christen Democratisch Appèl,1157,link
NL,6,prtvtenl,5,Socialist Party,Socialistiese Partij,1363,link
NL,6,prtvtenl,6,Democrats '66,Democraten 66,45,link
NL,6,prtvtenl,7,Green Left,GroenLinks,1537,link
NL,6,prtvtenl,8,Christian Union,ChristenUnie,1459,link
NL,6,prtvtenl,9,Reformed Political Party,Staatkundig Gereformeerde Partij,1178,link
NL,6,prtvtenl,10,Party for the Animals,Partij voor de Dieren,1467,link
NL,6,prtvtenl,11,Pirate Party,Pirate Party [og],,hand
NL,6,prtvtenl,12,50Plus,50PLUS,714,link
NL,6,prtvtenl,13,Other,other,,hand
NL,6,prtvtenl,14,Blanc,blank-invalid,,hand
NL,6,prtvtenl,66,Not applicable*,,,missing
NL,6,prtvtenl,77,Refusal*,refused,,missing
NL,6,prtvtenl,88,Don't know*,dont-know,,missing
NL,7,prtvtfnl,1,People's Party for Freedom and Democracy,Volkspartij voor Vrijheid en Democratie,828,link
NL,7,prtvtfnl,2,Labour Party,Partij van de Arbeid,1234,link
NL,7,prtvtfnl,3,Party for Freedom,Partij voor de Vrijheid,298,link
NL,7,prtvtfnl,4,Socialist Party,Socialistiese Partij,1363,link
NL,7,prtvtfnl,5,Christian Democratic Appeal,Christen Democratisch Appèl,1157,link
NL,7,prtvtfnl,6,Democrats '66,Democraten 66,45,link
NL,7,prtvtfnl,7,Christian Union,ChristenUnie,1459,link
NL,7,prtvtfnl,8,Green Left,GroenLinks,1537,link
NL,7,prtvtfnl,9,Reformed Political Party,Staatkundig Gereformeerde Partij,1178,link
NL,7,prtvtfnl,10,Party for the Animals,Partij voor de Dieren,1467,link
NL,7,prtvtfnl,11,50PLUS,50PLUS,714,link
NL,7,prtvtfnl,16,Other,other,,hand
NL,7,prtvtfnl,17,Blanc,blank-invalid,,hand
NL,7,prtvtfnl,66,Not applicable*,,,missing
NL,7,prtvtfnl,77,Refusal*,refused,,missing
NL,7,prtvtfnl,88,Don't know*,dont-know,,missing
NL,7,prtvtfnl,99,No answer*,,,missing
NL,8,prtvtfnl,1,People's Party for Freedom and Democracy,Volkspartij voor Vrijheid en Democratie,828,link
NL,8,prtvtfnl,2,Labour Party,Partij van de Arbeid,1234,link
NL,8,prtvtfnl,3,Party for Freedom,Partij voor de Vrijheid,298,link
NL,8,prtvtfnl,4,Socialist Party,Socialistiese Partij,1363,link
NL,8,prtvtfnl,5,Christian Democratic Appeal,Christen Democratisch Appèl,1157,link
NL,8,prtvtfnl,6,Democrats '66,Democraten 66,45,link
NL,8,prtvtfnl,7,Christian Union,ChristenUnie,1459,link
NL,8,prtvtfnl,8,Green Left,GroenLinks,1537,link
NL,8,prtvtfnl,9,Reformed Political Party,Staatkundig Gereformeerde Partij,1178,link
NL,8,prtvtfnl,10,Party for the Animals,Partij voor de Dieren,1467,link
NL,8,prtvtfnl,11,50PLUS,50PLUS,714,link
NL,8,prtvtfnl,16,Other,other,,hand
NL,8,prtvtfnl,66,Not applicable*,,,missing
NL,8,prtvtfnl,77,Refusal*,refused,,missing
NL,8,prtvtfnl,88,Don't know*,dont-know,,missing
NL,8,prtvtfnl,99,No answer*,,,missing
NL,9,prtvtgnl,1,People's Party for Freedom and Democracy,Volkspartij voor Vrijheid en Democratie,828,link
NL,9,prtvtgnl,2,Labour Party,Partij van de Arbeid,1234,link
NL,9,prtvtgnl,3,Party for Freedom,Partij voor de Vrijheid,298,link
NL,9,prtvtgnl,4,Socialist Party,Socialistiese Partij,1363,link
NL,9,prtvtgnl,5,Christian Democratic Appeal,Christen Democratisch Appèl,1157,link
NL,9,prtvtgnl,6,Democrats '66,Democraten 66,45,link
NL,9,prtvtgnl,7,Christian Union,ChristenUnie,1459,link
NL,9,prtvtgnl,8,Green Left,GroenLinks,1537,link
NL,9,prtvtgnl,9,Reformed Political Party,Staatkundig Gereformeerde Partij,1178,link
NL,9,prtvtgnl,10,Party for the Animals,Partij voor de Dieren,1467,link
NL,9,prtvtgnl,11,50PLUS,50PLUS,714,link
NL,9,prtvtgnl,12,DENK,Beweging DENK,5856,link
NL,9,prtvtgnl,13,Forum for Democracy,Forum voor Democratie,5855,link
NL,9,prtvtgnl,14,Article 1,Article 1 [og],,hand
NL,9,prtvtgnl,16,Other,other,,hand
NL,9,prtvtgnl,17,Blanc,blank-invalid,,hand
NL,9,prtvtgnl,66,Not applicable*,,,missing
NL,9,prtvtgnl,77,Refusal*,refused,,missing
NL,9,prtvtgnl,88,Don't know*,dont-know,,missing
NL,10,prtvthnl,1,People's Party for Freedom and Democracy,Volkspartij voor Vrijheid en Democratie,828,link
NL,10,prtvthnl,2,Labour Party,Partij van de Arbeid,1234,link
NL,10,prtvthnl,3,Party for Freedom,Partij voor de Vrijheid,298,link
NL,10,prtvthnl,4,Socialist Party,Socialistiese Partij,1363,link
NL,10,prtvthnl,5,Christian Democratic Appeal,Christen Democratisch Appèl,1157,link
NL,10,prtvthnl,6,Democrats '66,Democraten 66,45,link
NL,10,prtvthnl,7,Christian Union,ChristenUnie,1459,link
NL,10,prtvthnl,8,Green Left,GroenLinks,1537,link
NL,10,prtvthnl,9,Reformed Political Party,Staatkundig Gereformeerde Partij,1178,link
NL,10,prtvthnl,10,Party for the Animals,Partij voor de Dieren,1467,link
NL,10,prtvthnl,11,50PLUS,50PLUS,714,link
NL,10,prtvthnl,12,DENK,Beweging DENK,5856,link
NL,10,prtvthnl,13,Forum for Democracy,Forum voor Democratie,5855,link
NL,10,prtvthnl,14,Article 1,Article 1 [og],,hand
NL,10,prtvthnl,15,Volt,Volt Nederland,7355,link
NL,10,prtvthnl,16,JA21,Juiste Antwoord21,9011,link
NL,10,prtvthnl,17,BoerBurgerBeweging,BoerBurgerBeweging,9010,link
NL,10,prtvthnl,18,Blanc,blank-invalid,,hand
NL,10,prtvthnl,31,Other,other,,hand
NL,10,prtvthnl,66,Not applicable*,,,missing
NL,10,prtvthnl,77,Refusal*,refused,,missing
NL,10,prtvthnl,88,Don't know*,dont-know,,missing
NL,11,prtvtinl,1,People's Party for Freedom and Democracy,Volkspartij voor Vrijheid en Democratie,828,link
NL,11,prtvtinl,2,Labour Party,Partij van de Arbeid,1234,link
NL,11,prtvtinl,3,Party for Freedom,Partij voor de Vrijheid,298,link
NL,11,prtvtinl,4,Socialist Party,Socialistiese Partij,1363,link
NL,11,prtvtinl,5,Christian Democratic Appeal,Christen Democratisch Appèl,1157,link
NL,11,prtvtinl,6,Democrats '66,Democraten 66,45,link
NL,11,prtvtinl,7,Christian Union,ChristenUnie,1459,link
NL,11,prtvtinl,8,Green Left,GroenLinks,1537,link
NL,11,prtvtinl,9,Reformed Political Party,Staatkundig Gereformeerde Partij,1178,link
NL,11,prtvtinl,10,Party for the Animals,Partij voor de Dieren,1467,link
NL,11,prtvtinl,11,50PLUS,50PLUS,714,link
NL,11,prtvtinl,12,DENK,Beweging DENK,5856,link
NL,11,prtvtinl,13,Forum for Democracy,Forum voor Democratie,5855,link
NL,11,prtvtinl,14,Artikel1/Bij1,Artikel1/Bij1 [og],,hand
NL,11,prtvtinl,15,Volt,Volt Nederland,7355,link
NL,11,prtvtinl,16,JA21,Juiste Antwoord21,9011,link
NL,11,prtvtinl,17,BoerBurgerBeweging,BoerBurgerBeweging,9010,link
NL,11,prtvtinl,18,Blanc,blank-invalid,,hand
NL,11,prtvtinl,31,Other,other,,hand
NL,11,prtvtinl,66,Not applicable*,,,missing
NL,11,prtvtinl,77,Refusal*,refused,,missing
NL,11,prtvtinl,88,Don't know*,dont-know,,missing
NL,11,prtvtinl,99,No answer*,,,missing
NL,1,prtvtnl,1,Christian Democratic Appeal,Christen Democratisch Appèl,1157,link
NL,1,prtvtnl,2,Labour Party,Partij van de Arbeid,1234,link
NL,1,prtvtnl,3,People's Party for Freedom and Democracy,Volkspartij voor Vrijheid en Democratie,828,link
NL,1,prtvtnl,4,List Pim Fortuyn,Lijst Pim Fortuyn,1528,link
NL,1,prtvtnl,5,Democrats '66,Democraten 66,45,link
NL,1,prtvtnl,6,Green Left,GroenLinks,1537,link
NL,1,prtvtnl,7,Socialist Party,Socialistiese Partij,1363,link
NL,1,prtvtnl,8,Christian Union,ChristenUnie,1459,link
NL,1,prtvtnl,9,Liveable Netherlands,Leefbaar Nederland,1420,link
NL,1,prtvtnl,10,Reformed Political Party,Staatkundig Gereformeerde Partij,1178,link
NL,1,prtvtnl,11,Other,other,,hand
NL,1,prtvtnl,66,Not applicable*,,,missing
NL,1,prtvtnl,77,Refusal*,refused,,missing
NL,1,prtvtnl,88,Don't know*,dont-know,,missing
PL,2,prtclapl,3,Demokratyczna Partia Lewicy,Demokratyczna Partia Lewicy [og],,hand
PL,2,prtclapl,6,Krajowa Partia Emerytow i Rencistow,Krajowa Partia Emerytów i Rencistów,391,link
PL,2,prtclapl,7,Liga Polskich Rodzin,Liga Polskich Rodzin,1768,link
PL,2,prtclapl,10,Platforma Obywatelska,Platforma Obywatelska,1117,link
PL,2,prtclapl,12,Polska Unia Gospodarcza,Polska Unia Gospodarcza [og],,hand
PL,2,prtclapl,14,Polskie Stronnictwo Ludowe,Polskie Stronnictwo Ludowe,602,hand
PL,2,prtclapl,15,Prawo i Sprawiedliwość,Prawo i Sprawiedliwość,1565,link
PL,2,prtclapl,18,Samoobrona Rzeczypospolitej Polskiej,Samoobrona Rzeczypospolitej Polskiej,727,link
PL,2,prtclapl,19,Socjaldemokracja Polska,Socjaldemokracja Polska,1328,link
PL,2,prtclapl,20,Sojusz Lewicy Demokratycznej,Sojusz Lewicy Demokratycznej,57,link
PL,2,prtclapl,21,Unia Polityki Realnej,Unia Polityki Realnej,283,link
PL,2,prtclapl,22,Unia Pracy,Unia Pracy,1104,link
PL,2,prtclapl,23,Unia Wolności,Unia Wolności,8268,link
PL,2,prtclapl,24,Zjednoczenie Chrzescijansko-Narodowe,Zjednoczenie Chrześcijańsko-Narodowe,70,link
PL,2,prtclapl,26,Other,other,,hand
PL,2,prtclapl,66,Not applicable*,,,missing
PL,2,prtclapl,77,Refusal*,refused,,missing
PL,2,prtclapl,88,Don't know*,dont-know,,missing
PL,2,prtclapl,99,No answer*,,,missing
PL,3,prtclbpl,4,Liga Polskich Rodzin,Liga Polskich Rodzin,1768,link
PL,3,prtclbpl,7,Partia Demokratyczna demokraci.pl,Partia Demokratyczna,1566,link
PL,3,prtclbpl,9,Platforma Janusza Korwin-Mikke,Platforma Janusza Korwin-Mikke,913,link
PL,3,prtclbpl,10,Platforma Obywatelska,Platforma Obywatelska,1117,link
PL,3,prtclbpl,14,Polskie Stronnictwo Ludowe,Polskie Stronnictwo Ludowe,602,hand
PL,3,prtclbpl,15,Prawo i Sprawiedliwość,Prawo i Sprawiedliwość,1565,link
PL,3,prtclbpl,17,Samoobrona Rzeczypospolitej Polskiej,Samoobrona Rzeczypospolitej Polskiej,727,link
PL,3,prtclbpl,18,Socjaldemokracja Polska,Socjaldemokracja Polska,1328,link
PL,3,prtclbpl,19,Sojusz Lewicy Demokratycznej,Sojusz Lewicy Demokratycznej,57,link
PL,3,prtclbpl,20,Other,other,,hand
PL,3,prtclbpl,66,Not applicable*,,,missing
PL,3,prtclbpl,77,Refusal*,refused,,missing
PL,3,prtclbpl,88,Don't know*,dont-know,,missing
PL,3,prtclbpl,99,No answer*,,,missing
PL,4,prtclcpl,1,Liga Polskich Rodzin,Liga Polskich Rodzin,1768,link
PL,4,prtclcpl,2,Platforma Obywatelska,Platforma Obywatelska,1117,link
PL,4,prtclcpl,3,Stronnictwo Demokratyczne,Stronnictwo Demokratyczne,919,name
PL,4,prtclcpl,4,Polskie Stronnictwo Ludowe,Polskie Stronnictwo Ludowe,602,hand
PL,4,prtclcpl,5,Prawo i Sprawiedliwość,Prawo i Sprawiedliwość,1565,link
PL,4,prtclcpl,6,Samoobrona Rzeczypospolitej Polskiej,Samoobrona Rzeczypospolitej Polskiej,727,link
PL,4,prtclcpl,7,Socjaldemokracja Polska,Socjaldemokracja Polska,1328,link
PL,4,prtclcpl,8,Sojusz Lewicy Demokratycznej,Sojusz Lewicy Demokratycznej,57,link
PL,4,prtclcpl,10,Other,other,,hand
PL,4,prtclcpl,66,Not applicable*,,,missing
PL,4,prtclcpl,77,Refusal*,refused,,missing
PL,4,prtclcpl,99,No answer*,,,missing
PL,5,prtcldpl,2,Krajowa Partia Emerytow i Rencistow,Krajowa Partia Emerytów i Rencistów,391,link
PL,5,prtcldpl,3,Platforma Obywatelska,Platforma Obywatelska,1117,link
PL,5,prtcldpl,4,Partia Demokratyczna – demokraci.pl,Partia Demokratyczna,1566,name
PL,5,prtcldpl,5,Polskie Stronnictwo Ludowe,Polskie Stronnictwo Ludowe,602,hand
PL,5,prtcldpl,6,Prawica Rzeczpospolitej,Prawica Rzeczypospolitej,876,link
PL,5,prtcldpl,7,Prawo i Sprawiedliwość,Prawo i Sprawiedliwość,1565,link
PL,5,prtcldpl,8,Samoobrona Rzeczypospolitej Polskiej,Samoobrona Rzeczypospolitej Polskiej,727,link
PL,5,prtcldpl,9,Socjaldemokracja Polska,Socjaldemokracja Polska,1328,link
PL,5,prtcldpl,10,Sojusz Lewicy Demokratycznej,Sojusz Lewicy Demokratycznej,57,link
PL,5,prtcldpl,12,Unia Polityki Realnej,Unia Polityki Realnej,283,link
PL,5,prtcldpl,14,Other,other,,hand
PL,5,prtcldpl,66,Not applicable*,,,missing
PL,5,prtcldpl,77,Refusal*,refused,,missing
PL,5,prtcldpl,88,Don't know*,dont-know,,missing
PL,6,prtclepl,1,Nowa Prawica,Kongres Nowej Prawicy,4713,hand
PL,6,prtclepl,2,Platforma Obywatelska,Platforma Obywatelska,1117,link
PL,6,prtclepl,3,Polska Jest Najważniejsza,Polska jest Najważniejsza,41,link
PL,6,prtclepl,4,Polskie Stronnictwo Ludowe,Polskie Stronnictwo Ludowe,602,hand
PL,6,prtclepl,5,Prawo i Sprawiedliwość,Prawo i Sprawiedliwość,1565,link
PL,6,prtclepl,6,Ruch Palikota,Ruch Palikota / Twój Ruch,731,link
PL,6,prtclepl,7,Sojusz Lewicy Demokratycznej,Sojusz Lewicy Demokratycznej,57,link
PL,6,prtclepl,8,Solidarna Polska,Solidarna Polska,328,hand
PL,6,prtclepl,9,Other,other,,hand
PL,6,prtclepl,66,Not applicable*,,,missing
PL,6,prtclepl,77,Refusal*,refused,,missing
PL,6,prtclepl,88,Don't know*,dont-know,,missing
PL,6,prtclepl,99,No answer*,,,missing
PL,7,prtclfpl,1,Nowa Prawica,Kongres Nowej Prawicy,4713,hand
PL,7,prtclfpl,2,Platforma Obywatelska,Platforma Obywatelska,1117,link
PL,7,prtclfpl,4,Polskie Stronnictwo Ludowe,Polskie Stronnictwo Ludowe,602,hand
PL,7,prtclfpl,5,Prawo i Sprawiedliwość,Prawo i Sprawiedliwość,1565,link
PL,7,prtclfpl,6,Ruch Narodowy,Ruch Narodowy,3224,link
PL,7,prtclfpl,7,Sojusz Lewicy Demokratycznej,Sojusz Lewicy Demokratycznej,57,link
PL,7,prtclfpl,8,Twoj Ruch,Ruch Palikota / Twój Ruch,731,hand
PL,7,prtclfpl,9,Other,other,,hand
PL,7,prtclfpl,66,Not applicable*,,,missing
PL,7,prtclfpl,77,Refusal*,refused,,missing
PL,7,prtclfpl,88,Don't know*,dont-know,,missing
PL,8,prtclgpl,1,KORWiN,Koalicja Odnowy Rzeczypospolitej Wolność i Nadzieja KORWiN,4629,link
PL,8,prtclgpl,2,Kukiz'15,Kukiz'15,4631,link
PL,8,prtclgpl,3,Nowoczesna,Nowoczesna,4630,link
PL,8,prtclgpl,4,Platforma Obywatelska,Platforma Obywatelska,1117,link
PL,8,prtclgpl,5,Polskie Stronnictwo Ludowe,Polskie Stronnictwo Ludowe,602,hand
PL,8,prtclgpl,6,Prawo i Sprawiedliwość,Prawo i Sprawiedliwość,1565,link
PL,8,prtclgpl,7,Razem,[Lewica] Razem,4871,link
PL,8,prtclgpl,8,Sojusz Lewicy Demokratycznej,Sojusz Lewicy Demokratycznej,57,link
PL,8,prtclgpl,9,Other,other,,hand
PL,8,prtclgpl,66,Not applicable*,,,missing
PL,8,prtclgpl,77,Refusal*,refused,,missing
PL,8,prtclgpl,88,Don't know*,dont-know,,missing
PL,8,prtclgpl,99,No answer*,,,missing
PL,9,prtclhpl,1,Kukiz'15,Kukiz'15,4631,link
PL,9,prtclhpl,2,Nowoczesna,Nowoczesna,4630,link
PL,9,prtclhpl,3,Platforma Obywatelska,Platforma Obywatelska,1117,link
PL,9,prtclhpl,4,Polskie Stronnictwo Ludowe,Polskie Stronnictwo Ludowe,602,hand
PL,9,prtclhpl,5,Prawo i Sprawiedliwość,Prawo i Sprawiedliwość,1565,link
PL,9,prtclhpl,6,Razem,[Lewica] Razem,4871,link
PL,9,prtclhpl,7,Sojusz Lewicy Demokratycznej,Sojusz Lewicy Demokratycznej,57,link
PL,9,prtclhpl,8,Wolnosc,Koalicja Odnowy Rzeczypospolitej Wolność i Nadzieja KORWiN,4629,hand
PL,9,prtclhpl,9,Other,other,,hand
PL,9,prtclhpl,66,Not applicable*,,,missing
PL,9,prtclhpl,77,Refusal*,refused,,missing
PL,9,prtclhpl,88,Don't know*,dont-know,,missing
PL,10,prtclipl,1,Platforma Obywatelska,Platforma Obywatelska,1117,link
PL,10,prtclipl,2,Prawo i Sprawiedliwość,Prawo i Sprawiedliwość,1565,link
PL,10,prtclipl,3,Nowa Lewica,Nowa Lewica,9349,hand
PL,10,prtclipl,4,Wolnosc,Koalicja Odnowy Rzeczypospolitej Wolność i Nadzieja KORWiN,4629,hand
PL,10,prtclipl,5,Polskie Stronnictwo Ludowe,Polskie Stronnictwo Ludowe,602,hand
PL,10,prtclipl,6,Kukiz'15,Kukiz'15,4631,link
PL,10,prtclipl,7,Razem,[Lewica] Razem,4871,link
PL,10,prtclipl,8,Porozumienie Jarosława Gowina,Porozumienie,9025,link
PL,10,prtclipl,9,Solidarna Polska,Solidarna Polska,328,hand
PL,10,prtclipl,10,Ruch Polska 2050 Szymona Hołowni,Polska 2050,9027,link
PL,10,prtclipl,11,Other,other,,hand
PL,10,prtclipl,66,Not applicable*,,,missing
PL,10,prtclipl,99,No answer*,,,missing
PL,11,prtcljpl,1,Platforma Obywatelska,Platforma Obywatelska,1117,link
PL,11,prtcljpl,2,Prawo i Sprawiedliwość,Prawo i Sprawiedliwość,1565,link
PL,11,prtcljpl,3,Lewica Razem,[Lewica] Razem,4871,name
PL,11,prtcljpl,4,Konfederacja Wolność i Niepodległość,Konfederacja Wolność i Niepodległość,9026,hand
PL,11,prtcljpl,5,Nowa Lewica,Nowa Lewica,9349,hand
PL,11,prtcljpl,6,Polskie Stronnictwo Ludowe,Polskie Stronnictwo Ludowe,602,hand
PL,11,prtcljpl,7,Suwerenna Polska,Suwerenna Polska,9109,name
PL,11,prtcljpl,8,Polska 2050,Polska 2050,9027,name
PL,11,prtcljpl,9,Other,other,,hand
PL,11,prtcljpl,66,Not applicable*,,,missing
PL,11,prtcljpl,77,Refusal*,refused,,missing
PL,11,prtcljpl,88,Don't know*,dont-know,,missing
PL,11,prtcljpl,99,No answer*,,,missing
PL,1,prtclpl,3,Krajowa Partia Emerytow i Rencistow,Krajowa Partia Emerytów i Rencistów,391,link
PL,1,prtclpl,4,Liga Polskich Rodzin,Liga Polskich Rodzin,1768,link
PL,1,prtclpl,5,Partia Ludowo-Demokratyczna,Partia Ludowo-Demokratyczna [og],,hand
PL,1,prtclpl,6,Platforma Obywatelska,Platforma Obywatelska,1117,link
PL,1,prtclpl,7,Polska Partia Socjalistyczna,Polska Partia Socjalistyczna,4354,link
PL,1,prtclpl,10,Polskie Stronnictwo Ludowe,Polskie Stronnictwo Ludowe,602,hand
PL,1,prtclpl,11,Prawo i Sprawiedliwość,Prawo i Sprawiedliwość,1565,link
PL,1,prtclpl,13,Samoobrona Rzeczypospolitej Polskiej,Samoobrona Rzeczypospolitej Polskiej,727,link
PL,1,prtclpl,14,Sojusz Lewicy Demokratycznej,Sojusz Lewicy Demokratycznej,57,link
PL,1,prtclpl,16,Stronnictwo Konserwatywno-Ludowe-Ruch Nowej Polski,Stronnictwo Konserwatywno-Ludowe,8766,hand
PL,1,prtclpl,17,Unia Polityki Realnej,Unia Polityki Realnej,283,link
PL,1,prtclpl,18,Unia Pracy,Unia Pracy,1104,link
PL,1,prtclpl,19,Unia Wolnosci,Unia Wolności,8268,link
PL,1,prtclpl,20,Zjednoczenie Chrzescijansko-Narodowe,Zjednoczenie Chrześcijańsko-Narodowe,70,link
PL,1,prtclpl,21,Other,other,,hand
PL,1,prtclpl,66,Not applicable*,,,missing
PL,1,prtclpl,77,Refusal*,refused,,missing
PL,1,prtclpl,88,Don't know*,dont-know,,missing
PL,3,prtvtapl,2,Dom Ojczysty,Dom Ojczysty [og],,hand
PL,3,prtvtapl,3,Liga Polskich Rodzin,Liga Polskich Rodzin,1768,link
PL,3,prtvtapl,5,Ogólnopolska Koalicja Obywatelska,Ogólnopolska Koalicja Obywatelska [og],,hand
PL,3,prtvtapl,6,Partia Demokratyczna demokraci.pl,Partia Demokratyczna,1566,link
PL,3,prtvtapl,8,Platforma Janusza Korwin-Mikke,Platforma Janusza Korwin-Mikke,913,link
PL,3,prtvtapl,9,Platforma Obywatelska,Platforma Obywatelska,1117,link
PL,3,prtvtapl,13,Polskie Stronnictwo Ludowe,Polskie Stronnictwo Ludowe,602,hand
PL,3,prtvtapl,14,Prawo i Sprawiedliwość,Prawo i Sprawiedliwość,1565,link
PL,3,prtvtapl,16,Samoobrona Rzeczypospolitej Polskiej,Samoobrona Rzeczypospolitej Polskiej,727,link
PL,3,prtvtapl,17,Socjaldemokracja Polska,Socjaldemokracja Polska,1328,link
PL,3,prtvtapl,18,Sojusz Lewicy Demokratycznej,Sojusz Lewicy Demokratycznej,57,link
PL,3,prtvtapl,19,Other,other,,hand
PL,3,prtvtapl,66,Not applicable*,,,missing
PL,3,prtvtapl,77,Refusal*,refused,,missing
PL,3,prtvtapl,88,Don't know*,dont-know,,missing
PL,3,prtvtapl,99,No answer*,,,missing
PL,4,prtvtbpl,1,Lewica i Demokraci,Lewica i Demokraci,1588,link
PL,4,prtvtbpl,2,Liga Polskich Rodzin,Liga Polskich Rodzin,1768,link
PL,4,prtvtbpl,3,Platforma Obywatelska,Platforma Obywatelska,1117,link
PL,4,prtvtbpl,4,Polska Partia Pracy,Polska Partia Pracy,3699,link
PL,4,prtvtbpl,5,Polskie Stronnictwo Ludowe,Polskie Stronnictwo Ludowe,602,hand
PL,4,prtvtbpl,6,Prawo i Sprawiedliwość,Prawo i Sprawiedliwość,1565,link
PL,4,prtvtbpl,7,Samoobrona Rzeczypospolitej Polskiej,Samoobrona Rzeczypospolitej Polskiej,727,link
PL,4,prtvtbpl,8,Other,other,,hand
PL,4,prtvtbpl,66,Not applicable*,,,missing
PL,4,prtvtbpl,77,Refusal*,refused,,missing
PL,4,prtvtbpl,88,Don't know*,dont-know,,missing
PL,4,prtvtbpl,99,No answer*,,,missing
PL,5,prtvtbpl,1,Lewica i Demokraci,Lewica i Demokraci,1588,link
PL,5,prtvtbpl,2,Liga Polskich Rodzin,Liga Polskich Rodzin,1768,link
PL,5,prtvtbpl,3,Platforma Obywatelska,Platforma Obywatelska,1117,link
PL,5,prtvtbpl,4,Polska Partia Pracy,Polska Partia Pracy,3699,link
PL,5,prtvtbpl,5,Polskie Stronnictwo Ludowe,Polskie Stronnictwo Ludowe,602,hand
PL,5,prtvtbpl,6,Prawo i Sprawiedliwość,Prawo i Sprawiedliwość,1565,link
PL,5,prtvtbpl,7,Samoobrona Rzeczypospolitej Polskiej,Samoobrona Rzeczypospolitej Polskiej,727,link
PL,5,prtvtbpl,8,Other,other,,hand
PL,5,prtvtbpl,66,Not applicable*,,,missing
PL,5,prtvtbpl,77,Refusal*,refused,,missing
PL,5,prtvtbpl,88,Don't know*,dont-know,,missing
PL,6,prtvtcpl,1,Nowa Prawica,Kongres Nowej Prawicy,4713,hand
PL,6,prtvtcpl,2,Platforma Obywatelska,Platforma Obywatelska,1117,link
PL,6,prtvtcpl,3,Polska Jest Najważniejsza,Polska jest Najważniejsza,41,link
PL,6,prtvtcpl,4,Polska Partia Pracy – Sierpień '80,Polska Partia Pracy,3699,hand
PL,6,prtvtcpl,5,Polskie Stronnictwo Ludowe,Polskie Stronnictwo Ludowe,602,hand
PL,6,prtvtcpl,6,Prawo i Sprawiedliwość,Prawo i Sprawiedliwość,1565,link
PL,6,prtvtcpl,7,Ruch Palikota,Ruch Palikota / Twój Ruch,731,link
PL,6,prtvtcpl,8,Sojusz Lewicy Demokratycznej,Sojusz Lewicy Demokratycznej,57,link
PL,6,prtvtcpl,9,Other,other,,hand
PL,6,prtvtcpl,66,Not applicable*,,,missing
PL,6,prtvtcpl,77,Refusal*,refused,,missing
PL,6,prtvtcpl,88,Don't know*,dont-know,,missing
PL,6,prtvtcpl,99,No answer*,,,missing
PL,7,prtvtcpl,1,Nowa Prawica,Kongres Nowej Prawicy,4713,hand
PL,7,prtvtcpl,2,Platforma Obywatelska,Platforma Obywatelska,1117,link
PL,7,prtvtcpl,3,Polska Jest Najważniejsza,Polska jest Najważniejsza,41,link
PL,7,prtvtcpl,4,Polska Partia Pracy – Sierpień '80,Polska Partia Pracy,3699,hand
PL,7,prtvtcpl,5,Polskie Stronnictwo Ludowe,Polskie Stronnictwo Ludowe,602,hand
PL,7,prtvtcpl,6,Prawo i Sprawiedliwość,Prawo i Sprawiedliwość,1565,link
PL,7,prtvtcpl,7,Ruch Palikota,Ruch Palikota / Twój Ruch,731,link
PL,7,prtvtcpl,8,Sojusz Lewicy Demokratycznej,Sojusz Lewicy Demokratycznej,57,link
PL,7,prtvtcpl,9,Other,other,,hand
PL,7,prtvtcpl,66,Not applicable*,,,missing
PL,7,prtvtcpl,77,Refusal*,refused,,missing
PL,7,prtvtcpl,88,Don't know*,dont-know,,missing
PL,8,prtvtdpl,1,KORWiN,Koalicja Odnowy Rzeczypospolitej Wolność i Nadzieja KORWiN,4629,link
PL,8,prtvtdpl,2,Kukiz'15,Kukiz'15,4631,link
PL,8,prtvtdpl,3,Nowoczesna,Nowoczesna,4630,link
PL,8,prtvtdpl,4,Platforma Obywatelska,Platforma Obywatelska,1117,link
PL,8,prtvtdpl,5,Polskie Stronnictwo Ludowe,Polskie Stronnictwo Ludowe,602,hand
PL,8,prtvtdpl,6,Prawo i Sprawiedliwość,Prawo i Sprawiedliwość,1565,link
PL,8,prtvtdpl,7,Razem,[Lewica] Razem,4871,link
PL,8,prtvtdpl,8,Zjednoczona Lewica,Zjednoczona Lewica,9091,hand
PL,8,prtvtdpl,9,Other,other,,hand
PL,8,prtvtdpl,66,Not applicable*,,,missing
PL,8,prtvtdpl,77,Refusal*,refused,,missing
PL,8,prtvtdpl,88,Don't know*,dont-know,,missing
PL,8,prtvtdpl,99,No answer*,,,missing
PL,9,prtvtdpl,1,KORWiN,Koalicja Odnowy Rzeczypospolitej Wolność i Nadzieja KORWiN,4629,link
PL,9,prtvtdpl,2,Kukiz'15,Kukiz'15,4631,link
PL,9,prtvtdpl,3,Nowoczesna,Nowoczesna,4630,link
PL,9,prtvtdpl,4,Platforma Obywatelska,Platforma Obywatelska,1117,link
PL,9,prtvtdpl,5,Polskie Stronnictwo Ludowe,Polskie Stronnictwo Ludowe,602,hand
PL,9,prtvtdpl,6,Prawo i Sprawiedliwość,Prawo i Sprawiedliwość,1565,link
PL,9,prtvtdpl,7,Razem,[Lewica] Razem,4871,link
PL,9,prtvtdpl,8,Zjednoczona Lewica,Zjednoczona Lewica,9091,hand
PL,9,prtvtdpl,9,Other,other,,hand
PL,9,prtvtdpl,66,Not applicable*,,,missing
PL,9,prtvtdpl,77,Refusal*,refused,,missing
PL,9,prtvtdpl,88,Don't know*,dont-know,,missing
PL,10,prtvtepl,1,Koalicja Bezpartyjni i Samorządowcy,Koalicja Bezpartyjni i Samorządowcy [og],,hand
PL,10,prtvtepl,2,Koalicja Obywatelska,Koalicja Obywatelska,9122,name
PL,10,prtvtepl,3,Konfederacja Wolność i Niepodległość,Konfederacja Wolność i Niepodległość,9026,hand
PL,10,prtvtepl,4,Polskie Stronnictwo Ludowe,Polskie Stronnictwo Ludowe,602,hand
PL,10,prtvtepl,5,Prawo i Sprawiedliwość,Prawo i Sprawiedliwość,1565,link
PL,10,prtvtepl,6,Sojusz Lewicy Demokratycznej,Sojusz Lewicy Demokratycznej,57,link
PL,10,prtvtepl,7,Other,other,,hand
PL,10,prtvtepl,66,Not applicable*,,,missing
PL,10,prtvtepl,99,No answer*,,,missing
PL,11,prtvtfpl,1,Koalicja Obywatelska,Koalicja Obywatelska,9122,name
PL,11,prtvtfpl,2,Prawo i Sprawiedliwość,Prawo i Sprawiedliwość,1565,link
PL,11,prtvtfpl,3,Trzecia Droga,Trzecia Droga [og],,hand
PL,11,prtvtfpl,4,Nowa Lewica,Nowa Lewica,9349,hand
PL,11,prtvtfpl,5,Konfederacja Wolność i Niepodległość,Konfederacja Wolność i Niepodległość,9026,hand
PL,11,prtvtfpl,6,Other,other,,hand
PL,11,prtvtfpl,66,Not applicable*,,,missing
PL,11,prtvtfpl,77,Refusal*,refused,,missing
PL,11,prtvtfpl,88,Don't know*,dont-know,,missing
PL,11,prtvtfpl,99,No answer*,,,missing
PL,1,prtvtpl,1,Sojusz Lewicy Demokratycznej/Unia Pracy,Sojusz Lewicy Demokratycznej — Unia Pracy,6183,link
PL,1,prtvtpl,2,Akcja Wyborcza Solidarność Prawicy,Akcja Wyborcza Solidarność Prawicy,863,link
PL,1,prtvtpl,3,Unia Wolności,Unia Wolności,8268,link
PL,1,prtvtpl,4,Samoobrona Rzeczypospolitej Polskiej,Samoobrona Rzeczypospolitej Polskiej,727,link
PL,1,prtvtpl,5,Prawo i Sprawiedliwość,Prawo i Sprawiedliwość,1565,link
PL,1,prtvtpl,6,Polskie Stronnictwo Ludowe,Polskie Stronnictwo Ludowe,602,hand
PL,1,prtvtpl,7,Platforma Obywatelska,Platforma Obywatelska,1117,link
PL,1,prtvtpl,8,Alternatywa Ruch Społeczny,Alternatywa Ruch Społeczny [og],,hand
PL,1,prtvtpl,10,Liga Polskich Rodzin,Liga Polskich Rodzin,1768,link
PL,1,prtvtpl,11,Mniejszość Niemiecka,Mniejszość niemiecka w Polsce,1439,link
PL,1,prtvtpl,13,Polska Partia Socjalistyczna,Polska Partia Socjalistyczna,4354,link
PL,1,prtvtpl,66,Not applicable*,,,missing
PL,1,prtvtpl,77,Refusal*,refused,,missing
PL,1,prtvtpl,88,Don't know*,dont-know,,missing
PL,2,prtvtpl,1,Sojusz Lewicy Demokratycznej/Unia Pracy,Sojusz Lewicy Demokratycznej — Unia Pracy,6183,link
PL,2,prtvtpl,2,Akcja Wyborcza Solidarność Prawicy,Akcja Wyborcza Solidarność Prawicy,863,link
PL,2,prtvtpl,3,Unia Wolności,Unia Wolności,8268,link
PL,2,prtvtpl,4,Samoobrona Rzeczypospolitej Polskiej,Samoobrona Rzeczypospolitej Polskiej,727,link
PL,2,prtvtpl,5,Prawo i Sprawiedliwość,Prawo i Sprawiedliwość,1565,link
PL,2,prtvtpl,6,Polskie Stronnictwo Ludowe,Polskie Stronnictwo Ludowe,602,hand
PL,2,prtvtpl,7,Platforma Obywatelska,Platforma Obywatelska,1117,link
PL,2,prtvtpl,9,Polska Wspólnota Narodowa,Polska Wspólnota Narodowa [og],,hand
PL,2,prtvtpl,10,Liga Polskich Rodzin,Liga Polskich Rodzin,1768,link
PL,2,prtvtpl,66,Not applicable*,,,missing
PL,2,prtvtpl,77,Refusal*,refused,,missing
PL,2,prtvtpl,88,Don't know*,dont-know,,missing
PT,2,prtclapt,1,B.E. - Bloco de Esquerda,Bloco de Esquerda,1310,link
PT,2,prtclapt,2,CDS/PP - Centro Democrático Social / Partido Popular,Centro Democrático e Social / Partido Popular,1308,link
PT,2,prtclapt,3,MPT - Movimento Partido da Terra,Movimento Partido da Terra / Partido da Terra,3226,link
PT,2,prtclapt,4,P.H. - Partido Humanista,Partido Humanista,8269,link
PT,2,prtclapt,5,PCP- Partido Comunista Português,Partido Comunista Português,310,link
PT,2,prtclapt,6,PCTP/MRPP - Partido Comunista dos Trabalhadores Po,Comunista dos Trabalhadores Portugueses / Movimento Reorganizativo do Partido do Proletariado,857,link
PT,2,prtclapt,9,PPM - Partido Popular Monárquico,Partido Popular Monárquico,1480,link
PT,2,prtclapt,10,PS - Partido Socialista,Partido Socialista,655,link
PT,2,prtclapt,11,PSD - Partido Social Democrata,Partido Popular Democrático / Partido Social Democrata,1359,link
PT,2,prtclapt,13,Other,other,,hand
PT,2,prtclapt,66,Not applicable*,,,missing
PT,2,prtclapt,77,Refusal*,refused,,missing
PT,2,prtclapt,99,No answer*,,,missing
PT,3,prtclbpt,1,BE - Bloco de Esquerda,Bloco de Esquerda,1310,hand
PT,3,prtclbpt,2,CDS/PP - Centro Democrático Social/Partido Popular,Centro Democrático e Social / Partido Popular,1308,name
PT,3,prtclbpt,3,PCP-PEV - Partido Comunista Português - Partido Ecologista os Verdes,Coligação Democrática Unitária,284,hand
PT,3,prtclbpt,4,PCTP-MRPP - Partido Comunista dos Trabalhadores Portugueses - Movimento Reorganizativo do Proletariado Português,Comunista dos Trabalhadores Portugueses / Movimento Reorganizativo do Partido do Proletariado,857,hand
PT,3,prtclbpt,6,PH - Partido Humanista,Partido Humanista,8269,hand
PT,3,prtclbpt,7,PND - Partido da Nova Democracia,Partido da Nova Democracia,1095,link
PT,3,prtclbpt,9,POUS - Partido Operário de Unidade Socialista,Partido Operário de Unidade Socialista,1106,link
PT,3,prtclbpt,10,PSD - Partido Social Democrata,Partido Popular Democrático / Partido Social Democrata,1359,link
PT,3,prtclbpt,11,PS - Partido Socialista,Partido Socialista,655,link
PT,3,prtclbpt,12,Outro,other,,hand
PT,3,prtclbpt,66,Not applicable*,,,missing
PT,3,prtclbpt,77,Refusal*,refused,,missing
PT,3,prtclbpt,88,Don't know*,dont-know,,missing
PT,4,prtclbpt,1,BE - Bloco de Esquerda,Bloco de Esquerda,1310,hand
PT,4,prtclbpt,2,CDS/PP - Centro Democrático Social/Partido Popular,Centro Democrático e Social / Partido Popular,1308,name
PT,4,prtclbpt,3,PCP-PEV - Partido Comunista Português - Partido Ecologista os Verdes,Coligação Democrática Unitária,284,hand
PT,4,prtclbpt,4,PCTP-MRPP - Partido Comunista dos Trabalhadores Portugueses - Movimento Reorganizativo do Proletariado Português,Comunista dos Trabalhadores Portugueses / Movimento Reorganizativo do Partido do Proletariado,857,hand
PT,4,prtclbpt,7,PND - Partido da Nova Democracia,Partido da Nova Democracia,1095,link
PT,4,prtclbpt,10,PSD - Partido Social Democrata,Partido Popular Democrático / Partido Social Democrata,1359,link
PT,4,prtclbpt,11,PS - Partido Socialista,Partido Socialista,655,link
PT,4,prtclbpt,12,Outro,other,,hand
PT,4,prtclbpt,66,Not applicable*,,,missing
PT,4,prtclbpt,77,Refusal*,refused,,missing
PT,4,prtclbpt,88,Don't know*,dont-know,,missing
PT,5,prtclcpt,1,Bloco de Esquerda (BE),Bloco de Esquerda,1310,hand
PT,5,prtclcpt,2,Centro Democrático Social - Partido Popular (CDS-PP),Centro Democrático e Social / Partido Popular,1308,hand
PT,5,prtclcpt,3,Coligação Democrática Unitária (CDU),Coligação Democrática Unitária,284,hand
PT,5,prtclcpt,4,Partido Comunista dos Trabalhadores Portugueses/Movimento Reorganizativo do Partido do Proletariado (PCTP-MRPP),Comunista dos Trabalhadores Portugueses / Movimento Reorganizativo do Partido do Proletariado,857,hand
PT,5,prtclcpt,6,Partido Humanista (PH),Partido Humanista,8269,hand
PT,5,prtclcpt,8,Partido Nacional Renovador (PNR),Partido Nacional Renovador (PNR) [og],,hand
PT,5,prtclcpt,10,Partido Social Democrata (PSD),Partido Popular Democrático / Partido Social Democrata,1359,hand
PT,5,prtclcpt,11,Partido Socialista (PS),Partido Socialista,655,hand
PT,5,prtclcpt,12,Outro,other,,hand
PT,5,prtclcpt,66,Not applicable*,,,missing
PT,5,prtclcpt,77,Refusal*,refused,,missing
PT,5,prtclcpt,88,Don't know*,dont-know,,missing
PT,6,prtclcpt,1,Bloco de Esquerda (BE),Bloco de Esquerda,1310,hand
PT,6,prtclcpt,2,Centro Democrático Social - Partido Popular (CDS-PP),Centro Democrático e Social / Partido Popular,1308,hand
PT,6,prtclcpt,3,Coligação Democrática Unitária (CDU),Coligação Democrática Unitária,284,hand
PT,6,prtclcpt,4,Partido Comunista dos Trabalhadores Portugueses/Movimento Reorganizativo do Partido do Proletariado (PCTP-MRPP),Comunista dos Trabalhadores Portugueses / Movimento Reorganizativo do Partido do Proletariado,857,hand
PT,6,prtclcpt,10,Partido Social Democrata (PSD),Partido Popular Democrático / Partido Social Democrata,1359,hand
PT,6,prtclcpt,11,Partido Socialista (PS),Partido Socialista,655,hand
PT,6,prtclcpt,12,Outro,other,,hand
PT,6,prtclcpt,66,Not applicable*,,,missing
PT,6,prtclcpt,77,Refusal*,refused,,missing
PT,6,prtclcpt,88,Don't know*,dont-know,,missing
PT,6,prtclcpt,99,No answer*,,,missing
PT,7,prtcldpt,1,Bloco de Esquerda (BE),Bloco de Esquerda,1310,hand
PT,7,prtcldpt,2,Centro Democrático Social - Partido Popular (CDS-PP),Centro Democrático e Social / Partido Popular,1308,hand
PT,7,prtcldpt,3,LIVRE,"Livre — Liberdade, Esquerda, Europa e Ecologia",3225,link
PT,7,prtcldpt,5,CDU – Coligação Democrática Unitária (PCP-PEV),Coligação Democrática Unitária,284,hand
PT,7,prtcldpt,6,Partido Comunista dos Trabalhadores Port./Movimento Reorganizativo do Proletariado Port. (PCTP-MRPP),Comunista dos Trabalhadores Portugueses / Movimento Reorganizativo do Partido do Proletariado,857,hand
PT,7,prtcldpt,8,Partido Social Democrata (PPD/PSD),Partido Popular Democrático / Partido Social Democrata,1359,hand
PT,7,prtcldpt,9,Partido Socialista (PS),Partido Socialista,655,hand
PT,7,prtcldpt,10,Outro,other,,hand
PT,7,prtcldpt,66,Not applicable*,,,missing
PT,7,prtcldpt,77,Refusal*,refused,,missing
PT,7,prtcldpt,88,Don't know*,dont-know,,missing
PT,7,prtcldpt,99,No answer*,,,missing
PT,8,prtclept,2,B.E. - Bloco de Esquerda,Bloco de Esquerda,1310,link
PT,8,prtclept,3,PCP-PEV - CDU - Coligação Democrática Unitária,Coligação Democrática Unitária,284,hand
PT,8,prtclept,5,L/TDA - LIVRE/Tempo de Avançar,"Livre — Liberdade, Esquerda, Europa e Ecologia",3225,link
PT,8,prtclept,7,PPV/CDC - Partido Cidadania e Democracia Cristã,PPV/CDC - Partido Cidadania e Democracia Cristã [og],,hand
PT,8,prtclept,8,PCTP/MRPP - Partido Comunista dos Trabalhadores Portugueses,Comunista dos Trabalhadores Portugueses / Movimento Reorganizativo do Partido do Proletariado,857,hand
PT,8,prtclept,9,MPT - Partido da Terra,Movimento Partido da Terra / Partido da Terra,3226,hand
PT,8,prtclept,13,PS - Partido Socialista,Partido Socialista,655,link
PT,8,prtclept,15,PAN - Pessoas-Animais-Natureza,Partido pelos Animais e pela Natureza,97,link
PT,8,prtclept,16,PPD/PSD,Partido Popular Democrático / Partido Social Democrata,1359,name
PT,8,prtclept,17,CDS-PP,Centro Democrático e Social / Partido Popular,1308,name
PT,8,prtclept,18,Other,other,,hand
PT,8,prtclept,66,Not applicable*,,,missing
PT,8,prtclept,77,Refusal*,refused,,missing
PT,8,prtclept,88,Don't know*,dont-know,,missing
PT,9,prtclept,2,B.E. - Bloco de Esquerda,Bloco de Esquerda,1310,link
PT,9,prtclept,3,PCP-PEV - CDU - Coligação Democrática Unitária,Coligação Democrática Unitária,284,hand
PT,9,prtclept,4,JPP - Juntos pelo Povo,JPP - Juntos pelo Povo [og],,hand
PT,9,prtclept,5,L/TDA - LIVRE/Tempo de Avançar,"Livre — Liberdade, Esquerda, Europa e Ecologia",3225,link
PT,9,prtclept,7,PPV/CDC - Partido Cidadania e Democracia Cristã,PPV/CDC - Partido Cidadania e Democracia Cristã [og],,hand
PT,9,prtclept,8,PCTP/MRPP - Partido Comunista dos Trabalhadores Portugueses,Comunista dos Trabalhadores Portugueses / Movimento Reorganizativo do Partido do Proletariado,857,hand
PT,9,prtclept,11,PNR - Partido Nacional Renovador,PNR - Partido Nacional Renovador [og],,hand
PT,9,prtclept,12,PPM - Partido Popular Monárquico,Partido Popular Monárquico,1480,link
PT,9,prtclept,13,PS - Partido Socialista,Partido Socialista,655,link
PT,9,prtclept,14,PURP - Partido Unido dos Reformados e Pensionistas,PURP - Partido Unido dos Reformados e Pensionistas [og],,hand
PT,9,prtclept,15,PAN - Pessoas-Animais-Natureza,Partido pelos Animais e pela Natureza,97,link
PT,9,prtclept,16,PPD/PSD,Partido Popular Democrático / Partido Social Democrata,1359,name
PT,9,prtclept,17,CDS-PP,Centro Democrático e Social / Partido Popular,1308,name
PT,9,prtclept,18,Other,other,,hand
PT,9,prtclept,66,Not applicable*,,,missing
PT,9,prtclept,77,Refusal*,refused,,missing
PT,9,prtclept,88,Don't know*,dont-know,,missing
PT,10,prtclfpt,2,B.E. - Bloco de Esquerda,Bloco de Esquerda,1310,link
PT,10,prtclfpt,3,CDS-PP - CDS-Partido Popular,Centro Democrático e Social / Partido Popular,1308,hand
PT,10,prtclfpt,4,CHEGA,Chega,8182,link
PT,10,prtclfpt,5,IL - Iniciativa Liberal,Iniciativa Liberal,8640,link
PT,10,prtclfpt,7,L - LIVRE,"Livre — Liberdade, Esquerda, Europa e Ecologia",3225,hand
PT,10,prtclfpt,9,"NC - Nós, Cidadãos!","Nós, Cidadãos!",7358,link
PT,10,prtclfpt,10,PPV/CDC - Partido Cidadania e Democracia Cristã,PPV/CDC - Partido Cidadania e Democracia Cristã [og],,hand
PT,10,prtclfpt,11,PCTP/MRPP - Partido Comunista dos Trabalhadores Portugueses,Comunista dos Trabalhadores Portugueses / Movimento Reorganizativo do Partido do Proletariado,857,hand
PT,10,prtclfpt,12,PCP- Partido Comunista Português,Partido Comunista Português,310,link
PT,10,prtclfpt,15,PEV - Partido Ecologista os Verdes,Partido Ecologista — Os Verdes,886,link
PT,10,prtclfpt,18,PAN - Pessoas-Animais-Natureza,Partido pelos Animais e pela Natureza,97,link
PT,10,prtclfpt,20,PPD/PSD - Partido Social Democrata,Partido Popular Democrático / Partido Social Democrata,1359,hand
PT,10,prtclfpt,21,PS - Partido Socialista,Partido Socialista,655,link
PT,10,prtclfpt,66,Not applicable*,,,missing
PT,10,prtclfpt,77,Refusal*,refused,,missing
PT,10,prtclfpt,88,Don't know*,dont-know,,missing
PT,11,prtclgpt,3,B.E. - Bloco de Esquerda,Bloco de Esquerda,1310,link
PT,11,prtclgpt,4,CDS-PP - CDS-Partido Popular,Centro Democrático e Social / Partido Popular,1308,hand
PT,11,prtclgpt,5,CHEGA,Chega,8182,link
PT,11,prtclgpt,6,IL - Iniciativa Liberal,Iniciativa Liberal,8640,link
PT,11,prtclgpt,8,L - LIVRE,"Livre — Liberdade, Esquerda, Europa e Ecologia",3225,hand
PT,11,prtclgpt,12,PCTP/MRPP - Partido Comunista dos Trabalhadores Portugueses,Comunista dos Trabalhadores Portugueses / Movimento Reorganizativo do Partido do Proletariado,857,hand
PT,11,prtclgpt,13,PCP- Partido Comunista Português,Partido Comunista Português,310,link
PT,11,prtclgpt,14,MPT - Partido da Terra,Movimento Partido da Terra / Partido da Terra,3226,hand
PT,11,prtclgpt,17,PAN - Pessoas-Animais-Natureza,Partido pelos Animais e pela Natureza,97,link
PT,11,prtclgpt,19,PPD/PSD - Partido Social Democrata,Partido Popular Democrático / Partido Social Democrata,1359,hand
PT,11,prtclgpt,20,PS - Partido Socialista,Partido Socialista,655,link
PT,11,prtclgpt,24,VP – Volt Portugal,VP – Volt Portugal [og],,hand
PT,11,prtclgpt,66,Not applicable*,,,missing
PT,11,prtclgpt,77,Refusal*,refused,,missing
PT,11,prtclgpt,88,Don't know*,dont-know,,missing
PT,1,prtclpt,1,B.E. - Bloco de Esquerda,Bloco de Esquerda,1310,link
PT,1,prtclpt,2,CDS/PP - Centro Democrático Social / Partido Popular,Centro Democrático e Social / Partido Popular,1308,link
PT,1,prtclpt,4,P.H. - Partido Humanista,Partido Humanista,8269,link
PT,1,prtclpt,5,PCP/PEV - Partido Comunista Português Partido Ecolo,Coligação Democrática Unitária,284,link
PT,1,prtclpt,6,PCTP/MRPP - Partido Comunista dos Trabalhadores Po,Comunista dos Trabalhadores Portugueses / Movimento Reorganizativo do Partido do Proletariado,857,link
PT,1,prtclpt,10,PS - Partido Socialista,Partido Socialista,655,link
PT,1,prtclpt,11,PSD - Partido Social Democrata,Partido Popular Democrático / Partido Social Democrata,1359,link
PT,1,prtclpt,12,Other,other,,hand
PT,1,prtclpt,66,Not applicable*,,,missing
PT,1,prtclpt,77,Refusal*,refused,,missing
PT,1,prtclpt,88,Don't know*,dont-know,,missing
PT,1,prtclpt,99,No answer*,,,missing
PT,3,prtvtapt,1,BE - Bloco de Esquerda,Bloco de Esquerda,1310,hand
PT,3,prtvtapt,2,CDS/PP - Centro Democrático Social/Partido Popular,Centro Democrático e Social / Partido Popular,1308,name
PT,3,prtvtapt,3,PCP-PEV - Partido Comunista Português - Partido Ecologista os Verdes,Coligação Democrática Unitária,284,hand
PT,3,prtvtapt,4,PCTP-MRPP - Partido Comunista dos Trabalhadores Portugueses - Movimento Reorganizativo do Proletariado Português,Comunista dos Trabalhadores Portugueses / Movimento Reorganizativo do Partido do Proletariado,857,hand
PT,3,prtvtapt,6,PH - Partido Humanista,Partido Humanista,8269,hand
PT,3,prtvtapt,7,PND - Partido da Nova Democracia,Partido da Nova Democracia,1095,link
PT,3,prtvtapt,10,PSD - Partido Social Democrata,Partido Popular Democrático / Partido Social Democrata,1359,link
PT,3,prtvtapt,11,PS - Partido Socialista,Partido Socialista,655,link
PT,3,prtvtapt,12,Votou em branco / nulo,blank-invalid,,hand
PT,3,prtvtapt,66,Not applicable*,,,missing
PT,3,prtvtapt,77,Refusal*,refused,,missing
PT,3,prtvtapt,88,Don't know*,dont-know,,missing
PT,4,prtvtapt,1,BE - Bloco de Esquerda,Bloco de Esquerda,1310,hand
PT,4,prtvtapt,2,CDS/PP - Centro Democrático Social/Partido Popular,Centro Democrático e Social / Partido Popular,1308,name
PT,4,prtvtapt,3,PCP-PEV - Partido Comunista Português - Partido Ecologista os Verdes,Coligação Democrática Unitária,284,hand
PT,4,prtvtapt,4,PCTP-MRPP - Partido Comunista dos Trabalhadores Portugueses - Movimento Reorganizativo do Proletariado Português,Comunista dos Trabalhadores Portugueses / Movimento Reorganizativo do Partido do Proletariado,857,hand
PT,4,prtvtapt,6,PH - Partido Humanista,Partido Humanista,8269,hand
PT,4,prtvtapt,7,PND - Partido da Nova Democracia,Partido da Nova Democracia,1095,link
PT,4,prtvtapt,8,PNR - Partido Nacional Renovador,PNR - Partido Nacional Renovador [og],,hand
PT,4,prtvtapt,10,PSD - Partido Social Democrata,Partido Popular Democrático / Partido Social Democrata,1359,link
PT,4,prtvtapt,11,PS - Partido Socialista,Partido Socialista,655,link
PT,4,prtvtapt,12,Votou em branco / nulo,blank-invalid,,hand
PT,4,prtvtapt,66,Not applicable*,,,missing
PT,4,prtvtapt,77,Refusal*,refused,,missing
PT,4,prtvtapt,88,Don't know*,dont-know,,missing
PT,5,prtvtbpt,1,Bloco de Esquerda (BE),Bloco de Esquerda,1310,hand
PT,5,prtvtbpt,2,Centro Democrático Social - Partido Popular (CDS-PP),Centro Democrático e Social / Partido Popular,1308,hand
PT,5,prtvtbpt,3,Coligação Democrática Unitária (CDU),Coligação Democrática Unitária,284,hand
PT,5,prtvtbpt,4,Partido Comunista dos Trabalhadores Portugueses/Movimento Reorganizativo do Partido do Proletariado (PCTP-MRPP),Comunista dos Trabalhadores Portugueses / Movimento Reorganizativo do Partido do Proletariado,857,hand
PT,5,prtvtbpt,6,Partido Humanista (PH),Partido Humanista,8269,hand
PT,5,prtvtbpt,7,Nova democracia (PND),Partido da Nova Democracia,1095,hand
PT,5,prtvtbpt,8,Partido Nacional Renovador (PNR),Partido Nacional Renovador (PNR) [og],,hand
PT,5,prtvtbpt,9,Partido Operário de Unidade Socialista (POUS),Partido Operário de Unidade Socialista,1106,link
PT,5,prtvtbpt,10,Partido Social Democrata (PSD),Partido Popular Democrático / Partido Social Democrata,1359,hand
PT,5,prtvtbpt,11,Partido Socialista (PS),Partido Socialista,655,hand
PT,5,prtvtbpt,12,Votou em branco / nulo,blank-invalid,,hand
PT,5,prtvtbpt,13,Outro,other,,hand
PT,5,prtvtbpt,66,Not applicable*,,,missing
PT,5,prtvtbpt,77,Refusal*,refused,,missing
PT,5,prtvtbpt,88,Don't know*,dont-know,,missing
PT,6,prtvtbpt,1,Bloco de Esquerda (BE),Bloco de Esquerda,1310,hand
PT,6,prtvtbpt,2,Centro Democrático Social - Partido Popular (CDS-PP),Centro Democrático e Social / Partido Popular,1308,hand
PT,6,prtvtbpt,3,Coligação Democrática Unitária (CDU),Coligação Democrática Unitária,284,hand
PT,6,prtvtbpt,4,Partido Comunista dos Trabalhadores Portugueses/Movimento Reorganizativo do Partido do Proletariado (PCTP-MRPP),Comunista dos Trabalhadores Portugueses / Movimento Reorganizativo do Partido do Proletariado,857,hand
PT,6,prtvtbpt,5,Partido Democrático do Atlântico (PDA),Partido Democrático do Atlântico (PDA) [og],,hand
PT,6,prtvtbpt,7,Nova democracia (PND),Partido da Nova Democracia,1095,hand
PT,6,prtvtbpt,8,Partido Nacional Renovador (PNR),Partido Nacional Renovador (PNR) [og],,hand
PT,6,prtvtbpt,10,Partido Social Democrata (PSD),Partido Popular Democrático / Partido Social Democrata,1359,hand
PT,6,prtvtbpt,11,Partido Socialista (PS),Partido Socialista,655,hand
PT,6,prtvtbpt,12,Votou em branco / nulo,blank-invalid,,hand
PT,6,prtvtbpt,13,Outro,other,,hand
PT,6,prtvtbpt,66,Not applicable*,,,missing
PT,6,prtvtbpt,77,Refusal*,refused,,missing
PT,6,prtvtbpt,88,Don't know*,dont-know,,missing
PT,7,prtvtbpt,1,Bloco de Esquerda (BE),Bloco de Esquerda,1310,hand
PT,7,prtvtbpt,2,Centro Democrático Social - Partido Popular (CDS-PP),Centro Democrático e Social / Partido Popular,1308,hand
PT,7,prtvtbpt,3,Coligação Democrática Unitária (CDU),Coligação Democrática Unitária,284,hand
PT,7,prtvtbpt,4,Partido Comunista dos Trabalhadores Portugueses/Movimento Reorganizativo do Partido do Proletariado (PCTP-MRPP),Comunista dos Trabalhadores Portugueses / Movimento Reorganizativo do Partido do Proletariado,857,hand
PT,7,prtvtbpt,7,Nova democracia (PND),Partido da Nova Democracia,1095,hand
PT,7,prtvtbpt,8,Partido Nacional Renovador (PNR),Partido Nacional Renovador (PNR) [og],,hand
PT,7,prtvtbpt,10,Partido Social Democrata (PSD),Partido Popular Democrático / Partido Social Democrata,1359,hand
PT,7,prtvtbpt,11,Partido Socialista (PS),Partido Socialista,655,hand
PT,7,prtvtbpt,12,Votou em branco / nulo,blank-invalid,,hand
PT,7,prtvtbpt,13,Outro,other,,hand
PT,7,prtvtbpt,66,Not applicable*,,,missing
PT,7,prtvtbpt,77,Refusal*,refused,,missing
PT,7,prtvtbpt,88,Don't know*,dont-know,,missing
PT,8,prtvtcpt,2,B.E. - Bloco de Esquerda,Bloco de Esquerda,1310,link
PT,8,prtvtcpt,3,PCP-PEV - CDU - Coligação Democrática Unitária,Coligação Democrática Unitária,284,hand
PT,8,prtvtcpt,5,L/TDA - LIVRE/Tempo de Avançar,"Livre — Liberdade, Esquerda, Europa e Ecologia",3225,link
PT,8,prtvtcpt,7,PPV/CDC - Partido Cidadania e Democracia Cristã,PPV/CDC - Partido Cidadania e Democracia Cristã [og],,hand
PT,8,prtvtcpt,8,PCTP/MRPP - Partido Comunista dos Trabalhadores Portugueses,Comunista dos Trabalhadores Portugueses / Movimento Reorganizativo do Partido do Proletariado,857,hand
PT,8,prtvtcpt,9,MPT - Partido da Terra,Movimento Partido da Terra / Partido da Terra,3226,hand
PT,8,prtvtcpt,11,PNR - Partido Nacional Renovador,PNR - Partido Nacional Renovador [og],,hand
PT,8,prtvtcpt,12,PPM - Partido Popular Monárquico,Partido Popular Monárquico,1480,link
PT,8,prtvtcpt,13,PS - Partido Socialista,Partido Socialista,655,link
PT,8,prtvtcpt,14,PURP - Partido Unido dos Reformados e Pensionistas,PURP - Partido Unido dos Reformados e Pensionistas [og],,hand
PT,8,prtvtcpt,15,PAN - Pessoas-Animais-Natureza,Partido pelos Animais e pela Natureza,97,link
PT,8,prtvtcpt,16,PPD-PSD/CDS-PP - Portugal à Frente,Portugal à Frente,5939,link
PT,8,prtvtcpt,17,Votou em branco/ nulo,blank-invalid,,hand
PT,8,prtvtcpt,18,Other,other,,hand
PT,8,prtvtcpt,66,Not applicable*,,,missing
PT,8,prtvtcpt,77,Refusal*,refused,,missing
PT,8,prtvtcpt,88,Don't know*,dont-know,,missing
PT,9,prtvtcpt,2,B.E. - Bloco de Esquerda,Bloco de Esquerda,1310,link
PT,9,prtvtcpt,3,PCP-PEV - CDU - Coligação Democrática Unitária,Coligação Democrática Unitária,284,hand
PT,9,prtvtcpt,5,L/TDA - LIVRE/Tempo de Avançar,"Livre — Liberdade, Esquerda, Europa e Ecologia",3225,link
PT,9,prtvtcpt,7,PPV/CDC - Partido Cidadania e Democracia Cristã,PPV/CDC - Partido Cidadania e Democracia Cristã [og],,hand
PT,9,prtvtcpt,8,PCTP/MRPP - Partido Comunista dos Trabalhadores Portugueses,Comunista dos Trabalhadores Portugueses / Movimento Reorganizativo do Partido do Proletariado,857,hand
PT,9,prtvtcpt,10,PDR - Partido Democrático Republicano,Partido Democrático Republicano,4513,link
PT,9,prtvtcpt,11,PNR - Partido Nacional Renovador,PNR - Partido Nacional Renovador [og],,hand
PT,9,prtvtcpt,13,PS - Partido Socialista,Partido Socialista,655,link
PT,9,prtvtcpt,14,PURP - Partido Unido dos Reformados e Pensionistas,PURP - Partido Unido dos Reformados e Pensionistas [og],,hand
PT,9,prtvtcpt,15,PAN - Pessoas-Animais-Natureza,Partido pelos Animais e pela Natureza,97,link
PT,9,prtvtcpt,16,PPD-PSD/CDS-PP - Portugal à Frente,Portugal à Frente,5939,link
PT,9,prtvtcpt,17,Votou em branco/ nulo,blank-invalid,,hand
PT,9,prtvtcpt,18,Other,other,,hand
PT,9,prtvtcpt,66,Not applicable*,,,missing
PT,9,prtvtcpt,77,Refusal*,refused,,missing
PT,9,prtvtcpt,88,Don't know*,dont-know,,missing
PT,10,prtvtdpt,2,B.E. - Bloco de Esquerda,Bloco de Esquerda,1310,link
PT,10,prtvtdpt,3,CDS-PP - CDS-Partido Popular,Centro Democrático e Social / Partido Popular,1308,hand
PT,10,prtvtdpt,4,CHEGA,Chega,8182,link
PT,10,prtvtdpt,5,IL - Iniciativa Liberal,Iniciativa Liberal,8640,link
PT,10,prtvtdpt,6,JPP - Juntos pelo Povo,JPP - Juntos pelo Povo [og],,hand
PT,10,prtvtdpt,7,L - LIVRE,"Livre — Liberdade, Esquerda, Europa e Ecologia",3225,hand
PT,10,prtvtdpt,11,PAN - Pessoas-Animais-Natureza,Partido pelos Animais e pela Natureza,97,link
PT,10,prtvtdpt,12,PCP-PEV - CDU - Coligação Democrática Unitária,Coligação Democrática Unitária,284,hand
PT,10,prtvtdpt,16,PPD/PSD - Partido Social Democrata,Partido Popular Democrático / Partido Social Democrata,1359,hand
PT,10,prtvtdpt,18,PS - Partido Socialista,Partido Socialista,655,link
PT,10,prtvtdpt,21,R.I.R. - Reagir Incluir Reciclar,R.I.R. - Reagir Incluir Reciclar [og],,hand
PT,10,prtvtdpt,22,Votou em branco/ nulo,blank-invalid,,hand
PT,10,prtvtdpt,66,Not applicable*,,,missing
PT,10,prtvtdpt,77,Refusal*,refused,,missing
PT,10,prtvtdpt,88,Don't know*,dont-know,,missing
PT,11,prtvtept,2,ADN - Alternativa Democrática Nacional,Alternativa Democrática Nacional,9817,hand
PT,11,prtvtept,3,B.E. - Bloco de Esquerda,Bloco de Esquerda,1310,link
PT,11,prtvtept,4,CDS-PP - CDS-Partido Popular,Centro Democrático e Social / Partido Popular,1308,hand
PT,11,prtvtept,5,CHEGA,Chega,8182,link
PT,11,prtvtept,7,IL - Iniciativa Liberal,Iniciativa Liberal,8640,link
PT,11,prtvtept,9,L - LIVRE,"Livre — Liberdade, Esquerda, Europa e Ecologia",3225,hand
PT,11,prtvtept,10,MAS - Movimento Alternativa Socialista,MAS - Movimento Alternativa Socialista [og],,hand
PT,11,prtvtept,11,MPT - Partido da Terra,Movimento Partido da Terra / Partido da Terra,3226,hand
PT,11,prtvtept,12,"NC - Nós, Cidadãos!","Nós, Cidadãos!",7358,link
PT,11,prtvtept,13,PAN - Pessoas-Animais-Natureza,Partido pelos Animais e pela Natureza,97,link
PT,11,prtvtept,14,PCP-PEV - CDU - Coligação Democrática Unitária,Coligação Democrática Unitária,284,hand
PT,11,prtvtept,15,PCTP/MRPP - Partido Comunista dos Trabalhadores Portugueses,Comunista dos Trabalhadores Portugueses / Movimento Reorganizativo do Partido do Proletariado,857,hand
PT,11,prtvtept,16,PPD/PSD - Partido Social Democrata,Partido Popular Democrático / Partido Social Democrata,1359,hand
PT,11,prtvtept,18,PS - Partido Socialista,Partido Socialista,655,link
PT,11,prtvtept,21,VP – Volt Portugal,VP – Volt Portugal [og],,hand
PT,11,prtvtept,22,Votou em branco/ nulo,blank-invalid,,hand
PT,11,prtvtept,66,Not applicable*,,,missing
PT,11,prtvtept,77,Refusal*,refused,,missing
PT,11,prtvtept,88,Don't know*,dont-know,,missing
PT,1,prtvtpt,1,B.E. - Bloco de Esquerda,Bloco de Esquerda,1310,link
PT,1,prtvtpt,2,CDS/PP - Centro Democrático Social / Partido Popular,Centro Democrático e Social / Partido Popular,1308,link
PT,1,prtvtpt,3,MPT - Movimento Partido da Terra,Movimento Partido da Terra / Partido da Terra,3226,link
PT,1,prtvtpt,5,PCP/PEV - Partido Comunista Português Partido Ecolo,Coligação Democrática Unitária,284,link
PT,1,prtvtpt,6,PCTP/MRPP - Partido Comunista dos Trabalhadores Po,Comunista dos Trabalhadores Portugueses / Movimento Reorganizativo do Partido do Proletariado,857,link
PT,1,prtvtpt,10,PS - Partido Socialista,Partido Socialista,655,link
PT,1,prtvtpt,11,PSD - Partido Social Democrata,Partido Popular Democrático / Partido Social Democrata,1359,link
PT,1,prtvtpt,12,Other,other,,hand
PT,1,prtvtpt,13,Blank vote,blank-invalid,,hand
PT,1,prtvtpt,66,Not applicable*,,,missing
PT,1,prtvtpt,77,Refusal*,refused,,missing
PT,1,prtvtpt,88,Don't know*,dont-know,,missing
PT,1,prtvtpt,99,No answer*,,,missing
PT,2,prtvtpt,1,B.E. - Bloco de Esquerda,Bloco de Esquerda,1310,link
PT,2,prtvtpt,2,CDS/PP - Centro Democrático Social / Partido Popular,Centro Democrático e Social / Partido Popular,1308,link
PT,2,prtvtpt,4,P.H. - Partido Humanista,Partido Humanista,8269,link
PT,2,prtvtpt,5,PCP/PEV - Partido Comunista Português Partido Ecolo,Coligação Democrática Unitária,284,link
PT,2,prtvtpt,6,PCTP/MRPP - Partido Comunista dos Trabalhadores Po,Comunista dos Trabalhadores Portugueses / Movimento Reorganizativo do Partido do Proletariado,857,link
PT,2,prtvtpt,9,PPM - Partido Popular Monárquico,Partido Popular Monárquico,1480,link
PT,2,prtvtpt,10,PS - Partido Socialista,Partido Socialista,655,link
PT,2,prtvtpt,11,PSD - Partido Social Democrata,Partido Popular Democrático / Partido Social Democrata,1359,link
PT,2,prtvtpt,12,Other,other,,hand
PT,2,prtvtpt,13,Blank vote,blank-invalid,,hand
PT,2,prtvtpt,66,Not applicable*,,,missing
PT,2,prtvtpt,77,Refusal*,refused,,missing
PT,2,prtvtpt,88,Don't know*,dont-know,,missing
PT,2,prtvtpt,99,No answer*,,,missing
RO,4,prtclaro,1,PNL,Partidul Naţional Liberal,481,link
RO,4,prtclaro,2,PD-L,Partidul Democrat-Liberal,660,link
RO,4,prtclaro,3,PSD,Partidul Social Democrat,120,name
RO,4,prtclaro,4,PRM,Partidul România Mare,1305,link
RO,4,prtclaro,5,UDMR,Uniunea Democrată Maghiară din România / Romániai Magyar Demokrata Szövetség,1105,link
RO,4,prtclaro,6,PC,Partidul Conservator,6769,name
RO,4,prtclaro,7,PNG-CD,Partidul Noua Generaţie — Creştin Democrat,296,link
RO,4,prtclaro,9,PPCD (PNTCD),Partidul Naţional Ţărănesc Creştin Democrat,1750,hand
RO,4,prtclaro,11,Other: PR,Partida Romilor,173,link
RO,4,prtclaro,66,Not applicable*,,,missing
RO,4,prtclaro,77,Refusal*,refused,,missing
RO,4,prtclaro,88,Don't know*,dont-know,,missing
RO,4,prtclaro,99,No answer*,,,missing
RO,4,prtvtaro,1,PD-L,Partidul Democrat-Liberal,660,link
RO,4,prtvtaro,2,Alianta PSD-PC,Alianța PSD+PC,6153,link
RO,4,prtvtaro,3,PNL,Partidul Naţional Liberal,481,link
RO,4,prtvtaro,4,PRM,Partidul România Mare,1305,link
RO,4,prtvtaro,5,UDMR,Uniunea Democrată Maghiară din România / Romániai Magyar Demokrata Szövetség,1105,link
RO,4,prtvtaro,6,PNG-CD,Partidul Noua Generaţie — Creştin Democrat,296,link
RO,4,prtvtaro,9,PNTCD,Partidul Naţional Ţărănesc Creştin Democrat,1750,link
RO,4,prtvtaro,11,Other: PR,Partida Romilor,173,link
RO,4,prtvtaro,12,Other: PIN,Partidul Iniţiativa Naţională,1579,link
RO,4,prtvtaro,13,Other: FDGR,Forumul Democrat al Germanilor din România,2454,link
RO,4,prtvtaro,66,Not applicable*,,,missing
RO,4,prtvtaro,99,No answer*,,,missing
SE,5,prtclase,1,Centern,Centern,7415,name
SE,5,prtclase,2,Folkpartiet liberalerna,Folkpartiet liberalerna / Liberalerna,1274,hand
SE,5,prtclase,3,Kristdemokraterna,Kristdemokraterna,651,name
SE,5,prtclase,4,Miljöpartiet de gröna,Miljöpartiet de gröna,456,name
SE,5,prtclase,5,Moderata samlingspartiet,Allmänna valmansförbundet / Högern / Högerpartiet / Moderata samlingspartiet,690,hand
SE,5,prtclase,6,Socialdemokraterna,Socialdemokraterna / Sveriges socialdemokratiska arbetareparti,487,hand
SE,5,prtclase,7,Vänsterpartiet,Vänsterpartiet / Sveriges Komunistiska Parti,830,hand
SE,5,prtclase,8,FI (Feministiskt initiativ),Feministiskt initiativ,1240,link
SE,5,prtclase,10,Sverigedemokraterna,Sverigedemokraterna,409,link
SE,5,prtclase,11,Annat parti,other,,hand
SE,5,prtclase,66,Not applicable*,,,missing
SE,5,prtclase,77,Refusal*,refused,,missing
SE,5,prtclase,88,Don't know*,dont-know,,missing
SE,5,prtclase,99,No answer*,,,missing
SE,6,prtclbse,1,Centern,Centern,7415,name
SE,6,prtclbse,2,Folkpartiet liberalerna,Folkpartiet liberalerna / Liberalerna,1274,hand
SE,6,prtclbse,3,Kristdemokraterna,Kristdemokraterna,651,name
SE,6,prtclbse,4,Miljöpartiet de gröna,Miljöpartiet de gröna,456,name
SE,6,prtclbse,5,Moderata samlingspartiet,Allmänna valmansförbundet / Högern / Högerpartiet / Moderata samlingspartiet,690,hand
SE,6,prtclbse,6,Socialdemokraterna,Socialdemokraterna / Sveriges socialdemokratiska arbetareparti,487,hand
SE,6,prtclbse,7,Vänsterpartiet,Vänsterpartiet / Sveriges Komunistiska Parti,830,hand
SE,6,prtclbse,8,FI (Feministiskt initiativ),Feministiskt initiativ,1240,link
SE,6,prtclbse,9,Piratpartiet,Piratpartiet,1485,link
SE,6,prtclbse,10,Sverigedemokraterna,Sverigedemokraterna,409,link
SE,6,prtclbse,11,Annat parti,other,,hand
SE,6,prtclbse,66,Not applicable*,,,missing
SE,6,prtclbse,77,Refusal*,refused,,missing
SE,6,prtclbse,88,Don't know*,dont-know,,missing
SE,7,prtclbse,1,Centern,Centern,7415,name
SE,7,prtclbse,2,Folkpartiet liberalerna,Folkpartiet liberalerna / Liberalerna,1274,hand
SE,7,prtclbse,3,Kristdemokraterna,Kristdemokraterna,651,name
SE,7,prtclbse,4,Miljöpartiet de gröna,Miljöpartiet de gröna,456,name
SE,7,prtclbse,5,Moderata samlingspartiet,Allmänna valmansförbundet / Högern / Högerpartiet / Moderata samlingspartiet,690,hand
SE,7,prtclbse,6,Socialdemokraterna,Socialdemokraterna / Sveriges socialdemokratiska arbetareparti,487,hand
SE,7,prtclbse,7,Vänsterpartiet,Vänsterpartiet / Sveriges Komunistiska Parti,830,hand
SE,7,prtclbse,8,FI (Feministiskt initiativ),Feministiskt initiativ,1240,link
SE,7,prtclbse,9,Piratpartiet,Piratpartiet,1485,link
SE,7,prtclbse,10,Sverigedemokraterna,Sverigedemokraterna,409,link
SE,7,prtclbse,11,Annat parti,other,,hand
SE,7,prtclbse,66,Not applicable*,,,missing
SE,7,prtclbse,77,Refusal*,refused,,missing
SE,7,prtclbse,88,Don't know*,dont-know,,missing
SE,8,prtclbse,1,Centern,Centern,7415,name
SE,8,prtclbse,2,Folkpartiet liberalerna,Folkpartiet liberalerna / Liberalerna,1274,hand
SE,8,prtclbse,3,Kristdemokraterna,Kristdemokraterna,651,name
SE,8,prtclbse,4,Miljöpartiet de gröna,Miljöpartiet de gröna,456,name
SE,8,prtclbse,5,Moderata samlingspartiet,Allmänna valmansförbundet / Högern / Högerpartiet / Moderata samlingspartiet,690,hand
SE,8,prtclbse,6,Socialdemokraterna,Socialdemokraterna / Sveriges socialdemokratiska arbetareparti,487,hand
SE,8,prtclbse,7,Vänsterpartiet,Vänsterpartiet / Sveriges Komunistiska Parti,830,hand
SE,8,prtclbse,8,FI (Feministiskt initiativ),Feministiskt initiativ,1240,link
SE,8,prtclbse,9,Piratpartiet,Piratpartiet,1485,link
SE,8,prtclbse,10,Sverigedemokraterna,Sverigedemokraterna,409,link
SE,8,prtclbse,11,Annat parti,other,,hand
SE,8,prtclbse,66,Not applicable*,,,missing
SE,8,prtclbse,77,Refusal*,refused,,missing
SE,8,prtclbse,88,Don't know*,dont-know,,missing
SE,9,prtclcse,1,Centern,Centern,7415,name
SE,9,prtclcse,2,Folkpartiet liberalerna,Folkpartiet liberalerna / Liberalerna,1274,hand
SE,9,prtclcse,3,Kristdemokraterna,Kristdemokraterna,651,name
SE,9,prtclcse,4,Miljöpartiet de gröna,Miljöpartiet de gröna,456,name
SE,9,prtclcse,5,Moderata samlingspartiet,Allmänna valmansförbundet / Högern / Högerpartiet / Moderata samlingspartiet,690,hand
SE,9,prtclcse,6,Socialdemokraterna,Socialdemokraterna / Sveriges socialdemokratiska arbetareparti,487,hand
SE,9,prtclcse,7,Vänsterpartiet,Vänsterpartiet / Sveriges Komunistiska Parti,830,hand
SE,9,prtclcse,8,FI (Feministiskt initiativ),Feministiskt initiativ,1240,link
SE,9,prtclcse,9,Sverigedemokraterna,Sverigedemokraterna,409,link
SE,9,prtclcse,10,Annat parti,other,,hand
SE,9,prtclcse,66,Not applicable*,,,missing
SE,9,prtclcse,77,Refusal*,refused,,missing
SE,9,prtclcse,88,Don't know*,dont-know,,missing
SE,10,prtcldse,1,Centern,Centern,7415,name
SE,10,prtcldse,2,Kristdemokraterna,Kristdemokraterna,651,name
SE,10,prtcldse,3,Liberalerna,Folkpartiet liberalerna / Liberalerna,1274,hand
SE,10,prtcldse,4,Miljöpartiet de gröna,Miljöpartiet de gröna,456,name
SE,10,prtcldse,5,Moderata samlingspartiet,Allmänna valmansförbundet / Högern / Högerpartiet / Moderata samlingspartiet,690,hand
SE,10,prtcldse,6,Socialdemokraterna,Socialdemokraterna / Sveriges socialdemokratiska arbetareparti,487,hand
SE,10,prtcldse,7,Sverigedemokraterna,Sverigedemokraterna,409,link
SE,10,prtcldse,8,Vänsterpartiet,Vänsterpartiet / Sveriges Komunistiska Parti,830,hand
SE,10,prtcldse,9,Annat parti,other,,hand
SE,10,prtcldse,66,Not applicable*,,,missing
SE,10,prtcldse,99,No answer*,,,missing
SE,11,prtclese,1,Centern,Centern,7415,name
SE,11,prtclese,2,Liberalerna,Folkpartiet liberalerna / Liberalerna,1274,hand
SE,11,prtclese,3,Kristdemokraterna,Kristdemokraterna,651,name
SE,11,prtclese,4,Miljöpartiet de gröna,Miljöpartiet de gröna,456,name
SE,11,prtclese,5,Moderata samlingspartiet,Allmänna valmansförbundet / Högern / Högerpartiet / Moderata samlingspartiet,690,hand
SE,11,prtclese,6,Socialdemokraterna,Socialdemokraterna / Sveriges socialdemokratiska arbetareparti,487,hand
SE,11,prtclese,7,Vänsterpartiet,Vänsterpartiet / Sveriges Komunistiska Parti,830,hand
SE,11,prtclese,8,Sverigedemokraterna,Sverigedemokraterna,409,link
SE,11,prtclese,9,Annat parti,other,,hand
SE,11,prtclese,66,Not applicable*,,,missing
SE,11,prtclese,77,Refusal*,refused,,missing
SE,11,prtclese,88,Don't know*,dont-know,,missing
SE,1,prtclse,1,Centre Party,Bondeförbundet / Centerpartiet,199,link
SE,1,prtclse,2,Liberals,Folkpartiet liberalerna / Liberalerna,1274,link
SE,1,prtclse,3,Christian Democrats,Kristdemokraterna,651,link
SE,1,prtclse,4,Green Party,Miljöpartiet de gröna,456,link
SE,1,prtclse,5,Conservative,Allmänna valmansförbundet / Högern / Högerpartiet / Moderata samlingspartiet,690,link
SE,1,prtclse,6,Social Democrats,Socialdemokraterna / Sveriges socialdemokratiska arbetareparti,487,link
SE,1,prtclse,7,Left,Vänsterpartiet / Sveriges Komunistiska Parti,830,link
SE,1,prtclse,8,Other,other,,hand
SE,1,prtclse,66,Not applicable*,,,missing
SE,1,prtclse,77,Refusal*,refused,,missing
SE,1,prtclse,88,Don't know*,dont-know,,missing
SE,2,prtclse,1,Centre Party,Bondeförbundet / Centerpartiet,199,link
SE,2,prtclse,2,Liberals,Folkpartiet liberalerna / Liberalerna,1274,link
SE,2,prtclse,3,Christian Democrats,Kristdemokraterna,651,link
SE,2,prtclse,4,Green Party,Miljöpartiet de gröna,456,link
SE,2,prtclse,5,Conservative,Allmänna valmansförbundet / Högern / Högerpartiet / Moderata samlingspartiet,690,link
SE,2,prtclse,6,Social Democrats,Socialdemokraterna / Sveriges socialdemokratiska arbetareparti,487,link
SE,2,prtclse,7,Left,Vänsterpartiet / Sveriges Komunistiska Parti,830,link
SE,2,prtclse,8,Other,other,,hand
SE,2,prtclse,66,Not applicable*,,,missing
SE,2,prtclse,77,Refusal*,refused,,missing
SE,2,prtclse,88,Don't know*,dont-know,,missing
SE,2,prtclse,99,No answer*,,,missing
SE,3,prtclse,1,Centre Party,Bondeförbundet / Centerpartiet,199,link
SE,3,prtclse,2,Liberals,Folkpartiet liberalerna / Liberalerna,1274,link
SE,3,prtclse,3,Christian Democrats,Kristdemokraterna,651,link
SE,3,prtclse,4,Green Party,Miljöpartiet de gröna,456,link
SE,3,prtclse,5,Conservative,Allmänna valmansförbundet / Högern / Högerpartiet / Moderata samlingspartiet,690,link
SE,3,prtclse,6,Social Democrats,Socialdemokraterna / Sveriges socialdemokratiska arbetareparti,487,link
SE,3,prtclse,7,Left,Vänsterpartiet / Sveriges Komunistiska Parti,830,link
SE,3,prtclse,8,Other,other,,hand
SE,3,prtclse,66,Not applicable*,,,missing
SE,3,prtclse,77,Refusal*,refused,,missing
SE,3,prtclse,88,Don't know*,dont-know,,missing
SE,3,prtclse,99,No answer*,,,missing
SE,4,prtclse,1,Centre Party,Bondeförbundet / Centerpartiet,199,link
SE,4,prtclse,2,Liberals,Folkpartiet liberalerna / Liberalerna,1274,link
SE,4,prtclse,3,Christian Democrats,Kristdemokraterna,651,link
SE,4,prtclse,4,Green Party,Miljöpartiet de gröna,456,link
SE,4,prtclse,5,Conservative,Allmänna valmansförbundet / Högern / Högerpartiet / Moderata samlingspartiet,690,link
SE,4,prtclse,6,Social Democrats,Socialdemokraterna / Sveriges socialdemokratiska arbetareparti,487,link
SE,4,prtclse,7,Left,Vänsterpartiet / Sveriges Komunistiska Parti,830,link
SE,4,prtclse,8,Other,other,,hand
SE,4,prtclse,66,Not applicable*,,,missing
SE,4,prtclse,77,Refusal*,refused,,missing
SE,4,prtclse,88,Don't know*,dont-know,,missing
SE,4,prtclse,99,No answer*,,,missing
SE,5,prtvtase,1,Centern,Centern,7415,name
SE,5,prtvtase,2,Folkpartiet liberalerna,Folkpartiet liberalerna / Liberalerna,1274,hand
SE,5,prtvtase,3,Kristdemokraterna,Kristdemokraterna,651,name
SE,5,prtvtase,4,Miljöpartiet de gröna,Miljöpartiet de gröna,456,name
SE,5,prtvtase,5,Moderata samlingspartiet,Allmänna valmansförbundet / Högern / Högerpartiet / Moderata samlingspartiet,690,hand
SE,5,prtvtase,6,Socialdemokraterna,Socialdemokraterna / Sveriges socialdemokratiska arbetareparti,487,hand
SE,5,prtvtase,7,Vänsterpartiet,Vänsterpartiet / Sveriges Komunistiska Parti,830,hand
SE,5,prtvtase,8,FI (Feministiskt initiativ),Feministiskt initiativ,1240,link
SE,5,prtvtase,9,Junilistan,Junilistan,1093,link
SE,5,prtvtase,10,Sverigedemokraterna,Sverigedemokraterna,409,link
SE,5,prtvtase,11,Annat parti,other,,hand
SE,5,prtvtase,66,Not applicable*,,,missing
SE,5,prtvtase,77,Refusal*,refused,,missing
SE,5,prtvtase,88,Don't know*,dont-know,,missing
SE,5,prtvtase,99,No answer*,,,missing
SE,6,prtvtbse,1,Centern,Centern,7415,name
SE,6,prtvtbse,2,Folkpartiet liberalerna,Folkpartiet liberalerna / Liberalerna,1274,hand
SE,6,prtvtbse,3,Kristdemokraterna,Kristdemokraterna,651,name
SE,6,prtvtbse,4,Miljöpartiet de gröna,Miljöpartiet de gröna,456,name
SE,6,prtvtbse,5,Moderata samlingspartiet,Allmänna valmansförbundet / Högern / Högerpartiet / Moderata samlingspartiet,690,hand
SE,6,prtvtbse,6,Socialdemokraterna,Socialdemokraterna / Sveriges socialdemokratiska arbetareparti,487,hand
SE,6,prtvtbse,7,Vänsterpartiet,Vänsterpartiet / Sveriges Komunistiska Parti,830,hand
SE,6,prtvtbse,8,FI (Feministiskt initiativ),Feministiskt initiativ,1240,link
SE,6,prtvtbse,9,Piratpartiet,Piratpartiet,1485,link
SE,6,prtvtbse,10,Sverigedemokraterna,Sverigedemokraterna,409,link
SE,6,prtvtbse,11,Annat parti,other,,hand
SE,6,prtvtbse,66,Not applicable*,,,missing
SE,6,prtvtbse,77,Refusal*,refused,,missing
SE,6,prtvtbse,88,Don't know*,dont-know,,missing
SE,7,prtvtbse,1,Centern,Centern,7415,name
SE,7,prtvtbse,2,Folkpartiet liberalerna,Folkpartiet liberalerna / Liberalerna,1274,hand
SE,7,prtvtbse,3,Kristdemokraterna,Kristdemokraterna,651,name
SE,7,prtvtbse,4,Miljöpartiet de gröna,Miljöpartiet de gröna,456,name
SE,7,prtvtbse,5,Moderata samlingspartiet,Allmänna valmansförbundet / Högern / Högerpartiet / Moderata samlingspartiet,690,hand
SE,7,prtvtbse,6,Socialdemokraterna,Socialdemokraterna / Sveriges socialdemokratiska arbetareparti,487,hand
SE,7,prtvtbse,7,Vänsterpartiet,Vänsterpartiet / Sveriges Komunistiska Parti,830,hand
SE,7,prtvtbse,8,FI (Feministiskt initiativ),Feministiskt initiativ,1240,link
SE,7,prtvtbse,9,Piratpartiet,Piratpartiet,1485,link
SE,7,prtvtbse,10,Sverigedemokraterna,Sverigedemokraterna,409,link
SE,7,prtvtbse,11,Annat parti,other,,hand
SE,7,prtvtbse,66,Not applicable*,,,missing
SE,7,prtvtbse,77,Refusal*,refused,,missing
SE,7,prtvtbse,88,Don't know*,dont-know,,missing
SE,8,prtvtbse,1,Centern,Centern,7415,name
SE,8,prtvtbse,2,Folkpartiet liberalerna,Folkpartiet liberalerna / Liberalerna,1274,hand
SE,8,prtvtbse,3,Kristdemokraterna,Kristdemokraterna,651,name
SE,8,prtvtbse,4,Miljöpartiet de gröna,Miljöpartiet de gröna,456,name
SE,8,prtvtbse,5,Moderata samlingspartiet,Allmänna valmansförbundet / Högern / Högerpartiet / Moderata samlingspartiet,690,hand
SE,8,prtvtbse,6,Socialdemokraterna,Socialdemokraterna / Sveriges socialdemokratiska arbetareparti,487,hand
SE,8,prtvtbse,7,Vänsterpartiet,Vänsterpartiet / Sveriges Komunistiska Parti,830,hand
SE,8,prtvtbse,8,FI (Feministiskt initiativ),Feministiskt initiativ,1240,link
SE,8,prtvtbse,9,Piratpartiet,Piratpartiet,1485,link
SE,8,prtvtbse,10,Sverigedemokraterna,Sverigedemokraterna,409,link
SE,8,prtvtbse,11,Annat parti,other,,hand
SE,8,prtvtbse,66,Not applicable*,,,missing
SE,8,prtvtbse,77,Refusal*,refused,,missing
SE,8,prtvtbse,88,Don't know*,dont-know,,missing
SE,9,prtvtcse,1,Centern,Centern,7415,name
SE,9,prtvtcse,2,Folkpartiet liberalerna,Folkpartiet liberalerna / Liberalerna,1274,hand
SE,9,prtvtcse,3,Kristdemokraterna,Kristdemokraterna,651,name
SE,9,prtvtcse,4,Miljöpartiet de gröna,Miljöpartiet de gröna,456,name
SE,9,prtvtcse,5,Moderata samlingspartiet,Allmänna valmansförbundet / Högern / Högerpartiet / Moderata samlingspartiet,690,hand
SE,9,prtvtcse,6,Socialdemokraterna,Socialdemokraterna / Sveriges socialdemokratiska arbetareparti,487,hand
SE,9,prtvtcse,7,Vänsterpartiet,Vänsterpartiet / Sveriges Komunistiska Parti,830,hand
SE,9,prtvtcse,8,FI (Feministiskt initiativ),Feministiskt initiativ,1240,link
SE,9,prtvtcse,9,Sverigedemokraterna,Sverigedemokraterna,409,link
SE,9,prtvtcse,10,Annat parti,other,,hand
SE,9,prtvtcse,66,Not applicable*,,,missing
SE,9,prtvtcse,77,Refusal*,refused,,missing
SE,9,prtvtcse,88,Don't know*,dont-know,,missing
SE,10,prtvtdse,1,Centern,Centern,7415,name
SE,10,prtvtdse,2,Kristdemokraterna,Kristdemokraterna,651,name
SE,10,prtvtdse,3,Liberalerna,Folkpartiet liberalerna / Liberalerna,1274,hand
SE,10,prtvtdse,4,Miljöpartiet de gröna,Miljöpartiet de gröna,456,name
SE,10,prtvtdse,5,Moderata samlingspartiet,Allmänna valmansförbundet / Högern / Högerpartiet / Moderata samlingspartiet,690,hand
SE,10,prtvtdse,6,Socialdemokraterna,Socialdemokraterna / Sveriges socialdemokratiska arbetareparti,487,hand
SE,10,prtvtdse,7,Sverigedemokraterna,Sverigedemokraterna,409,link
SE,10,prtvtdse,8,Vänsterpartiet,Vänsterpartiet / Sveriges Komunistiska Parti,830,hand
SE,10,prtvtdse,9,Annat parti,other,,hand
SE,10,prtvtdse,66,Not applicable*,,,missing
SE,10,prtvtdse,99,No answer*,,,missing
SE,11,prtvtese,1,Centern,Centern,7415,name
SE,11,prtvtese,2,Liberalerna,Folkpartiet liberalerna / Liberalerna,1274,hand
SE,11,prtvtese,3,Kristdemokraterna,Kristdemokraterna,651,name
SE,11,prtvtese,4,Miljöpartiet de gröna,Miljöpartiet de gröna,456,name
SE,11,prtvtese,5,Moderata samlingspartiet,Allmänna valmansförbundet / Högern / Högerpartiet / Moderata samlingspartiet,690,hand
SE,11,prtvtese,6,Socialdemokraterna,Socialdemokraterna / Sveriges socialdemokratiska arbetareparti,487,hand
SE,11,prtvtese,7,Vänsterpartiet,Vänsterpartiet / Sveriges Komunistiska Parti,830,hand
SE,11,prtvtese,8,Sverigedemokraterna,Sverigedemokraterna,409,link
SE,11,prtvtese,9,Annat parti,other,,hand
SE,11,prtvtese,66,Not applicable*,,,missing
SE,11,prtvtese,77,Refusal*,refused,,missing
SE,11,prtvtese,88,Don't know*,dont-know,,missing
SE,1,prtvtse,1,Centre Party,Bondeförbundet / Centerpartiet,199,link
SE,1,prtvtse,2,Liberals,Folkpartiet liberalerna / Liberalerna,1274,link
SE,1,prtvtse,3,Christian Democrats,Kristdemokraterna,651,link
SE,1,prtvtse,4,Green Party,Miljöpartiet de gröna,456,link
SE,1,prtvtse,5,Conservative,Allmänna valmansförbundet / Högern / Högerpartiet / Moderata samlingspartiet,690,link
SE,1,prtvtse,6,Social Democrats,Socialdemokraterna / Sveriges socialdemokratiska arbetareparti,487,link
SE,1,prtvtse,7,Left,Vänsterpartiet / Sveriges Komunistiska Parti,830,link
SE,1,prtvtse,8,Other,other,,hand
SE,1,prtvtse,66,Not applicable*,,,missing
SE,1,prtvtse,77,Refusal*,refused,,missing
SE,1,prtvtse,88,Don't know*,dont-know,,missing
SE,2,prtvtse,1,Centre Party,Bondeförbundet / Centerpartiet,199,link
SE,2,prtvtse,2,Liberals,Folkpartiet liberalerna / Liberalerna,1274,link
SE,2,prtvtse,3,Christian Democrats,Kristdemokraterna,651,link
SE,2,prtvtse,4,Green Party,Miljöpartiet de gröna,456,link
SE,2,prtvtse,5,Conservative,Allmänna valmansförbundet / Högern / Högerpartiet / Moderata samlingspartiet,690,link
SE,2,prtvtse,6,Social Democrats,Socialdemokraterna / Sveriges socialdemokratiska arbetareparti,487,link
SE,2,prtvtse,7,Left,Vänsterpartiet / Sveriges Komunistiska Parti,830,link
SE,2,prtvtse,8,Other,other,,hand
SE,2,prtvtse,66,Not applicable*,,,missing
SE,2,prtvtse,77,Refusal*,refused,,missing
SE,2,prtvtse,88,Don't know*,dont-know,,missing
SE,2,prtvtse,99,No answer*,,,missing
SE,3,prtvtse,1,Centre Party,Bondeförbundet / Centerpartiet,199,link
SE,3,prtvtse,2,Liberals,Folkpartiet liberalerna / Liberalerna,1274,link
SE,3,prtvtse,3,Christian Democrats,Kristdemokraterna,651,link
SE,3,prtvtse,4,Green Party,Miljöpartiet de gröna,456,link
SE,3,prtvtse,5,Conservative,Allmänna valmansförbundet / Högern / Högerpartiet / Moderata samlingspartiet,690,link
SE,3,prtvtse,6,Social Democrats,Socialdemokraterna / Sveriges socialdemokratiska arbetareparti,487,link
SE,3,prtvtse,7,Left,Vänsterpartiet / Sveriges Komunistiska Parti,830,link
SE,3,prtvtse,8,Other,other,,hand
SE,3,prtvtse,66,Not applicable*,,,missing
SE,3,prtvtse,77,Refusal*,refused,,missing
SE,3,prtvtse,88,Don't know*,dont-know,,missing
SE,3,prtvtse,99,No answer*,,,missing
SE,4,prtvtse,1,Centre Party,Bondeförbundet / Centerpartiet,199,link
SE,4,prtvtse,2,Liberals,Folkpartiet liberalerna / Liberalerna,1274,link
SE,4,prtvtse,3,Christian Democrats,Kristdemokraterna,651,link
SE,4,prtvtse,4,Green Party,Miljöpartiet de gröna,456,link
SE,4,prtvtse,5,Conservative,Allmänna valmansförbundet / Högern / Högerpartiet / Moderata samlingspartiet,690,link
SE,4,prtvtse,6,Social Democrats,Socialdemokraterna / Sveriges socialdemokratiska arbetareparti,487,link
SE,4,prtvtse,7,Left,Vänsterpartiet / Sveriges Komunistiska Parti,830,link
SE,4,prtvtse,8,Other,other,,hand
SE,4,prtvtse,66,Not applicable*,,,missing
SE,4,prtvtse,77,Refusal*,refused,,missing
SE,4,prtvtse,88,Don't know*,dont-know,,missing
SE,4,prtvtse,99,No answer*,,,missing
SI,2,prtclasi,1,SDS - Slovenska demokratska stranka,Slovenska demokratska stranka,472,hand
SI,2,prtclasi,2,LDS - Liberalna demokracija Slovenije,Liberalna demokracija Slovenije,975,link
SI,2,prtclasi,3,ZLSD - Združena lista socialnih demokratov,Socialni demokrati / Združena lista socialnih demokratov,1403,link
SI,2,prtclasi,4,NSI - Nova Slovenija – Kršcanski demokrati,Nova Slovenija — Krščanska ljudska stranka,1618,link
SI,2,prtclasi,5,SLS - Slovenska ljudska stranka,Slovenska ljudska stranka,764,link
SI,2,prtclasi,6,SNS - Slovenska nacionalna stranka,Slovenska nacionalna stranka,96,link
SI,2,prtclasi,7,DESUS - Demokraticna stranka upokojencev Slovenije,Demokratična stranka upokojencev Slovenije,467,link
SI,2,prtclasi,8,Other,other,,hand
SI,2,prtclasi,66,Not applicable*,,,missing
SI,2,prtclasi,77,Refusal*,refused,,missing
SI,2,prtclasi,88,Don't know*,dont-know,,missing
SI,2,prtclasi,99,No answer*,,,missing
SI,3,prtclbsi,1,DESUS - Demokraticna stranka upokojencev Slovenije,Demokratična stranka upokojencev Slovenije,467,link
SI,3,prtclbsi,2,LDS - Liberalna demokracija Slovenije,Liberalna demokracija Slovenije,975,link
SI,3,prtclbsi,3,SLS - Slovenska ljudska stranka,Slovenska ljudska stranka,764,link
SI,3,prtclbsi,4,SNS - Slovenska nacionalna stranka,Slovenska nacionalna stranka,96,link
SI,3,prtclbsi,5,SDS - Slovenska demokratska stranka,Slovenska demokratska stranka,472,hand
SI,3,prtclbsi,6,NSI - Nova Slovenija – Kršcanski demokrati,Nova Slovenija — Krščanska ljudska stranka,1618,link
SI,3,prtclbsi,7,SD - Socialni demokrati,Socialni demokrati / Združena lista socialnih demokratov,1403,hand
SI,3,prtclbsi,8,Other,other,,hand
SI,3,prtclbsi,66,Not applicable*,,,missing
SI,3,prtclbsi,77,Refusal*,refused,,missing
SI,3,prtclbsi,88,Don't know*,dont-know,,missing
SI,3,prtclbsi,99,No answer*,,,missing
SI,4,prtclcsi,1,DESUS - Demokraticna stranka upokojencev Slovenije,Demokratična stranka upokojencev Slovenije,467,link
SI,4,prtclcsi,2,LDS - Liberalna demokracija Slovenije,Liberalna demokracija Slovenije,975,link
SI,4,prtclcsi,4,NSI - Nova Slovenija – Kršcanski demokrati,Nova Slovenija — Krščanska ljudska stranka,1618,link
SI,4,prtclcsi,5,SDS - Slovenska demokratska stranka,Slovenska demokratska stranka,472,hand
SI,4,prtclcsi,6,SLS - Slovenska ljudska stranka,Slovenska ljudska stranka,764,link
SI,4,prtclcsi,7,SNS - Slovenska nacionalna stranka,Slovenska nacionalna stranka,96,link
SI,4,prtclcsi,8,SD - Socialni demokrati,Socialni demokrati / Združena lista socialnih demokratov,1403,hand
SI,4,prtclcsi,9,Zares - nova politika,Zares,474,link
SI,4,prtclcsi,10,Other,other,,hand
SI,4,prtclcsi,66,Not applicable*,,,missing
SI,4,prtclcsi,77,Refusal*,refused,,missing
SI,4,prtclcsi,88,Don't know*,dont-know,,missing
SI,5,prtclcsi,1,DESUS - Demokraticna stranka upokojencev Slovenije,Demokratična stranka upokojencev Slovenije,467,link
SI,5,prtclcsi,2,LDS - Liberalna demokracija Slovenije,Liberalna demokracija Slovenije,975,link
SI,5,prtclcsi,4,NSI - Nova Slovenija – Kršcanski demokrati,Nova Slovenija — Krščanska ljudska stranka,1618,link
SI,5,prtclcsi,5,SDS - Slovenska demokratska stranka,Slovenska demokratska stranka,472,hand
SI,5,prtclcsi,6,SLS - Slovenska ljudska stranka,Slovenska ljudska stranka,764,link
SI,5,prtclcsi,7,SNS - Slovenska nacionalna stranka,Slovenska nacionalna stranka,96,link
SI,5,prtclcsi,8,SD - Socialni demokrati,Socialni demokrati / Združena lista socialnih demokratov,1403,hand
SI,5,prtclcsi,9,Zares - nova politika,Zares,474,link
SI,5,prtclcsi,10,Other,other,,hand
SI,5,prtclcsi,66,Not applicable*,,,missing
SI,5,prtclcsi,77,Refusal*,refused,,missing
SI,5,prtclcsi,88,Don't know*,dont-know,,missing
SI,5,prtclcsi,99,No answer*,,,missing
SI,6,prtcldsi,1,DESUS - Demokraticna stranka upokojencev Slovenije,Demokratična stranka upokojencev Slovenije,467,link
SI,6,prtcldsi,2,LDS - Liberalna demokracija Slovenije,Liberalna demokracija Slovenije,975,link
SI,6,prtcldsi,3,NSI - Nova Slovenija – Kršcanski demokrati,Nova Slovenija — Krščanska ljudska stranka,1618,link
SI,6,prtcldsi,4,SDS - Slovenska demokratska stranka,Slovenska demokratska stranka,472,hand
SI,6,prtcldsi,5,SLS - Slovenska ljudska stranka,Slovenska ljudska stranka,764,link
SI,6,prtcldsi,6,SD - Socialni demokrati,Socialni demokrati / Združena lista socialnih demokratov,1403,hand
SI,6,prtcldsi,7,PS - Pozitivna Slovenija,Lista Zorana Jankovića — Pozitivna Slovenija,1773,link
SI,6,prtcldsi,8,DL - Državljanska lista,Državljanska lista,98,link
SI,6,prtcldsi,9,Zares - nova politika,Zares,474,link
SI,6,prtcldsi,10,SNS - Slovenska nacionalna stranka,Slovenska nacionalna stranka,96,link
SI,6,prtcldsi,11,TRS - Stranka za Trajnostni Razvoj Slovenije,Stranka za trajnostni razvoj Slovenije,1015,link
SI,6,prtcldsi,12,Other,other,,hand
SI,6,prtcldsi,66,Not applicable*,,,missing
SI,6,prtcldsi,77,Refusal*,refused,,missing
SI,6,prtcldsi,88,Don't know*,dont-know,,missing
SI,6,prtcldsi,99,No answer*,,,missing
SI,7,prtclesi,1,DESUS - Demokraticna stranka upokojencev Slovenije,Demokratična stranka upokojencev Slovenije,467,link
SI,7,prtclesi,3,NSI - Nova Slovenija – Kršcanski demokrati,Nova Slovenija — Krščanska ljudska stranka,1618,link
SI,7,prtclesi,4,PS - Pozitivna Slovenija,Lista Zorana Jankovića — Pozitivna Slovenija,1773,link
SI,7,prtclesi,5,SD - Socialni demokrati,Socialni demokrati / Združena lista socialnih demokratov,1403,hand
SI,7,prtclesi,6,SDS - Slovenska demokratska stranka,Slovenska demokratska stranka,472,hand
SI,7,prtclesi,7,SLS - Slovenska ljudska stranka,Slovenska ljudska stranka,764,link
SI,7,prtclesi,8,SMC - Stranka Mira Cerarja,Stranka Mira Cerarja / Stranka modernega centra,3098,link
SI,7,prtclesi,10,ZAAB - Zavezništvo Alenke Bratušek,Zavezništvo Alenke Bratušek / Stranka Alenke Bratušek,3114,link
SI,7,prtclesi,11,"ZL - Združena levica (DSD, IDS in Stranka TRS)",Zdruzena Lista,2276,link
SI,7,prtclesi,12,Other,other,,hand
SI,7,prtclesi,66,Not applicable*,,,missing
SI,7,prtclesi,77,Refusal*,refused,,missing
SI,7,prtclesi,88,Don't know*,dont-know,,missing
SI,7,prtclesi,99,No answer*,,,missing
SI,8,prtclesi,1,DESUS - Demokraticna stranka upokojencev Slovenije,Demokratična stranka upokojencev Slovenije,467,link
SI,8,prtclesi,2,DL - Državljanska lista,Državljanska lista,98,link
SI,8,prtclesi,3,NSI - Nova Slovenija – Kršcanski demokrati,Nova Slovenija — Krščanska ljudska stranka,1618,link
SI,8,prtclesi,4,PS - Pozitivna Slovenija,Lista Zorana Jankovića — Pozitivna Slovenija,1773,link
SI,8,prtclesi,5,SD - Socialni demokrati,Socialni demokrati / Združena lista socialnih demokratov,1403,hand
SI,8,prtclesi,6,SDS - Slovenska demokratska stranka,Slovenska demokratska stranka,472,hand
SI,8,prtclesi,7,SLS - Slovenska ljudska stranka,Slovenska ljudska stranka,764,link
SI,8,prtclesi,8,SMC - Stranka Mira Cerarja,Stranka Mira Cerarja / Stranka modernega centra,3098,link
SI,8,prtclesi,10,ZAAB - Zavezništvo Alenke Bratušek,Zavezništvo Alenke Bratušek / Stranka Alenke Bratušek,3114,link
SI,8,prtclesi,11,"ZL - Združena levica (DSD, IDS in Stranka TRS)",Zdruzena Lista,2276,link
SI,8,prtclesi,12,Other,other,,hand
SI,8,prtclesi,66,Not applicable*,,,missing
SI,8,prtclesi,77,Refusal*,refused,,missing
SI,8,prtclesi,88,Don't know*,dont-know,,missing
SI,8,prtclesi,99,No answer*,,,missing
SI,9,prtclfsi,1,DESUS - Demokraticna stranka upokojencev Slovenije,Demokratična stranka upokojencev Slovenije,467,link
SI,9,prtclfsi,2,L - Levica,Levica,6131,link
SI,9,prtclfsi,3,LMŠ - Lista Marjana Šarca,Lista Marjana Šarca,6132,link
SI,9,prtclfsi,4,NSI - Nova Slovenija – Kršcanski demokrati,Nova Slovenija — Krščanska ljudska stranka,1618,link
SI,9,prtclfsi,5,PS - Pozitivna Slovenija,Lista Zorana Jankovića — Pozitivna Slovenija,1773,link
SI,9,prtclfsi,6,SD - Socialni demokrati,Socialni demokrati / Združena lista socialnih demokratov,1403,hand
SI,9,prtclfsi,7,SAB - Stranka Alenke Bratušek,Zavezništvo Alenke Bratušek / Stranka Alenke Bratušek,3114,hand
SI,9,prtclfsi,8,SDS - Slovenska demokratska stranka,Slovenska demokratska stranka,472,hand
SI,9,prtclfsi,9,SLS - Slovenska ljudska stranka,Slovenska ljudska stranka,764,link
SI,9,prtclfsi,10,SMC - Stranka modernega centra,Stranka Mira Cerarja / Stranka modernega centra,3098,hand
SI,9,prtclfsi,11,SNS - Slovenska nacionalna stranka,Slovenska nacionalna stranka,96,link
SI,9,prtclfsi,12,Other,other,,hand
SI,9,prtclfsi,66,Not applicable*,,,missing
SI,9,prtclfsi,77,Refusal*,refused,,missing
SI,9,prtclfsi,88,Don't know*,dont-know,,missing
SI,10,prtclfsi,1,DESUS - Demokraticna stranka upokojencev Slovenije,Demokratična stranka upokojencev Slovenije,467,link
SI,10,prtclfsi,2,L - Levica,Levica,6131,link
SI,10,prtclfsi,3,LMŠ - Lista Marjana Šarca,Lista Marjana Šarca,6132,link
SI,10,prtclfsi,4,NSI - Nova Slovenija – Kršcanski demokrati,Nova Slovenija — Krščanska ljudska stranka,1618,link
SI,10,prtclfsi,6,SD - Socialni demokrati,Socialni demokrati / Združena lista socialnih demokratov,1403,hand
SI,10,prtclfsi,7,SAB - Stranka Alenke Bratušek,Zavezništvo Alenke Bratušek / Stranka Alenke Bratušek,3114,hand
SI,10,prtclfsi,8,SDS - Slovenska demokratska stranka,Slovenska demokratska stranka,472,hand
SI,10,prtclfsi,9,SLS - Slovenska ljudska stranka,Slovenska ljudska stranka,764,link
SI,10,prtclfsi,10,SMC - Stranka modernega centra,Stranka Mira Cerarja / Stranka modernega centra,3098,hand
SI,10,prtclfsi,11,SNS - Slovenska nacionalna stranka,Slovenska nacionalna stranka,96,link
SI,10,prtclfsi,12,Other,other,,hand
SI,10,prtclfsi,66,Not applicable*,,,missing
SI,10,prtclfsi,77,Refusal*,refused,,missing
SI,10,prtclfsi,88,Don't know*,dont-know,,missing
SI,10,prtclfsi,99,No answer*,,,missing
SI,11,prtclgsi,1,DESUS - Demokraticna stranka upokojencev Slovenije,Demokratična stranka upokojencev Slovenije,467,link
SI,11,prtclgsi,2,Državljansko gibanje Resni.ca,Resni.ca,9069,link
SI,11,prtclgsi,3,Gibanje svoboda,Gibanje Svoboda,9067,link
SI,11,prtclgsi,4,L - Levica,Levica,6131,link
SI,11,prtclgsi,5,LMŠ - Lista Marjana Šarca,Lista Marjana Šarca,6132,link
SI,11,prtclgsi,6,NSI - Nova Slovenija – Kršcanski demokrati,Nova Slovenija — Krščanska ljudska stranka,1618,link
SI,11,prtclgsi,7,"Povežimo Slovenijo (Konkretno, Zeleni Slovenije, SLS, NLS, NS)",Povežimo se,7363,link
SI,11,prtclgsi,8,SDS - Slovenska demokratska stranka,Slovenska demokratska stranka,472,hand
SI,11,prtclgsi,9,SNS - Slovenska nacionalna stranka,Slovenska nacionalna stranka,96,link
SI,11,prtclgsi,10,SD - Socialni demokrati,Socialni demokrati / Združena lista socialnih demokratov,1403,hand
SI,11,prtclgsi,11,SAB - Stranka Alenke Bratušek,Zavezništvo Alenke Bratušek / Stranka Alenke Bratušek,3114,hand
SI,11,prtclgsi,12,Other,other,,hand
SI,11,prtclgsi,66,Not applicable*,,,missing
SI,11,prtclgsi,77,Refusal*,refused,,missing
SI,11,prtclgsi,88,Don't know*,dont-know,,missing
SI,11,prtclgsi,99,No answer*,,,missing
SI,1,prtclsi,1,DESUS - Demokraticna stranka upokojencev Slovenije,Demokratična stranka upokojencev Slovenije,467,link
SI,1,prtclsi,2,LDS - Liberalna demokracija Slovenije,Liberalna demokracija Slovenije,975,link
SI,1,prtclsi,3,SLS - Slovenska ljudska stranka,Slovenska ljudska stranka,764,link
SI,1,prtclsi,4,SNS - Slovenska nacionalna stranka,Slovenska nacionalna stranka,96,link
SI,1,prtclsi,5,SDS - Socialdemokratska Stranka Slovenije,Slovenska demokratska stranka,472,link
SI,1,prtclsi,6,NSI - Nova Slovenija – Kršcanski demokrati,Nova Slovenija — Krščanska ljudska stranka,1618,link
SI,1,prtclsi,7,ZLSD - Združena lista socialnih demokratov,Socialni demokrati / Združena lista socialnih demokratov,1403,link
SI,1,prtclsi,8,SMS - Stranka Mladih Slovenije,Stranka mladih Slovenije,1401,link
SI,1,prtclsi,9,Other,other,,hand
SI,1,prtclsi,66,Not applicable*,,,missing
SI,1,prtclsi,77,Refusal*,refused,,missing
SI,1,prtclsi,88,Don't know*,dont-know,,missing
SI,1,prtclsi,99,No answer*,,,missing
SI,2,prtvtasi,1,SDS - Slovenska demokratska stranka,Slovenska demokratska stranka,472,hand
SI,2,prtvtasi,2,LDS - Liberalna demokracija Slovenije,Liberalna demokracija Slovenije,975,link
SI,2,prtvtasi,3,ZLSD - Združena lista socialnih demokratov,Socialni demokrati / Združena lista socialnih demokratov,1403,link
SI,2,prtvtasi,4,NSI - Nova Slovenija – Kršcanski demokrati,Nova Slovenija — Krščanska ljudska stranka,1618,link
SI,2,prtvtasi,5,SLS - Slovenska ljudska stranka,Slovenska ljudska stranka,764,link
SI,2,prtvtasi,6,SNS - Slovenska nacionalna stranka,Slovenska nacionalna stranka,96,link
SI,2,prtvtasi,7,DESUS - Demokraticna stranka upokojencev Slovenije,Demokratična stranka upokojencev Slovenije,467,link
SI,2,prtvtasi,8,Other,other,,hand
SI,2,prtvtasi,66,Not applicable*,,,missing
SI,2,prtvtasi,77,Refusal*,refused,,missing
SI,2,prtvtasi,88,Don't know*,dont-know,,missing
SI,2,prtvtasi,99,No answer*,,,missing
SI,3,prtvtbsi,1,DESUS - Demokraticna stranka upokojencev Slovenije,Demokratična stranka upokojencev Slovenije,467,link
SI,3,prtvtbsi,2,LDS - Liberalna demokracija Slovenije,Liberalna demokracija Slovenije,975,link
SI,3,prtvtbsi,3,SLS - Slovenska ljudska stranka,Slovenska ljudska stranka,764,link
SI,3,prtvtbsi,4,SNS - Slovenska nacionalna stranka,Slovenska nacionalna stranka,96,link
SI,3,prtvtbsi,5,SDS - Slovenska demokratska stranka,Slovenska demokratska stranka,472,hand
SI,3,prtvtbsi,6,NSI - Nova Slovenija – Kršcanski demokrati,Nova Slovenija — Krščanska ljudska stranka,1618,link
SI,3,prtvtbsi,7,SD - Socialni demokrati,Socialni demokrati / Združena lista socialnih demokratov,1403,hand
SI,3,prtvtbsi,8,Other,other,,hand
SI,3,prtvtbsi,66,Not applicable*,,,missing
SI,3,prtvtbsi,77,Refusal*,refused,,missing
SI,3,prtvtbsi,88,Don't know*,dont-know,,missing
SI,4,prtvtcsi,1,DESUS - Demokraticna stranka upokojencev Slovenije,Demokratična stranka upokojencev Slovenije,467,link
SI,4,prtvtcsi,2,LDS - Liberalna demokracija Slovenije,Liberalna demokracija Slovenije,975,link
SI,4,prtvtcsi,3,LIPA - Party,Stranka Lipa,881,link
SI,4,prtvtcsi,4,NSI - Nova Slovenija – Kršcanski demokrati,Nova Slovenija — Krščanska ljudska stranka,1618,link
SI,4,prtvtcsi,5,SDS - Slovenska demokratska stranka,Slovenska demokratska stranka,472,hand
SI,4,prtvtcsi,6,SLS - Slovenska ljudska stranka,Slovenska ljudska stranka,764,link
SI,4,prtvtcsi,7,SNS - Slovenska nacionalna stranka,Slovenska nacionalna stranka,96,link
SI,4,prtvtcsi,8,SD - Socialni demokrati,Socialni demokrati / Združena lista socialnih demokratov,1403,hand
SI,4,prtvtcsi,9,Zares - nova politika,Zares,474,link
SI,4,prtvtcsi,10,Other,other,,hand
SI,4,prtvtcsi,66,Not applicable*,,,missing
SI,4,prtvtcsi,77,Refusal*,refused,,missing
SI,4,prtvtcsi,88,Don't know*,dont-know,,missing
SI,4,prtvtcsi,99,No answer*,,,missing
SI,5,prtvtcsi,1,DESUS - Demokraticna stranka upokojencev Slovenije,Demokratična stranka upokojencev Slovenije,467,link
SI,5,prtvtcsi,2,LDS - Liberalna demokracija Slovenije,Liberalna demokracija Slovenije,975,link
SI,5,prtvtcsi,3,LIPA - Party,Stranka Lipa,881,link
SI,5,prtvtcsi,4,NSI - Nova Slovenija – Kršcanski demokrati,Nova Slovenija — Krščanska ljudska stranka,1618,link
SI,5,prtvtcsi,5,SDS - Slovenska demokratska stranka,Slovenska demokratska stranka,472,hand
SI,5,prtvtcsi,6,SLS - Slovenska ljudska stranka,Slovenska ljudska stranka,764,link
SI,5,prtvtcsi,7,SNS - Slovenska nacionalna stranka,Slovenska nacionalna stranka,96,link
SI,5,prtvtcsi,8,SD - Socialni demokrati,Socialni demokrati / Združena lista socialnih demokratov,1403,hand
SI,5,prtvtcsi,9,Zares - nova politika,Zares,474,link
SI,5,prtvtcsi,10,Other,other,,hand
SI,5,prtvtcsi,66,Not applicable*,,,missing
SI,5,prtvtcsi,77,Refusal*,refused,,missing
SI,5,prtvtcsi,88,Don't know*,dont-know,,missing
SI,5,prtvtcsi,99,No answer*,,,missing
SI,6,prtvtdsi,1,DESUS - Demokraticna stranka upokojencev Slovenije,Demokratična stranka upokojencev Slovenije,467,link
SI,6,prtvtdsi,2,LDS - Liberalna demokracija Slovenije,Liberalna demokracija Slovenije,975,link
SI,6,prtvtdsi,3,NSI - Nova Slovenija – Kršcanski demokrati,Nova Slovenija — Krščanska ljudska stranka,1618,link
SI,6,prtvtdsi,4,SDS - Slovenska demokratska stranka,Slovenska demokratska stranka,472,hand
SI,6,prtvtdsi,5,SLS - Slovenska ljudska stranka,Slovenska ljudska stranka,764,link
SI,6,prtvtdsi,6,SD - Socialni demokrati,Socialni demokrati / Združena lista socialnih demokratov,1403,hand
SI,6,prtvtdsi,7,PS - Pozitivna Slovenija,Lista Zorana Jankovića — Pozitivna Slovenija,1773,link
SI,6,prtvtdsi,8,DL - Državljanska lista,Državljanska lista,98,link
SI,6,prtvtdsi,9,Zares - nova politika,Zares,474,link
SI,6,prtvtdsi,10,SNS - Slovenska nacionalna stranka,Slovenska nacionalna stranka,96,link
SI,6,prtvtdsi,11,TRS - Stranka za Trajnostni Razvoj Slovenije,Stranka za trajnostni razvoj Slovenije,1015,link
SI,6,prtvtdsi,12,Other,other,,hand
SI,6,prtvtdsi,66,Not applicable*,,,missing
SI,6,prtvtdsi,77,Refusal*,refused,,missing
SI,6,prtvtdsi,88,Don't know*,dont-know,,missing
SI,6,prtvtdsi,99,No answer*,,,missing
SI,7,prtvtesi,1,DESUS - Demokraticna stranka upokojencev Slovenije,Demokratična stranka upokojencev Slovenije,467,link
SI,7,prtvtesi,2,DL - Državljanska lista,Državljanska lista,98,link
SI,7,prtvtesi,3,NSI - Nova Slovenija – Kršcanski demokrati,Nova Slovenija — Krščanska ljudska stranka,1618,link
SI,7,prtvtesi,4,PS - Pozitivna Slovenija,Lista Zorana Jankovića — Pozitivna Slovenija,1773,link
SI,7,prtvtesi,5,SD - Socialni demokrati,Socialni demokrati / Združena lista socialnih demokratov,1403,hand
SI,7,prtvtesi,6,SDS - Slovenska demokratska stranka,Slovenska demokratska stranka,472,hand
SI,7,prtvtesi,7,SLS - Slovenska ljudska stranka,Slovenska ljudska stranka,764,link
SI,7,prtvtesi,8,SMC - Stranka Mira Cerarja,Stranka Mira Cerarja / Stranka modernega centra,3098,link
SI,7,prtvtesi,9,VERJAMEM - Stranka Igorja Šoltesa,Verjamem,3205,link
SI,7,prtvtesi,10,ZAAB - Zavezništvo Alenke Bratušek,Zavezništvo Alenke Bratušek / Stranka Alenke Bratušek,3114,link
SI,7,prtvtesi,11,"ZL - Združena levica (DSD, IDS in Stranka TRS)",Zdruzena Lista,2276,link
SI,7,prtvtesi,12,Other,other,,hand
SI,7,prtvtesi,66,Not applicable*,,,missing
SI,7,prtvtesi,77,Refusal*,refused,,missing
SI,7,prtvtesi,88,Don't know*,dont-know,,missing
SI,7,prtvtesi,99,No answer*,,,missing
SI,8,prtvtesi,1,DESUS - Demokraticna stranka upokojencev Slovenije,Demokratična stranka upokojencev Slovenije,467,link
SI,8,prtvtesi,3,NSI - Nova Slovenija – Kršcanski demokrati,Nova Slovenija — Krščanska ljudska stranka,1618,link
SI,8,prtvtesi,4,PS - Pozitivna Slovenija,Lista Zorana Jankovića — Pozitivna Slovenija,1773,link
SI,8,prtvtesi,5,SD - Socialni demokrati,Socialni demokrati / Združena lista socialnih demokratov,1403,hand
SI,8,prtvtesi,6,SDS - Slovenska demokratska stranka,Slovenska demokratska stranka,472,hand
SI,8,prtvtesi,7,SLS - Slovenska ljudska stranka,Slovenska ljudska stranka,764,link
SI,8,prtvtesi,8,SMC - Stranka Mira Cerarja,Stranka Mira Cerarja / Stranka modernega centra,3098,link
SI,8,prtvtesi,10,ZAAB - Zavezništvo Alenke Bratušek,Zavezništvo Alenke Bratušek / Stranka Alenke Bratušek,3114,link
SI,8,prtvtesi,11,"ZL - Združena levica (DSD, IDS in Stranka TRS)",Zdruzena Lista,2276,link
SI,8,prtvtesi,12,Other,other,,hand
SI,8,prtvtesi,66,Not applicable*,,,missing
SI,8,prtvtesi,77,Refusal*,refused,,missing
SI,8,prtvtesi,88,Don't know*,dont-know,,missing
SI,9,prtvtfsi,1,DESUS - Demokraticna stranka upokojencev Slovenije,Demokratična stranka upokojencev Slovenije,467,link
SI,9,prtvtfsi,2,L - Levica,Levica,6131,link
SI,9,prtvtfsi,3,LMŠ - Lista Marjana Šarca,Lista Marjana Šarca,6132,link
SI,9,prtvtfsi,4,NSI - Nova Slovenija – Kršcanski demokrati,Nova Slovenija — Krščanska ljudska stranka,1618,link
SI,9,prtvtfsi,5,PS - Pozitivna Slovenija,Lista Zorana Jankovića — Pozitivna Slovenija,1773,link
SI,9,prtvtfsi,6,SD - Socialni demokrati,Socialni demokrati / Združena lista socialnih demokratov,1403,hand
SI,9,prtvtfsi,7,SAB - Stranka Alenke Bratušek,Zavezništvo Alenke Bratušek / Stranka Alenke Bratušek,3114,hand
SI,9,prtvtfsi,8,SDS - Slovenska demokratska stranka,Slovenska demokratska stranka,472,hand
SI,9,prtvtfsi,9,SLS - Slovenska ljudska stranka,Slovenska ljudska stranka,764,link
SI,9,prtvtfsi,10,SMC - Stranka modernega centra,Stranka Mira Cerarja / Stranka modernega centra,3098,hand
SI,9,prtvtfsi,11,SNS - Slovenska nacionalna stranka,Slovenska nacionalna stranka,96,link
SI,9,prtvtfsi,12,Other,other,,hand
SI,9,prtvtfsi,66,Not applicable*,,,missing
SI,9,prtvtfsi,77,Refusal*,refused,,missing
SI,9,prtvtfsi,88,Don't know*,dont-know,,missing
SI,10,prtvtfsi,1,DESUS - Demokraticna stranka upokojencev Slovenije,Demokratična stranka upokojencev Slovenije,467,link
SI,10,prtvtfsi,2,L - Levica,Levica,6131,link
SI,10,prtvtfsi,3,LMŠ - Lista Marjana Šarca,Lista Marjana Šarca,6132,link
SI,10,prtvtfsi,4,NSI - Nova Slovenija – Kršcanski demokrati,Nova Slovenija — Krščanska ljudska stranka,1618,link
SI,10,prtvtfsi,5,PS - Pozitivna Slovenija,Lista Zorana Jankovića — Pozitivna Slovenija,1773,link
SI,10,prtvtfsi,6,SD - Socialni demokrati,Socialni demokrati / Združena lista socialnih demokratov,1403,hand
SI,10,prtvtfsi,7,SAB - Stranka Alenke Bratušek,Zavezništvo Alenke Bratušek / Stranka Alenke Bratušek,3114,hand
SI,10,prtvtfsi,8,SDS - Slovenska demokratska stranka,Slovenska demokratska stranka,472,hand
SI,10,prtvtfsi,9,SLS - Slovenska ljudska stranka,Slovenska ljudska stranka,764,link
SI,10,prtvtfsi,10,SMC - Stranka modernega centra,Stranka Mira Cerarja / Stranka modernega centra,3098,hand
SI,10,prtvtfsi,11,SNS - Slovenska nacionalna stranka,Slovenska nacionalna stranka,96,link
SI,10,prtvtfsi,12,Other,other,,hand
SI,10,prtvtfsi,66,Not applicable*,,,missing
SI,10,prtvtfsi,77,Refusal*,refused,,missing
SI,10,prtvtfsi,88,Don't know*,dont-know,,missing
SI,10,prtvtfsi,99,No answer*,,,missing
SI,11,prtvtgsi,1,DESUS - Demokraticna stranka upokojencev Slovenije,Demokratična stranka upokojencev Slovenije,467,link
SI,11,prtvtgsi,2,Državljansko gibanje Resni.ca,Resni.ca,9069,link
SI,11,prtvtgsi,3,Gibanje svoboda,Gibanje Svoboda,9067,link
SI,11,prtvtgsi,4,L - Levica,Levica,6131,link
SI,11,prtvtgsi,5,LMŠ - Lista Marjana Šarca,Lista Marjana Šarca,6132,link
SI,11,prtvtgsi,6,NSI - Nova Slovenija – Kršcanski demokrati,Nova Slovenija — Krščanska ljudska stranka,1618,link
SI,11,prtvtgsi,7,"Povežimo Slovenijo (Konkretno, Zeleni Slovenije, SLS, NLS, NS)",Povežimo se,7363,link
SI,11,prtvtgsi,8,SDS - Slovenska demokratska stranka,Slovenska demokratska stranka,472,hand
SI,11,prtvtgsi,9,SNS - Slovenska nacionalna stranka,Slovenska nacionalna stranka,96,link
SI,11,prtvtgsi,10,SD - Socialni demokrati,Socialni demokrati / Združena lista socialnih demokratov,1403,hand
SI,11,prtvtgsi,11,SAB - Stranka Alenke Bratušek,Zavezništvo Alenke Bratušek / Stranka Alenke Bratušek,3114,hand
SI,11,prtvtgsi,12,Other,other,,hand
SI,11,prtvtgsi,66,Not applicable*,,,missing
SI,11,prtvtgsi,77,Refusal*,refused,,missing
SI,11,prtvtgsi,88,Don't know*,dont-know,,missing
SI,11,prtvtgsi,99,No answer*,,,missing
SI,1,prtvtsi,1,DESUS - Demokraticna stranka upokojencev Slovenije,Demokratična stranka upokojencev Slovenije,467,link
SI,1,prtvtsi,2,LDS - Liberalna demokracija Slovenije,Liberalna demokracija Slovenije,975,link
SI,1,prtvtsi,3,SLS - Slovenska ljudska stranka,Slovenska ljudska stranka,764,link
SI,1,prtvtsi,4,SNS - Slovenska nacionalna stranka,Slovenska nacionalna stranka,96,link
SI,1,prtvtsi,5,SDS - Socialdemokratska Stranka Slovenije,Slovenska demokratska stranka,472,link
SI,1,prtvtsi,6,NSI - Nova Slovenija – Kršcanski demokrati,Nova Slovenija — Krščanska ljudska stranka,1618,link
SI,1,prtvtsi,7,ZLSD - Združena lista socialnih demokratov,Socialni demokrati / Združena lista socialnih demokratov,1403,link
SI,1,prtvtsi,8,SMS - Stranka Mladih Slovenije,Stranka mladih Slovenije,1401,link
SI,1,prtvtsi,9,Other,other,,hand
SI,1,prtvtsi,66,Not applicable*,,,missing
SI,1,prtvtsi,77,Refusal*,refused,,missing
SI,1,prtvtsi,88,Don't know*,dont-know,,missing
SI,1,prtvtsi,99,No answer*,,,missing
SK,3,prtclask,1,Movement for a Democratic Slovakia (HZDS),Ľudová strana — Hnutie za demokratické Slovensko,560,hand
SK,3,prtclask,2,Slovak Democratic Christian Union (SDKU),Slovenská demokratická a kresťanská únia — Demokratická strana,1617,hand
SK,3,prtclask,3,SMER,Smer — sociálna demokracia,311,link
SK,3,prtclask,4,Party of Hungarian Coalition (SMK),Strana maďarskej koalície / Strana maďarskej komunity,349,hand
SK,3,prtclask,5,Christian Democratic Movement (KDH),Kresťanskodemokratické hnutie,63,hand
SK,3,prtclask,6,Slovak National Party (SNS),Slovenská národná strana,730,link
SK,3,prtclask,7,Other,other,,hand
SK,3,prtclask,66,Not applicable*,,,missing
SK,3,prtclask,77,Refusal*,refused,,missing
SK,3,prtclask,88,Don't know*,dont-know,,missing
SK,3,prtclask,99,No answer*,,,missing
SK,4,prtclask,1,Movement for a Democratic Slovakia (HZDS),Ľudová strana — Hnutie za demokratické Slovensko,560,hand
SK,4,prtclask,2,Slovak Democratic Christian Union (SDKU),Slovenská demokratická a kresťanská únia — Demokratická strana,1617,hand
SK,4,prtclask,3,SMER,Smer — sociálna demokracia,311,link
SK,4,prtclask,4,Party of Hungarian Coalition (SMK),Strana maďarskej koalície / Strana maďarskej komunity,349,hand
SK,4,prtclask,5,Christian Democratic Movement (KDH),Kresťanskodemokratické hnutie,63,hand
SK,4,prtclask,6,Slovak National Party (SNS),Slovenská národná strana,730,link
SK,4,prtclask,7,Other,other,,hand
SK,4,prtclask,66,Not applicable*,,,missing
SK,4,prtclask,77,Refusal*,refused,,missing
SK,4,prtclask,88,Don't know*,dont-know,,missing
SK,4,prtclask,99,No answer*,,,missing
SK,5,prtclbsk,1,Slovak National Party (SNS),Slovenská národná strana,730,link
SK,5,prtclbsk,2,Slovak Democratic Christian Union (SDKU),Slovenská demokratická a kresťanská únia — Demokratická strana,1617,hand
SK,5,prtclbsk,3,SMER-Social Democracy,Smer — sociálna demokracia,311,hand
SK,5,prtclbsk,4,Most-Híd,MOST-HID,258,link
SK,5,prtclbsk,5,Christian Democratic Movement (KDH),Kresťanskodemokratické hnutie,63,hand
SK,5,prtclbsk,6,Freedom and Solidarity (SaS),Sloboda a Solidarita,1386,link
SK,5,prtclbsk,7,Other,other,,hand
SK,5,prtclbsk,66,Not applicable*,,,missing
SK,5,prtclbsk,77,Refusal*,refused,,missing
SK,5,prtclbsk,88,Don't know*,dont-know,,missing
SK,5,prtclbsk,99,No answer*,,,missing
SK,6,prtclcsk,1,Ordinary People and Independent Personalities (OLaNO),Obyčajní Ľudia a Nezávislé Osobnosti,2130,link
SK,6,prtclcsk,2,Slovak Democratic Christian Union (SDKU),Slovenská demokratická a kresťanská únia — Demokratická strana,1617,hand
SK,6,prtclcsk,3,SMER-Social Democracy,Smer — sociálna demokracia,311,hand
SK,6,prtclcsk,4,Most-Híd,MOST-HID,258,link
SK,6,prtclcsk,5,Christian Democratic Movement (KDH),Kresťanskodemokratické hnutie,63,hand
SK,6,prtclcsk,6,Freedom and Solidarity (SaS),Sloboda a Solidarita,1386,link
SK,6,prtclcsk,7,Other,other,,hand
SK,6,prtclcsk,66,Not applicable*,,,missing
SK,6,prtclcsk,77,Refusal*,refused,,missing
SK,6,prtclcsk,88,Don't know*,dont-know,,missing
SK,6,prtclcsk,99,No answer*,,,missing
SK,9,prtcldsk,1,Ordinary People and Independent Personalities (OLaNO),Obyčajní Ľudia a Nezávislé Osobnosti,2130,link
SK,9,prtcldsk,2,Slovak Democratic Christian Union (SDKU),Slovenská demokratická a kresťanská únia — Demokratická strana,1617,hand
SK,9,prtcldsk,3,SMER-Social Democracy,Smer — sociálna demokracia,311,hand
SK,9,prtcldsk,4,Most-Híd,MOST-HID,258,link
SK,9,prtcldsk,5,Christian Democratic Movement (KDH),Kresťanskodemokratické hnutie,63,hand
SK,9,prtcldsk,6,Freedom and Solidarity (SaS),Sloboda a Solidarita,1386,link
SK,9,prtcldsk,7,Sieť,Sieť — Slovenská konzervatívna strana,4872,link
SK,9,prtcldsk,8,SME Rodina,Sme Rodina — Boris Kollár,4873,link
SK,9,prtcldsk,9,Other,other,,hand
SK,9,prtcldsk,66,Not applicable*,,,missing
SK,9,prtcldsk,77,Refusal*,refused,,missing
SK,9,prtcldsk,88,Don't know*,dont-know,,missing
SK,10,prtclesk,1,Obyčajní Ľudia a nezávislé osobnosti,Obyčajní Ľudia a Nezávislé Osobnosti,2130,name
SK,10,prtclesk,2,Smer – SD,Smer — sociálna demokracia,311,name
SK,10,prtclesk,3,SME Rodina,Sme Rodina — Boris Kollár,4873,link
SK,10,prtclesk,4,ĽS Naše Slovensko,Ľudová strana Naše Slovensko,656,link
SK,10,prtclesk,5,Pogresívne Slovensko - Spolu,Pogresívne Slovensko - Spolu [og],,hand
SK,10,prtclesk,6,Sloboda a Solidarita (SaS),Sloboda a Solidarita,1386,hand
SK,10,prtclesk,7,Za ľudí,Za ľudí,8394,link
SK,10,prtclesk,8,Other,other,,hand
SK,10,prtclesk,66,Not applicable*,,,missing
SK,10,prtclesk,77,Refusal*,refused,,missing
SK,10,prtclesk,88,Don't know*,dont-know,,missing
SK,10,prtclesk,99,No answer*,,,missing
SK,11,prtclesk,1,Obyčajní Ľudia a nezávislé osobnosti,Obyčajní Ľudia a Nezávislé Osobnosti,2130,name
SK,11,prtclesk,2,Smer – SD,Smer — sociálna demokracia,311,name
SK,11,prtclesk,3,SME Rodina,Sme Rodina — Boris Kollár,4873,link
SK,11,prtclesk,4,ĽS Naše Slovensko,Ľudová strana Naše Slovensko,656,link
SK,11,prtclesk,5,Pogresívne Slovensko - Spolu,Pogresívne Slovensko - Spolu [og],,hand
SK,11,prtclesk,6,Sloboda a Solidarita (SaS),Sloboda a Solidarita,1386,hand
SK,11,prtclesk,7,Za ľudí,Za ľudí,8394,link
SK,11,prtclesk,8,Other,other,,hand
SK,11,prtclesk,66,Not applicable*,,,missing
SK,11,prtclesk,77,Refusal*,refused,,missing
SK,11,prtclesk,88,Don't know*,dont-know,,missing
SK,2,prtclsk,1,HZDS Movement for a Democratic Slovakia,Ľudová strana — Hnutie za demokratické Slovensko,560,link
SK,2,prtclsk,2,SDKU Slovak Democratic Christian Union,Slovenská demokratická a kresťanská únia — Demokratická strana,1617,link
SK,2,prtclsk,3,SMER,Smer — sociálna demokracia,311,link
SK,2,prtclsk,4,SMK Party of Hungarian Coalition,Strana maďarskej koalície / Strana maďarskej komunity,349,link
SK,2,prtclsk,5,KDH Christian Democratic Movement,Kresťanskodemokratické hnutie,63,link
SK,2,prtclsk,6,ANO New Citizen's Alliance,Aliancia Nového Občana,217,link
SK,2,prtclsk,7,KSS Communist Party of Slovakia,Komunistická strana Slovenska,340,link
SK,2,prtclsk,8,Other,other,,hand
SK,2,prtclsk,66,Not applicable*,,,missing
SK,2,prtclsk,77,Refusal*,refused,,missing
SK,2,prtclsk,88,Don't know*,dont-know,,missing
SK,2,prtclsk,99,No answer*,,,missing
SK,3,prtvtask,1,Movement for a Democratic Slovakia (HZDS),Ľudová strana — Hnutie za demokratické Slovensko,560,hand
SK,3,prtvtask,2,Slovak Democratic Christian Union (SDKU),Slovenská demokratická a kresťanská únia — Demokratická strana,1617,hand
SK,3,prtvtask,3,SMER,Smer — sociálna demokracia,311,link
SK,3,prtvtask,4,Party of Hungarian Coalition (SMK),Strana maďarskej koalície / Strana maďarskej komunity,349,hand
SK,3,prtvtask,5,Christian Democratic Movement (KDH),Kresťanskodemokratické hnutie,63,hand
SK,3,prtvtask,6,Slovak National Party (SNS),Slovenská národná strana,730,link
SK,3,prtvtask,7,Other,other,,hand
SK,3,prtvtask,66,Not applicable*,,,missing
SK,3,prtvtask,77,Refusal*,refused,,missing
SK,3,prtvtask,88,Don't know*,dont-know,,missing
SK,3,prtvtask,99,No answer*,,,missing
SK,4,prtvtask,1,Movement for a Democratic Slovakia (HZDS),Ľudová strana — Hnutie za demokratické Slovensko,560,hand
SK,4,prtvtask,2,Slovak Democratic Christian Union (SDKU),Slovenská demokratická a kresťanská únia — Demokratická strana,1617,hand
SK,4,prtvtask,3,SMER,Smer — sociálna demokracia,311,link
SK,4,prtvtask,4,Party of Hungarian Coalition (SMK),Strana maďarskej koalície / Strana maďarskej komunity,349,hand
SK,4,prtvtask,5,Christian Democratic Movement (KDH),Kresťanskodemokratické hnutie,63,hand
SK,4,prtvtask,6,Slovak National Party (SNS),Slovenská národná strana,730,link
SK,4,prtvtask,7,Other,other,,hand
SK,4,prtvtask,66,Not applicable*,,,missing
SK,4,prtvtask,77,Refusal*,refused,,missing
SK,4,prtvtask,88,Don't know*,dont-know,,missing
SK,4,prtvtask,99,No answer*,,,missing
SK,5,prtvtbsk,1,Slovak National Party (SNS),Slovenská národná strana,730,link
SK,5,prtvtbsk,2,Slovak Democratic Christian Union (SDKU),Slovenská demokratická a kresťanská únia — Demokratická strana,1617,hand
SK,5,prtvtbsk,3,SMER-Social Democracy,Smer — sociálna demokracia,311,hand
SK,5,prtvtbsk,4,Most-Híd,MOST-HID,258,link
SK,5,prtvtbsk,5,Christian Democratic Movement (KDH),Kresťanskodemokratické hnutie,63,hand
SK,5,prtvtbsk,6,Freedom and Solidarity (SaS),Sloboda a Solidarita,1386,link
SK,5,prtvtbsk,7,Other,other,,hand
SK,5,prtvtbsk,66,Not applicable*,,,missing
SK,5,prtvtbsk,77,Refusal*,refused,,missing
SK,5,prtvtbsk,88,Don't know*,dont-know,,missing
SK,5,prtvtbsk,99,No answer*,,,missing
SK,6,prtvtcsk,1,Ordinary People and Independent Personalities (OLaNO),Obyčajní Ľudia a Nezávislé Osobnosti,2130,link
SK,6,prtvtcsk,2,Slovak Democratic Christian Union (SDKU),Slovenská demokratická a kresťanská únia — Demokratická strana,1617,hand
SK,6,prtvtcsk,3,SMER-Social Democracy,Smer — sociálna demokracia,311,hand
SK,6,prtvtcsk,4,Most-Híd,MOST-HID,258,link
SK,6,prtvtcsk,5,Christian Democratic Movement (KDH),Kresťanskodemokratické hnutie,63,hand
SK,6,prtvtcsk,6,Freedom and Solidarity (SaS),Sloboda a Solidarita,1386,link
SK,6,prtvtcsk,7,Other,other,,hand
SK,6,prtvtcsk,66,Not applicable*,,,missing
SK,6,prtvtcsk,77,Refusal*,refused,,missing
SK,6,prtvtcsk,88,Don't know*,dont-know,,missing
SK,6,prtvtcsk,99,No answer*,,,missing
SK,9,prtvtdsk,1,Obyčajní Ľudia a nezávislé osobnosti,Obyčajní Ľudia a Nezávislé Osobnosti,2130,name
SK,9,prtvtdsk,2,Slovenská národná strana (SNS),Slovenská národná strana,730,hand
SK,9,prtvtdsk,3,Smer – SD,Smer — sociálna demokracia,311,name
SK,9,prtvtdsk,4,Most–Híd,MOST-HID,258,name
SK,9,prtvtdsk,5,ĽS Naše Slovensko,Ľudová strana Naše Slovensko,656,link
SK,9,prtvtdsk,6,Sloboda a Solidarita (SaS),Sloboda a Solidarita,1386,hand
SK,9,prtvtdsk,7,Sieť,Sieť — Slovenská konzervatívna strana,4872,link
SK,9,prtvtdsk,8,SME Rodina,Sme Rodina — Boris Kollár,4873,link
SK,9,prtvtdsk,9,Other,other,,hand
SK,9,prtvtdsk,66,Not applicable*,,,missing
SK,9,prtvtdsk,77,Refusal*,refused,,missing
SK,9,prtvtdsk,88,Don't know*,dont-know,,missing
SK,10,prtvtesk,1,Obyčajní Ľudia a nezávislé osobnosti,Obyčajní Ľudia a Nezávislé Osobnosti,2130,name
SK,10,prtvtesk,2,Smer – SD,Smer — sociálna demokracia,311,name
SK,10,prtvtesk,3,SME Rodina,Sme Rodina — Boris Kollár,4873,link
SK,10,prtvtesk,4,ĽS Naše Slovensko,Ľudová strana Naše Slovensko,656,link
SK,10,prtvtesk,5,Pogresívne Slovensko - Spolu,Pogresívne Slovensko - Spolu [og],,hand
SK,10,prtvtesk,6,Sloboda a Solidarita (SaS),Sloboda a Solidarita,1386,hand
SK,10,prtvtesk,7,Za ľudí,Za ľudí,8394,link
SK,10,prtvtesk,8,Other,other,,hand
SK,10,prtvtesk,66,Not applicable*,,,missing
SK,10,prtvtesk,77,Refusal*,refused,,missing
SK,10,prtvtesk,88,Don't know*,dont-know,,missing
SK,10,prtvtesk,99,No answer*,,,missing
SK,11,prtvtesk,1,Obyčajní Ľudia a nezávislé osobnosti,Obyčajní Ľudia a Nezávislé Osobnosti,2130,name
SK,11,prtvtesk,2,Smer – SD,Smer — sociálna demokracia,311,name
SK,11,prtvtesk,3,SME Rodina,Sme Rodina — Boris Kollár,4873,link
SK,11,prtvtesk,4,ĽS Naše Slovensko,Ľudová strana Naše Slovensko,656,link
SK,11,prtvtesk,5,Pogresívne Slovensko - Spolu,Pogresívne Slovensko - Spolu [og],,hand
SK,11,prtvtesk,6,Sloboda a Solidarita (SaS),Sloboda a Solidarita,1386,hand
SK,11,prtvtesk,7,Za ľudí,Za ľudí,8394,link
SK,11,prtvtesk,8,Other,other,,hand
SK,11,prtvtesk,66,Not applicable*,,,missing
SK,11,prtvtesk,77,Refusal*,refused,,missing
SK,11,prtvtesk,88,Don't know*,dont-know,,missing
SK,2,prtvtsk,1,HZDS Movement for a Democratic Slovakia,Ľudová strana — Hnutie za demokratické Slovensko,560,link
SK,2,prtvtsk,2,SDKU Slovak Democratic Christian Union,Slovenská demokratická a kresťanská únia — Demokratická strana,1617,link
SK,2,prtvtsk,3,SMER,Smer — sociálna demokracia,311,link
SK,2,prtvtsk,4,SMK Party of Hungarian Coalition,Strana maďarskej koalície / Strana maďarskej komunity,349,link
SK,2,prtvtsk,5,KDH Christian Democratic Movement,Kresťanskodemokratické hnutie,63,link
SK,2,prtvtsk,6,ANO New Citizen's Alliance,Aliancia Nového Občana,217,link
SK,2,prtvtsk,7,KSS Communist Party of Slovakia,Komunistická strana Slovenska,340,link
SK,2,prtvtsk,8,Other,other,,hand
SK,2,prtvtsk,66,Not applicable*,,,missing
SK,2,prtvtsk,77,Refusal*,refused,,missing
SK,2,prtvtsk,88,Don't know*,dont-know,,missing
SK,2,prtvtsk,99,No answer*,,,missing
