cntry,att_label,att_pf,vote_label,vote_pf,match,n
AT,BZÖ,Bündnis Zukunft Österreich,BZÖ,Bündnis Zukunft Österreich,same,14
AT,BZÖ,Bündnis Zukunft Österreich,FPÖ,Freiheitliche Partei Österreichs,different,1
AT,BZÖ,Bündnis Zukunft Österreich,ÖVP,Österreichische Volkspartei,different,1
AT,Grüne,Die Grünen — Die grüne Alternative,BZÖ,Bündnis Zukunft Österreich,different,1
AT,GRÜNE,Die Grünen — Die grüne Alternative,GRÜNE,Die Grünen — Die grüne Alternative,same,103
AT,Grüne,Die Grünen — Die grüne Alternative,Grüne,Die Grünen — Die grüne Alternative,same,868
AT,Grüne,Die Grünen — Die grüne Alternative,FPÖ,Freiheitliche Partei Österreichs,different,2
AT,Grüne,Die Grünen — Die grüne Alternative,KPÖ,Kommunistische Partei Österreichs,different,2
AT,Grüne,Die Grünen — Die grüne Alternative,LIF,Liberales Forum,different,1
AT,Grüne,Die Grünen — Die grüne Alternative,JETZT,Liste Peter Pilz,different,1
AT,Grüne,Die Grünen — Die grüne Alternative,PILZ,Liste Peter Pilz,different,6
AT,Grüne,Die Grünen — Die grüne Alternative,NEOS,NEOS — Das Neue Österreich,different,8
AT,Grüne,Die Grünen — Die grüne Alternative,Piratenpartei Österreich,Piratenpartei Österreich [og],different,1
AT,GRÜNE,Die Grünen — Die grüne Alternative,SPÖ,Sozialdemokratische Partei Österreichs,different,5
AT,Grüne,Die Grünen — Die grüne Alternative,SPÖ,Sozialdemokratische Partei Österreichs,different,52
AT,Grüne,Die Grünen — Die grüne Alternative,Other,other,unmatchable,5
AT,GRÜNE,Die Grünen — Die grüne Alternative,ÖVP,Österreichische Volkspartei,different,3
AT,Grüne,Die Grünen — Die grüne Alternative,ÖVP,Österreichische Volkspartei,different,17
AT,FPÖ,Freiheitliche Partei Österreichs,BZÖ,Bündnis Zukunft Österreich,different,4
AT,FPÖ,Freiheitliche Partei Österreichs,Grüne,Die Grünen — Die grüne Alternative,different,2
AT,FPÖ,Freiheitliche Partei Österreichs,FPÖ,Freiheitliche Partei Österreichs,same,747
AT,FPÖ,Freiheitliche Partei Österreichs,KPÖ,Kommunistische Partei Österreichs,different,1
AT,FPÖ,Freiheitliche Partei Österreichs,NEOS,NEOS — Das Neue Österreich,different,1
AT,FPÖ,Freiheitliche Partei Österreichs,SPÖ,Sozialdemokratische Partei Österreichs,different,15
AT,FPÖ,Freiheitliche Partei Österreichs,Team Frank Stronach,Team Stronach,different,1
AT,FPÖ,Freiheitliche Partei Österreichs,Other,other,unmatchable,3
AT,FPÖ,Freiheitliche Partei Österreichs,ÖVP,Österreichische Volkspartei,different,36
AT,KPÖ,Kommunistische Partei Österreichs,Grüne,Die Grünen — Die grüne Alternative,different,13
AT,KPÖ,Kommunistische Partei Österreichs,KPÖ,Kommunistische Partei Österreichs,same,25
AT,KPÖ,Kommunistische Partei Österreichs,Piratenpartei Österreich,Piratenpartei Österreich [og],different,1
AT,KPÖ,Kommunistische Partei Österreichs,SPÖ,Sozialdemokratische Partei Österreichs,different,5
AT,LIF,Liberales Forum,GRÜNE,Die Grünen — Die grüne Alternative,different,2
AT,LIF,Liberales Forum,Grüne,Die Grünen — Die grüne Alternative,different,2
AT,LIF,Liberales Forum,LIF,Liberales Forum,same,3
AT,LIF,Liberales Forum,SPÖ,Sozialdemokratische Partei Österreichs,different,3
AT,LIF,Liberales Forum,ÖVP,Österreichische Volkspartei,different,1
AT,PILZ,Liste Peter Pilz,PILZ,Liste Peter Pilz,same,6
AT,PILZ,Liste Peter Pilz,ÖVP,Österreichische Volkspartei,different,2
AT,GILT,Liste Roland Düringer — Meine Stimme GILT,Grüne,Die Grünen — Die grüne Alternative,different,2
AT,GILT,Liste Roland Düringer — Meine Stimme GILT,KPÖ,Kommunistische Partei Österreichs,different,1
AT,GILT,Liste Roland Düringer — Meine Stimme GILT,PILZ,Liste Peter Pilz,different,1
AT,GILT,Liste Roland Düringer — Meine Stimme GILT,GILT,Liste Roland Düringer — Meine Stimme GILT,same,1
AT,GILT,Liste Roland Düringer — Meine Stimme GILT,SPÖ,Sozialdemokratische Partei Österreichs,different,1
AT,GILT,Liste Roland Düringer — Meine Stimme GILT,Other,other,unmatchable,18
AT,GILT,Liste Roland Düringer — Meine Stimme GILT,ÖVP,Österreichische Volkspartei,different,5
AT,NEOS,NEOS — Das Neue Österreich,Grüne,Die Grünen — Die grüne Alternative,different,13
AT,NEOS,NEOS — Das Neue Österreich,FPÖ,Freiheitliche Partei Österreichs,different,2
AT,NEOS,NEOS — Das Neue Österreich,PILZ,Liste Peter Pilz,different,2
AT,NEOS,NEOS — Das Neue Österreich,NEOS,NEOS — Das Neue Österreich,same,97
AT,NEOS,NEOS — Das Neue Österreich,SPÖ,Sozialdemokratische Partei Österreichs,different,4
AT,NEOS,NEOS — Das Neue Österreich,ÖVP,Österreichische Volkspartei,different,7
AT,Piratenpartei Österreich,Piratenpartei Österreich [og],Piratenpartei Österreich,Piratenpartei Österreich [og],same,2
AT,SPÖ,Sozialdemokratische Partei Österreichs,GRÜNE,Die Grünen — Die grüne Alternative,different,4
AT,SPÖ,Sozialdemokratische Partei Österreichs,Grüne,Die Grünen — Die grüne Alternative,different,33
AT,SPÖ,Sozialdemokratische Partei Österreichs,FPÖ,Freiheitliche Partei Österreichs,different,13
AT,SPÖ,Sozialdemokratische Partei Österreichs,KPÖ,Kommunistische Partei Österreichs,different,2
AT,SPÖ,Sozialdemokratische Partei Österreichs,LIF,Liberales Forum,different,2
AT,SPÖ,Sozialdemokratische Partei Österreichs,JETZT,Liste Peter Pilz,different,1
AT,SPÖ,Sozialdemokratische Partei Österreichs,PILZ,Liste Peter Pilz,different,4
AT,SPÖ,Sozialdemokratische Partei Österreichs,NEOS,NEOS — Das Neue Österreich,different,7
AT,SPÖ,Sozialdemokratische Partei Österreichs,SPÖ,Sozialdemokratische Partei Österreichs,same,2147
AT,SPÖ,Sozialdemokratische Partei Österreichs,Other,other,unmatchable,6
AT,SPÖ,Sozialdemokratische Partei Österreichs,ÖVP,Österreichische Volkspartei,different,26
AT,Team Frank Stronach,Team Stronach,FPÖ,Freiheitliche Partei Österreichs,different,1
AT,Team Frank Stronach,Team Stronach,Team Frank Stronach,Team Stronach,same,3
AT,Team Frank Stronach,Team Stronach,ÖVP,Österreichische Volkspartei,different,1
AT,NA,dont-know,Grüne,Die Grünen — Die grüne Alternative,unmatchable,1
AT,NA,dont-know,FPÖ,Freiheitliche Partei Österreichs,unmatchable,3
AT,NA,dont-know,NEOS,NEOS — Das Neue Österreich,unmatchable,1
AT,NA,dont-know,SPÖ,Sozialdemokratische Partei Österreichs,unmatchable,5
AT,NA,dont-know,ÖVP,Österreichische Volkspartei,unmatchable,5
AT,Other,other,Grüne,Die Grünen — Die grüne Alternative,unmatchable,4
AT,Other,other,FPÖ,Freiheitliche Partei Österreichs,unmatchable,3
AT,Other,other,NEOS,NEOS — Das Neue Österreich,unmatchable,1
AT,Other,other,SPÖ,Sozialdemokratische Partei Österreichs,unmatchable,3
AT,Other,other,Team Frank Stronach,Team Stronach,unmatchable,1
AT,Other,other,Other,other,unmatchable,5
AT,Other,other,ÖVP,Österreichische Volkspartei,unmatchable,2
AT,NA,refused,BZÖ,Bündnis Zukunft Österreich,unmatchable,2
AT,NA,refused,GRÜNE,Die Grünen — Die grüne Alternative,unmatchable,4
AT,NA,refused,Grüne,Die Grünen — Die grüne Alternative,unmatchable,5
AT,NA,refused,FPÖ,Freiheitliche Partei Österreichs,unmatchable,11
AT,NA,refused,KPÖ,Kommunistische Partei Österreichs,unmatchable,1
AT,NA,refused,NEOS,NEOS — Das Neue Österreich,unmatchable,3
AT,NA,refused,SPÖ,Sozialdemokratische Partei Österreichs,unmatchable,29
AT,NA,refused,Team Frank Stronach,Team Stronach,unmatchable,2
AT,NA,refused,Other,other,unmatchable,3
AT,NA,refused,ÖVP,Österreichische Volkspartei,unmatchable,20
AT,ÖVP,Österreichische Volkspartei,BZÖ,Bündnis Zukunft Österreich,different,3
AT,ÖVP,Österreichische Volkspartei,GRÜNE,Die Grünen — Die grüne Alternative,different,4
AT,ÖVP,Österreichische Volkspartei,Grüne,Die Grünen — Die grüne Alternative,different,7
AT,ÖVP,Österreichische Volkspartei,FPÖ,Freiheitliche Partei Österreichs,different,18
AT,ÖVP,Österreichische Volkspartei,KPÖ,Kommunistische Partei Österreichs,different,1
AT,ÖVP,Österreichische Volkspartei,LIF,Liberales Forum,different,1
AT,ÖVP,Österreichische Volkspartei,NEOS,NEOS — Das Neue Österreich,different,15
AT,ÖVP,Österreichische Volkspartei,Piratenpartei Österreich,Piratenpartei Österreich [og],different,1
AT,ÖVP,Österreichische Volkspartei,SPÖ,Sozialdemokratische Partei Österreichs,different,14
AT,ÖVP,Österreichische Volkspartei,Team Frank Stronach,Team Stronach,different,1
AT,ÖVP,Österreichische Volkspartei,Other,other,unmatchable,4
AT,ÖVP,Österreichische Volkspartei,ÖVP,Österreichische Volkspartei,same,2154
AT,NA,NA,Grüne,Die Grünen — Die grüne Alternative,unmatchable,2
AT,NA,NA,SPÖ,Sozialdemokratische Partei Österreichs,unmatchable,3
AT,NA,NA,Other,other,unmatchable,4
AT,NA,NA,ÖVP,Österreichische Volkspartei,unmatchable,2
BE,Agalev,Agalev — Groen,Agalev,Agalev — Groen,same,36
BE,Agalev/Groen!,Agalev — Groen,Agalev/Groen!,Agalev — Groen,same,62
BE,Groen!,Agalev — Groen,Groen!,Agalev — Groen,same,341
BE,Agalev,Agalev — Groen,CVP,Christelijke Volkspartij,different,5
BE,Groen!,Agalev — Groen,CD&V + N-VA,Christen-Democratisch & Vlaams / Nieuw-Vlaams Alliantie,different,4
BE,Agalev/Groen!,Agalev — Groen,CD&V,Christen-Democratisch en Vlaams,different,3
BE,Groen!,Agalev — Groen,CD&V,Christen-Democratisch en Vlaams,different,12
BE,Agalev/Groen!,Agalev — Groen,N-VA,Nieuw-Vlaamse Alliantie,different,2
BE,Groen!,Agalev — Groen,N-VA,Nieuw-Vlaamse Alliantie,different,12
BE,Groen!,Agalev — Groen,Open VLD + Vivant,Open VLD + Vivant [og],different,1
BE,Agalev,Agalev — Groen,PSC,Parti Social Chrétien — Centre démocrate humaniste,different,2
BE,Groen!,Agalev — Groen,PVDA,Partij van de Arbeid van België — Parti du Travail de Belgique,different,1
BE,Groen!,Agalev — Groen,PVDA+,Partij van de Arbeid van België — Parti du Travail de Belgique,different,4
BE,Agalev,Agalev — Groen,VLD,Partij voor Vrijheid en Vooruitgang — Open Vlaamse Liberalen en Democraten,different,6
BE,Agalev/Groen!,Agalev — Groen,VLD,Partij voor Vrijheid en Vooruitgang — Open Vlaamse Liberalen en Democraten,different,3
BE,Groen!,Agalev — Groen,Open VLD,Partij voor Vrijheid en Vooruitgang — Open Vlaamse Liberalen en Democraten,different,7
BE,Agalev/Groen!,Agalev — Groen,SP.A-Spirit,Socialistische Partij Anders / Sociaal-Liberale Partij / Spirit,different,10
BE,Groen!,Agalev — Groen,SP.A. + Vlaams - Progressieven (Spirit),Socialistische Partij Anders / Sociaal-Liberale Partij / Spirit,different,4
BE,Agalev,Agalev — Groen,SP,Socialistische Partij Anders — Vooruit,different,3
BE,Groen!,Agalev — Groen,SP.A,Socialistische Partij Anders — Vooruit,different,27
BE,Groen!,Agalev — Groen,Sp.a (Vooruit),Socialistische Partij Anders — Vooruit,different,2
BE,Agalev/Groen!,Agalev — Groen,Other,other,unmatchable,1
BE,Groen!,Agalev — Groen,Other,other,unmatchable,2
BE,Agalev/Groen!,Agalev — Groen,Ecolo,Écologistes Confédérés pour l'organisation de luttes originales,different,2
BE,Groen!,Agalev — Groen,Ecolo,Écologistes Confédérés pour l'organisation de luttes originales,different,1
BE,CD&V,Christen-Democratisch en Vlaams,Agalev,Agalev — Groen,different,1
BE,CD&V,Christen-Democratisch en Vlaams,Agalev/Groen!,Agalev — Groen,different,2
BE,CD&V,Christen-Democratisch en Vlaams,Groen!,Agalev — Groen,different,4
BE,CD&V,Christen-Democratisch en Vlaams,CVP,Christelijke Volkspartij,different,104
BE,CD&V,Christen-Democratisch en Vlaams,CD&V + N-VA,Christen-Democratisch & Vlaams / Nieuw-Vlaams Alliantie,same,127
BE,CD&V,Christen-Democratisch en Vlaams,CD&V,Christen-Democratisch en Vlaams,same,782
BE,CD&V,Christen-Democratisch en Vlaams,N-VA,Nieuw-Vlaamse Alliantie,different,29
BE,CD&V,Christen-Democratisch en Vlaams,Open VLD + Vivant,Open VLD + Vivant [og],different,1
BE,CD&V,Christen-Democratisch en Vlaams,CDH,Parti Social Chrétien — Centre démocrate humaniste,different,1
BE,CD&V,Christen-Democratisch en Vlaams,PS,Parti Socialiste,different,1
BE,CD&V,Christen-Democratisch en Vlaams,PVDA+,Partij van de Arbeid van België — Parti du Travail de Belgique,different,1
BE,CD&V,Christen-Democratisch en Vlaams,Open VLD,Partij voor Vrijheid en Vooruitgang — Open Vlaamse Liberalen en Democraten,different,6
BE,CD&V,Christen-Democratisch en Vlaams,VLD,Partij voor Vrijheid en Vooruitgang — Open Vlaamse Liberalen en Democraten,different,17
BE,CD&V,Christen-Democratisch en Vlaams,SP.A-Spirit,Socialistische Partij Anders / Sociaal-Liberale Partij / Spirit,different,5
BE,CD&V,Christen-Democratisch en Vlaams,SP.A. + Vlaams - Progressieven (Spirit),Socialistische Partij Anders / Sociaal-Liberale Partij / Spirit,different,3
BE,CD&V,Christen-Democratisch en Vlaams,SP.A,Socialistische Partij Anders — Vooruit,different,2
BE,CD&V,Christen-Democratisch en Vlaams,Sp.a (Vooruit),Socialistische Partij Anders — Vooruit,different,2
BE,CD&V,Christen-Democratisch en Vlaams,Vlaams Belang,Vlaams Belang,different,9
BE,CD&V,Christen-Democratisch en Vlaams,VU-ID,Volksunie [Vlaamse Concentratie],different,2
BE,CD&V,Christen-Democratisch en Vlaams,Other,other,unmatchable,2
BE,CD&V,Christen-Democratisch en Vlaams,Ecolo,Écologistes Confédérés pour l'organisation de luttes originales,different,1
BE,DéFI,Front Démocratique des Francophones / DéFI,DéFI,Front Démocratique des Francophones / DéFI,same,7
BE,DéFI,Front Démocratique des Francophones / DéFI,N-VA,Nieuw-Vlaamse Alliantie,different,3
BE,DéFI,Front Démocratique des Francophones / DéFI,CDH,Parti Social Chrétien — Centre démocrate humaniste,different,1
BE,DéFI,Front Démocratique des Francophones / DéFI,PS,Parti Socialiste,different,3
BE,DéFI,Front Démocratique des Francophones / DéFI,PTB,Partij van de Arbeid van België — Parti du Travail de Belgique,different,1
BE,DéFI,Front Démocratique des Francophones / DéFI,Vlaams Belang,Vlaams Belang,different,1
BE,DéFI,Front Démocratique des Francophones / DéFI,Ecolo,Écologistes Confédérés pour l'organisation de luttes originales,different,2
BE,FRONT NATIONAL,Front National,FRONT NATIONAL,Front National,same,1
BE,Front National,Front National,Front National,Front National,same,12
BE,FRONT NATIONAL,Front National,PS,Parti Socialiste,different,2
BE,Front National,Front National,PS,Parti Socialiste,different,5
BE,Front National,Front National,PTB,Partij van de Arbeid van België — Parti du Travail de Belgique,different,2
BE,Front National,Front National,Other,other,unmatchable,2
BE,Lijst Dedecker,"Lijst Dedecker / Libertair, Direct, Democratisch",CD&V + N-VA,Christen-Democratisch & Vlaams / Nieuw-Vlaams Alliantie,different,3
BE,Lijst Dedecker,"Lijst Dedecker / Libertair, Direct, Democratisch",CD&V,Christen-Democratisch en Vlaams,different,1
BE,Lijst Dedecker,"Lijst Dedecker / Libertair, Direct, Democratisch",Lijst Dedecker,"Lijst Dedecker / Libertair, Direct, Democratisch",same,13
BE,Lijst Dedecker,"Lijst Dedecker / Libertair, Direct, Democratisch",N-VA,Nieuw-Vlaamse Alliantie,different,3
BE,Lijst Dedecker,"Lijst Dedecker / Libertair, Direct, Democratisch",Open VLD + Vivant,Open VLD + Vivant [og],different,3
BE,Lijst Dedecker,"Lijst Dedecker / Libertair, Direct, Democratisch",SP.A. + Vlaams - Progressieven (Spirit),Socialistische Partij Anders / Sociaal-Liberale Partij / Spirit,different,1
BE,Lijst Dedecker,"Lijst Dedecker / Libertair, Direct, Democratisch",Vlaams Belang,Vlaams Belang,different,2
BE,MR,Mouvement Réformateur,CD&V,Christen-Democratisch en Vlaams,different,3
BE,MR,Mouvement Réformateur,DéFI,Front Démocratique des Francophones / DéFI,different,1
BE,MR,Mouvement Réformateur,Front National,Front National,different,6
BE,Mouvement Réformateur (MR),Mouvement Réformateur,FRONT NATIONAL,Front National,different,2
BE,MR,Mouvement Réformateur,MR,Mouvement Réformateur,same,645
BE,Mouvement Réformateur (MR),Mouvement Réformateur,PRL-FDF,Parti Réformateur Libéral - Front Démocratique des Francophones,different,46
BE,MR,Mouvement Réformateur,CDH,Parti Social Chrétien — Centre démocrate humaniste,different,13
BE,MR,Mouvement Réformateur,cdH (Les Engagés),Parti Social Chrétien — Centre démocrate humaniste,different,1
BE,Mouvement Réformateur (MR),Mouvement Réformateur,PSC,Parti Social Chrétien — Centre démocrate humaniste,different,2
BE,MR,Mouvement Réformateur,PS,Parti Socialiste,different,21
BE,Mouvement Réformateur (MR),Mouvement Réformateur,PS,Parti Socialiste,different,9
BE,MR,Mouvement Réformateur,Parti Populaire,Parti populaire,different,4
BE,MR,Mouvement Réformateur,PTB,Partij van de Arbeid van België — Parti du Travail de Belgique,different,3
BE,MR,Mouvement Réformateur,Open VLD,Partij voor Vrijheid en Vooruitgang — Open Vlaamse Liberalen en Democraten,different,3
BE,MR,Mouvement Réformateur,Other,other,unmatchable,7
BE,MR,Mouvement Réformateur,Ecolo,Écologistes Confédérés pour l'organisation de luttes originales,different,10
BE,Mouvement Réformateur (MR),Mouvement Réformateur,ECOLO,Écologistes Confédérés pour l'organisation de luttes originales,different,1
BE,N-VA,Nieuw-Vlaamse Alliantie,Groen!,Agalev — Groen,different,4
BE,N-VA,Nieuw-Vlaamse Alliantie,CD&V + N-VA,Christen-Democratisch & Vlaams / Nieuw-Vlaams Alliantie,same,8
BE,N-VA,Nieuw-Vlaamse Alliantie,CD&V,Christen-Democratisch en Vlaams,different,34
BE,N-VA,Nieuw-Vlaamse Alliantie,Lijst Dedecker,"Lijst Dedecker / Libertair, Direct, Democratisch",different,1
BE,N-VA,Nieuw-Vlaamse Alliantie,MR,Mouvement Réformateur,different,5
BE,N-VA,Nieuw-Vlaamse Alliantie,N-VA,Nieuw-Vlaamse Alliantie,same,776
BE,N-VA,Nieuw-Vlaamse Alliantie,Open VLD,Partij voor Vrijheid en Vooruitgang — Open Vlaamse Liberalen en Democraten,different,30
BE,N-VA,Nieuw-Vlaamse Alliantie,VLD,Partij voor Vrijheid en Vooruitgang — Open Vlaamse Liberalen en Democraten,different,5
BE,N-VA,Nieuw-Vlaamse Alliantie,SP.A-Spirit,Socialistische Partij Anders / Sociaal-Liberale Partij / Spirit,different,2
BE,N-VA,Nieuw-Vlaamse Alliantie,SP.A,Socialistische Partij Anders — Vooruit,different,7
BE,N-VA,Nieuw-Vlaamse Alliantie,Vlaams Belang,Vlaams Belang,different,21
BE,N-VA,Nieuw-Vlaamse Alliantie,Vlaams Blok,Vlaams Blok / Belang,different,2
BE,N-VA,Nieuw-Vlaamse Alliantie,VU-ID,Volksunie [Vlaamse Concentratie],different,9
BE,N-VA,Nieuw-Vlaamse Alliantie,Other,other,unmatchable,3
BE,N-VA,Nieuw-Vlaamse Alliantie,Ecolo,Écologistes Confédérés pour l'organisation de luttes originales,different,1
BE,CDH (PSC),Parti Social Chrétien — Centre démocrate humaniste,Agalev,Agalev — Groen,different,1
BE,CDH (PSC),Parti Social Chrétien — Centre démocrate humaniste,CVP,Christelijke Volkspartij,different,1
BE,cdH (Les Engagés),Parti Social Chrétien — Centre démocrate humaniste,DéFI,Front Démocratique des Francophones / DéFI,different,1
BE,CDH,Parti Social Chrétien — Centre démocrate humaniste,MR,Mouvement Réformateur,different,19
BE,cdH (Les Engagés),Parti Social Chrétien — Centre démocrate humaniste,MR,Mouvement Réformateur,different,4
BE,CDH (PSC),Parti Social Chrétien — Centre démocrate humaniste,PRL-FDF,Parti Réformateur Libéral - Front Démocratique des Francophones,different,1
BE,CDH,Parti Social Chrétien — Centre démocrate humaniste,CDH,Parti Social Chrétien — Centre démocrate humaniste,same,297
BE,CDH (PSC),Parti Social Chrétien — Centre démocrate humaniste,PSC,Parti Social Chrétien — Centre démocrate humaniste,same,24
BE,cdH (Les Engagés),Parti Social Chrétien — Centre démocrate humaniste,cdH (Les Engagés),Parti Social Chrétien — Centre démocrate humaniste,same,22
BE,CDH,Parti Social Chrétien — Centre démocrate humaniste,PS,Parti Socialiste,different,20
BE,CDH (PSC),Parti Social Chrétien — Centre démocrate humaniste,PS,Parti Socialiste,different,3
BE,cdH (Les Engagés),Parti Social Chrétien — Centre démocrate humaniste,PS,Parti Socialiste,different,1
BE,CDH,Parti Social Chrétien — Centre démocrate humaniste,Parti Populaire,Parti populaire,different,2
BE,cdH (Les Engagés),Parti Social Chrétien — Centre démocrate humaniste,Open VLD,Partij voor Vrijheid en Vooruitgang — Open Vlaamse Liberalen en Democraten,different,1
BE,CDH,Parti Social Chrétien — Centre démocrate humaniste,Other,other,unmatchable,3
BE,CDH,Parti Social Chrétien — Centre démocrate humaniste,Ecolo,Écologistes Confédérés pour l'organisation de luttes originales,different,5
BE,CDH (PSC),Parti Social Chrétien — Centre démocrate humaniste,ECOLO,Écologistes Confédérés pour l'organisation de luttes originales,different,4
BE,cdH (Les Engagés),Parti Social Chrétien — Centre démocrate humaniste,Ecolo,Écologistes Confédérés pour l'organisation de luttes originales,different,1
BE,PS,Parti Socialiste,DéFI,Front Démocratique des Francophones / DéFI,different,1
BE,PS,Parti Socialiste,FRONT NATIONAL,Front National,different,1
BE,PS,Parti Socialiste,Front National,Front National,different,3
BE,PS,Parti Socialiste,MR,Mouvement Réformateur,different,18
BE,PS,Parti Socialiste,N-VA,Nieuw-Vlaamse Alliantie,different,1
BE,PS,Parti Socialiste,PRL-FDF,Parti Réformateur Libéral - Front Démocratique des Francophones,different,7
BE,PS,Parti Socialiste,CDH,Parti Social Chrétien — Centre démocrate humaniste,different,11
BE,PS,Parti Socialiste,PSC,Parti Social Chrétien — Centre démocrate humaniste,different,3
BE,PS,Parti Socialiste,cdH (Les Engagés),Parti Social Chrétien — Centre démocrate humaniste,different,1
BE,PS,Parti Socialiste,PS,Parti Socialiste,same,899
BE,PS,Parti Socialiste,Parti Populaire,Parti populaire,different,1
BE,PS,Parti Socialiste,PTB,Partij van de Arbeid van België — Parti du Travail de Belgique,different,9
BE,PS,Parti Socialiste,PVDA,Partij van de Arbeid van België — Parti du Travail de Belgique,different,1
BE,PS,Parti Socialiste,SP.A-Spirit,Socialistische Partij Anders / Sociaal-Liberale Partij / Spirit,different,1
BE,PS,Parti Socialiste,SP,Socialistische Partij Anders — Vooruit,different,1
BE,PS,Parti Socialiste,SP.A,Socialistische Partij Anders — Vooruit,different,1
BE,PS,Parti Socialiste,Other,other,unmatchable,4
BE,PS,Parti Socialiste,ECOLO,Écologistes Confédérés pour l'organisation de luttes originales,different,3
BE,PS,Parti Socialiste,Ecolo,Écologistes Confédérés pour l'organisation de luttes originales,different,18
BE,Parti Populaire,Parti populaire,MR,Mouvement Réformateur,different,3
BE,Parti Populaire,Parti populaire,PS,Parti Socialiste,different,1
BE,Parti Populaire,Parti populaire,Parti Populaire,Parti populaire,same,9
BE,Parti Populaire,Parti populaire,PTB,Partij van de Arbeid van België — Parti du Travail de Belgique,different,2
BE,Parti Populaire,Parti populaire,Other,other,unmatchable,1
BE,PVDA,Partij van de Arbeid van België — Parti du Travail de Belgique,Groen!,Agalev — Groen,different,4
BE,PVDA+,Partij van de Arbeid van België — Parti du Travail de Belgique,Groen!,Agalev — Groen,different,3
BE,PVDA,Partij van de Arbeid van België — Parti du Travail de Belgique,CD&V,Christen-Democratisch en Vlaams,different,1
BE,PTB,Partij van de Arbeid van België — Parti du Travail de Belgique,MR,Mouvement Réformateur,different,3
BE,PVDA,Partij van de Arbeid van België — Parti du Travail de Belgique,N-VA,Nieuw-Vlaamse Alliantie,different,2
BE,PTB,Partij van de Arbeid van België — Parti du Travail de Belgique,CDH,Parti Social Chrétien — Centre démocrate humaniste,different,2
BE,PTB,Partij van de Arbeid van België — Parti du Travail de Belgique,cdH (Les Engagés),Parti Social Chrétien — Centre démocrate humaniste,different,1
BE,PTB,Partij van de Arbeid van België — Parti du Travail de Belgique,PS,Parti Socialiste,different,24
BE,PTB,Partij van de Arbeid van België — Parti du Travail de Belgique,PTB,Partij van de Arbeid van België — Parti du Travail de Belgique,same,51
BE,PTB,Partij van de Arbeid van België — Parti du Travail de Belgique,PVDA,Partij van de Arbeid van België — Parti du Travail de Belgique,same,1
BE,PVDA,Partij van de Arbeid van België — Parti du Travail de Belgique,PTB,Partij van de Arbeid van België — Parti du Travail de Belgique,same,1
BE,PVDA,Partij van de Arbeid van België — Parti du Travail de Belgique,PVDA,Partij van de Arbeid van België — Parti du Travail de Belgique,same,24
BE,PVDA,Partij van de Arbeid van België — Parti du Travail de Belgique,PVDA-AE,Partij van de Arbeid van België — Parti du Travail de Belgique,same,1
BE,PVDA+,Partij van de Arbeid van België — Parti du Travail de Belgique,PVDA+,Partij van de Arbeid van België — Parti du Travail de Belgique,same,27
BE,PVDA,Partij van de Arbeid van België — Parti du Travail de Belgique,Open VLD,Partij voor Vrijheid en Vooruitgang — Open Vlaamse Liberalen en Democraten,different,1
BE,PVDA,Partij van de Arbeid van België — Parti du Travail de Belgique,VLD,Partij voor Vrijheid en Vooruitgang — Open Vlaamse Liberalen en Democraten,different,1
BE,PVDA+,Partij van de Arbeid van België — Parti du Travail de Belgique,Open VLD,Partij voor Vrijheid en Vooruitgang — Open Vlaamse Liberalen en Democraten,different,2
BE,PVDA,Partij van de Arbeid van België — Parti du Travail de Belgique,SP,Socialistische Partij Anders — Vooruit,different,2
BE,PVDA,Partij van de Arbeid van België — Parti du Travail de Belgique,Sp.a (Vooruit),Socialistische Partij Anders — Vooruit,different,2
BE,PVDA+,Partij van de Arbeid van België — Parti du Travail de Belgique,SP.A,Socialistische Partij Anders — Vooruit,different,4
BE,PVDA,Partij van de Arbeid van België — Parti du Travail de Belgique,Vlaams Belang,Vlaams Belang,different,2
BE,PTB,Partij van de Arbeid van België — Parti du Travail de Belgique,Ecolo,Écologistes Confédérés pour l'organisation de luttes originales,different,6
BE,Open VLD,Partij voor Vrijheid en Vooruitgang — Open Vlaamse Liberalen en Democraten,Groen!,Agalev — Groen,different,6
BE,VLD,Partij voor Vrijheid en Vooruitgang — Open Vlaamse Liberalen en Democraten,Agalev,Agalev — Groen,different,2
BE,VLD,Partij voor Vrijheid en Vooruitgang — Open Vlaamse Liberalen en Democraten,Agalev/Groen!,Agalev — Groen,different,1
BE,VLD,Partij voor Vrijheid en Vooruitgang — Open Vlaamse Liberalen en Democraten,CVP,Christelijke Volkspartij,different,4
BE,Open VLD,Partij voor Vrijheid en Vooruitgang — Open Vlaamse Liberalen en Democraten,CD&V + N-VA,Christen-Democratisch & Vlaams / Nieuw-Vlaams Alliantie,different,1
BE,Open VLD,Partij voor Vrijheid en Vooruitgang — Open Vlaamse Liberalen en Democraten,CD&V,Christen-Democratisch en Vlaams,different,11
BE,VLD,Partij voor Vrijheid en Vooruitgang — Open Vlaamse Liberalen en Democraten,CD&V,Christen-Democratisch en Vlaams,different,3
BE,Open VLD,Partij voor Vrijheid en Vooruitgang — Open Vlaamse Liberalen en Democraten,Lijst Dedecker,"Lijst Dedecker / Libertair, Direct, Democratisch",different,2
BE,Open VLD,Partij voor Vrijheid en Vooruitgang — Open Vlaamse Liberalen en Democraten,N-VA,Nieuw-Vlaamse Alliantie,different,31
BE,VLD,Partij voor Vrijheid en Vooruitgang — Open Vlaamse Liberalen en Democraten,N-VA,Nieuw-Vlaamse Alliantie,different,1
BE,Open VLD,Partij voor Vrijheid en Vooruitgang — Open Vlaamse Liberalen en Democraten,Open VLD + Vivant,Open VLD + Vivant [og],same,61
BE,VLD,Partij voor Vrijheid en Vooruitgang — Open Vlaamse Liberalen en Democraten,PRL-FDF,Parti Réformateur Libéral - Front Démocratique des Francophones,different,1
BE,Open VLD,Partij voor Vrijheid en Vooruitgang — Open Vlaamse Liberalen en Democraten,CDH,Parti Social Chrétien — Centre démocrate humaniste,different,1
BE,Open VLD,Partij voor Vrijheid en Vooruitgang — Open Vlaamse Liberalen en Democraten,PS,Parti Socialiste,different,1
BE,Open VLD,Partij voor Vrijheid en Vooruitgang — Open Vlaamse Liberalen en Democraten,Open VLD,Partij voor Vrijheid en Vooruitgang — Open Vlaamse Liberalen en Democraten,same,333
BE,VLD,Partij voor Vrijheid en Vooruitgang — Open Vlaamse Liberalen en Democraten,VLD,Partij voor Vrijheid en Vooruitgang — Open Vlaamse Liberalen en Democraten,same,256
BE,VLD,Partij voor Vrijheid en Vooruitgang — Open Vlaamse Liberalen en Democraten,SP.A-Spirit,Socialistische Partij Anders / Sociaal-Liberale Partij / Spirit,different,4
BE,Open VLD,Partij voor Vrijheid en Vooruitgang — Open Vlaamse Liberalen en Democraten,SP.A,Socialistische Partij Anders — Vooruit,different,2
BE,Open VLD,Partij voor Vrijheid en Vooruitgang — Open Vlaamse Liberalen en Democraten,Sp.a (Vooruit),Socialistische Partij Anders — Vooruit,different,1
BE,Open VLD,Partij voor Vrijheid en Vooruitgang — Open Vlaamse Liberalen en Democraten,Vlaams Belang,Vlaams Belang,different,2
BE,VLD,Partij voor Vrijheid en Vooruitgang — Open Vlaamse Liberalen en Democraten,Vlaams Blok,Vlaams Blok / Belang,different,7
BE,VLD,Partij voor Vrijheid en Vooruitgang — Open Vlaamse Liberalen en Democraten,VU-ID,Volksunie [Vlaamse Concentratie],different,3
BE,Open VLD,Partij voor Vrijheid en Vooruitgang — Open Vlaamse Liberalen en Democraten,Other,other,unmatchable,2
BE,Spirit,Sociaal-Liberale Partij,Agalev/Groen!,Agalev — Groen,different,1
BE,Spirit,Sociaal-Liberale Partij,VLD,Partij voor Vrijheid en Vooruitgang — Open Vlaamse Liberalen en Democraten,different,1
BE,Spirit,Sociaal-Liberale Partij,SP.A-Spirit,Socialistische Partij Anders / Sociaal-Liberale Partij / Spirit,same,9
BE,Vlaams - Progressieven (Spirit),Sociaal-Liberale Partij,SP.A. + Vlaams - Progressieven (Spirit),Socialistische Partij Anders / Sociaal-Liberale Partij / Spirit,same,1
BE,Spirit,Sociaal-Liberale Partij,Vlaams Blok,Vlaams Blok / Belang,different,1
BE,Spirit,Sociaal-Liberale Partij,VU-ID,Volksunie [Vlaamse Concentratie],different,3
BE,Spirit,Sociaal-Liberale Partij,Other,other,unmatchable,1
BE,SP.A,Socialistische Partij Anders — Vooruit,Agalev,Agalev — Groen,different,2
BE,SP.A,Socialistische Partij Anders — Vooruit,Agalev/Groen!,Agalev — Groen,different,2
BE,SP.A,Socialistische Partij Anders — Vooruit,Groen!,Agalev — Groen,different,8
BE,SP.A.,Socialistische Partij Anders — Vooruit,Groen!,Agalev — Groen,different,1
BE,Sp.a (Vooruit),Socialistische Partij Anders — Vooruit,Groen!,Agalev — Groen,different,3
BE,SP.A.,Socialistische Partij Anders — Vooruit,CD&V + N-VA,Christen-Democratisch & Vlaams / Nieuw-Vlaams Alliantie,different,1
BE,SP.A,Socialistische Partij Anders — Vooruit,CD&V,Christen-Democratisch en Vlaams,different,9
BE,Sp.a (Vooruit),Socialistische Partij Anders — Vooruit,CD&V,Christen-Democratisch en Vlaams,different,5
BE,SP.A.,Socialistische Partij Anders — Vooruit,Lijst Dedecker,"Lijst Dedecker / Libertair, Direct, Democratisch",different,2
BE,SP.A,Socialistische Partij Anders — Vooruit,N-VA,Nieuw-Vlaamse Alliantie,different,12
BE,Sp.a (Vooruit),Socialistische Partij Anders — Vooruit,N-VA,Nieuw-Vlaamse Alliantie,different,1
BE,SP.A,Socialistische Partij Anders — Vooruit,CDH,Parti Social Chrétien — Centre démocrate humaniste,different,1
BE,SP.A,Socialistische Partij Anders — Vooruit,PS,Parti Socialiste,different,1
BE,SP.A,Socialistische Partij Anders — Vooruit,PVDA+,Partij van de Arbeid van België — Parti du Travail de Belgique,different,3
BE,Sp.a (Vooruit),Socialistische Partij Anders — Vooruit,PVDA,Partij van de Arbeid van België — Parti du Travail de Belgique,different,1
BE,SP.A,Socialistische Partij Anders — Vooruit,Open VLD,Partij voor Vrijheid en Vooruitgang — Open Vlaamse Liberalen en Democraten,different,5
BE,SP.A,Socialistische Partij Anders — Vooruit,VLD,Partij voor Vrijheid en Vooruitgang — Open Vlaamse Liberalen en Democraten,different,6
BE,Sp.a (Vooruit),Socialistische Partij Anders — Vooruit,Open VLD,Partij voor Vrijheid en Vooruitgang — Open Vlaamse Liberalen en Democraten,different,1
BE,SP.A,Socialistische Partij Anders — Vooruit,SP.A-Spirit,Socialistische Partij Anders / Sociaal-Liberale Partij / Spirit,same,171
BE,SP.A.,Socialistische Partij Anders — Vooruit,SP.A. + Vlaams - Progressieven (Spirit),Socialistische Partij Anders / Sociaal-Liberale Partij / Spirit,same,72
BE,SP.A,Socialistische Partij Anders — Vooruit,SP,Socialistische Partij Anders — Vooruit,same,83
BE,SP.A,Socialistische Partij Anders — Vooruit,SP.A,Socialistische Partij Anders — Vooruit,same,278
BE,Sp.a (Vooruit),Socialistische Partij Anders — Vooruit,Sp.a (Vooruit),Socialistische Partij Anders — Vooruit,same,61
BE,SP.A,Socialistische Partij Anders — Vooruit,Vivant,Vivant,different,2
BE,SP.A,Socialistische Partij Anders — Vooruit,Vlaams Belang,Vlaams Belang,different,2
BE,SP.A.,Socialistische Partij Anders — Vooruit,Vlaams Belang,Vlaams Belang,different,1
BE,SP.A,Socialistische Partij Anders — Vooruit,Vlaams Blok,Vlaams Blok / Belang,different,1
BE,SP.A,Socialistische Partij Anders — Vooruit,VU-ID,Volksunie [Vlaamse Concentratie],different,2
BE,SP.A,Socialistische Partij Anders — Vooruit,Other,other,unmatchable,3
BE,SP.A,Socialistische Partij Anders — Vooruit,Ecolo,Écologistes Confédérés pour l'organisation de luttes originales,different,1
BE,Sp.a (Vooruit),Socialistische Partij Anders — Vooruit,Ecolo,Écologistes Confédérés pour l'organisation de luttes originales,different,1
BE,Vivant,Vivant,VLD,Partij voor Vrijheid en Vooruitgang — Open Vlaamse Liberalen en Democraten,different,2
BE,Vivant,Vivant,SP.A-Spirit,Socialistische Partij Anders / Sociaal-Liberale Partij / Spirit,different,2
BE,VIVANT,Vivant,VIVANT,Vivant,same,1
BE,Vivant,Vivant,Vivant,Vivant,same,4
BE,Vlaams Belang,Vlaams Belang,CD&V + N-VA,Christen-Democratisch & Vlaams / Nieuw-Vlaams Alliantie,different,2
BE,Vlaams Belang,Vlaams Belang,CD&V,Christen-Democratisch en Vlaams,different,5
BE,Vlaams Belang,Vlaams Belang,MR,Mouvement Réformateur,different,1
BE,Vlaams Belang,Vlaams Belang,N-VA,Nieuw-Vlaamse Alliantie,different,31
BE,Vlaams Belang,Vlaams Belang,Open VLD + Vivant,Open VLD + Vivant [og],different,4
BE,Vlaams Belang,Vlaams Belang,PS,Parti Socialiste,different,1
BE,Vlaams Belang,Vlaams Belang,PVDA,Partij van de Arbeid van België — Parti du Travail de Belgique,different,1
BE,Vlaams Belang,Vlaams Belang,PVDA+,Partij van de Arbeid van België — Parti du Travail de Belgique,different,1
BE,Vlaams Belang,Vlaams Belang,Open VLD,Partij voor Vrijheid en Vooruitgang — Open Vlaamse Liberalen en Democraten,different,3
BE,Vlaams Belang,Vlaams Belang,SP.A,Socialistische Partij Anders — Vooruit,different,4
BE,Vlaams Belang,Vlaams Belang,Vlaams Belang,Vlaams Belang,same,177
BE,Vlaams Belang,Vlaams Belang,Ecolo,Écologistes Confédérés pour l'organisation de luttes originales,different,1
BE,Vlaams Blok,Vlaams Blok / Belang,Agalev/Groen!,Agalev — Groen,different,1
BE,Vlaams Blok,Vlaams Blok / Belang,CVP,Christelijke Volkspartij,different,2
BE,Vlaams Blok,Vlaams Blok / Belang,CD&V,Christen-Democratisch en Vlaams,different,1
BE,Vlaams Blok,Vlaams Blok / Belang,N-VA,Nieuw-Vlaamse Alliantie,different,1
BE,Vlaams Blok,Vlaams Blok / Belang,CDH,Parti Social Chrétien — Centre démocrate humaniste,different,1
BE,Vlaams Blok,Vlaams Blok / Belang,VLD,Partij voor Vrijheid en Vooruitgang — Open Vlaamse Liberalen en Democraten,different,8
BE,Vlaams Blok,Vlaams Blok / Belang,SP.A-Spirit,Socialistische Partij Anders / Sociaal-Liberale Partij / Spirit,different,3
BE,Vlaams Blok,Vlaams Blok / Belang,SP,Socialistische Partij Anders — Vooruit,different,1
BE,Vlaams Blok,Vlaams Blok / Belang,Vlaams Blok,Vlaams Blok / Belang,same,124
BE,NA,dont-know,Agalev/Groen!,Agalev — Groen,unmatchable,1
BE,NA,dont-know,Groen!,Agalev — Groen,unmatchable,1
BE,NA,dont-know,CD&V + N-VA,Christen-Democratisch & Vlaams / Nieuw-Vlaams Alliantie,unmatchable,1
BE,NA,dont-know,CD&V,Christen-Democratisch en Vlaams,unmatchable,2
BE,NA,dont-know,DéFI,Front Démocratique des Francophones / DéFI,unmatchable,1
BE,NA,dont-know,Front National,Front National,unmatchable,1
BE,NA,dont-know,N-VA,Nieuw-Vlaamse Alliantie,unmatchable,1
BE,NA,dont-know,CDH,Parti Social Chrétien — Centre démocrate humaniste,unmatchable,1
BE,NA,dont-know,Open VLD,Partij voor Vrijheid en Vooruitgang — Open Vlaamse Liberalen en Democraten,unmatchable,1
BE,NA,dont-know,SP.A-Spirit,Socialistische Partij Anders / Sociaal-Liberale Partij / Spirit,unmatchable,1
BE,NA,dont-know,SP.A,Socialistische Partij Anders — Vooruit,unmatchable,1
BE,NA,dont-know,Other,other,unmatchable,2
BE,NA,dont-know,Ecolo,Écologistes Confédérés pour l'organisation de luttes originales,unmatchable,3
BE,Other,other,CVP,Christelijke Volkspartij,unmatchable,2
BE,Other,other,CD&V,Christen-Democratisch en Vlaams,unmatchable,4
BE,Other,other,MR,Mouvement Réformateur,unmatchable,7
BE,Other,other,N-VA,Nieuw-Vlaamse Alliantie,unmatchable,2
BE,Other,other,Open VLD + Vivant,Open VLD + Vivant [og],unmatchable,1
BE,Other,other,PRL-FDF,Parti Réformateur Libéral - Front Démocratique des Francophones,unmatchable,2
BE,Other,other,CDH,Parti Social Chrétien — Centre démocrate humaniste,unmatchable,1
BE,Other,other,PSC,Parti Social Chrétien — Centre démocrate humaniste,unmatchable,1
BE,Other,other,PS,Parti Socialiste,unmatchable,3
BE,Other,other,PTB,Partij van de Arbeid van België — Parti du Travail de Belgique,unmatchable,1
BE,Other,other,Open VLD,Partij voor Vrijheid en Vooruitgang — Open Vlaamse Liberalen en Democraten,unmatchable,5
BE,Other,other,VLD,Partij voor Vrijheid en Vooruitgang — Open Vlaamse Liberalen en Democraten,unmatchable,2
BE,Other,other,SP.A,Socialistische Partij Anders — Vooruit,unmatchable,2
BE,Other,other,VU-ID,Volksunie [Vlaamse Concentratie],unmatchable,2
BE,Other,other,Other,other,unmatchable,40
BE,Other,other,Ecolo,Écologistes Confédérés pour l'organisation de luttes originales,unmatchable,2
BE,NA,refused,CVP,Christelijke Volkspartij,unmatchable,1
BE,NA,refused,MR,Mouvement Réformateur,unmatchable,2
BE,NA,refused,PS,Parti Socialiste,unmatchable,1
BE,NA,refused,Open VLD,Partij voor Vrijheid en Vooruitgang — Open Vlaamse Liberalen en Democraten,unmatchable,1
BE,NA,refused,VLD,Partij voor Vrijheid en Vooruitgang — Open Vlaamse Liberalen en Democraten,unmatchable,1
BE,NA,refused,Vlaams Belang,Vlaams Belang,unmatchable,1
BE,NA,refused,Other,other,unmatchable,1
BE,Ecolo,Écologistes Confédérés pour l'organisation de luttes originales,Groen!,Agalev — Groen,different,3
BE,Ecolo,Écologistes Confédérés pour l'organisation de luttes originales,CD&V,Christen-Democratisch en Vlaams,different,1
BE,Ecolo,Écologistes Confédérés pour l'organisation de luttes originales,DéFI,Front Démocratique des Francophones / DéFI,different,3
BE,Ecolo,Écologistes Confédérés pour l'organisation de luttes originales,MR,Mouvement Réformateur,different,35
BE,ECOLO,Écologistes Confédérés pour l'organisation de luttes originales,PRL-FDF,Parti Réformateur Libéral - Front Démocratique des Francophones,different,1
BE,ECOLO,Écologistes Confédérés pour l'organisation de luttes originales,PSC,Parti Social Chrétien — Centre démocrate humaniste,different,2
BE,Ecolo,Écologistes Confédérés pour l'organisation de luttes originales,CDH,Parti Social Chrétien — Centre démocrate humaniste,different,10
BE,Ecolo,Écologistes Confédérés pour l'organisation de luttes originales,cdH (Les Engagés),Parti Social Chrétien — Centre démocrate humaniste,different,2
BE,ECOLO,Écologistes Confédérés pour l'organisation de luttes originales,PS,Parti Socialiste,different,3
BE,Ecolo,Écologistes Confédérés pour l'organisation de luttes originales,PS,Parti Socialiste,different,30
BE,Ecolo,Écologistes Confédérés pour l'organisation de luttes originales,PTB,Partij van de Arbeid van België — Parti du Travail de Belgique,different,3
BE,Ecolo,Écologistes Confédérés pour l'organisation de luttes originales,VLD,Partij voor Vrijheid en Vooruitgang — Open Vlaamse Liberalen en Democraten,different,1
BE,Ecolo,Écologistes Confédérés pour l'organisation de luttes originales,Other,other,unmatchable,7
BE,ECOLO,Écologistes Confédérés pour l'organisation de luttes originales,ECOLO,Écologistes Confédérés pour l'organisation de luttes originales,same,31
BE,Ecolo,Écologistes Confédérés pour l'organisation de luttes originales,Ecolo,Écologistes Confédérés pour l'organisation de luttes originales,same,345
BE,NA,NA,Agalev,Agalev — Groen,unmatchable,2
BE,NA,NA,CVP,Christelijke Volkspartij,unmatchable,4
BE,NA,NA,N-VA,Nieuw-Vlaamse Alliantie,unmatchable,2
BE,NA,NA,PRL-FDF,Parti Réformateur Libéral - Front Démocratique des Francophones,unmatchable,1
BE,NA,NA,PTB-UA,Partij van de Arbeid van België — Parti du Travail de Belgique,unmatchable,2
BE,NA,NA,VLD,Partij voor Vrijheid en Vooruitgang — Open Vlaamse Liberalen en Democraten,unmatchable,4
BG,Grajdansko dvijenie ABV,Alternativa za balgarsko vazrazhdane,Koalitsia za Balgaria (BSP; PBS; Zemedelski saiuz) Al. Stamb,Koalicija za Balgarija — BSP za Bŭlgariya,different,1
BG,Alternativa za bulgarsko vuzrazhdane (ABV),Alternativa za balgarsko vazrazhdane,Koalitsiya ABV – Dvizhenie 21,Koalitsiya ABV – Dvizhenie 21 [og],same,7
BG,Grajdansko dvijenie ABV,Alternativa za balgarsko vazrazhdane,Nezavisim kandidat,independent,unmatchable,1
BG,Bulgarski natsionalen suyuz - Nova demokratsiya,Balgarski Natsionalen Saiuz — ND,Nova republika - DSB - Suyuz za Plovdiv - BDO,Nova republika - DSB - Suyuz za Plovdiv - BDO [og],different,1
BG,BZNS,Balgarski Zemedelski Naroden Sayuz,BNS,Balgarski Naroden Sajuz,different,4
BG,BZNS,Balgarski Zemedelski Naroden Sayuz,Balgarska sotsialisticheska partiya (BSP),Bălgarska Socialističeska Partija,different,1
BG,BZNS,Balgarski Zemedelski Naroden Sayuz,Natzionalno Dvijenie Simeon II (NDSV),Nacionalno dviženie (Simeon Vtori) za stabilnost i văzhod,different,1
BG,Bulgarski Vazhod,Balgarski vazhod,Bulgarski Vazhod,Balgarski vazhod,same,11
BG,BND,Bulgarian New Democracy,Natzionalno Dvijenie Simeon II (NDSV),Nacionalno dviženie (Simeon Vtori) za stabilnost i văzhod,different,2
BG,Balgarska sotsialisticheska partiya (BSP),Bălgarska Socialističeska Partija,Balgarska sotsialisticheska partiya (BSP),Bălgarska Socialističeska Partija,same,1192
BG,Balgarska sotsialisticheska partiya (BSP),Bălgarska Socialističeska Partija,DPS - Dvijenie za prava i svobodi,Dvizhenie za prava i svobodi,different,1
BG,Balgarska sotsialisticheska partiya (BSP),Bălgarska Socialističeska Partija,Dvijenie za Prava i Svobodi,Dvizhenie za prava i svobodi,different,5
BG,Balgarska sotsialisticheska partiya (BSP),Bălgarska Socialističeska Partija,Dvizhenie za prava i svobodi (DPS),Dvizhenie za prava i svobodi,different,4
BG,Balgarska sotsialisticheska partiya (BSP),Bălgarska Socialističeska Partija,Grazhdani za evropeĭsko razvitie na Bulgariya (GERB),Grazhdani za evropeysko razvitie na Balgariya,different,35
BG,Balgarska sotsialisticheska partiya (BSP),Bălgarska Socialističeska Partija,Grazhdani za evropeysko razvitie na Balgariya – Sayuz na demokratichnite sili (GERB - SDS),Grazhdani za evropeysko razvitie na Balgariya – Sayuz na demokratichnite sili (GERB - SDS) [og],different,1
BG,Balgarska sotsialisticheska partiya (BSP),Bălgarska Socialističeska Partija,Novoto Vreme,Hoboto Bpeme,different,1
BG,Balgarska sotsialisticheska partiya (BSP),Bălgarska Socialističeska Partija,Ima takav narod,Ima takav narod,different,3
BG,Balgarska sotsialisticheska partiya (BSP),Bălgarska Socialističeska Partija,Koalitsia za Balgaria (BSP; PBS; Zemedelski saiuz) Al. Stamb,Koalicija za Balgarija — BSP za Bŭlgariya,same,259
BG,Balgarska sotsialisticheska partiya (BSP),Bălgarska Socialističeska Partija,Koalitziia za Balgariia,Koalicija za Balgarija — BSP za Bŭlgariya,same,319
BG,Balgarska sotsialisticheska partiya (BSP),Bălgarska Socialističeska Partija,Coalition of the rose,Koalitsiya na Rozata,different,1
BG,Balgarska sotsialisticheska partiya (BSP),Bălgarska Socialističeska Partija,Levitsata!,Levitsata! [og],different,1
BG,Balgarska sotsialisticheska partiya (BSP),Bălgarska Socialističeska Partija,Natzionalno Dvijenie Simeon II (NDSV),Nacionalno dviženie (Simeon Vtori) za stabilnost i văzhod,different,5
BG,Balgarska sotsialisticheska partiya (BSP),Bălgarska Socialističeska Partija,PP Ataka,Natsionalen Sǎyuz Ataka,different,3
BG,Balgarska sotsialisticheska partiya (BSP),Bălgarska Socialističeska Partija,Koalitziia ODS,Obedineni Demokratichni Sili,different,1
BG,Balgarska sotsialisticheska partiya (BSP),Bălgarska Socialističeska Partija,"PP Red, zakonnost i spravedlivost (RZS)","Red, zakonnost i spravedlivost",different,1
BG,Balgarska sotsialisticheska partiya (BSP),Bălgarska Socialističeska Partija,SDS,Sayuz na Demokratichni Sili,different,2
BG,Balgarska sotsialisticheska partiya (BSP),Bălgarska Socialističeska Partija,Siniata koalitsia (SDS; DSB),Sinyata koalitsia,different,1
BG,Balgarska sotsialisticheska partiya (BSP),Bălgarska Socialističeska Partija,"Kandidati, izdignati ot Initsiativni komiteti",independent,unmatchable,1
BG,Balgarska sotsialisticheska partiya (BSP),Bălgarska Socialističeska Partija,Druga politicheska sila,other,unmatchable,1
BG,Demokrati za otgovornost svoboda i tolerantnost (DOST),"Demokrati za Otgovornost, Svoboda i Tolerantnost",Obedinenie DOST,"Demokrati za Otgovornost, Svoboda i Tolerantnost",same,2
BG,DSB,Demokrati za Silna Balgarija,Koalitziia BNS,Balgarski Naroden Sajuz,different,1
BG,DSB,Demokrati za Silna Balgarija,Balgarska sotsialisticheska partiya (BSP),Bălgarska Socialističeska Partija,different,1
BG,Demokrati za silna Bulgaria (DSB),Demokrati za Silna Balgarija,Balgarska sotsialisticheska partiya (BSP),Bălgarska Socialističeska Partija,different,1
BG,DSB,Demokrati za Silna Balgarija,DSB,Demokrati za Silna Balgarija,same,15
BG,DSB,Demokrati za Silna Balgarija,Demokrati za Silna Balgariia,Demokrati za Silna Balgarija,same,32
BG,DSB,Demokrati za Silna Balgarija,DPS - Dvijenie za prava i svobodi,Dvizhenie za prava i svobodi,different,1
BG,DSB,Demokrati za Silna Balgarija,Grazhdani za evropeĭsko razvitie na Bulgariya (GERB),Grazhdani za evropeysko razvitie na Balgariya,different,2
BG,Demokrati za silna Bulgaria (DSB),Demokrati za Silna Balgarija,Grazhdani za evropeĭsko razvitie na Bulgariya (GERB),Grazhdani za evropeysko razvitie na Balgariya,different,2
BG,Demokrati za silna Bulgaria (DSB),Demokrati za Silna Balgarija,KP Sayuz na desnite sili,KP Sayuz na desnite sili [og],different,10
BG,DSB,Demokrati za Silna Balgarija,Koalitziia za Balgariia,Koalicija za Balgarija — BSP za Bŭlgariya,different,1
BG,DSB,Demokrati za Silna Balgarija,Natzionalno Dvijenie Simeon II (NDSV),Nacionalno dviženie (Simeon Vtori) za stabilnost i văzhod,different,1
BG,DSB,Demokrati za Silna Balgarija,Koalitziia Ataka,Natsionalen Sǎyuz Ataka,different,2
BG,DSB,Demokrati za Silna Balgarija,Koalitziia ODS,Obedineni Demokratichni Sili,different,4
BG,DSB,Demokrati za Silna Balgarija,SDS,Sayuz na Demokratichni Sili,different,1
BG,DSB,Demokrati za Silna Balgarija,Siniata koalitsia (SDS; DSB),Sinyata koalitsia,same,22
BG,Demokratichna Balgariya,Demokratichna Bulgaria,Demokratichna Balgariya,Demokratichna Bulgaria,same,97
BG,Demokratichna Balgariya,Demokratichna Bulgaria,Izpravi se! Mutri van!,Izpravi se!,different,1
BG,Partia „Dvizhenie Bulgaria na grazhdanite” (M.Kuneva),"Dvizhenie ""Bulgariya na grazhdanite""",Balgarska sotsialisticheska partiya (BSP),Bălgarska Socialističeska Partija,different,3
BG,Partia „Dvizhenie Bulgaria na grazhdanite” (M.Kuneva),"Dvizhenie ""Bulgariya na grazhdanite""","Kandidati, izdignati ot Initsiativni komiteti",independent,unmatchable,4
BG,Gergiovden,Dvizhenie Gergyovden,BNS,Balgarski Naroden Sajuz,different,1
BG,Dvijenie 'Gergiovden',Dvizhenie Gergyovden,Koalitziia Ataka,Natsionalen Sǎyuz Ataka,different,1
BG,Dvizhenie za prava i svobodi (DPS),Dvizhenie za prava i svobodi,Balgarska sotsialisticheska partiya (BSP),Bălgarska Socialističeska Partija,different,61
BG,Dvizhenie za prava i svobodi (DPS),Dvizhenie za prava i svobodi,DSB,Demokrati za Silna Balgarija,different,1
BG,Dvizhenie za prava i svobodi (DPS),Dvizhenie za prava i svobodi,DPS - Dvijenie za prava i svobodi,Dvizhenie za prava i svobodi,same,106
BG,Dvizhenie za prava i svobodi (DPS),Dvizhenie za prava i svobodi,Dvijenie za Prava i Svobodi,Dvizhenie za prava i svobodi,same,136
BG,Dvizhenie za prava i svobodi (DPS),Dvizhenie za prava i svobodi,Dvizhenie za prava i svobodi (DPS),Dvizhenie za prava i svobodi,same,336
BG,Dvizhenie za prava i svobodi (DPS),Dvizhenie za prava i svobodi,Grazhdani za evropeĭsko razvitie na Bulgariya (GERB),Grazhdani za evropeysko razvitie na Balgariya,different,15
BG,Dvizhenie za prava i svobodi (DPS),Dvizhenie za prava i svobodi,KP Sayuz na desnite sili,KP Sayuz na desnite sili [og],different,1
BG,Dvizhenie za prava i svobodi (DPS),Dvizhenie za prava i svobodi,Koalitsia za Balgaria (BSP; PBS; Zemedelski saiuz) Al. Stamb,Koalicija za Balgarija — BSP za Bŭlgariya,different,1
BG,Dvizhenie za prava i svobodi (DPS),Dvizhenie za prava i svobodi,Koalitziia za Balgariia,Koalicija za Balgarija — BSP za Bŭlgariya,different,2
BG,Dvizhenie za prava i svobodi (DPS),Dvizhenie za prava i svobodi,Natzionalno Dvijenie Simeon II (NDSV),Nacionalno dviženie (Simeon Vtori) za stabilnost i văzhod,different,2
BG,Dvizhenie za prava i svobodi (DPS),Dvizhenie za prava i svobodi,PP Ataka,Natsionalen Sǎyuz Ataka,different,1
BG,Dvizhenie za prava i svobodi (DPS),Dvizhenie za prava i svobodi,Koalitziia ODS,Obedineni Demokratichni Sili,different,1
BG,Dvizhenie za prava i svobodi (DPS),Dvizhenie za prava i svobodi,Volya,Volya,different,1
BG,Dvizhenie za prava i svobodi (DPS),Dvizhenie za prava i svobodi,"Kandidati, izdignati ot Initsiativni komiteti",independent,unmatchable,1
BG,Evroroma,Evroroma,Evroroma,Evroroma,same,2
BG,Grazhdani za evropeĭsko razvitie na Bulgariya (GERB),Grazhdani za evropeysko razvitie na Balgariya,BNS,Balgarski Naroden Sajuz,different,1
BG,Grazhdani za evropeĭsko razvitie na Bulgariya (GERB),Grazhdani za evropeysko razvitie na Balgariya,Koalitziia BNS,Balgarski Naroden Sajuz,different,8
BG,Grazhdani za evropeĭsko razvitie na Bulgariya (GERB),Grazhdani za evropeysko razvitie na Balgariya,Balgarska sotsialisticheska partiya (BSP),Bălgarska Socialističeska Partija,different,13
BG,Grazhdani za evropeĭsko razvitie na Bulgariya (GERB),Grazhdani za evropeysko razvitie na Balgariya,Demokrati za Silna Balgariia,Demokrati za Silna Balgarija,different,8
BG,Grazhdani za evropeĭsko razvitie na Bulgariya (GERB),Grazhdani za evropeysko razvitie na Balgariya,DPS - Dvijenie za prava i svobodi,Dvizhenie za prava i svobodi,different,1
BG,Grazhdani za evropeĭsko razvitie na Bulgariya (GERB),Grazhdani za evropeysko razvitie na Balgariya,Dvijenie za Prava i Svobodi,Dvizhenie za prava i svobodi,different,1
BG,Grazhdani za evropeĭsko razvitie na Bulgariya (GERB),Grazhdani za evropeysko razvitie na Balgariya,Dvizhenie za prava i svobodi (DPS),Dvizhenie za prava i svobodi,different,2
BG,Grazhdani za evropeĭsko razvitie na Bulgariya (GERB),Grazhdani za evropeysko razvitie na Balgariya,Grazhdani za evropeĭsko razvitie na Bulgariya (GERB),Grazhdani za evropeysko razvitie na Balgariya,same,1424
BG,Grazhdani za evropeĭsko razvitie na Bulgariya (GERB),Grazhdani za evropeysko razvitie na Balgariya,Novo Vreme,Hoboto Bpeme,different,2
BG,Grazhdani za evropeĭsko razvitie na Bulgariya (GERB),Grazhdani za evropeysko razvitie na Balgariya,Novoto Vreme,Hoboto Bpeme,different,1
BG,Grazhdani za evropeĭsko razvitie na Bulgariya (GERB),Grazhdani za evropeysko razvitie na Balgariya,Ima takav narod,Ima takav narod,different,1
BG,Grazhdani za evropeĭsko razvitie na Bulgariya (GERB),Grazhdani za evropeysko razvitie na Balgariya,KP Sayuz na desnite sili,KP Sayuz na desnite sili [og],different,1
BG,Grazhdani za evropeĭsko razvitie na Bulgariya (GERB),Grazhdani za evropeysko razvitie na Balgariya,Koalitsia za Balgaria (BSP; PBS; Zemedelski saiuz) Al. Stamb,Koalicija za Balgarija — BSP za Bŭlgariya,different,3
BG,Grazhdani za evropeĭsko razvitie na Bulgariya (GERB),Grazhdani za evropeysko razvitie na Balgariya,Koalitziia za Balgariia,Koalicija za Balgarija — BSP za Bŭlgariya,different,31
BG,Grazhdani za evropeĭsko razvitie na Bulgariya (GERB),Grazhdani za evropeysko razvitie na Balgariya,PP Lider,Lider,different,1
BG,Grazhdani za evropeĭsko razvitie na Bulgariya (GERB),Grazhdani za evropeysko razvitie na Balgariya,Natzionalno Dvijenie Simeon II (NDSV),Nacionalno dviženie (Simeon Vtori) za stabilnost i văzhod,different,49
BG,Grazhdani za evropeĭsko razvitie na Bulgariya (GERB),Grazhdani za evropeysko razvitie na Balgariya,Koalitziia Ataka,Natsionalen Sǎyuz Ataka,different,16
BG,Grazhdani za evropeĭsko razvitie na Bulgariya (GERB),Grazhdani za evropeysko razvitie na Balgariya,Koalitziia ODS,Obedineni Demokratichni Sili,different,42
BG,Grazhdani za evropeĭsko razvitie na Bulgariya (GERB),Grazhdani za evropeysko razvitie na Balgariya,"PP Red, zakonnost i spravedlivost (RZS)","Red, zakonnost i spravedlivost",different,1
BG,Grazhdani za evropeĭsko razvitie na Bulgariya (GERB),Grazhdani za evropeysko razvitie na Balgariya,SDS,Sayuz na Demokratichni Sili,different,2
BG,Grazhdani za evropeĭsko razvitie na Bulgariya (GERB),Grazhdani za evropeysko razvitie na Balgariya,Siniata koalitsia (SDS; DSB),Sinyata koalitsia,different,4
BG,Grazhdani za evropeĭsko razvitie na Bulgariya (GERB),Grazhdani za evropeysko razvitie na Balgariya,"Kandidati, izdignati ot Initsiativni komiteti",independent,unmatchable,1
BG,Grazhdani za evropeĭsko razvitie na Bulgariya (GERB),Grazhdani za evropeysko razvitie na Balgariya,Other,other,unmatchable,6
BG,Grazhdani za evropeysko razvitie na Balgariya – Sayuz na demokratichnite sili (GERB - SDS),Grazhdani za evropeysko razvitie na Balgariya – Sayuz na demokratichnite sili (GERB - SDS) [og],Dvizhenie za prava i svobodi (DPS),Dvizhenie za prava i svobodi,different,1
BG,Grazhdani za evropeysko razvitie na Balgariya – Sayuz na demokratichnite sili (GERB - SDS),Grazhdani za evropeysko razvitie na Balgariya – Sayuz na demokratichnite sili (GERB - SDS) [og],Grazhdani za evropeysko razvitie na Balgariya – Sayuz na demokratichnite sili (GERB - SDS),Grazhdani za evropeysko razvitie na Balgariya – Sayuz na demokratichnite sili (GERB - SDS) [og],same,235
BG,Grazhdani za evropeysko razvitie na Balgariya – Sayuz na demokratichnite sili (GERB - SDS),Grazhdani za evropeysko razvitie na Balgariya – Sayuz na demokratichnite sili (GERB - SDS) [og],Prodalzhavame Promyanata – Demokratichna Balgariya (PP-DB),Prodalzhavame Promyanata – Demokratichna Balgariya (PP-DB) [og],different,2
BG,Grazhdansko obedinenie za realna demokratsia (S.Binev),Grazhdansko obedinenie za realna demokratsia (S.Binev) [og],PP Natsionalen front za dpasenie na Bulgaria,Natzionalen Front za Spasenie na Bulgaria,different,1
BG,Novo vreme,Hoboto Bpeme,Novo Vreme,Hoboto Bpeme,same,1
BG,Novoto Vreme,Hoboto Bpeme,Novoto Vreme,Hoboto Bpeme,same,4
BG,Ima takav narod,Ima takav narod,Demokratichna Balgariya,Demokratichna Bulgaria,different,1
BG,Ima takav narod,Ima takav narod,Dvizhenie za prava i svobodi (DPS),Dvizhenie za prava i svobodi,different,1
BG,Ima takav narod,Ima takav narod,Grazhdani za evropeĭsko razvitie na Bulgariya (GERB),Grazhdani za evropeysko razvitie na Balgariya,different,3
BG,Ima takav narod,Ima takav narod,Ima takav narod,Ima takav narod,same,253
BG,Ima takav narod,Ima takav narod,Vazrazhdane,Vazrazhdane,different,1
BG,Izpravi se! Mutri van!,Izpravi se!,Izpravi se! Mutri van!,Izpravi se!,same,44
BG,Izpravi se! Mutri van!,Izpravi se!,Other,other,unmatchable,1
BG,Bulgarska komunisticheska partiya (BKP),Komunisticeska Partija na Balgarija,Balgarska sotsialisticheska partiya (BSP),Bălgarska Socialističeska Partija,different,15
BG,Levitsata!,Levitsata! [og],Levitsata!,Levitsata! [og],same,2
BG,NFSB-Volya,NFSB-Volya [og],NFSB-Volya,NFSB-Volya [og],same,9
BG,Natzionalno Dvijenie Simeon II (NDSV),Nacionalno dviženie (Simeon Vtori) za stabilnost i văzhod,Balgarska sotsialisticheska partiya (BSP),Bălgarska Socialističeska Partija,different,2
BG,Natzionalno Dvijenie Simeon II (NDSV),Nacionalno dviženie (Simeon Vtori) za stabilnost i văzhod,DSB,Demokrati za Silna Balgarija,different,1
BG,Natzionalno Dvijenie Simeon II (NDSV),Nacionalno dviženie (Simeon Vtori) za stabilnost i văzhod,Dvijenie za Prava i Svobodi,Dvizhenie za prava i svobodi,different,1
BG,Natzionalno Dvijenie Simeon II (NDSV),Nacionalno dviženie (Simeon Vtori) za stabilnost i văzhod,Grazhdani za evropeĭsko razvitie na Bulgariya (GERB),Grazhdani za evropeysko razvitie na Balgariya,different,1
BG,Natsionalno dvizhenie za stabilnost i vazhod (NDSV),Nacionalno dviženie (Simeon Vtori) za stabilnost i văzhod,Natsionalno dvizhenie za stabilnost i vazhod (NDSV),Nacionalno dviženie (Simeon Vtori) za stabilnost i văzhod,same,1
BG,Natzionalno Dvijenie Simeon II (NDSV),Nacionalno dviženie (Simeon Vtori) za stabilnost i văzhod,Natzionalno Dvijenie Simeon II (NDSV),Nacionalno dviženie (Simeon Vtori) za stabilnost i văzhod,same,42
BG,Narodna partia „Svoboda i dostoynstvo“,Narodna partia „Svoboda i dostoynstvo“ [og],PP Partia za horata ot naroda,PP Partia za horata ot naroda [og],different,1
BG,PP Ataka,Natsionalen Sǎyuz Ataka,BNS,Balgarski Naroden Sajuz,different,1
BG,PP Ataka,Natsionalen Sǎyuz Ataka,Koalitziia BNS,Balgarski Naroden Sajuz,different,3
BG,PP Ataka,Natsionalen Sǎyuz Ataka,Balgarska sotsialisticheska partiya (BSP),Bălgarska Socialističeska Partija,different,6
BG,PP Ataka,Natsionalen Sǎyuz Ataka,Dvijenie za Prava i Svobodi,Dvizhenie za prava i svobodi,different,1
BG,PP Ataka,Natsionalen Sǎyuz Ataka,Grazhdani za evropeĭsko razvitie na Bulgariya (GERB),Grazhdani za evropeysko razvitie na Balgariya,different,7
BG,PP Ataka,Natsionalen Sǎyuz Ataka,KP Sayuz na desnite sili,KP Sayuz na desnite sili [og],different,1
BG,PP Ataka,Natsionalen Sǎyuz Ataka,Koalitsia za Balgaria (BSP; PBS; Zemedelski saiuz) Al. Stamb,Koalicija za Balgarija — BSP za Bŭlgariya,different,1
BG,PP Ataka,Natsionalen Sǎyuz Ataka,Koalitziia za Balgariia,Koalicija za Balgarija — BSP za Bŭlgariya,different,5
BG,PP Ataka,Natsionalen Sǎyuz Ataka,Koalitziia na Rozata,Koalitsiya na Rozata,different,1
BG,PP Ataka,Natsionalen Sǎyuz Ataka,Natzionalno Dvijenie Simeon II (NDSV),Nacionalno dviženie (Simeon Vtori) za stabilnost i văzhod,different,7
BG,PP Ataka,Natsionalen Sǎyuz Ataka,Koalitziia Ataka,Natsionalen Sǎyuz Ataka,same,120
BG,PP Ataka,Natsionalen Sǎyuz Ataka,PP Ataka,Natsionalen Sǎyuz Ataka,same,58
BG,PP Ataka,Natsionalen Sǎyuz Ataka,Koalitziia ODS,Obedineni Demokratichni Sili,different,2
BG,PP Ataka,Natsionalen Sǎyuz Ataka,"Obedineni patrioti - NFSB, Ataka i VMRO",Obedineni Patrioti,same,11
BG,PP Ataka,Natsionalen Sǎyuz Ataka,SDS,Sayuz na Demokratichni Sili,different,2
BG,Natsionalen front za spasenie na Balgariya (NFSB),Natzionalen Front za Spasenie na Bulgaria,Nova republika - DSB - Suyuz za Plovdiv - BDO,Nova republika - DSB - Suyuz za Plovdiv - BDO [og],different,1
BG,Natsionalen front za spasenie na Balgariya (NFSB),Natzionalen Front za Spasenie na Bulgaria,"Obedineni patrioti - NFSB, Ataka i VMRO",Obedineni Patrioti,same,9
BG,Partia Roma,Partia Roma [og],Koalitsia za Balgaria (BSP; PBS; Zemedelski saiuz) Al. Stamb,Koalicija za Balgarija — BSP za Bŭlgariya,different,3
BG,Partia „Balgarski sotsialdemokrati”,Partiya balgarski sotsialdemokrati,KP Sayuz na desnite sili,KP Sayuz na desnite sili [og],different,1
BG,Prodalzhavame Promyanata – Demokratichna Balgariya (PP-DB),Prodalzhavame Promyanata – Demokratichna Balgariya (PP-DB) [og],Prodalzhavame Promyanata – Demokratichna Balgariya (PP-DB),Prodalzhavame Promyanata – Demokratichna Balgariya (PP-DB) [og],same,123
BG,RZS,"Red, zakonnost i spravedlivost",Demokrati za Silna Balgariia,Demokrati za Silna Balgarija,different,1
BG,RZS,"Red, zakonnost i spravedlivost",Dvijenie za Prava i Svobodi,Dvizhenie za prava i svobodi,different,1
BG,"PP Red, zakonnost i spravedlivost (RZS)","Red, zakonnost i spravedlivost",Grazhdani za evropeĭsko razvitie na Bulgariya (GERB),Grazhdani za evropeysko razvitie na Balgariya,different,1
BG,RZS,"Red, zakonnost i spravedlivost",Novo Vreme,Hoboto Bpeme,different,1
BG,RZS,"Red, zakonnost i spravedlivost",Koalitziia za Balgariia,Koalicija za Balgarija — BSP za Bŭlgariya,different,1
BG,RZS,"Red, zakonnost i spravedlivost",Natzionalno Dvijenie Simeon II (NDSV),Nacionalno dviženie (Simeon Vtori) za stabilnost i văzhod,different,1
BG,"PP Red, zakonnost i spravedlivost (RZS)","Red, zakonnost i spravedlivost",PP Ataka,Natsionalen Sǎyuz Ataka,different,1
BG,RZS,"Red, zakonnost i spravedlivost",Koalitziia Ataka,Natsionalen Sǎyuz Ataka,different,1
BG,"PP Red, zakonnost i spravedlivost (RZS)","Red, zakonnost i spravedlivost","PP Red, zakonnost i spravedlivost (RZS)","Red, zakonnost i spravedlivost",same,1
BG,RZS,"Red, zakonnost i spravedlivost",Other,other,unmatchable,1
BG,Republikantsi za Balgariya,Republikantsi za Balgariya,Republikantsi za Balgariya,Republikantsi za Balgariya,same,2
BG,SSD,Sajuz na svobodnite demokrati,Koalitziia BNS,Balgarski Naroden Sajuz,different,1
BG,Sayuz na svobodnite demokrati (SSD),Sajuz na svobodnite demokrati,Grazhdani za evropeĭsko razvitie na Bulgariya (GERB),Grazhdani za evropeysko razvitie na Balgariya,different,1
BG,Sayuz na svobodnite demokrati (SSD),Sajuz na svobodnite demokrati,KP Sayuz na desnite sili,KP Sayuz na desnite sili [og],different,3
BG,SDS,Sayuz na Demokratichni Sili,Koalitziia BNS,Balgarski Naroden Sajuz,different,3
BG,SDS,Sayuz na Demokratichni Sili,Balgarska sotsialisticheska partiya (BSP),Bălgarska Socialističeska Partija,different,3
BG,SDS,Sayuz na Demokratichni Sili,DSB,Demokrati za Silna Balgarija,different,1
BG,SDS,Sayuz na Demokratichni Sili,Demokrati za Silna Balgariia,Demokrati za Silna Balgarija,different,1
BG,Sayuz na demokratichnite sili (SDS),Sayuz na Demokratichni Sili,Grazhdani za evropeĭsko razvitie na Bulgariya (GERB),Grazhdani za evropeysko razvitie na Balgariya,different,4
BG,Sayuz na demokratichnite sili (SDS),Sayuz na Demokratichni Sili,KP Sayuz na desnite sili,KP Sayuz na desnite sili [og],different,6
BG,SDS,Sayuz na Demokratichni Sili,Natzionalno Dvijenie Simeon II (NDSV),Nacionalno dviženie (Simeon Vtori) za stabilnost i văzhod,different,2
BG,SDS,Sayuz na Demokratichni Sili,Koalitziia ODS,Obedineni Demokratichni Sili,same,74
BG,SDS,Sayuz na Demokratichni Sili,SDS,Sayuz na Demokratichni Sili,same,29
BG,SDS,Sayuz na Demokratichni Sili,Siniata koalitsia (SDS; DSB),Sinyata koalitsia,same,26
BG,Sayuz na demokratichnite sili (SDS),Sayuz na Demokratichni Sili,"Kandidati, izdignati ot Initsiativni komiteti",independent,unmatchable,2
BG,VMRO-BND,VMRO — Bulgarsko Natsionalno Dvizhenie,Koalitziia BNS,Balgarski Naroden Sajuz,same,6
BG,VMRO,VMRO — Bulgarsko Natsionalno Dvizhenie,Grazhdani za evropeĭsko razvitie na Bulgariya (GERB),Grazhdani za evropeysko razvitie na Balgariya,different,1
BG,VMRO - BND,VMRO — Bulgarsko Natsionalno Dvizhenie,Grazhdani za evropeĭsko razvitie na Bulgariya (GERB),Grazhdani za evropeysko razvitie na Balgariya,different,2
BG,VMRO-BND,VMRO — Bulgarsko Natsionalno Dvizhenie,Koalitziia za Balgariia,Koalicija za Balgarija — BSP za Bŭlgariya,different,1
BG,PP VMRO – Balgarsko natsionalno dvizhenie,VMRO — Bulgarsko Natsionalno Dvizhenie,NFSB-Volya,NFSB-Volya [og],different,1
BG,VMRO-BND,VMRO — Bulgarsko Natsionalno Dvizhenie,Natzionalno Dvijenie Simeon II (NDSV),Nacionalno dviženie (Simeon Vtori) za stabilnost i văzhod,different,1
BG,VMRO,VMRO — Bulgarsko Natsionalno Dvizhenie,"Obedineni patrioti - NFSB, Ataka i VMRO",Obedineni Patrioti,same,4
BG,VMRO,VMRO — Bulgarsko Natsionalno Dvizhenie,Reformatorski blok - Glas Naroden,Reformatorski Blok,different,1
BG,PP VMRO – Balgarsko natsionalno dvizhenie,VMRO — Bulgarsko Natsionalno Dvizhenie,PP VMRO – Balgarsko natsionalno dvizhenie,VMRO — Bulgarsko Natsionalno Dvizhenie,same,32
BG,VMRO - BND,VMRO — Bulgarsko Natsionalno Dvizhenie,PP VMRO – Balgarsko natsionalno dvizhenie,VMRO — Bulgarsko Natsionalno Dvizhenie,same,3
BG,VMRO,VMRO — Bulgarsko Natsionalno Dvizhenie,Druga politicheska sila,other,unmatchable,2
BG,Vazrazhdane,Vazrazhdane,Balgarska sotsialisticheska partiya (BSP),Bălgarska Socialističeska Partija,different,3
BG,Vazrazhdane,Vazrazhdane,Prodalzhavame Promyanata – Demokratichna Balgariya (PP-DB),Prodalzhavame Promyanata – Demokratichna Balgariya (PP-DB) [og],different,1
BG,Vazrazhdane,Vazrazhdane,Vazrazhdane,Vazrazhdane,same,89
BG,Vazrazhdane,Vazrazhdane,Other,other,unmatchable,1
BG,PP „Zelena partia” (Aleksandar Karakachanov),Zelena Partija,Grazhdani za evropeĭsko razvitie na Bulgariya (GERB),Grazhdani za evropeysko razvitie na Balgariya,different,1
BG,BZNS-NS,Zemedelski Naroden Sǔyuz,Koalitziia BNS,Balgarski Naroden Sajuz,same,7
BG,BZNS-NS,Zemedelski Naroden Sǔyuz,Koalitziia za Balgariia,Koalicija za Balgarija — BSP za Bŭlgariya,different,1
BG,BZNS-NS,Zemedelski Naroden Sǔyuz,Koalitziia ODS,Obedineni Demokratichni Sili,different,2
BG,NA,dont-know,Balgarska sotsialisticheska partiya (BSP),Bălgarska Socialističeska Partija,unmatchable,1
BG,NA,dont-know,Grazhdani za evropeĭsko razvitie na Bulgariya (GERB),Grazhdani za evropeysko razvitie na Balgariya,unmatchable,1
BG,NA,dont-know,Koalitziia Ataka,Natsionalen Sǎyuz Ataka,unmatchable,2
BG,Other,other,Koalitziia BNS,Balgarski Naroden Sajuz,unmatchable,1
BG,Other,other,PP BZNS,Balgarski Zemedelski Naroden Sayuz,unmatchable,3
BG,Other,other,Balgarska sotsialisticheska partiya (BSP),Bălgarska Socialističeska Partija,unmatchable,4
BG,Other,other,Demokrati za Silna Balgariia,Demokrati za Silna Balgarija,unmatchable,1
BG,Other,other,Demokratichna Balgariya,Demokratichna Bulgaria,unmatchable,2
BG,Druga partia/koalitsia,other,Grazhdani za evropeĭsko razvitie na Bulgariya (GERB),Grazhdani za evropeysko razvitie na Balgariya,unmatchable,1
BG,Other,other,Grazhdani za evropeĭsko razvitie na Bulgariya (GERB),Grazhdani za evropeysko razvitie na Balgariya,unmatchable,12
BG,Other,other,Ima takav narod,Ima takav narod,unmatchable,1
BG,Druga partia/koalitsia,other,Koalitsia za Balgaria (BSP; PBS; Zemedelski saiuz) Al. Stamb,Koalicija za Balgarija — BSP za Bŭlgariya,unmatchable,1
BG,Other,other,Koalitziia za Balgariia,Koalicija za Balgarija — BSP za Bŭlgariya,unmatchable,2
BG,Other,other,Levitsata!,Levitsata! [og],unmatchable,2
BG,Druga partia/koalitsia,other,PP Lider,Lider,unmatchable,1
BG,Other,other,Koalitziia Ataka,Natsionalen Sǎyuz Ataka,unmatchable,2
BG,Other,other,PP Ataka,Natsionalen Sǎyuz Ataka,unmatchable,1
BG,Other,other,PP Natsionalen front za dpasenie na Bulgaria,Natzionalen Front za Spasenie na Bulgaria,unmatchable,9
BG,Other,other,"Obedineni patrioti - NFSB, Ataka i VMRO",Obedineni Patrioti,unmatchable,1
BG,Other,other,Prodalzhavame Promyanata – Demokratichna Balgariya (PP-DB),Prodalzhavame Promyanata – Demokratichna Balgariya (PP-DB) [og],unmatchable,1
BG,Druga partia/koalitsia,other,"PP Red, zakonnost i spravedlivost (RZS)","Red, zakonnost i spravedlivost",unmatchable,5
BG,Other,other,Reformatorski blok - Glas Naroden,Reformatorski Blok,unmatchable,1
BG,Other,other,PP VMRO – Balgarsko natsionalno dvizhenie,VMRO — Bulgarsko Natsionalno Dvizhenie,unmatchable,1
BG,Other,other,Vuzrazhdane,Vazrazhdane,unmatchable,1
BG,Other,other,Volya,Volya,unmatchable,3
BG,Druga partia/koalitsia,other,PP Zelenite,Zelena Partija,unmatchable,1
BG,Druga partia/koalitsia,other,Druga politicheska sila,other,unmatchable,1
BG,Other,other,Other,other,unmatchable,17
BG,NA,refused,Balgarska sotsialisticheska partiya (BSP),Bălgarska Socialističeska Partija,unmatchable,12
BG,NA,refused,Dvijenie za Prava i Svobodi,Dvizhenie za prava i svobodi,unmatchable,1
BG,NA,refused,Dvizhenie za prava i svobodi (DPS),Dvizhenie za prava i svobodi,unmatchable,2
BG,NA,refused,Grazhdani za evropeĭsko razvitie na Bulgariya (GERB),Grazhdani za evropeysko razvitie na Balgariya,unmatchable,20
BG,NA,refused,Ima takav narod,Ima takav narod,unmatchable,2
BG,NA,refused,Koalitziia za Balgariia,Koalicija za Balgarija — BSP za Bŭlgariya,unmatchable,4
BG,NA,refused,Natzionalno Dvijenie Simeon II (NDSV),Nacionalno dviženie (Simeon Vtori) za stabilnost i văzhod,unmatchable,2
BG,NA,refused,Koalitziia Ataka,Natsionalen Sǎyuz Ataka,unmatchable,1
BG,NA,refused,PP Natsionalen front za dpasenie na Bulgaria,Natzionalen Front za Spasenie na Bulgaria,unmatchable,1
BG,NA,refused,Nova republika - DSB - Suyuz za Plovdiv - BDO,Nova republika - DSB - Suyuz za Plovdiv - BDO [og],unmatchable,1
BG,NA,refused,Koalitziia ODS,Obedineni Demokratichni Sili,unmatchable,2
BG,NA,refused,"Obedineni patrioti - NFSB, Ataka i VMRO",Obedineni Patrioti,unmatchable,1
BG,NA,refused,Prodalzhavame Promyanata – Demokratichna Balgariya (PP-DB),Prodalzhavame Promyanata – Demokratichna Balgariya (PP-DB) [og],unmatchable,1
BG,NA,refused,Reformatorski blok - Glas Naroden,Reformatorski Blok,unmatchable,1
BG,NA,refused,Republikantsi za Balgariya,Republikantsi za Balgariya,unmatchable,1
BG,NA,refused,SDS,Sayuz na Demokratichni Sili,unmatchable,1
BG,NA,refused,Volya,Volya,unmatchable,1
BG,NA,refused,I do not support anyone,blank-invalid,unmatchable,1
BG,NA,refused,Other,other,unmatchable,4
BG,NA,NA,Balgarska sotsialisticheska partiya (BSP),Bălgarska Socialističeska Partija,unmatchable,1
CZ,ANO 2011,Akce nespokojených občanů,ANO 2011,Akce nespokojených občanů,same,733
CZ,ANO 2011,Akce nespokojených občanů,Česká pirátská strana,Ceska piratska strana,different,1
CZ,ANO 2011,Akce nespokojených občanů,KSČM,Komunistická strana Cech a Moravy,different,9
CZ,ANO 2011,Akce nespokojených občanů,KDU-ČSL,Křesťanská a demokratická unie / Československá strana lidová,different,7
CZ,ANO 2011,Akce nespokojených občanů,ODS,Občanská demokratická strana,different,8
CZ,ANO 2011,Akce nespokojených občanů,Starostové a nezávislí,Starostové a nezávislí,different,1
CZ,ANO 2011,Akce nespokojených občanů,Svoboda a přímá demokracie,Svoboda a přímá demokracie,different,2
CZ,ANO 2011,Akce nespokojených občanů,TOP 09,Tradice Odpovědnost Prosperita 09,different,3
CZ,ANO 2011,Akce nespokojených občanů,Other,other,unmatchable,2
CZ,ANO 2011,Akce nespokojených občanů,ČSSD,Česká strana sociálně demokratická,different,20
CZ,Česká pirátská strana,Ceska piratska strana,ANO 2011,Akce nespokojených občanů,different,3
CZ,Česká pirátská strana,Ceska piratska strana,Česká pirátská strana,Ceska piratska strana,same,137
CZ,Česká pirátská strana,Ceska piratska strana,ODS,Občanská demokratická strana,different,4
CZ,Česká pirátská strana,Ceska piratska strana,Svoboda a přímá demokracie,Svoboda a přímá demokracie,different,1
CZ,Česká pirátská strana,Ceska piratska strana,TOP 09,Tradice Odpovědnost Prosperita 09,different,4
CZ,Česká pirátská strana,Ceska piratska strana,Other,other,unmatchable,2
CZ,Česká pirátská strana,Ceska piratska strana,ČSSD,Česká strana sociálně demokratická,different,2
CZ,SŽJ P.for Life Securities,Důchodci za životní jistoty,SŽJ P.for Life Securities,Důchodci za životní jistoty,same,2
CZ,KSČM,Komunistická strana Cech a Moravy,ANO 2011,Akce nespokojených občanů,different,9
CZ,KSČM,Komunistická strana Cech a Moravy,KSČM,Komunistická strana Cech a Moravy,same,799
CZ,KSČM,Komunistická strana Cech a Moravy,KDU-ČSL,Křesťanská a demokratická unie / Československá strana lidová,different,2
CZ,KSČM,Komunistická strana Cech a Moravy,ODS,Občanská demokratická strana,different,2
CZ,KSČM,Komunistická strana Cech a Moravy,SZ,Strana zelených,different,1
CZ,KSČM,Komunistická strana Cech a Moravy,Other,other,unmatchable,1
CZ,KSČM,Komunistická strana Cech a Moravy,ČSSD,Česká strana sociálně demokratická,different,32
CZ,KDU-ČSL,Křesťanská a demokratická unie / Československá strana lidová,Česká pirátská strana,Ceska piratska strana,different,1
CZ,KDU-ČSL,Křesťanská a demokratická unie / Československá strana lidová,KDU-ČSL,Křesťanská a demokratická unie / Československá strana lidová,same,251
CZ,KDU-CSL Christian Democratic P.,Křesťanská a demokratická unie / Československá strana lidová,ODS,Občanská demokratická strana,different,2
CZ,KDU-ČSL,Křesťanská a demokratická unie / Československá strana lidová,ODS,Občanská demokratická strana,different,5
CZ,KDU-CSL Christian Democratic P.,Křesťanská a demokratická unie / Československá strana lidová,Association of Independents,Sdruzeni nezavislych,different,2
CZ,KDU-ČSL,Křesťanská a demokratická unie / Československá strana lidová,Starostové a nezávislí,Starostové a nezávislí,different,2
CZ,KDU-CSL Christian Democratic P.,Křesťanská a demokratická unie / Československá strana lidová,SZ,Strana zelených,different,1
CZ,KDU-ČSL,Křesťanská a demokratická unie / Československá strana lidová,Svoboda a přímá demokracie,Svoboda a přímá demokracie,different,1
CZ,KDU-ČSL,Křesťanská a demokratická unie / Československá strana lidová,TOP 09,Tradice Odpovědnost Prosperita 09,different,3
CZ,KDU-CSL Christian Democratic P.,Křesťanská a demokratická unie / Československá strana lidová,ČSSD,Česká strana sociálně demokratická,different,3
CZ,KDU-ČSL,Křesťanská a demokratická unie / Československá strana lidová,ČSSD,Česká strana sociálně demokratická,different,5
CZ,KDU-CSL Christian Democratic P.,Křesťanská a demokratická unie / Československá strana lidová,Koalice (Christian Dem.&Freedom Union),Čtyřkoalice,same,138
CZ,ODA Civic Democratic Alliance,Občanská demokratická aliance,KSČM,Komunistická strana Cech a Moravy,different,1
CZ,ODA Civic Democratic Alliance,Občanská demokratická aliance,ODA Civic Democratic Alliance,Občanská demokratická aliance,same,8
CZ,ODA Civic Democratic Alliance,Občanská demokratická aliance,ODS,Občanská demokratická strana,different,1
CZ,ODA Civic Democratic Alliance,Občanská demokratická aliance,ČSSD,Česká strana sociálně demokratická,different,2
CZ,ODS,Občanská demokratická strana,ANO 2011,Akce nespokojených občanů,different,12
CZ,ODS,Občanská demokratická strana,KDU-ČSL,Křesťanská a demokratická unie / Československá strana lidová,different,2
CZ,ODS,Občanská demokratická strana,ODA Civic Democratic Alliance,Občanská demokratická aliance,different,2
CZ,ODS,Občanská demokratická strana,ODS,Občanská demokratická strana,same,1110
CZ,ODS,Občanská demokratická strana,PB Right Block,Pravý Blok,different,1
CZ,ODS,Občanská demokratická strana,SZ,Strana zelených,different,3
CZ,ODS,Občanská demokratická strana,TOP 09,Tradice Odpovědnost Prosperita 09,different,8
CZ,ODS,Občanská demokratická strana,VV,Věci veřejné,different,4
CZ,ODS,Občanská demokratická strana,Other,other,unmatchable,5
CZ,ODS,Občanská demokratická strana,Úsvit přímé demokracie Tomia Okamury,Úsvit přímé demokracie,different,1
CZ,ODS,Občanská demokratická strana,ČSSD,Česká strana sociálně demokratická,different,3
CZ,ODS,Občanská demokratická strana,Koalice (Christian Dem.&Freedom Union),Čtyřkoalice,different,9
CZ,PB Right Block,Pravý Blok,PB Right Block,Pravý Blok,same,2
CZ,RMS Republicans of Miroslav Sladek,Republikanska Miroslava Sladka,RMS Republicans of Miroslav Sladek,Republikanska Miroslava Sladka,same,3
CZ,RMS Republicans of Miroslav Sladek,Republikanska Miroslava Sladka,Koalice (Christian Dem.&Freedom Union),Čtyřkoalice,different,1
CZ,SV-SOS P.of Countryside-Assoc.Civic Forces,SV-SOS P.of Countryside-Assoc.Civic Forces [og],SV-SOS P.of Countryside-Assoc.Civic Forces,SV-SOS P.of Countryside-Assoc.Civic Forces [og],same,1
CZ,Association of Independents,Sdruzeni nezavislych,ODS,Občanská demokratická strana,different,1
CZ,Association of Independents,Sdruzeni nezavislych,Association of Independents,Sdruzeni nezavislych,same,13
CZ,Association of Independents,Sdruzeni nezavislych,SZ,Strana zelených,different,1
CZ,Association of Independents,Sdruzeni nezavislych,ČSSD,Česká strana sociálně demokratická,different,1
CZ,Association of Independents,Sdruzeni nezavislych,Koalice (Christian Dem.&Freedom Union),Čtyřkoalice,different,2
CZ,Starostové a nezávislí,Starostové a nezávislí,Česká pirátská strana,Ceska piratska strana,different,2
CZ,Starostové a nezávislí,Starostové a nezávislí,KSČM,Komunistická strana Cech a Moravy,different,1
CZ,Starostové a nezávislí,Starostové a nezávislí,KDU-ČSL,Křesťanská a demokratická unie / Československá strana lidová,different,1
CZ,Starostové a nezávislí,Starostové a nezávislí,ODS,Občanská demokratická strana,different,1
CZ,Starostové a nezávislí,Starostové a nezávislí,Starostové a nezávislí,Starostové a nezávislí,same,34
CZ,Starostové a nezávislí,Starostové a nezávislí,Svoboda a přímá demokracie,Svoboda a přímá demokracie,different,1
CZ,Starostové a nezávislí,Starostové a nezávislí,TOP 09,Tradice Odpovědnost Prosperita 09,different,4
CZ,SZ,Strana zelených,ODS,Občanská demokratická strana,different,1
CZ,SZ,Strana zelených,SZ,Strana zelených,same,58
CZ,SZ,Strana zelených,Other,other,unmatchable,1
CZ,SZ,Strana zelených,ČSSD,Česká strana sociálně demokratická,different,6
CZ,Svoboda a přímá demokracie,Svoboda a přímá demokracie,ANO 2011,Akce nespokojených občanů,different,10
CZ,Svoboda a přímá demokracie,Svoboda a přímá demokracie,ODS,Občanská demokratická strana,different,1
CZ,Svoboda a přímá demokracie,Svoboda a přímá demokracie,Starostové a nezávislí,Starostové a nezávislí,different,2
CZ,Svoboda a přímá demokracie,Svoboda a přímá demokracie,Svoboda a přímá demokracie,Svoboda a přímá demokracie,same,88
CZ,Svoboda a přímá demokracie,Svoboda a přímá demokracie,Other,other,unmatchable,2
CZ,Svoboda a přímá demokracie,Svoboda a přímá demokracie,ČSSD,Česká strana sociálně demokratická,different,5
CZ,TOP 09,Tradice Odpovědnost Prosperita 09,ANO 2011,Akce nespokojených občanů,different,3
CZ,TOP 09,Tradice Odpovědnost Prosperita 09,Česká pirátská strana,Ceska piratska strana,different,1
CZ,TOP 09,Tradice Odpovědnost Prosperita 09,KDU-ČSL,Křesťanská a demokratická unie / Československá strana lidová,different,2
CZ,TOP 09,Tradice Odpovědnost Prosperita 09,ODS,Občanská demokratická strana,different,11
CZ,TOP 09,Tradice Odpovědnost Prosperita 09,SZ,Strana zelených,different,1
CZ,TOP 09,Tradice Odpovědnost Prosperita 09,TOP 09,Tradice Odpovědnost Prosperita 09,same,293
CZ,TOP 09,Tradice Odpovědnost Prosperita 09,VV,Věci veřejné,different,8
CZ,US Freedom Union,Unie svobody,ODS,Občanská demokratická strana,different,2
CZ,US Freedom Union,Unie svobody,Koalice (Christian Dem.&Freedom Union),Čtyřkoalice,same,30
CZ,VV,Věci veřejné,ODS,Občanská demokratická strana,different,3
CZ,VV,Věci veřejné,TOP 09,Tradice Odpovědnost Prosperita 09,different,2
CZ,VV,Věci veřejné,VV,Věci veřejné,same,52
CZ,ČSNS,[ Liberální / Česká ] strana národně sociální,ČSNS,[ Liberální / Česká ] strana národně sociální,same,3
CZ,ČSNS,[ Liberální / Česká ] strana národně sociální,Koalice (Christian Dem.&Freedom Union),Čtyřkoalice,different,1
CZ,NA,dont-know,ANO 2011,Akce nespokojených občanů,unmatchable,1
CZ,NA,dont-know,KSČM,Komunistická strana Cech a Moravy,unmatchable,1
CZ,NA,dont-know,ODS,Občanská demokratická strana,unmatchable,2
CZ,NA,dont-know,TOP 09,Tradice Odpovědnost Prosperita 09,unmatchable,2
CZ,NA,dont-know,Other,other,unmatchable,1
CZ,NA,dont-know,ČSSD,Česká strana sociálně demokratická,unmatchable,2
CZ,NA,dont-know,Koalice (Christian Dem.&Freedom Union),Čtyřkoalice,unmatchable,1
CZ,Other,other,ANO 2011,Akce nespokojených občanů,unmatchable,6
CZ,Other,other,Česká pirátská strana,Ceska piratska strana,unmatchable,2
CZ,Other,other,KSČM,Komunistická strana Cech a Moravy,unmatchable,4
CZ,Other,other,KDU-ČSL,Křesťanská a demokratická unie / Československá strana lidová,unmatchable,6
CZ,Other,other,ODS,Občanská demokratická strana,unmatchable,8
CZ,Other,other,Starostové a nezávislí,Starostové a nezávislí,unmatchable,1
CZ,Other,other,SZ,Strana zelených,unmatchable,1
CZ,Other,other,Svoboda a přímá demokracie,Svoboda a přímá demokracie,unmatchable,3
CZ,Other,other,TOP 09,Tradice Odpovědnost Prosperita 09,unmatchable,5
CZ,Other,other,VV,Věci veřejné,unmatchable,1
CZ,Other,other,Other,other,unmatchable,111
CZ,Other,other,Úsvit přímé demokracie Tomia Okamury,Úsvit přímé demokracie,unmatchable,2
CZ,Other,other,ČSSD,Česká strana sociálně demokratická,unmatchable,10
CZ,Other,other,Koalice (Christian Dem.&Freedom Union),Čtyřkoalice,unmatchable,1
CZ,NA,refused,KSČM,Komunistická strana Cech a Moravy,unmatchable,6
CZ,NA,refused,KDU-ČSL,Křesťanská a demokratická unie / Československá strana lidová,unmatchable,1
CZ,NA,refused,ODS,Občanská demokratická strana,unmatchable,5
CZ,NA,refused,Starostové a nezávislí,Starostové a nezávislí,unmatchable,1
CZ,NA,refused,Svoboda a přímá demokracie,Svoboda a přímá demokracie,unmatchable,2
CZ,NA,refused,TOP 09,Tradice Odpovědnost Prosperita 09,unmatchable,3
CZ,NA,refused,VV,Věci veřejné,unmatchable,2
CZ,NA,refused,Other,other,unmatchable,4
CZ,NA,refused,ČSSD,Česká strana sociálně demokratická,unmatchable,4
CZ,NA,refused,Koalice (Christian Dem.&Freedom Union),Čtyřkoalice,unmatchable,1
CZ,Úsvit přímé demokracie Tomia Okamury,Úsvit přímé demokracie,ANO 2011,Akce nespokojených občanů,different,3
CZ,Úsvit přímé demokracie Tomia Okamury,Úsvit přímé demokracie,ODS,Občanská demokratická strana,different,1
CZ,Úsvit přímé demokracie Tomia Okamury,Úsvit přímé demokracie,TOP 09,Tradice Odpovědnost Prosperita 09,different,4
CZ,Úsvit přímé demokracie Tomia Okamury,Úsvit přímé demokracie,Other,other,unmatchable,1
CZ,Úsvit přímé demokracie Tomia Okamury,Úsvit přímé demokracie,Úsvit přímé demokracie Tomia Okamury,Úsvit přímé demokracie,same,26
CZ,Úsvit přímé demokracie Tomia Okamury,Úsvit přímé demokracie,ČSSD,Česká strana sociálně demokratická,different,3
CZ,ČSSD,Česká strana sociálně demokratická,ANO 2011,Akce nespokojených občanů,different,8
CZ,ČSSD,Česká strana sociálně demokratická,Česká pirátská strana,Ceska piratska strana,different,1
CZ,ČSSD,Česká strana sociálně demokratická,KSČM,Komunistická strana Cech a Moravy,different,11
CZ,ČSSD,Česká strana sociálně demokratická,KDU-ČSL,Křesťanská a demokratická unie / Československá strana lidová,different,3
CZ,ČSSD,Česká strana sociálně demokratická,ODS,Občanská demokratická strana,different,11
CZ,ČSSD,Česká strana sociálně demokratická,Starostové a nezávislí,Starostové a nezávislí,different,1
CZ,ČSSD,Česká strana sociálně demokratická,SZ,Strana zelených,different,1
CZ,ČSSD,Česká strana sociálně demokratická,TOP 09,Tradice Odpovědnost Prosperita 09,different,3
CZ,ČSSD,Česká strana sociálně demokratická,VV,Věci veřejné,different,5
CZ,ČSSD,Česká strana sociálně demokratická,ČSNS,[ Liberální / Česká ] strana národně sociální,different,1
CZ,ČSSD,Česká strana sociálně demokratická,Other,other,unmatchable,4
CZ,ČSSD,Česká strana sociálně demokratická,ČSSD,Česká strana sociálně demokratická,same,1404
CZ,ČSSD,Česká strana sociálně demokratická,Koalice (Christian Dem.&Freedom Union),Čtyřkoalice,different,1
CZ,NA,NA,KSČM,Komunistická strana Cech a Moravy,unmatchable,1
CZ,NA,NA,ODS,Občanská demokratická strana,unmatchable,2
CZ,NA,NA,TOP 09,Tradice Odpovědnost Prosperita 09,unmatchable,2
CZ,NA,NA,Other,other,unmatchable,2
CZ,NA,NA,ČSSD,Česká strana sociálně demokratická,unmatchable,2
DE,Alternative for Germany (AFD),Alternative für Deutschland,Alternative for Germany (AFD),Alternative für Deutschland,same,274
DE,Alternative for Germany (AFD),Alternative für Deutschland,Alliance 90/The Greens (Bündnis 90/Die Grünen),Bündnis 90 / Die Grünen,different,3
DE,Alternative for Germany (AFD),Alternative für Deutschland,Christian Democratic Union/Christian Social Union (CDU/CSU),Christlich Demokratische Union / Christlich Soziale Union,different,43
DE,Alternative for Germany (AFD),Alternative für Deutschland,The Left (Die Linke),Die Linke,different,12
DE,Alternative for Germany (AFD),Alternative für Deutschland,Free Democratic Party (FDP),Freie Demokratische Partei,different,26
DE,Alternative for Germany (AFD),Alternative für Deutschland,Free Voters (Freie Wähler),Freie Wähler,different,1
DE,Alternative for Germany (AFD),Alternative für Deutschland,National Democratic Party (NPD),Nationaldemokratische Partei Deutschlands,different,5
DE,Alternative for Germany (AFD),Alternative für Deutschland,Pirate Party (Piratenpartei),Piratenpartei Deutschland,different,1
DE,Alternative for Germany (AFD),Alternative für Deutschland,Social Democratic Party (SPD),Sozialdemokratische Partei Deutschlands,different,21
DE,Alternative for Germany (AFD),Alternative für Deutschland,Other,other,unmatchable,9
DE,Grassroots Democratic Party of Germany (dieBasis),Basisdemokratische Partei Deutschland,Grassroots Democratic Party of Germany (dieBasis),Basisdemokratische Partei Deutschland,same,2
DE,Alliance 90/The Greens (Bündnis 90/Die Grünen),Bündnis 90 / Die Grünen,Alternative for Germany (AFD),Alternative für Deutschland,different,2
DE,Alliance 90/The Greens (Bündnis 90/Die Grünen),Bündnis 90 / Die Grünen,Alliance 90/The Greens (Bündnis 90/Die Grünen),Bündnis 90 / Die Grünen,same,2061
DE,Alliance 90/The Greens (Bündnis 90/Die Grünen),Bündnis 90 / Die Grünen,Christian Democratic Union/Christian Social Union (CDU/CSU),Christlich Demokratische Union / Christlich Soziale Union,different,77
DE,Alliance 90/The Greens (Bündnis 90/Die Grünen),Bündnis 90 / Die Grünen,The Left (Die Linke),Die Linke,different,50
DE,Alliance 90/The Greens (Bündnis 90/Die Grünen),Bündnis 90 / Die Grünen,"Party for Labour, Rule of Law, Animal Protection, Promotion of Elites and Grassroots Democratic Initiative (Die PARTEI)",Die PARTEI,different,1
DE,Alliance 90/The Greens (Bündnis 90/Die Grünen),Bündnis 90 / Die Grünen,Free Democratic Party (FDP),Freie Demokratische Partei,different,26
DE,Alliance 90/The Greens (Bündnis 90/Die Grünen),Bündnis 90 / Die Grünen,Free Voters (Freie Wähler),Freie Wähler,different,1
DE,Alliance 90/The Greens (Bündnis 90/Die Grünen),Bündnis 90 / Die Grünen,Party of Democratic Socialism (PDS),Partei des Demokratischen Sozialismus,different,6
DE,Alliance 90/The Greens (Bündnis 90/Die Grünen),Bündnis 90 / Die Grünen,The Left Party.PDS (Die Linkspartei.PDS),Partei des Demokratischen Sozialismus,different,3
DE,Alliance 90/The Greens (Bündnis 90/Die Grünen),Bündnis 90 / Die Grünen,Pirate Party (Piratenpartei),Piratenpartei Deutschland,different,6
DE,Alliance 90/The Greens (Bündnis 90/Die Grünen),Bündnis 90 / Die Grünen,Social Democratic Party (SPD),Sozialdemokratische Partei Deutschlands,different,393
DE,Alliance 90/The Greens (Bündnis 90/Die Grünen),Bündnis 90 / Die Grünen,Other,other,unmatchable,26
DE,Christian Democratic Union/Christian Social Union (CDU/CSU),Christlich Demokratische Union / Christlich Soziale Union,Alternative for Germany (AFD),Alternative für Deutschland,different,28
DE,Christian Democratic Union/Christian Social Union (CDU/CSU),Christlich Demokratische Union / Christlich Soziale Union,Alliance 90/The Greens (Bündnis 90/Die Grünen),Bündnis 90 / Die Grünen,different,103
DE,Christian Democratic Union/Christian Social Union (CDU/CSU),Christlich Demokratische Union / Christlich Soziale Union,Christian Democratic Union/Christian Social Union (CDU/CSU),Christlich Demokratische Union / Christlich Soziale Union,same,4063
DE,Christian Democratic Union/Christian Social Union (CDU/CSU),Christlich Demokratische Union / Christlich Soziale Union,The Left (Die Linke),Die Linke,different,13
DE,Christian Democratic Union/Christian Social Union (CDU/CSU),Christlich Demokratische Union / Christlich Soziale Union,The Republicans (REP),Die Republikaner,different,1
DE,Christian Democratic Union/Christian Social Union (CDU/CSU),Christlich Demokratische Union / Christlich Soziale Union,Free Democratic Party (FDP),Freie Demokratische Partei,different,408
DE,Christian Democratic Union/Christian Social Union (CDU/CSU),Christlich Demokratische Union / Christlich Soziale Union,Free Voters (Freie Wähler),Freie Wähler,different,1
DE,Christian Democratic Union/Christian Social Union (CDU/CSU),Christlich Demokratische Union / Christlich Soziale Union,National Democratic Party (NPD),Nationaldemokratische Partei Deutschlands,different,3
DE,Christian Democratic Union/Christian Social Union (CDU/CSU),Christlich Demokratische Union / Christlich Soziale Union,Party of Democratic Socialism (PDS),Partei des Demokratischen Sozialismus,different,2
DE,Christian Democratic Union/Christian Social Union (CDU/CSU),Christlich Demokratische Union / Christlich Soziale Union,The Left Party.PDS (Die Linkspartei.PDS),Partei des Demokratischen Sozialismus,different,2
DE,Christian Democratic Union/Christian Social Union (CDU/CSU),Christlich Demokratische Union / Christlich Soziale Union,Pirate Party (Piratenpartei),Piratenpartei Deutschland,different,2
DE,Christian Democratic Union/Christian Social Union (CDU/CSU),Christlich Demokratische Union / Christlich Soziale Union,Social Democratic Party (SPD),Sozialdemokratische Partei Deutschlands,different,141
DE,Christian Democratic Union/Christian Social Union (CDU/CSU),Christlich Demokratische Union / Christlich Soziale Union,Other,other,unmatchable,22
DE,The Left (Die Linke),Die Linke,Alternative for Germany (AFD),Alternative für Deutschland,different,7
DE,The Left (Die Linke),Die Linke,Alliance 90/The Greens (Bündnis 90/Die Grünen),Bündnis 90 / Die Grünen,different,78
DE,The Left (Die Linke),Die Linke,Christian Democratic Union/Christian Social Union (CDU/CSU),Christlich Demokratische Union / Christlich Soziale Union,different,19
DE,The Left (Die Linke),Die Linke,The Left (Die Linke),Die Linke,same,700
DE,The Left (Die Linke),Die Linke,Free Democratic Party (FDP),Freie Demokratische Partei,different,7
DE,The Left (Die Linke),Die Linke,Free Voters (Freie Wähler),Freie Wähler,different,1
DE,The Left (Die Linke),Die Linke,Pirate Party (Piratenpartei),Piratenpartei Deutschland,different,4
DE,The Left (Die Linke),Die Linke,Social Democratic Party (SPD),Sozialdemokratische Partei Deutschlands,different,88
DE,The Left (Die Linke),Die Linke,Other,other,unmatchable,16
DE,"Party for Labour, Rule of Law, Animal Protection, Promotion of Elites and Grassroots Democratic Initiative (Die PARTEI)",Die PARTEI,Alliance 90/The Greens (Bündnis 90/Die Grünen),Bündnis 90 / Die Grünen,different,1
DE,"Party for Labour, Rule of Law, Animal Protection, Promotion of Elites and Grassroots Democratic Initiative (Die PARTEI)",Die PARTEI,The Left (Die Linke),Die Linke,different,1
DE,"Party for Labour, Rule of Law, Animal Protection, Promotion of Elites and Grassroots Democratic Initiative (Die PARTEI)",Die PARTEI,"Party for Labour, Rule of Law, Animal Protection, Promotion of Elites and Grassroots Democratic Initiative (Die PARTEI)",Die PARTEI,same,2
DE,"Party for Labour, Rule of Law, Animal Protection, Promotion of Elites and Grassroots Democratic Initiative (Die PARTEI)",Die PARTEI,Social Democratic Party (SPD),Sozialdemokratische Partei Deutschlands,different,1
DE,The Republicans (REP),Die Republikaner,Christian Democratic Union/Christian Social Union (CDU/CSU),Christlich Demokratische Union / Christlich Soziale Union,different,5
DE,The Republicans (REP),Die Republikaner,The Left (Die Linke),Die Linke,different,1
DE,The Republicans (REP),Die Republikaner,The Republicans (REP),Die Republikaner,same,28
DE,The Republicans (REP),Die Republikaner,Free Democratic Party (FDP),Freie Demokratische Partei,different,1
DE,The Republicans (REP),Die Republikaner,National Democratic Party/German People's Union (NPD/DVU),Nationaldemokratische Partei Deutschlands,different,1
DE,The Republicans (REP),Die Republikaner,Social Democratic Party (SPD),Sozialdemokratische Partei Deutschlands,different,2
DE,The Republicans (REP),Die Republikaner,Other,other,unmatchable,1
DE,Free Democratic Party (FDP),Freie Demokratische Partei,Alternative for Germany (AFD),Alternative für Deutschland,different,10
DE,Free Democratic Party (FDP),Freie Demokratische Partei,Alliance 90/The Greens (Bündnis 90/Die Grünen),Bündnis 90 / Die Grünen,different,14
DE,Free Democratic Party (FDP),Freie Demokratische Partei,Christian Democratic Union/Christian Social Union (CDU/CSU),Christlich Demokratische Union / Christlich Soziale Union,different,110
DE,Free Democratic Party (FDP),Freie Demokratische Partei,The Republicans (REP),Die Republikaner,different,1
DE,Free Democratic Party (FDP),Freie Demokratische Partei,Free Democratic Party (FDP),Freie Demokratische Partei,same,617
DE,Free Democratic Party (FDP),Freie Demokratische Partei,Party of Democratic Socialism (PDS),Partei des Demokratischen Sozialismus,different,1
DE,Free Democratic Party (FDP),Freie Demokratische Partei,The Left Party.PDS (Die Linkspartei.PDS),Partei des Demokratischen Sozialismus,different,2
DE,Free Democratic Party (FDP),Freie Demokratische Partei,Pirate Party (Piratenpartei),Piratenpartei Deutschland,different,1
DE,Free Democratic Party (FDP),Freie Demokratische Partei,Social Democratic Party (SPD),Sozialdemokratische Partei Deutschlands,different,35
DE,Free Democratic Party (FDP),Freie Demokratische Partei,Other,other,unmatchable,5
DE,Free Voters (Freie Wähler),Freie Wähler,Alliance 90/The Greens (Bündnis 90/Die Grünen),Bündnis 90 / Die Grünen,different,1
DE,Free Voters (Freie Wähler),Freie Wähler,Christian Democratic Union/Christian Social Union (CDU/CSU),Christlich Demokratische Union / Christlich Soziale Union,different,3
DE,Free Voters (Freie Wähler),Freie Wähler,Free Voters (Freie Wähler),Freie Wähler,same,2
DE,National Democratic Party (NPD),Nationaldemokratische Partei Deutschlands,Alternative for Germany (AFD),Alternative für Deutschland,different,1
DE,National Democratic Party (NPD),Nationaldemokratische Partei Deutschlands,Christian Democratic Union/Christian Social Union (CDU/CSU),Christlich Demokratische Union / Christlich Soziale Union,different,4
DE,National Democratic Party/German People's Union (NPD/DVU),Nationaldemokratische Partei Deutschlands,Christian Democratic Union/Christian Social Union (CDU/CSU),Christlich Demokratische Union / Christlich Soziale Union,different,1
DE,National Democratic Party (NPD),Nationaldemokratische Partei Deutschlands,Free Democratic Party (FDP),Freie Demokratische Partei,different,1
DE,National Democratic Party/German People's Union (NPD/DVU),Nationaldemokratische Partei Deutschlands,Free Democratic Party (FDP),Freie Demokratische Partei,different,1
DE,National Democratic Party (NPD),Nationaldemokratische Partei Deutschlands,National Democratic Party (NPD),Nationaldemokratische Partei Deutschlands,same,13
DE,National Democratic Party/German People's Union (NPD/DVU),Nationaldemokratische Partei Deutschlands,National Democratic Party/German People's Union (NPD/DVU),Nationaldemokratische Partei Deutschlands,same,9
DE,National Democratic Party/German People's Union (NPD/DVU),Nationaldemokratische Partei Deutschlands,The Left Party.PDS (Die Linkspartei.PDS),Partei des Demokratischen Sozialismus,different,1
DE,National Democratic Party (NPD),Nationaldemokratische Partei Deutschlands,Social Democratic Party (SPD),Sozialdemokratische Partei Deutschlands,different,1
DE,National Democratic Party/German People's Union (NPD/DVU),Nationaldemokratische Partei Deutschlands,Social Democratic Party (SPD),Sozialdemokratische Partei Deutschlands,different,1
DE,National Democratic Party (NPD),Nationaldemokratische Partei Deutschlands,Other,other,unmatchable,2
DE,National Democratic Party/German People's Union (NPD/DVU),Nationaldemokratische Partei Deutschlands,Other,other,unmatchable,1
DE,Party of Democratic Socialism (PDS),Partei des Demokratischen Sozialismus,Alliance 90/The Greens (Bündnis 90/Die Grünen),Bündnis 90 / Die Grünen,different,6
DE,The Left Party.PDS (Die Linkspartei.PDS),Partei des Demokratischen Sozialismus,Alliance 90/The Greens (Bündnis 90/Die Grünen),Bündnis 90 / Die Grünen,different,11
DE,Party of Democratic Socialism (PDS),Partei des Demokratischen Sozialismus,Christian Democratic Union/Christian Social Union (CDU/CSU),Christlich Demokratische Union / Christlich Soziale Union,different,3
DE,The Left Party.PDS (Die Linkspartei.PDS),Partei des Demokratischen Sozialismus,Christian Democratic Union/Christian Social Union (CDU/CSU),Christlich Demokratische Union / Christlich Soziale Union,different,4
DE,Party of Democratic Socialism (PDS),Partei des Demokratischen Sozialismus,The Republicans (REP),Die Republikaner,different,1
DE,The Left Party.PDS (Die Linkspartei.PDS),Partei des Demokratischen Sozialismus,Free Democratic Party (FDP),Freie Demokratische Partei,different,4
DE,The Left Party.PDS (Die Linkspartei.PDS),Partei des Demokratischen Sozialismus,National Democratic Party/German People's Union (NPD/DVU),Nationaldemokratische Partei Deutschlands,different,2
DE,Party of Democratic Socialism (PDS),Partei des Demokratischen Sozialismus,Party of Democratic Socialism (PDS),Partei des Demokratischen Sozialismus,same,150
DE,The Left Party.PDS (Die Linkspartei.PDS),Partei des Demokratischen Sozialismus,The Left Party.PDS (Die Linkspartei.PDS),Partei des Demokratischen Sozialismus,same,177
DE,Party of Democratic Socialism (PDS),Partei des Demokratischen Sozialismus,Social Democratic Party (SPD),Sozialdemokratische Partei Deutschlands,different,20
DE,The Left Party.PDS (Die Linkspartei.PDS),Partei des Demokratischen Sozialismus,Social Democratic Party (SPD),Sozialdemokratische Partei Deutschlands,different,30
DE,Party of Democratic Socialism (PDS),Partei des Demokratischen Sozialismus,Other,other,unmatchable,1
DE,Pirate Party (Piratenpartei),Piratenpartei Deutschland,Alternative for Germany (AFD),Alternative für Deutschland,different,1
DE,Pirate Party (Piratenpartei),Piratenpartei Deutschland,Alliance 90/The Greens (Bündnis 90/Die Grünen),Bündnis 90 / Die Grünen,different,6
DE,Pirate Party (Piratenpartei),Piratenpartei Deutschland,Christian Democratic Union/Christian Social Union (CDU/CSU),Christlich Demokratische Union / Christlich Soziale Union,different,3
DE,Pirate Party (Piratenpartei),Piratenpartei Deutschland,The Left (Die Linke),Die Linke,different,2
DE,Pirate Party (Piratenpartei),Piratenpartei Deutschland,Free Democratic Party (FDP),Freie Demokratische Partei,different,2
DE,Pirate Party (Piratenpartei),Piratenpartei Deutschland,Pirate Party (Piratenpartei),Piratenpartei Deutschland,same,20
DE,Pirate Party (Piratenpartei),Piratenpartei Deutschland,Social Democratic Party (SPD),Sozialdemokratische Partei Deutschlands,different,6
DE,Social Democratic Party (SPD),Sozialdemokratische Partei Deutschlands,Alternative for Germany (AFD),Alternative für Deutschland,different,12
DE,Social Democratic Party (SPD),Sozialdemokratische Partei Deutschlands,Alliance 90/The Greens (Bündnis 90/Die Grünen),Bündnis 90 / Die Grünen,different,328
DE,Social Democratic Party (SPD),Sozialdemokratische Partei Deutschlands,Christian Democratic Union/Christian Social Union (CDU/CSU),Christlich Demokratische Union / Christlich Soziale Union,different,104
DE,Social Democratic Party (SPD),Sozialdemokratische Partei Deutschlands,The Left (Die Linke),Die Linke,different,74
DE,Social Democratic Party (SPD),Sozialdemokratische Partei Deutschlands,"Party for Labour, Rule of Law, Animal Protection, Promotion of Elites and Grassroots Democratic Initiative (Die PARTEI)",Die PARTEI,different,2
DE,Social Democratic Party (SPD),Sozialdemokratische Partei Deutschlands,Free Democratic Party (FDP),Freie Demokratische Partei,different,83
DE,Social Democratic Party (SPD),Sozialdemokratische Partei Deutschlands,National Democratic Party (NPD),Nationaldemokratische Partei Deutschlands,different,1
DE,Social Democratic Party (SPD),Sozialdemokratische Partei Deutschlands,Party of Democratic Socialism (PDS),Partei des Demokratischen Sozialismus,different,6
DE,Social Democratic Party (SPD),Sozialdemokratische Partei Deutschlands,The Left Party.PDS (Die Linkspartei.PDS),Partei des Demokratischen Sozialismus,different,18
DE,Social Democratic Party (SPD),Sozialdemokratische Partei Deutschlands,Pirate Party (Piratenpartei),Piratenpartei Deutschland,different,3
DE,Social Democratic Party (SPD),Sozialdemokratische Partei Deutschlands,Social Democratic Party (SPD),Sozialdemokratische Partei Deutschlands,same,3270
DE,Social Democratic Party (SPD),Sozialdemokratische Partei Deutschlands,Other,other,unmatchable,17
DE,NA,dont-know,Alliance 90/The Greens (Bündnis 90/Die Grünen),Bündnis 90 / Die Grünen,unmatchable,4
DE,NA,dont-know,Christian Democratic Union/Christian Social Union (CDU/CSU),Christlich Demokratische Union / Christlich Soziale Union,unmatchable,2
DE,NA,dont-know,The Left (Die Linke),Die Linke,unmatchable,2
DE,NA,dont-know,Social Democratic Party (SPD),Sozialdemokratische Partei Deutschlands,unmatchable,4
DE,Other,other,Alternative for Germany (AFD),Alternative für Deutschland,unmatchable,8
DE,Other,other,Alliance 90/The Greens (Bündnis 90/Die Grünen),Bündnis 90 / Die Grünen,unmatchable,38
DE,Other,other,Christian Democratic Union/Christian Social Union (CDU/CSU),Christlich Demokratische Union / Christlich Soziale Union,unmatchable,34
DE,Other,other,The Left (Die Linke),Die Linke,unmatchable,16
DE,Other,other,Free Democratic Party (FDP),Freie Demokratische Partei,unmatchable,19
DE,Other,other,National Democratic Party (NPD),Nationaldemokratische Partei Deutschlands,unmatchable,3
DE,Other,other,Party of Democratic Socialism (PDS),Partei des Demokratischen Sozialismus,unmatchable,1
DE,Other,other,Pirate Party (Piratenpartei),Piratenpartei Deutschland,unmatchable,3
DE,Other,other,Social Democratic Party (SPD),Sozialdemokratische Partei Deutschlands,unmatchable,25
DE,Other,other,Other,other,unmatchable,151
DE,NA,refused,Alternative for Germany (AFD),Alternative für Deutschland,unmatchable,3
DE,NA,refused,Alliance 90/The Greens (Bündnis 90/Die Grünen),Bündnis 90 / Die Grünen,unmatchable,13
DE,NA,refused,Christian Democratic Union/Christian Social Union (CDU/CSU),Christlich Demokratische Union / Christlich Soziale Union,unmatchable,16
DE,NA,refused,The Left (Die Linke),Die Linke,unmatchable,3
DE,NA,refused,The Republicans (REP),Die Republikaner,unmatchable,1
DE,NA,refused,Free Democratic Party (FDP),Freie Demokratische Partei,unmatchable,5
DE,NA,refused,National Democratic Party/German People's Union (NPD/DVU),Nationaldemokratische Partei Deutschlands,unmatchable,1
DE,NA,refused,Party of Democratic Socialism (PDS),Partei des Demokratischen Sozialismus,unmatchable,1
DE,NA,refused,The Left Party.PDS (Die Linkspartei.PDS),Partei des Demokratischen Sozialismus,unmatchable,2
DE,NA,refused,Social Democratic Party (SPD),Sozialdemokratische Partei Deutschlands,unmatchable,11
DE,NA,refused,Other,other,unmatchable,4
DE,NA,NA,Alternative for Germany (AFD),Alternative für Deutschland,unmatchable,4
DE,NA,NA,Alliance 90/The Greens (Bündnis 90/Die Grünen),Bündnis 90 / Die Grünen,unmatchable,10
DE,NA,NA,Christian Democratic Union/Christian Social Union (CDU/CSU),Christlich Demokratische Union / Christlich Soziale Union,unmatchable,9
DE,NA,NA,The Left (Die Linke),Die Linke,unmatchable,1
DE,NA,NA,Free Democratic Party (FDP),Freie Demokratische Partei,unmatchable,7
DE,NA,NA,Social Democratic Party (SPD),Sozialdemokratische Partei Deutschlands,unmatchable,9
DE,NA,NA,Other,other,unmatchable,7
DK,Alternativet - The Alternative,Alternativet,Alternativet - The Alternative,Alternativet,same,24
DK,Alternativet - The Alternative,Alternativet,Enhedslisten - Unity List - The Red-Green Alliance,Enhedslisten / De Rød-Grønne,different,4
DK,Alternativet - The Alternative,Alternativet,Det Konservative Folkeparti - Conservative People's Party,Konservative Folkeparti,different,1
DK,Alternativet - The Alternative,Alternativet,Socialdemokratiet - The Social democrats,Socialdemokraterne,different,1
DK,Alternativet - The Alternative,Alternativet,Other,other,unmatchable,1
DK,Centrum-Demokraterne,Centrumdemokraterne,Centrum-Demokraterne,Centrumdemokraterne,same,10
DK,Centrum-Demokraterne,Centrumdemokraterne,Det Konservative Folkeparti,Konservative Folkeparti,different,1
DK,Centrum-Demokraterne,Centrumdemokraterne,Socialdemokratiet,Socialdemokraterne,different,1
DK,Centrum-Demokraterne,Centrumdemokraterne,Venstre,Venstre,different,3
DK,Dansk Folkeparti,Dansk Folkeparti,Dansk Folkeparti,Dansk Folkeparti,same,145
DK,Dansk Folkeparti - Danish People's Party,Dansk Folkeparti,Dansk Folkeparti - Danish People's Party,Dansk Folkeparti,same,108
DK,Dansk Folkeparti - Danish peoples party,Dansk Folkeparti,Dansk Folkeparti - Danish peoples party,Dansk Folkeparti,same,362
DK,Dansk Folkeparti - Danish People's Party,Dansk Folkeparti,Det Radikale Venstre - The Radical Liberal Party,Det Radikale Venstre,different,1
DK,Dansk Folkeparti - Danish peoples party,Dansk Folkeparti,Det Radikale Venstre - Danish Social-Liberal Party,Det Radikale Venstre,different,2
DK,Dansk Folkeparti,Dansk Folkeparti,Enhedslisten,Enhedslisten / De Rød-Grønne,different,2
DK,Dansk Folkeparti - Danish People's Party,Dansk Folkeparti,Enhedslisten - Unity List - The Red-Green Alliance,Enhedslisten / De Rød-Grønne,different,1
DK,Dansk Folkeparti - Danish peoples party,Dansk Folkeparti,Enhedslisten - Unity List - The Red-Green Alliance,Enhedslisten / De Rød-Grønne,different,4
DK,Dansk Folkeparti,Dansk Folkeparti,Det Konservative Folkeparti,Konservative Folkeparti,different,2
DK,Dansk Folkeparti - Danish peoples party,Dansk Folkeparti,Det Konservative Folkeparti - Conservative,Konservative Folkeparti,different,5
DK,Dansk Folkeparti,Dansk Folkeparti,Kristeligt Folkeparti,Kristeligt Folkeparti / Kristendemokraterne,different,1
DK,Dansk Folkeparti - Danish peoples party,Dansk Folkeparti,Kristendemokraterne - Christian democrats,Kristeligt Folkeparti / Kristendemokraterne,different,1
DK,Dansk Folkeparti,Dansk Folkeparti,Socialdemokratiet,Socialdemokraterne,different,5
DK,Dansk Folkeparti - Danish peoples party,Dansk Folkeparti,Socialdemokraterne - the Danish social democrats,Socialdemokraterne,different,17
DK,Dansk Folkeparti - Danish peoples party,Dansk Folkeparti,Socialdemokraterne - the Danish social democtrats,Socialdemokraterne,different,6
DK,Dansk Folkeparti,Dansk Folkeparti,Socialistisk Folkeparti,Socialistisk Folkeparti,different,1
DK,Dansk Folkeparti - Danish peoples party,Dansk Folkeparti,SF Socialistisk Folkeparti - Socialist People's Party,Socialistisk Folkeparti,different,5
DK,Dansk Folkeparti - Danish peoples party,Dansk Folkeparti,SF- Socialistisk Folkeparti - the Socialist People's Party,Socialistisk Folkeparti,different,3
DK,Dansk Folkeparti,Dansk Folkeparti,Venstre,Venstre,different,17
DK,Dansk Folkeparti - Danish People's Party,Dansk Folkeparti,"Venstre, Danmarks Liberale Parti - The Liberal Party",Venstre,different,5
DK,Dansk Folkeparti - Danish peoples party,Dansk Folkeparti,"Venstre, Danmarks Liberale Parti - Venstre",Venstre,different,41
DK,Dansk Folkeparti - Danish peoples party,Dansk Folkeparti,Liberal Alliance - Liberal Alliance,[Ny] Liberal Alliance,different,5
DK,Dansk Folkeparti - Danish People's Party,Dansk Folkeparti,Other,other,unmatchable,1
DK,Dansk Folkeparti - Danish peoples party,Dansk Folkeparti,Andet - other,other,unmatchable,2
DK,Det Radikale Venstre - The Radical Liberal Party,Det Radikale Venstre,Alternativet - The Alternative,Alternativet,different,2
DK,Det Radikale Venstre,Det Radikale Venstre,Centrum-Demokraterne,Centrumdemokraterne,different,1
DK,Det Radikale Venstre - Danish Social-Liberal Party,Det Radikale Venstre,Dansk Folkeparti - Danish peoples party,Dansk Folkeparti,different,3
DK,Det Radikale Venstre,Det Radikale Venstre,Det Radikale Venstre,Det Radikale Venstre,same,163
DK,Det Radikale Venstre - Danish Social-Liberal Party,Det Radikale Venstre,Det Radikale Venstre - Danish Social-Liberal Party,Det Radikale Venstre,same,256
DK,Det Radikale Venstre - The Radical Liberal Party,Det Radikale Venstre,Det Radikale Venstre - The Radical Liberal Party,Det Radikale Venstre,same,41
DK,Det Radikale Venstre,Det Radikale Venstre,Enhedslisten,Enhedslisten / De Rød-Grønne,different,1
DK,Det Radikale Venstre - Danish Social-Liberal Party,Det Radikale Venstre,Enhedslisten - Unity List - The Red-Green Alliance,Enhedslisten / De Rød-Grønne,different,1
DK,Det Radikale Venstre - The Radical Liberal Party,Det Radikale Venstre,Enhedslisten - Unity List - The Red-Green Alliance,Enhedslisten / De Rød-Grønne,different,2
DK,Det Radikale Venstre,Det Radikale Venstre,Det Konservative Folkeparti,Konservative Folkeparti,different,4
DK,Det Radikale Venstre - Danish Social-Liberal Party,Det Radikale Venstre,Det Konservative Folkeparti - Conservative,Konservative Folkeparti,different,4
DK,Det Radikale Venstre - The Radical Liberal Party,Det Radikale Venstre,Det Konservative Folkeparti - Conservative People's Party,Konservative Folkeparti,different,2
DK,Det Radikale Venstre,Det Radikale Venstre,Kristeligt Folkeparti,Kristeligt Folkeparti / Kristendemokraterne,different,3
DK,Det Radikale Venstre,Det Radikale Venstre,Kristendemokraterne,Kristeligt Folkeparti / Kristendemokraterne,different,1
DK,Det Radikale Venstre,Det Radikale Venstre,Socialdemokratiet,Socialdemokraterne,different,12
DK,Det Radikale Venstre - Danish Social-Liberal Party,Det Radikale Venstre,Socialdemokraterne - the Danish social democrats,Socialdemokraterne,different,6
DK,Det Radikale Venstre - Danish Social-Liberal Party,Det Radikale Venstre,Socialdemokraterne - the Danish social democtrats,Socialdemokraterne,different,4
DK,Det Radikale Venstre - The Radical Liberal Party,Det Radikale Venstre,Socialdemokratiet - The Social democrats,Socialdemokraterne,different,5
DK,Det Radikale Venstre,Det Radikale Venstre,Socialistisk Folkeparti,Socialistisk Folkeparti,different,6
DK,Det Radikale Venstre - Danish Social-Liberal Party,Det Radikale Venstre,SF Socialistisk Folkeparti - Socialist People's Party,Socialistisk Folkeparti,different,3
DK,Det Radikale Venstre - Danish Social-Liberal Party,Det Radikale Venstre,SF- Socialistisk Folkeparti - the Socialist People's Party,Socialistisk Folkeparti,different,4
DK,Det Radikale Venstre - The Radical Liberal Party,Det Radikale Venstre,SF Socialistisk Folkeparti - Socialist People's Party,Socialistisk Folkeparti,different,1
DK,Det Radikale Venstre,Det Radikale Venstre,Venstre,Venstre,different,12
DK,Det Radikale Venstre - Danish Social-Liberal Party,Det Radikale Venstre,"Venstre, Danmarks Liberale Parti - Venstre",Venstre,different,8
DK,Det Radikale Venstre - The Radical Liberal Party,Det Radikale Venstre,"Venstre, Danmarks Liberale Parti - The Liberal Party",Venstre,different,4
DK,Det Radikale Venstre - Danish Social-Liberal Party,Det Radikale Venstre,Liberal Alliance - Liberal Alliance,[Ny] Liberal Alliance,different,1
DK,Det Radikale Venstre - Danish Social-Liberal Party,Det Radikale Venstre,Ny Alliance - New alliance,[Ny] Liberal Alliance,different,6
DK,Det Radikale Venstre,Det Radikale Venstre,Other,other,unmatchable,2
DK,Det Radikale Venstre - The Radical Liberal Party,Det Radikale Venstre,Other,other,unmatchable,1
DK,Enhedslisten - Unity List - The Red-Green Alliance,Enhedslisten / De Rød-Grønne,Dansk Folkeparti - Danish People's Party,Dansk Folkeparti,different,1
DK,"Enhedslisten, De Rød-Grønne - The Red-Green Alliance",Enhedslisten / De Rød-Grønne,Dansk Folkeparti - Danish peoples party,Dansk Folkeparti,different,1
DK,Enhedslisten,Enhedslisten / De Rød-Grønne,Det Radikale Venstre,Det Radikale Venstre,different,3
DK,Enhedslisten - Unity List - The Red-Green Alliance,Enhedslisten / De Rød-Grønne,Det Radikale Venstre - Danish Social-Liberal Party,Det Radikale Venstre,different,1
DK,"Enhedslisten, De Rød-Grønne - The Red-Green Alliance",Enhedslisten / De Rød-Grønne,Det Radikale Venstre - Danish Social-Liberal Party,Det Radikale Venstre,different,2
DK,Enhedslisten,Enhedslisten / De Rød-Grønne,Enhedslisten,Enhedslisten / De Rød-Grønne,same,57
DK,Enhedslisten - Unity List - The Red-Green Alliance,Enhedslisten / De Rød-Grønne,Enhedslisten - Unity List - The Red-Green Alliance,Enhedslisten / De Rød-Grønne,same,164
DK,"Enhedslisten, De Rød-Grønne - The Red-Green Alliance",Enhedslisten / De Rød-Grønne,"Enhedslisten, De Rød-Grønne - The Red-Green Alliance",Enhedslisten / De Rød-Grønne,same,32
DK,Enhedslisten,Enhedslisten / De Rød-Grønne,Fremskridtspartiet,Fremskridtspartiet,different,1
DK,Enhedslisten,Enhedslisten / De Rød-Grønne,Kristeligt Folkeparti,Kristeligt Folkeparti / Kristendemokraterne,different,1
DK,Enhedslisten,Enhedslisten / De Rød-Grønne,Socialdemokratiet,Socialdemokraterne,different,3
DK,Enhedslisten - Unity List - The Red-Green Alliance,Enhedslisten / De Rød-Grønne,Socialdemokraterne - the Danish social democrats,Socialdemokraterne,different,22
DK,Enhedslisten - Unity List - The Red-Green Alliance,Enhedslisten / De Rød-Grønne,Socialdemokratiet - The Social democrats,Socialdemokraterne,different,2
DK,"Enhedslisten, De Rød-Grønne - The Red-Green Alliance",Enhedslisten / De Rød-Grønne,Socialdemokraterne - the Danish social democtrats,Socialdemokraterne,different,1
DK,Enhedslisten,Enhedslisten / De Rød-Grønne,Socialistisk Folkeparti,Socialistisk Folkeparti,different,3
DK,Enhedslisten - Unity List - The Red-Green Alliance,Enhedslisten / De Rød-Grønne,SF Socialistisk Folkeparti - Socialist People's Party,Socialistisk Folkeparti,different,30
DK,"Enhedslisten, De Rød-Grønne - The Red-Green Alliance",Enhedslisten / De Rød-Grønne,SF- Socialistisk Folkeparti - the Socialist People's Party,Socialistisk Folkeparti,different,6
DK,Enhedslisten - Unity List - The Red-Green Alliance,Enhedslisten / De Rød-Grønne,"Venstre, Danmarks Liberale Parti - The Liberal Party",Venstre,different,1
DK,Enhedslisten - Unity List - The Red-Green Alliance,Enhedslisten / De Rød-Grønne,"Venstre, Danmarks Liberale Parti - Venstre",Venstre,different,1
DK,Enhedslisten,Enhedslisten / De Rød-Grønne,Other,other,unmatchable,1
DK,Enhedslisten - Unity List - The Red-Green Alliance,Enhedslisten / De Rød-Grønne,Other,other,unmatchable,2
DK,Fremskridtspartiet,Fremskridtspartiet,Dansk Folkeparti,Dansk Folkeparti,different,1
DK,Fremskridtspartiet,Fremskridtspartiet,Fremskridtspartiet,Fremskridtspartiet,same,7
DK,Fremskridtspartiet,Fremskridtspartiet,Kristeligt Folkeparti,Kristeligt Folkeparti / Kristendemokraterne,different,1
DK,Fremskridtspartiet,Fremskridtspartiet,Venstre,Venstre,different,3
DK,Det Konservative Folkeparti,Konservative Folkeparti,Dansk Folkeparti,Dansk Folkeparti,different,5
DK,Det Konservative Folkeparti - Conservative,Konservative Folkeparti,Dansk Folkeparti - Danish peoples party,Dansk Folkeparti,different,4
DK,Det Konservative Folkeparti,Konservative Folkeparti,Det Radikale Venstre,Det Radikale Venstre,different,1
DK,Det Konservative Folkeparti - Conservative,Konservative Folkeparti,Det Radikale Venstre - Danish Social-Liberal Party,Det Radikale Venstre,different,8
DK,Det Konservative Folkeparti - Conservative People's Party,Konservative Folkeparti,Det Radikale Venstre - The Radical Liberal Party,Det Radikale Venstre,different,1
DK,Det Konservative Folkeparti,Konservative Folkeparti,Det Konservative Folkeparti,Konservative Folkeparti,same,164
DK,Det Konservative Folkeparti - Conservative,Konservative Folkeparti,Det Konservative Folkeparti - Conservative,Konservative Folkeparti,same,214
DK,Det Konservative Folkeparti - Conservative People's Party,Konservative Folkeparti,Det Konservative Folkeparti - Conservative People's Party,Konservative Folkeparti,same,31
DK,Det Konservative Folkeparti,Konservative Folkeparti,Kristeligt Folkeparti,Kristeligt Folkeparti / Kristendemokraterne,different,1
DK,Det Konservative Folkeparti,Konservative Folkeparti,Kristendemokraterne,Kristeligt Folkeparti / Kristendemokraterne,different,1
DK,Det Konservative Folkeparti - Conservative,Konservative Folkeparti,Kristendemokraterne - Christian democrats,Kristeligt Folkeparti / Kristendemokraterne,different,1
DK,Det Konservative Folkeparti - Conservative,Konservative Folkeparti,Kristendemokraterne - Christian democtrats,Kristeligt Folkeparti / Kristendemokraterne,different,1
DK,Det Konservative Folkeparti,Konservative Folkeparti,Socialdemokratiet,Socialdemokraterne,different,1
DK,Det Konservative Folkeparti - Conservative,Konservative Folkeparti,Socialdemokraterne - the Danish social democrats,Socialdemokraterne,different,1
DK,Det Konservative Folkeparti - Conservative People's Party,Konservative Folkeparti,Socialdemokratiet - The Social democrats,Socialdemokraterne,different,2
DK,Det Konservative Folkeparti,Konservative Folkeparti,Socialistisk Folkeparti,Socialistisk Folkeparti,different,1
DK,Det Konservative Folkeparti - Conservative,Konservative Folkeparti,SF Socialistisk Folkeparti - Socialist People's Party,Socialistisk Folkeparti,different,2
DK,Det Konservative Folkeparti - Conservative,Konservative Folkeparti,SF- Socialistisk Folkeparti - the Socialist People's Party,Socialistisk Folkeparti,different,1
DK,Det Konservative Folkeparti,Konservative Folkeparti,Venstre,Venstre,different,26
DK,Det Konservative Folkeparti - Conservative,Konservative Folkeparti,"Venstre, Danmarks Liberale Parti - Venstre",Venstre,different,16
DK,Det Konservative Folkeparti - Conservative People's Party,Konservative Folkeparti,"Venstre, Danmarks Liberale Parti - The Liberal Party",Venstre,different,4
DK,Det Konservative Folkeparti - Conservative,Konservative Folkeparti,Liberal Alliance - Liberal Alliance,[Ny] Liberal Alliance,different,1
DK,Det Konservative Folkeparti - Conservative,Konservative Folkeparti,Ny Alliance - New alliance,[Ny] Liberal Alliance,different,3
DK,Det Konservative Folkeparti - Conservative People's Party,Konservative Folkeparti,Liberal Alliance - Liberal Alliance,[Ny] Liberal Alliance,different,2
DK,Det Konservative Folkeparti,Konservative Folkeparti,Other,other,unmatchable,1
DK,Det Konservative Folkeparti - Conservative,Konservative Folkeparti,Andet - other,other,unmatchable,1
DK,Kristendemokraterne,Kristeligt Folkeparti / Kristendemokraterne,Dansk Folkeparti,Dansk Folkeparti,different,1
DK,Kristendemokraterne - Christian democrats,Kristeligt Folkeparti / Kristendemokraterne,Dansk Folkeparti - Danish peoples party,Dansk Folkeparti,different,1
DK,Kristeligt Folkeparti,Kristeligt Folkeparti / Kristendemokraterne,Det Radikale Venstre,Det Radikale Venstre,different,1
DK,Kristeligt Folkeparti,Kristeligt Folkeparti / Kristendemokraterne,Det Konservative Folkeparti,Konservative Folkeparti,different,1
DK,Kristendemokraterne - Christian democtrats,Kristeligt Folkeparti / Kristendemokraterne,Det Konservative Folkeparti - Conservative,Konservative Folkeparti,different,1
DK,Kristeligt Folkeparti,Kristeligt Folkeparti / Kristendemokraterne,Kristeligt Folkeparti,Kristeligt Folkeparti / Kristendemokraterne,same,27
DK,Kristendemokraterne,Kristeligt Folkeparti / Kristendemokraterne,Kristendemokraterne,Kristeligt Folkeparti / Kristendemokraterne,same,13
DK,Kristendemokraterne - Christian Democrats,Kristeligt Folkeparti / Kristendemokraterne,Kristendemokraterne - Christian Democrats,Kristeligt Folkeparti / Kristendemokraterne,same,9
DK,Kristendemokraterne - Christian democrats,Kristeligt Folkeparti / Kristendemokraterne,Kristendemokraterne - Christian democrats,Kristeligt Folkeparti / Kristendemokraterne,same,14
DK,Kristendemokraterne - Christian democtrats,Kristeligt Folkeparti / Kristendemokraterne,Kristendemokraterne - Christian democtrats,Kristeligt Folkeparti / Kristendemokraterne,same,10
DK,Kristendemokraterne,Kristeligt Folkeparti / Kristendemokraterne,Socialdemokratiet,Socialdemokraterne,different,1
DK,Kristendemokraterne - Christian democrats,Kristeligt Folkeparti / Kristendemokraterne,Socialdemokraterne - the Danish social democrats,Socialdemokraterne,different,1
DK,Kristendemokraterne - Christian democtrats,Kristeligt Folkeparti / Kristendemokraterne,Socialdemokraterne - the Danish social democtrats,Socialdemokraterne,different,1
DK,Kristeligt Folkeparti,Kristeligt Folkeparti / Kristendemokraterne,Venstre,Venstre,different,4
DK,Kristendemokraterne,Kristeligt Folkeparti / Kristendemokraterne,Venstre,Venstre,different,1
DK,Kristendemokraterne - Christian democrats,Kristeligt Folkeparti / Kristendemokraterne,"Venstre, Danmarks Liberale Parti - Venstre",Venstre,different,5
DK,Socialdemokratiet - The Social democrats,Socialdemokraterne,Alternativet - The Alternative,Alternativet,different,4
DK,Socialdemokratiet,Socialdemokraterne,Centrum-Demokraterne,Centrumdemokraterne,different,3
DK,Socialdemokraterne - the Danish social democrats,Socialdemokraterne,Dansk Folkeparti - Danish peoples party,Dansk Folkeparti,different,2
DK,Socialdemokraterne - the Danish social democtrats,Socialdemokraterne,Dansk Folkeparti - Danish peoples party,Dansk Folkeparti,different,8
DK,Socialdemokratiet,Socialdemokraterne,Dansk Folkeparti,Dansk Folkeparti,different,13
DK,Socialdemokratiet - The Social democrats,Socialdemokraterne,Dansk Folkeparti - Danish People's Party,Dansk Folkeparti,different,5
DK,Socialdemokraterne - the Danish social democrats,Socialdemokraterne,Det Radikale Venstre - Danish Social-Liberal Party,Det Radikale Venstre,different,14
DK,Socialdemokraterne - the Danish social democtrats,Socialdemokraterne,Det Radikale Venstre - Danish Social-Liberal Party,Det Radikale Venstre,different,6
DK,Socialdemokratiet,Socialdemokraterne,Det Radikale Venstre,Det Radikale Venstre,different,18
DK,Socialdemokratiet - The Social democrats,Socialdemokraterne,Det Radikale Venstre - The Radical Liberal Party,Det Radikale Venstre,different,3
DK,Socialdemokraterne - the Danish social democrats,Socialdemokraterne,Enhedslisten - Unity List - The Red-Green Alliance,Enhedslisten / De Rød-Grønne,different,6
DK,Socialdemokratiet,Socialdemokraterne,Enhedslisten,Enhedslisten / De Rød-Grønne,different,1
DK,Socialdemokratiet - The Social democrats,Socialdemokraterne,Enhedslisten - Unity List - The Red-Green Alliance,Enhedslisten / De Rød-Grønne,different,3
DK,Socialdemokratiet,Socialdemokraterne,Fremskridtspartiet,Fremskridtspartiet,different,3
DK,Socialdemokraterne - the Danish social democrats,Socialdemokraterne,Det Konservative Folkeparti - Conservative,Konservative Folkeparti,different,1
DK,Socialdemokraterne - the Danish social democtrats,Socialdemokraterne,Det Konservative Folkeparti - Conservative,Konservative Folkeparti,different,2
DK,Socialdemokratiet,Socialdemokraterne,Det Konservative Folkeparti,Konservative Folkeparti,different,6
DK,Socialdemokratiet - The Social democrats,Socialdemokraterne,Det Konservative Folkeparti - Conservative People's Party,Konservative Folkeparti,different,2
DK,Socialdemokraterne - the Danish social democtrats,Socialdemokraterne,Kristendemokraterne - Christian democtrats,Kristeligt Folkeparti / Kristendemokraterne,different,3
DK,Socialdemokratiet,Socialdemokraterne,Kristeligt Folkeparti,Kristeligt Folkeparti / Kristendemokraterne,different,1
DK,Socialdemokratiet,Socialdemokraterne,Kristendemokraterne,Kristeligt Folkeparti / Kristendemokraterne,different,2
DK,Socialdemokraterne - the Danish social democrats,Socialdemokraterne,Socialdemokraterne - the Danish social democrats,Socialdemokraterne,same,358
DK,Socialdemokraterne - the Danish social democtrats,Socialdemokraterne,Socialdemokraterne - the Danish social democtrats,Socialdemokraterne,same,483
DK,Socialdemokratiet,Socialdemokraterne,Socialdemokratiet,Socialdemokraterne,same,733
DK,Socialdemokratiet - The Social democrats,Socialdemokraterne,Socialdemokratiet - The Social democrats,Socialdemokraterne,same,235
DK,Socialdemokraterne - the Danish social democrats,Socialdemokraterne,SF Socialistisk Folkeparti - Socialist People's Party,Socialistisk Folkeparti,different,9
DK,Socialdemokraterne - the Danish social democtrats,Socialdemokraterne,SF- Socialistisk Folkeparti - the Socialist People's Party,Socialistisk Folkeparti,different,21
DK,Socialdemokratiet,Socialdemokraterne,Socialistisk Folkeparti,Socialistisk Folkeparti,different,14
DK,Socialdemokratiet - The Social democrats,Socialdemokraterne,SF Socialistisk Folkeparti - Socialist People's Party,Socialistisk Folkeparti,different,4
DK,Socialdemokraterne - the Danish social democrats,Socialdemokraterne,"Venstre, Danmarks Liberale Parti - Venstre",Venstre,different,4
DK,Socialdemokraterne - the Danish social democtrats,Socialdemokraterne,"Venstre, Danmarks Liberale Parti - Venstre",Venstre,different,8
DK,Socialdemokratiet,Socialdemokraterne,Venstre,Venstre,different,28
DK,Socialdemokratiet - The Social democrats,Socialdemokraterne,"Venstre, Danmarks Liberale Parti - The Liberal Party",Venstre,different,7
DK,Socialdemokraterne - the Danish social democrats,Socialdemokraterne,Liberal Alliance - Liberal Alliance,[Ny] Liberal Alliance,different,1
DK,Socialdemokraterne - the Danish social democtrats,Socialdemokraterne,Ny Alliance - New alliance,[Ny] Liberal Alliance,different,5
DK,Socialdemokratiet - The Social democrats,Socialdemokraterne,Liberal Alliance - Liberal Alliance,[Ny] Liberal Alliance,different,2
DK,Socialdemokraterne - the Danish social democrats,Socialdemokraterne,Andet - other,other,unmatchable,4
DK,Socialdemokraterne - the Danish social democtrats,Socialdemokraterne,Andet - other,other,unmatchable,1
DK,Socialdemokratiet,Socialdemokraterne,Other,other,unmatchable,3
DK,SF Socialistisk Folkeparti - Socialist People's Party,Socialistisk Folkeparti,Alternativet - The Alternative,Alternativet,different,2
DK,SF Socialistisk Folkeparti - Socialist People's Party,Socialistisk Folkeparti,Dansk Folkeparti - Danish People's Party,Dansk Folkeparti,different,4
DK,SF- Socialistisk Folkeparti - the Socialist People's Party,Socialistisk Folkeparti,Dansk Folkeparti - Danish peoples party,Dansk Folkeparti,different,7
DK,Socialistisk Folkeparti,Socialistisk Folkeparti,Dansk Folkeparti,Dansk Folkeparti,different,7
DK,SF Socialistisk Folkeparti - Socialist People's Party,Socialistisk Folkeparti,Det Radikale Venstre - Danish Social-Liberal Party,Det Radikale Venstre,different,4
DK,SF Socialistisk Folkeparti - Socialist People's Party,Socialistisk Folkeparti,Det Radikale Venstre - The Radical Liberal Party,Det Radikale Venstre,different,1
DK,SF- Socialistisk Folkeparti - the Socialist People's Party,Socialistisk Folkeparti,Det Radikale Venstre - Danish Social-Liberal Party,Det Radikale Venstre,different,9
DK,Socialistisk Folkeparti,Socialistisk Folkeparti,Det Radikale Venstre,Det Radikale Venstre,different,6
DK,SF Socialistisk Folkeparti - Socialist People's Party,Socialistisk Folkeparti,Enhedslisten - Unity List - The Red-Green Alliance,Enhedslisten / De Rød-Grønne,different,15
DK,SF- Socialistisk Folkeparti - the Socialist People's Party,Socialistisk Folkeparti,"Enhedslisten, De Rød-Grønne - The Red-Green Alliance",Enhedslisten / De Rød-Grønne,different,6
DK,Socialistisk Folkeparti,Socialistisk Folkeparti,Enhedslisten,Enhedslisten / De Rød-Grønne,different,8
DK,SF Socialistisk Folkeparti - Socialist People's Party,Socialistisk Folkeparti,Det Konservative Folkeparti - Conservative,Konservative Folkeparti,different,1
DK,SF- Socialistisk Folkeparti - the Socialist People's Party,Socialistisk Folkeparti,Det Konservative Folkeparti - Conservative,Konservative Folkeparti,different,2
DK,Socialistisk Folkeparti,Socialistisk Folkeparti,Det Konservative Folkeparti,Konservative Folkeparti,different,1
DK,SF- Socialistisk Folkeparti - the Socialist People's Party,Socialistisk Folkeparti,Kristendemokraterne - Christian democtrats,Kristeligt Folkeparti / Kristendemokraterne,different,1
DK,SF Socialistisk Folkeparti - Socialist People's Party,Socialistisk Folkeparti,Socialdemokraterne - the Danish social democrats,Socialdemokraterne,different,18
DK,SF Socialistisk Folkeparti - Socialist People's Party,Socialistisk Folkeparti,Socialdemokratiet - The Social democrats,Socialdemokraterne,different,9
DK,SF- Socialistisk Folkeparti - the Socialist People's Party,Socialistisk Folkeparti,Socialdemokraterne - the Danish social democtrats,Socialdemokraterne,different,32
DK,Socialistisk Folkeparti,Socialistisk Folkeparti,Socialdemokratiet,Socialdemokraterne,different,42
DK,SF Socialistisk Folkeparti - Socialist People's Party,Socialistisk Folkeparti,SF Socialistisk Folkeparti - Socialist People's Party,Socialistisk Folkeparti,same,170
DK,SF- Socialistisk Folkeparti - the Socialist People's Party,Socialistisk Folkeparti,SF- Socialistisk Folkeparti - the Socialist People's Party,Socialistisk Folkeparti,same,299
DK,Socialistisk Folkeparti,Socialistisk Folkeparti,Socialistisk Folkeparti,Socialistisk Folkeparti,same,222
DK,SF- Socialistisk Folkeparti - the Socialist People's Party,Socialistisk Folkeparti,"Venstre, Danmarks Liberale Parti - Venstre",Venstre,different,6
DK,Socialistisk Folkeparti,Socialistisk Folkeparti,Venstre,Venstre,different,6
DK,SF- Socialistisk Folkeparti - the Socialist People's Party,Socialistisk Folkeparti,Ny Alliance - New alliance,[Ny] Liberal Alliance,different,2
DK,SF- Socialistisk Folkeparti - the Socialist People's Party,Socialistisk Folkeparti,Andet - other,other,unmatchable,1
DK,Socialistisk Folkeparti,Socialistisk Folkeparti,Other,other,unmatchable,3
DK,Venstre,Venstre,Centrum-Demokraterne,Centrumdemokraterne,different,6
DK,Venstre,Venstre,Dansk Folkeparti,Dansk Folkeparti,different,10
DK,"Venstre, Danmarks Liberale Parti - The Liberal Party",Venstre,Dansk Folkeparti - Danish People's Party,Dansk Folkeparti,different,6
DK,"Venstre, Danmarks Liberale Parti - Venstre",Venstre,Dansk Folkeparti - Danish peoples party,Dansk Folkeparti,different,19
DK,Venstre,Venstre,Det Radikale Venstre,Det Radikale Venstre,different,3
DK,"Venstre, Danmarks Liberale Parti - The Liberal Party",Venstre,Det Radikale Venstre - The Radical Liberal Party,Det Radikale Venstre,different,1
DK,"Venstre, Danmarks Liberale Parti - Venstre",Venstre,Det Radikale Venstre - Danish Social-Liberal Party,Det Radikale Venstre,different,15
DK,"Venstre, Danmarks Liberale Parti - The Liberal Party",Venstre,Enhedslisten - Unity List - The Red-Green Alliance,Enhedslisten / De Rød-Grønne,different,1
DK,Venstre,Venstre,Fremskridtspartiet,Fremskridtspartiet,different,1
DK,Venstre,Venstre,Det Konservative Folkeparti,Konservative Folkeparti,different,13
DK,"Venstre, Danmarks Liberale Parti - The Liberal Party",Venstre,Det Konservative Folkeparti - Conservative People's Party,Konservative Folkeparti,different,1
DK,"Venstre, Danmarks Liberale Parti - Venstre",Venstre,Det Konservative Folkeparti - Conservative,Konservative Folkeparti,different,24
DK,Venstre,Venstre,Kristeligt Folkeparti,Kristeligt Folkeparti / Kristendemokraterne,different,1
DK,Venstre,Venstre,Kristendemokraterne,Kristeligt Folkeparti / Kristendemokraterne,different,1
DK,"Venstre, Danmarks Liberale Parti - Venstre",Venstre,Kristendemokraterne - Christian democrats,Kristeligt Folkeparti / Kristendemokraterne,different,1
DK,"Venstre, Danmarks Liberale Parti - Venstre",Venstre,Kristendemokraterne - Christian democtrats,Kristeligt Folkeparti / Kristendemokraterne,different,1
DK,Venstre,Venstre,Socialdemokratiet,Socialdemokraterne,different,11
DK,"Venstre, Danmarks Liberale Parti - The Liberal Party",Venstre,Socialdemokratiet - The Social democrats,Socialdemokraterne,different,1
DK,"Venstre, Danmarks Liberale Parti - Venstre",Venstre,Socialdemokraterne - the Danish social democrats,Socialdemokraterne,different,3
DK,"Venstre, Danmarks Liberale Parti - Venstre",Venstre,Socialdemokraterne - the Danish social democtrats,Socialdemokraterne,different,3
DK,Venstre,Venstre,Venstre,Venstre,same,792
DK,"Venstre, Danmarks Liberale Parti - The Liberal Party",Venstre,"Venstre, Danmarks Liberale Parti - The Liberal Party",Venstre,same,199
DK,"Venstre, Danmarks Liberale Parti - Venstre",Venstre,"Venstre, Danmarks Liberale Parti - Venstre",Venstre,same,944
DK,"Venstre, Danmarks Liberale Parti - The Liberal Party",Venstre,Liberal Alliance - Liberal Alliance,[Ny] Liberal Alliance,different,3
DK,"Venstre, Danmarks Liberale Parti - Venstre",Venstre,Liberal Alliance - Liberal Alliance,[Ny] Liberal Alliance,different,9
DK,"Venstre, Danmarks Liberale Parti - Venstre",Venstre,Ny Alliance - New alliance,[Ny] Liberal Alliance,different,4
DK,"Venstre, Danmarks Liberale Parti - The Liberal Party",Venstre,Other,other,unmatchable,1
DK,"Venstre, Danmarks Liberale Parti - Venstre",Venstre,Andet - other,other,unmatchable,5
DK,Liberal Alliance - Liberal Alliance,[Ny] Liberal Alliance,Alternativet - The Alternative,Alternativet,different,1
DK,Liberal Alliance - Liberal Alliance,[Ny] Liberal Alliance,Dansk Folkeparti - Danish peoples party,Dansk Folkeparti,different,3
DK,Liberal Alliance - Liberal Alliance,[Ny] Liberal Alliance,Det Radikale Venstre - Danish Social-Liberal Party,Det Radikale Venstre,different,1
DK,Ny Alliance - New alliance,[Ny] Liberal Alliance,Det Radikale Venstre - Danish Social-Liberal Party,Det Radikale Venstre,different,1
DK,Liberal Alliance - Liberal Alliance,[Ny] Liberal Alliance,Enhedslisten - Unity List - The Red-Green Alliance,Enhedslisten / De Rød-Grønne,different,1
DK,Liberal Alliance - Liberal Alliance,[Ny] Liberal Alliance,Det Konservative Folkeparti - Conservative,Konservative Folkeparti,different,3
DK,Liberal Alliance - Liberal Alliance,[Ny] Liberal Alliance,Det Konservative Folkeparti - Conservative People's Party,Konservative Folkeparti,different,2
DK,Ny Alliance - New alliance,[Ny] Liberal Alliance,Det Konservative Folkeparti - Conservative,Konservative Folkeparti,different,9
DK,Liberal Alliance - Liberal Alliance,[Ny] Liberal Alliance,Socialdemokraterne - the Danish social democrats,Socialdemokraterne,different,1
DK,Liberal Alliance - Liberal Alliance,[Ny] Liberal Alliance,Socialdemokratiet - The Social democrats,Socialdemokraterne,different,1
DK,Liberal Alliance - Liberal Alliance,[Ny] Liberal Alliance,SF Socialistisk Folkeparti - Socialist People's Party,Socialistisk Folkeparti,different,2
DK,Liberal Alliance - Liberal Alliance,[Ny] Liberal Alliance,"Venstre, Danmarks Liberale Parti - The Liberal Party",Venstre,different,4
DK,Liberal Alliance - Liberal Alliance,[Ny] Liberal Alliance,"Venstre, Danmarks Liberale Parti - Venstre",Venstre,different,8
DK,Ny Alliance - New alliance,[Ny] Liberal Alliance,"Venstre, Danmarks Liberale Parti - Venstre",Venstre,different,6
DK,Liberal Alliance - Liberal Alliance,[Ny] Liberal Alliance,Liberal Alliance - Liberal Alliance,[Ny] Liberal Alliance,same,64
DK,Ny Alliance - New alliance,[Ny] Liberal Alliance,Ny Alliance - New alliance,[Ny] Liberal Alliance,same,8
DK,NA,dont-know,Alternativet - The Alternative,Alternativet,unmatchable,1
DK,NA,dont-know,Dansk Folkeparti - Danish peoples party,Dansk Folkeparti,unmatchable,3
DK,NA,dont-know,Det Radikale Venstre - Danish Social-Liberal Party,Det Radikale Venstre,unmatchable,4
DK,NA,dont-know,Enhedslisten,Enhedslisten / De Rød-Grønne,unmatchable,1
DK,NA,dont-know,Enhedslisten - Unity List - The Red-Green Alliance,Enhedslisten / De Rød-Grønne,unmatchable,2
DK,NA,dont-know,Det Konservative Folkeparti - Conservative People's Party,Konservative Folkeparti,unmatchable,1
DK,NA,dont-know,Kristendemokraterne - Christian Democrats,Kristeligt Folkeparti / Kristendemokraterne,unmatchable,1
DK,NA,dont-know,Kristendemokraterne - Christian democtrats,Kristeligt Folkeparti / Kristendemokraterne,unmatchable,1
DK,NA,dont-know,Socialdemokraterne - the Danish social democrats,Socialdemokraterne,unmatchable,4
DK,NA,dont-know,Socialdemokraterne - the Danish social democtrats,Socialdemokraterne,unmatchable,1
DK,NA,dont-know,Socialdemokratiet,Socialdemokraterne,unmatchable,2
DK,NA,dont-know,Socialdemokratiet - The Social democrats,Socialdemokraterne,unmatchable,1
DK,NA,dont-know,SF Socialistisk Folkeparti - Socialist People's Party,Socialistisk Folkeparti,unmatchable,2
DK,NA,dont-know,Socialistisk Folkeparti,Socialistisk Folkeparti,unmatchable,1
DK,NA,dont-know,Venstre,Venstre,unmatchable,2
DK,NA,dont-know,"Venstre, Danmarks Liberale Parti - Venstre",Venstre,unmatchable,4
DK,NA,dont-know,Other,other,unmatchable,1
DK,Other,other,Alternativet - The Alternative,Alternativet,unmatchable,1
DK,Other,other,Dansk Folkeparti - Danish People's Party,Dansk Folkeparti,unmatchable,6
DK,Andet - other,other,Det Radikale Venstre - Danish Social-Liberal Party,Det Radikale Venstre,unmatchable,3
DK,Other,other,Det Radikale Venstre,Det Radikale Venstre,unmatchable,1
DK,Other,other,Enhedslisten,Enhedslisten / De Rød-Grønne,unmatchable,1
DK,Andet - other,other,Det Konservative Folkeparti - Conservative,Konservative Folkeparti,unmatchable,1
DK,Other,other,Det Konservative Folkeparti,Konservative Folkeparti,unmatchable,1
DK,Other,other,Kristeligt Folkeparti,Kristeligt Folkeparti / Kristendemokraterne,unmatchable,1
DK,Other,other,Socialdemokratiet,Socialdemokraterne,unmatchable,1
DK,Andet - other,other,SF Socialistisk Folkeparti - Socialist People's Party,Socialistisk Folkeparti,unmatchable,1
DK,Other,other,Venstre,Venstre,unmatchable,2
DK,Other,other,Liberal Alliance - Liberal Alliance,[Ny] Liberal Alliance,unmatchable,1
DK,Andet - other,other,Andet - other,other,unmatchable,1
DK,Other,other,Other,other,unmatchable,1
DK,NA,refused,Centrum-Demokraterne,Centrumdemokraterne,unmatchable,1
DK,NA,refused,Det Radikale Venstre - Danish Social-Liberal Party,Det Radikale Venstre,unmatchable,2
DK,NA,refused,Det Radikale Venstre - The Radical Liberal Party,Det Radikale Venstre,unmatchable,1
DK,NA,refused,Det Konservative Folkeparti,Konservative Folkeparti,unmatchable,1
DK,NA,refused,Socialdemokratiet,Socialdemokraterne,unmatchable,1
DK,NA,refused,Socialistisk Folkeparti,Socialistisk Folkeparti,unmatchable,2
DK,NA,refused,Venstre,Venstre,unmatchable,2
DK,NA,refused,"Venstre, Danmarks Liberale Parti - Venstre",Venstre,unmatchable,4
DK,NA,refused,Liberal Alliance - Liberal Alliance,[Ny] Liberal Alliance,unmatchable,1
EE,Eesti Iseseisvuspartei,Eesti Iseseisvuspartei,Eesti Iseseisvuspartei,Eesti Iseseisvuspartei,same,4
EE,Eesti Iseseisvuspartei,Eesti Iseseisvuspartei,Eesti Konservatiivne Rahvaerakond,Eesti Konservatiivne Rahvaerakond,different,1
EE,Eesti Iseseisvuspartei,Eesti Iseseisvuspartei,Eesti Reformierakond,Eesti Reformierakond,different,1
EE,Eesti Iseseisvuspartei,Eesti Iseseisvuspartei,Erakond Isamaa ja Res Publica Liit,Erakond Isamaa ja Res Publica Liit,different,2
EE,Eesti Iseseisvuspartei,Eesti Iseseisvuspartei,Res Publica,Ühendus vabariigi eest / Res Publica,different,1
EE,Eesti Keskerakond,Eesti Keskerakond,Eesti Keskerakond,Eesti Keskerakond,same,1348
EE,Eesti Keskerakond,Eesti Keskerakond,Eesti Konservatiivne Rahvaerakond,Eesti Konservatiivne Rahvaerakond,different,4
EE,Eesti Keskerakond,Eesti Keskerakond,Eesti Reformierakond,Eesti Reformierakond,different,30
EE,Eesti Keskerakond,Eesti Keskerakond,Eesti Vabaerakond,Eesti Vabaerakond,different,1
EE,Eesti Keskerakond,Eesti Keskerakond,Eestimaa Rahvaliit,Eestimaa Rahvalliit,different,10
EE,Eesti Keskerakond,Eesti Keskerakond,Eestimaa Ühendatud Vasakpartei,Eestimaa Ühendatud Vasakpartei,different,1
EE,Eesti Keskerakond,Eesti Keskerakond,Eesti 200,Erakond Eesti 200,different,1
EE,Eesti Keskerakond,Eesti Keskerakond,Erakond Isamaa ja Res Publica Liit,Erakond Isamaa ja Res Publica Liit,different,3
EE,Eesti Keskerakond,Eesti Keskerakond,Erakond Eestimaa Rohelised,Erakonna Eestimaa Rohelised,different,2
EE,Eesti Keskerakond,Eesti Keskerakond,Eestimaa Ühendatud Rahvapartei,Konstitutsioonierakond — Eestimaa Ühendatud Rahvapartei,different,1
EE,Eesti Keskerakond,Eesti Keskerakond,Rahva Ühtsuse Erakond,Rahva Ühtsuse Erakond [og],different,1
EE,Eesti Keskerakond,Eesti Keskerakond,Sotsiaaldemokraatlik Erakond,Sotsiaaldemokraatlik Erakond — Mõõdukad,different,27
EE,Eesti Keskerakond,Eesti Keskerakond,Other,other,unmatchable,5
EE,Eesti Keskerakond,Eesti Keskerakond,Üksikkandidaadid või muud,other,unmatchable,6
EE,Eesti Keskerakond,Eesti Keskerakond,Res Publica,Ühendus vabariigi eest / Res Publica,different,10
EE,Eesti Konservatiivne Rahvaerakond,Eesti Konservatiivne Rahvaerakond,Eesti Iseseisvuspartei,Eesti Iseseisvuspartei,different,1
EE,Eesti Konservatiivne Rahvaerakond,Eesti Konservatiivne Rahvaerakond,Eesti Keskerakond,Eesti Keskerakond,different,21
EE,Eesti Konservatiivne Rahvaerakond,Eesti Konservatiivne Rahvaerakond,Eesti Konservatiivne Rahvaerakond,Eesti Konservatiivne Rahvaerakond,same,204
EE,Eesti Konservatiivne Rahvaerakond,Eesti Konservatiivne Rahvaerakond,Eesti Reformierakond,Eesti Reformierakond,different,22
EE,Eesti Konservatiivne Rahvaerakond,Eesti Konservatiivne Rahvaerakond,Eesti Vabaerakond,Eesti Vabaerakond,different,3
EE,Eesti Konservatiivne Rahvaerakond,Eesti Konservatiivne Rahvaerakond,Eesti 200,Erakond Eesti 200,different,2
EE,Eesti Konservatiivne Rahvaerakond,Eesti Konservatiivne Rahvaerakond,Erakond Isamaa ja Res Publica Liit,Erakond Isamaa ja Res Publica Liit,different,14
EE,Eesti Konservatiivne Rahvaerakond,Eesti Konservatiivne Rahvaerakond,Isamaa Erakond,Erakond Isamaa ja Res Publica Liit,different,2
EE,Eesti Konservatiivne Rahvaerakond,Eesti Konservatiivne Rahvaerakond,Erakond Eestimaa Rohelised,Erakonna Eestimaa Rohelised,different,1
EE,Eesti Konservatiivne Rahvaerakond,Eesti Konservatiivne Rahvaerakond,Sotsiaaldemokraatlik Erakond,Sotsiaaldemokraatlik Erakond — Mõõdukad,different,11
EE,Eesti Konservatiivne Rahvaerakond,Eesti Konservatiivne Rahvaerakond,Üksikkandidaadid,independent,unmatchable,1
EE,Eesti Konservatiivne Rahvaerakond,Eesti Konservatiivne Rahvaerakond,Üksikkandidaadid või muud,other,unmatchable,2
EE,Erakond Eesti Kristlikud Demokraadid,Eesti Kristlikud Demokraadid,Eesti Iseseisvuspartei,Eesti Iseseisvuspartei,different,1
EE,Erakond Eesti Kristlikud Demokraadid,Eesti Kristlikud Demokraadid,Erakond Eesti Kristlikud Demokraadid,Eesti Kristlikud Demokraadid,same,6
EE,Erakond Eesti Kristlikud Demokraadid,Eesti Kristlikud Demokraadid,Eesti Reformierakond,Eesti Reformierakond,different,1
EE,Erakond Eesti Kristlikud Demokraadid,Eesti Kristlikud Demokraadid,Erakond Isamaa ja Res Publica Liit,Erakond Isamaa ja Res Publica Liit,different,2
EE,Erakond Eesti Kristlikud Demokraadid,Eesti Kristlikud Demokraadid,Erakond Eestimaa Rohelised,Erakonna Eestimaa Rohelised,different,1
EE,Eesti Reformierakond,Eesti Reformierakond,Eesti Keskerakond,Eesti Keskerakond,different,30
EE,Eesti Reformierakond,Eesti Reformierakond,Eesti Konservatiivne Rahvaerakond,Eesti Konservatiivne Rahvaerakond,different,4
EE,Eesti Reformierakond,Eesti Reformierakond,Eesti Reformierakond,Eesti Reformierakond,same,1241
EE,Eesti Reformierakond,Eesti Reformierakond,Eesti Vabaerakond,Eesti Vabaerakond,different,8
EE,Eesti Reformierakond,Eesti Reformierakond,Eestimaa Rahvaliit,Eestimaa Rahvalliit,different,7
EE,Eesti Reformierakond,Eesti Reformierakond,Eesti 200,Erakond Eesti 200,different,9
EE,Eesti Reformierakond,Eesti Reformierakond,Erakond Isamaa ja Res Publica Liit,Erakond Isamaa ja Res Publica Liit,different,35
EE,Eesti Reformierakond,Eesti Reformierakond,Isamaa Erakond,Erakond Isamaa ja Res Publica Liit,different,4
EE,Eesti Reformierakond,Eesti Reformierakond,Erakond Eestimaa Rohelised,Erakonna Eestimaa Rohelised,different,3
EE,Eesti Reformierakond,Eesti Reformierakond,Isamaaliit,Isamaaliit,different,3
EE,Eesti Reformierakond,Eesti Reformierakond,Sotsiaaldemokraatlik Erakond,Sotsiaaldemokraatlik Erakond — Mõõdukad,different,32
EE,Eesti Reformierakond,Eesti Reformierakond,Other,other,unmatchable,1
EE,Eesti Reformierakond,Eesti Reformierakond,Üksikkandidaadid või muud,other,unmatchable,6
EE,Eesti Reformierakond,Eesti Reformierakond,Res Publica,Ühendus vabariigi eest / Res Publica,different,18
EE,Eesti Vabaerakond,Eesti Vabaerakond,Eesti Keskerakond,Eesti Keskerakond,different,1
EE,Eesti Vabaerakond,Eesti Vabaerakond,Eesti Konservatiivne Rahvaerakond,Eesti Konservatiivne Rahvaerakond,different,2
EE,Eesti Vabaerakond,Eesti Vabaerakond,Eesti Reformierakond,Eesti Reformierakond,different,3
EE,Eesti Vabaerakond,Eesti Vabaerakond,Eesti Vabaerakond,Eesti Vabaerakond,same,32
EE,Eesti Vabaerakond,Eesti Vabaerakond,Erakond Isamaa ja Res Publica Liit,Erakond Isamaa ja Res Publica Liit,different,2
EE,Eesti Vabaerakond,Eesti Vabaerakond,Sotsiaaldemokraatlik Erakond,Sotsiaaldemokraatlik Erakond — Mõõdukad,different,6
EE,Eesti Vabaerakond,Eesti Vabaerakond,Üksikkandidaadid või muud,other,unmatchable,3
EE,Eestimaa Rahvaliit,Eestimaa Rahvalliit,Eesti Keskerakond,Eesti Keskerakond,different,4
EE,Eestimaa Rahvaliit,Eestimaa Rahvalliit,Eesti Reformierakond,Eesti Reformierakond,different,4
EE,Eestimaa Rahvaliit,Eestimaa Rahvalliit,Eestimaa Rahvaliit,Eestimaa Rahvalliit,same,81
EE,Eestimaa Rahvaliit,Eestimaa Rahvalliit,Erakond Eestimaa Rohelised,Erakonna Eestimaa Rohelised,different,1
EE,Eestimaa Rahvaliit,Eestimaa Rahvalliit,Sotsiaaldemokraatlik Erakond,Sotsiaaldemokraatlik Erakond — Mõõdukad,different,1
EE,Eestimaa Rahvaliit,Eestimaa Rahvalliit,Res Publica,Ühendus vabariigi eest / Res Publica,different,1
EE,Eestimaa Ühendatud Vasakpartei,Eestimaa Ühendatud Vasakpartei,Eesti Keskerakond,Eesti Keskerakond,different,1
EE,Eestimaa Ühendatud Vasakpartei,Eestimaa Ühendatud Vasakpartei,Eestimaa Ühendatud Vasakpartei,Eestimaa Ühendatud Vasakpartei,same,1
EE,Eesti 200,Erakond Eesti 200,Eesti Keskerakond,Eesti Keskerakond,different,4
EE,Eesti 200,Erakond Eesti 200,Eesti Konservatiivne Rahvaerakond,Eesti Konservatiivne Rahvaerakond,different,2
EE,Eesti 200,Erakond Eesti 200,Eesti Reformierakond,Eesti Reformierakond,different,15
EE,Eesti 200,Erakond Eesti 200,Eesti Vabaerakond,Eesti Vabaerakond,different,1
EE,Eesti 200,Erakond Eesti 200,Eesti 200,Erakond Eesti 200,same,50
EE,Eesti 200,Erakond Eesti 200,Isamaa Erakond,Erakond Isamaa ja Res Publica Liit,different,2
EE,Eesti 200,Erakond Eesti 200,Sotsiaaldemokraatlik Erakond,Sotsiaaldemokraatlik Erakond — Mõõdukad,different,6
EE,Eesti 200,Erakond Eesti 200,Üksikkandidaadid,independent,unmatchable,1
EE,Erakond Isamaa ja Res Publica Liit,Erakond Isamaa ja Res Publica Liit,Eesti Keskerakond,Eesti Keskerakond,different,1
EE,Isamaa Erakond,Erakond Isamaa ja Res Publica Liit,Eesti Keskerakond,Eesti Keskerakond,different,6
EE,Isamaa Erakond,Erakond Isamaa ja Res Publica Liit,Eesti Konservatiivne Rahvaerakond,Eesti Konservatiivne Rahvaerakond,different,14
EE,Erakond Isamaa ja Res Publica Liit,Erakond Isamaa ja Res Publica Liit,Erakond Eesti Kristlikud Demokraadid,Eesti Kristlikud Demokraadid,different,1
EE,Erakond Isamaa ja Res Publica Liit,Erakond Isamaa ja Res Publica Liit,Eesti Reformierakond,Eesti Reformierakond,different,33
EE,Isamaa Erakond,Erakond Isamaa ja Res Publica Liit,Eesti Reformierakond,Eesti Reformierakond,different,20
EE,Erakond Isamaa ja Res Publica Liit,Erakond Isamaa ja Res Publica Liit,Eesti Vabaerakond,Eesti Vabaerakond,different,2
EE,Isamaa Erakond,Erakond Isamaa ja Res Publica Liit,Eesti Vabaerakond,Eesti Vabaerakond,different,1
EE,Erakond Isamaa ja Res Publica Liit,Erakond Isamaa ja Res Publica Liit,Eestimaa Rahvaliit,Eestimaa Rahvalliit,different,1
EE,Isamaa Erakond,Erakond Isamaa ja Res Publica Liit,Eesti 200,Erakond Eesti 200,different,7
EE,Erakond Isamaa ja Res Publica Liit,Erakond Isamaa ja Res Publica Liit,Erakond Isamaa ja Res Publica Liit,Erakond Isamaa ja Res Publica Liit,same,382
EE,Isamaa Erakond,Erakond Isamaa ja Res Publica Liit,Isamaa Erakond,Erakond Isamaa ja Res Publica Liit,same,100
EE,Erakond Isamaa ja Res Publica Liit,Erakond Isamaa ja Res Publica Liit,Erakond Eestimaa Rohelised,Erakonna Eestimaa Rohelised,different,7
EE,Erakond Isamaa ja Res Publica Liit,Erakond Isamaa ja Res Publica Liit,Sotsiaaldemokraatlik Erakond,Sotsiaaldemokraatlik Erakond — Mõõdukad,different,10
EE,Isamaa Erakond,Erakond Isamaa ja Res Publica Liit,Sotsiaaldemokraatlik Erakond,Sotsiaaldemokraatlik Erakond — Mõõdukad,different,5
EE,Erakond Isamaa ja Res Publica Liit,Erakond Isamaa ja Res Publica Liit,Üksikkandidaadid või muud,other,unmatchable,1
EE,Erakond Eestimaa Rohelised,Erakonna Eestimaa Rohelised,Eesti Iseseisvuspartei,Eesti Iseseisvuspartei,different,1
EE,Erakond Eestimaa Rohelised,Erakonna Eestimaa Rohelised,Eesti Keskerakond,Eesti Keskerakond,different,4
EE,Erakond Eestimaa Rohelised,Erakonna Eestimaa Rohelised,Eesti Konservatiivne Rahvaerakond,Eesti Konservatiivne Rahvaerakond,different,1
EE,Erakond Eestimaa Rohelised,Erakonna Eestimaa Rohelised,Erakond Eesti Kristlikud Demokraadid,Eesti Kristlikud Demokraadid,different,1
EE,Erakond Eestimaa Rohelised,Erakonna Eestimaa Rohelised,Eesti Reformierakond,Eesti Reformierakond,different,13
EE,Erakond Eestimaa Rohelised,Erakonna Eestimaa Rohelised,Eesti Vabaerakond,Eesti Vabaerakond,different,2
EE,Erakond Eestimaa Rohelised,Erakonna Eestimaa Rohelised,Eestimaa Rahvaliit,Eestimaa Rahvalliit,different,2
EE,Erakond Eestimaa Rohelised,Erakonna Eestimaa Rohelised,Erakond Isamaa ja Res Publica Liit,Erakond Isamaa ja Res Publica Liit,different,7
EE,Erakond Eestimaa Rohelised,Erakonna Eestimaa Rohelised,Isamaa Erakond,Erakond Isamaa ja Res Publica Liit,different,1
EE,Erakond Eestimaa Rohelised,Erakonna Eestimaa Rohelised,Erakond Eestimaa Rohelised,Erakonna Eestimaa Rohelised,same,87
EE,Erakond Eestimaa Rohelised,Erakonna Eestimaa Rohelised,Sotsiaaldemokraatlik Erakond,Sotsiaaldemokraatlik Erakond — Mõõdukad,different,9
EE,Erakond Eestimaa Rohelised,Erakonna Eestimaa Rohelised,Other,other,unmatchable,1
EE,Erakond Eestimaa Rohelised,Erakonna Eestimaa Rohelised,Üksikkandidaadid või muud,other,unmatchable,1
EE,Isamaaliit,Isamaaliit,Eesti Keskerakond,Eesti Keskerakond,different,4
EE,Isamaaliit,Isamaaliit,Eesti Reformierakond,Eesti Reformierakond,different,6
EE,Isamaaliit,Isamaaliit,Eestimaa Rahvaliit,Eestimaa Rahvalliit,different,2
EE,Isamaaliit,Isamaaliit,Isamaaliit,Isamaaliit,same,73
EE,Isamaaliit,Isamaaliit,Sotsiaaldemokraatlik Erakond,Sotsiaaldemokraatlik Erakond — Mõõdukad,different,2
EE,Isamaaliit,Isamaaliit,Res Publica,Ühendus vabariigi eest / Res Publica,different,16
EE,Eestimaa Ühendatud Rahvapartei,Konstitutsioonierakond — Eestimaa Ühendatud Rahvapartei,Eestimaa Ühendatud Rahvapartei,Konstitutsioonierakond — Eestimaa Ühendatud Rahvapartei,same,2
EE,Parempoolsed,Parempoolsed,Eesti Keskerakond,Eesti Keskerakond,different,1
EE,Parempoolsed,Parempoolsed,Eesti Reformierakond,Eesti Reformierakond,different,6
EE,Parempoolsed,Parempoolsed,Eesti 200,Erakond Eesti 200,different,7
EE,Parempoolsed,Parempoolsed,Isamaa Erakond,Erakond Isamaa ja Res Publica Liit,different,3
EE,Parempoolsed,Parempoolsed,Parempoolsed,Parempoolsed,same,9
EE,Parempoolsed,Parempoolsed,Sotsiaaldemokraatlik Erakond,Sotsiaaldemokraatlik Erakond — Mõõdukad,different,2
EE,Sotsiaaldemokraatlik Erakond,Sotsiaaldemokraatlik Erakond — Mõõdukad,Eesti Keskerakond,Eesti Keskerakond,different,39
EE,Sotsiaaldemokraatlik Erakond,Sotsiaaldemokraatlik Erakond — Mõõdukad,Eesti Konservatiivne Rahvaerakond,Eesti Konservatiivne Rahvaerakond,different,4
EE,Sotsiaaldemokraatlik Erakond,Sotsiaaldemokraatlik Erakond — Mõõdukad,Erakond Eesti Kristlikud Demokraadid,Eesti Kristlikud Demokraadid,different,1
EE,Sotsiaaldemokraatlik Erakond,Sotsiaaldemokraatlik Erakond — Mõõdukad,Eesti Reformierakond,Eesti Reformierakond,different,86
EE,Sotsiaaldemokraatlik Erakond,Sotsiaaldemokraatlik Erakond — Mõõdukad,Eesti Vabaerakond,Eesti Vabaerakond,different,3
EE,Sotsiaaldemokraatlik Erakond,Sotsiaaldemokraatlik Erakond — Mõõdukad,Eestimaa Rahvaliit,Eestimaa Rahvalliit,different,5
EE,Sotsiaaldemokraatlik Erakond,Sotsiaaldemokraatlik Erakond — Mõõdukad,Eesti 200,Erakond Eesti 200,different,9
EE,Sotsiaaldemokraatlik Erakond,Sotsiaaldemokraatlik Erakond — Mõõdukad,Erakond Isamaa ja Res Publica Liit,Erakond Isamaa ja Res Publica Liit,different,25
EE,Sotsiaaldemokraatlik Erakond,Sotsiaaldemokraatlik Erakond — Mõõdukad,Isamaa Erakond,Erakond Isamaa ja Res Publica Liit,different,3
EE,Sotsiaaldemokraatlik Erakond,Sotsiaaldemokraatlik Erakond — Mõõdukad,Erakond Eestimaa Rohelised,Erakonna Eestimaa Rohelised,different,8
EE,Sotsiaaldemokraatlik Erakond,Sotsiaaldemokraatlik Erakond — Mõõdukad,Isamaaliit,Isamaaliit,different,3
EE,Sotsiaaldemokraatlik Erakond,Sotsiaaldemokraatlik Erakond — Mõõdukad,Sotsiaaldemokraatlik Erakond,Sotsiaaldemokraatlik Erakond — Mõõdukad,same,559
EE,Sotsiaaldemokraatlik Erakond,Sotsiaaldemokraatlik Erakond — Mõõdukad,Other,other,unmatchable,1
EE,Sotsiaaldemokraatlik Erakond,Sotsiaaldemokraatlik Erakond — Mõõdukad,Üksikkandidaadid või muud,other,unmatchable,6
EE,Sotsiaaldemokraatlik Erakond,Sotsiaaldemokraatlik Erakond — Mõõdukad,Res Publica,Ühendus vabariigi eest / Res Publica,different,11
EE,Vene Erakond Eestis,Vene Erakond Eestis,Vene Erakond Eestis,Vene Erakond Eestis,same,1
EE,NA,dont-know,Eesti Keskerakond,Eesti Keskerakond,unmatchable,5
EE,NA,dont-know,Eesti Konservatiivne Rahvaerakond,Eesti Konservatiivne Rahvaerakond,unmatchable,1
EE,NA,dont-know,Eesti Reformierakond,Eesti Reformierakond,unmatchable,15
EE,NA,dont-know,Eesti 200,Erakond Eesti 200,unmatchable,1
EE,NA,dont-know,Erakond Isamaa ja Res Publica Liit,Erakond Isamaa ja Res Publica Liit,unmatchable,4
EE,NA,dont-know,Isamaa Erakond,Erakond Isamaa ja Res Publica Liit,unmatchable,1
EE,NA,dont-know,Sotsiaaldemokraatlik Erakond,Sotsiaaldemokraatlik Erakond — Mõõdukad,unmatchable,2
EE,NA,dont-know,Üksikkandidaadid või muud,other,unmatchable,2
EE,NA,dont-know,Res Publica,Ühendus vabariigi eest / Res Publica,unmatchable,1
EE,Üksikkandidaadid,independent,Eesti Konservatiivne Rahvaerakond,Eesti Konservatiivne Rahvaerakond,unmatchable,1
EE,Üksikkandidaadid,independent,Eesti Reformierakond,Eesti Reformierakond,unmatchable,1
EE,Üksikkandidaadid,independent,Eesti 200,Erakond Eesti 200,unmatchable,1
EE,Üksikkandidaadid,independent,Üksikkandidaadid,independent,unmatchable,2
EE,Other,other,Eesti Keskerakond,Eesti Keskerakond,unmatchable,3
EE,Other,other,Eesti Konservatiivne Rahvaerakond,Eesti Konservatiivne Rahvaerakond,unmatchable,3
EE,Other,other,Eesti Reformierakond,Eesti Reformierakond,unmatchable,14
EE,Üksikkandidaadid või muud,other,Eesti Reformierakond,Eesti Reformierakond,unmatchable,1
EE,Other,other,Eesti Vabaerakond,Eesti Vabaerakond,unmatchable,4
EE,Other,other,Eestimaa Rahvaliit,Eestimaa Rahvalliit,unmatchable,4
EE,Other,other,Erakond Isamaa ja Res Publica Liit,Erakond Isamaa ja Res Publica Liit,unmatchable,4
EE,Other,other,Isamaa Erakond,Erakond Isamaa ja Res Publica Liit,unmatchable,2
EE,Üksikkandidaadid või muud,other,Erakond Isamaa ja Res Publica Liit,Erakond Isamaa ja Res Publica Liit,unmatchable,1
EE,Üksikkandidaadid või muud,other,Erakond Eestimaa Rohelised,Erakonna Eestimaa Rohelised,unmatchable,1
EE,Other,other,Isamaaliit,Isamaaliit,unmatchable,1
EE,Other,other,Sotsiaaldemokraatlik Erakond,Sotsiaaldemokraatlik Erakond — Mõõdukad,unmatchable,6
EE,Üksikkandidaadid või muud,other,Sotsiaaldemokraatlik Erakond,Sotsiaaldemokraatlik Erakond — Mõõdukad,unmatchable,1
EE,Other,other,Other,other,unmatchable,7
EE,Üksikkandidaadid või muud,other,Üksikkandidaadid või muud,other,unmatchable,9
EE,Other,other,Res Publica,Ühendus vabariigi eest / Res Publica,unmatchable,3
EE,NA,refused,Eesti Keskerakond,Eesti Keskerakond,unmatchable,4
EE,NA,refused,Eesti Konservatiivne Rahvaerakond,Eesti Konservatiivne Rahvaerakond,unmatchable,1
EE,NA,refused,Eesti Reformierakond,Eesti Reformierakond,unmatchable,15
EE,NA,refused,Eesti Vabaerakond,Eesti Vabaerakond,unmatchable,1
EE,NA,refused,Erakond Isamaa ja Res Publica Liit,Erakond Isamaa ja Res Publica Liit,unmatchable,2
EE,NA,refused,Isamaa Erakond,Erakond Isamaa ja Res Publica Liit,unmatchable,1
EE,NA,refused,Erakond Eestimaa Rohelised,Erakonna Eestimaa Rohelised,unmatchable,1
EE,NA,refused,Isamaaliit,Isamaaliit,unmatchable,1
EE,NA,refused,Sotsiaaldemokraatlik Erakond,Sotsiaaldemokraatlik Erakond — Mõõdukad,unmatchable,5
EE,NA,refused,Üksikkandidaadid või muud,other,unmatchable,1
EE,NA,refused,Res Publica,Ühendus vabariigi eest / Res Publica,unmatchable,1
EE,Res Publica,Ühendus vabariigi eest / Res Publica,Eesti Keskerakond,Eesti Keskerakond,different,4
EE,Res Publica,Ühendus vabariigi eest / Res Publica,Eesti Reformierakond,Eesti Reformierakond,different,5
EE,Res Publica,Ühendus vabariigi eest / Res Publica,Isamaaliit,Isamaaliit,different,1
EE,Res Publica,Ühendus vabariigi eest / Res Publica,Res Publica,Ühendus vabariigi eest / Res Publica,same,49
ES,Coalición Canaria-Partido Nacionalista Canario (CC-PNC),Acuerdo de Unidad Nacionalista,Coalición Canaria-Partido Nacionalista Canario (CC-PNC),Acuerdo de Unidad Nacionalista,same,6
ES,Alianza Catalana,Alianza Catalana [og],ERC,Esquerra Republicana de Catalunya,different,2
ES,Alianza Catalana,Alianza Catalana [og],Junts x Cat,Junts per Catalunya,different,1
ES,Partido Popular,Alianza-Partido Popular / Partido Popular,Coalición Canaria-Partido Nacionalista Canario (CC-PNC),Acuerdo de Unidad Nacionalista,different,1
ES,PP,Alianza-Partido Popular / Partido Popular,PP,Alianza-Partido Popular / Partido Popular,same,471
ES,PP,Alianza-Partido Popular / Partido Popular,Partido Popular - PP (con UPN en Navarra),Alianza-Partido Popular / Partido Popular,same,211
ES,Partido Popular,Alianza-Partido Popular / Partido Popular,Partido Popular,Alianza-Partido Popular / Partido Popular,same,459
ES,Partido Popular (PP),Alianza-Partido Popular / Partido Popular,Partido Popular (PP),Alianza-Partido Popular / Partido Popular,same,653
ES,Partido Popular (PP),Alianza-Partido Popular / Partido Popular,Partido Popular - PP (con UPN en Navarra),Alianza-Partido Popular / Partido Popular,same,193
ES,Partido Popular - PP,Alianza-Partido Popular / Partido Popular,Partido Popular - PP,Alianza-Partido Popular / Partido Popular,same,257
ES,PP,Alianza-Partido Popular / Partido Popular,Ciudadanos,Ciudadanos — Partido de la Ciudadanía,different,13
ES,Partido Popular - PP,Alianza-Partido Popular / Partido Popular,Ciudadanos,Ciudadanos — Partido de la Ciudadanía,different,5
ES,PP,Alianza-Partido Popular / Partido Popular,Més Compromis,Coalició Compromís,different,1
ES,PP,Alianza-Partido Popular / Partido Popular,CC-PNC,Coalición Canaria,different,1
ES,Partido Popular (PP),Alianza-Partido Popular / Partido Popular,Coalición Canaria (CC),Coalición Canaria,different,1
ES,Partido Popular - PP,Alianza-Partido Popular / Partido Popular,CC-PCC (Coalición Canaria),Coalición Canaria,different,2
ES,Partido Popular (PP),Alianza-Partido Popular / Partido Popular,Convergència i Unió (CiU),Convergència i Unió,different,1
ES,PP,Alianza-Partido Popular / Partido Popular,EH-Bildu,Euskal Herria Bildu / Reunir Euskal Herria,different,1
ES,Partido Popular (PP),Alianza-Partido Popular / Partido Popular,Izquierda Unida (IU),Izquierda Unida,different,1
ES,PP,Alianza-Partido Popular / Partido Popular,Más País,Más País,different,1
ES,PP,Alianza-Partido Popular / Partido Popular,EAJ-PNV,Partido Nacionalista Vasco — Euzko Alderdi Jeltzalea,different,3
ES,PP,Alianza-Partido Popular / Partido Popular,PSOE,Partido Socialista Obrero Español,different,6
ES,PP,Alianza-Partido Popular / Partido Popular,Partido Socialista Obrero Español (PSOE),Partido Socialista Obrero Español,different,1
ES,Partido Popular,Alianza-Partido Popular / Partido Popular,Partido Socialista Obrero Español (PSOE),Partido Socialista Obrero Español,different,3
ES,Partido Popular (PP),Alianza-Partido Popular / Partido Popular,Partido Socialista Obrero Español (PSOE),Partido Socialista Obrero Español,different,9
ES,Partido Popular - PP,Alianza-Partido Popular / Partido Popular,Partido Socialista Obrero Español - PSOE,Partido Socialista Obrero Español,different,2
ES,PP,Alianza-Partido Popular / Partido Popular,SUMAR,SUMAR [og],different,1
ES,PP,Alianza-Partido Popular / Partido Popular,VOX,Vox,different,18
ES,PP,Alianza-Partido Popular / Partido Popular,Votó en blanco,blank-invalid,unmatchable,1
ES,Partido Popular (PP),Alianza-Partido Popular / Partido Popular,Votó en blanco,blank-invalid,unmatchable,2
ES,AMAIUR,Amaiur,AMAIUR,Amaiur,same,4
ES,AMAIUR-Bildu,Amaiur,AMAIUR,Amaiur,same,10
ES,AMAIUR-Bildu,Amaiur,Votó en blanco,blank-invalid,unmatchable,1
ES,Bloque Nacionalista Galego (BNG),Bloque Nacionalista Galego,Partido Popular (PP),Alianza-Partido Popular / Partido Popular,different,1
ES,BNG,Bloque Nacionalista Galego,BNG,Bloque Nacionalista Galego,same,20
ES,Bloque Nacionalista Galego,Bloque Nacionalista Galego,Bloque Nacionalista Galego,Bloque Nacionalista Galego,same,3
ES,Bloque Nacionalista Galego (BNG),Bloque Nacionalista Galego,Bloque Nacionalista Galego (BNG),Bloque Nacionalista Galego,same,41
ES,Bloque Nacionalista Galego (BNG),Bloque Nacionalista Galego,Coalición Canaria (CC),Coalición Canaria,different,1
ES,BNG,Bloque Nacionalista Galego,ERC,Esquerra Republicana de Catalunya,different,1
ES,Bloque Nacionalista Galego (BNG),Bloque Nacionalista Galego,Esquerra Repubicana de Catalunya (ERC),Esquerra Republicana de Catalunya,different,1
ES,Bloque Nacionalista Galego (BNG),Bloque Nacionalista Galego,Izquierda Unida (IU),Izquierda Unida,different,1
ES,Bloque Nacionalista Galego,Bloque Nacionalista Galego,Más País,Más País,different,1
ES,BNG,Bloque Nacionalista Galego,EAJ-PNV,Partido Nacionalista Vasco — Euzko Alderdi Jeltzalea,different,1
ES,BNG,Bloque Nacionalista Galego,PSOE,Partido Socialista Obrero Español,different,3
ES,Bloque Nacionalista Galego (BNG),Bloque Nacionalista Galego,Partido Socialista Obrero Español (PSOE),Partido Socialista Obrero Español,different,6
ES,CUP,Candidatura d'Unitat Popular,CUP,Candidatura d'Unitat Popular,same,11
ES,Candidatura d´Unitat Popular (CUP),Candidatura d'Unitat Popular,Convergència i Unió (CiU),Convergència i Unió,different,2
ES,Candidatura d´Unitat Popular - CUP,Candidatura d'Unitat Popular,En Comú Podem,En Comú Podem,different,1
ES,CUP,Candidatura d'Unitat Popular,ERC,Esquerra Republicana de Catalunya,different,3
ES,Candidatura d´Unitat Popular (CUP),Candidatura d'Unitat Popular,Esquerra Republicana de Catalunya (ERC),Esquerra Republicana de Catalunya,different,4
ES,Candidatura d´Unitat Popular - CUP,Candidatura d'Unitat Popular,Esquerra Republicana de Catalunya - ERC,Esquerra Republicana de Catalunya,different,1
ES,Candidatura d´Unitat Popular (CUP),Candidatura d'Unitat Popular,Izquierda Unida (IU) - (ICV en Cataluña),Izquierda Unida,different,1
ES,CUP,Candidatura d'Unitat Popular,Junts per Catalunya/PDeCAT,Junts per Catalunya — Partit Demòcrata Europeu Català,different,2
ES,CUP,Candidatura d'Unitat Popular,SUMAR,SUMAR [og],different,1
ES,CUP,Candidatura d'Unitat Popular,Unidas Podemos,Unidas Podemos,different,1
ES,Candidatura d´Unitat Popular - CUP,Candidatura d'Unitat Popular,Unidos Podemos,Unidas Podemos,different,1
ES,Chunta Aragonesista (CHA),Chunta Aragonesista,Chunta Aragonesista (CHA),Chunta Aragonesista,same,6
ES,Chunta Aragonesista (CHA),Chunta Aragonesista,Izquierda Unida (IU),Izquierda Unida,different,1
ES,Chunta Aragonesista (CHA),Chunta Aragonesista,Partido Socialista Obrero Español (PSOE),Partido Socialista Obrero Español,different,1
ES,Ciudadanos,Ciudadanos — Partido de la Ciudadanía,PP,Alianza-Partido Popular / Partido Popular,different,13
ES,Ciudadanos,Ciudadanos — Partido de la Ciudadanía,Partido Popular - PP,Alianza-Partido Popular / Partido Popular,different,9
ES,Ciudadanos,Ciudadanos — Partido de la Ciudadanía,Partido Popular - PP (con UPN en Navarra),Alianza-Partido Popular / Partido Popular,different,32
ES,Foro de Ciudadanos,Ciudadanos — Partido de la Ciudadanía,Partido Popular - PP (con UPN en Navarra),Alianza-Partido Popular / Partido Popular,different,1
ES,Ciudadanos,Ciudadanos — Partido de la Ciudadanía,Ciudadanos,Ciudadanos — Partido de la Ciudadanía,same,162
ES,Foro de Ciudadanos,Ciudadanos — Partido de la Ciudadanía,Compromís - EQUO,Coalició Compromís,different,6
ES,Ciudadanos,Ciudadanos — Partido de la Ciudadanía,Convergència i Unió (CiU),Convergència i Unió,different,1
ES,Foro de Ciudadanos,Ciudadanos — Partido de la Ciudadanía,Convergència i Unió (CiU),Convergència i Unió,different,1
ES,Ciudadanos,Ciudadanos — Partido de la Ciudadanía,Más País,Más País,different,1
ES,Ciudadanos,Ciudadanos — Partido de la Ciudadanía,PSOE,Partido Socialista Obrero Español,different,1
ES,Ciudadanos,Ciudadanos — Partido de la Ciudadanía,Partido Socialista Obrero Español (PSOE),Partido Socialista Obrero Español,different,4
ES,Ciudadanos,Ciudadanos — Partido de la Ciudadanía,Partido Socialista Obrero Español - PSOE,Partido Socialista Obrero Español,different,3
ES,Foro de Ciudadanos,Ciudadanos — Partido de la Ciudadanía,Partido Socialista Obrero Español (PSOE),Partido Socialista Obrero Español,different,2
ES,Ciudadanos,Ciudadanos — Partido de la Ciudadanía,Unidas Podemos,Unidas Podemos,different,1
ES,Ciudadanos,Ciudadanos — Partido de la Ciudadanía,"Unión, Progreso y Democracia (UPyD)",Unión Progreso y Democracia,different,12
ES,Ciudadanos,Ciudadanos — Partido de la Ciudadanía,VOX,Vox,different,3
ES,Ciudadanos,Ciudadanos — Partido de la Ciudadanía,Votó en blanco,blank-invalid,unmatchable,2
ES,Ciudadanos,Ciudadanos — Partido de la Ciudadanía,Other,other,unmatchable,1
ES,Ciudadanos,Ciudadanos — Partido de la Ciudadanía,Otros,other,unmatchable,3
ES,Compromís,Coalició Compromís,Compromís-Podemos-EUPV,A la valenciana,same,6
ES,Compromís,Coalició Compromís,Compromís,Coalició Compromís,same,4
ES,Compromís,Coalició Compromís,Més Compromis,Coalició Compromís,same,13
ES,Compromís - EQUO,Coalició Compromís,Compromís - EQUO,Coalició Compromís,same,5
ES,Compromís - EQUO,Coalició Compromís,Coalición Canaria - Nueva Canarias,Coalición Canaria,different,1
ES,Compromís,Coalició Compromís,PSOE,Partido Socialista Obrero Español,different,5
ES,Compromís - EQUO,Coalició Compromís,Partido Socialista Obrero Español (PSOE),Partido Socialista Obrero Español,different,2
ES,Compromís,Coalició Compromís,SUMAR,SUMAR [og],same,3
ES,Compromís,Coalició Compromís,Unidas Podemos,Unidas Podemos,different,2
ES,Coalición Canaria,Coalición Canaria,CC-PNC-NC,Acuerdo de Unidad Nacionalista,different,3
ES,CC (Coalición Canaria),Coalición Canaria,Partido Popular - PP,Alianza-Partido Popular / Partido Popular,different,1
ES,Coalición Canaria (CC),Coalición Canaria,Partido Popular (PP),Alianza-Partido Popular / Partido Popular,different,1
ES,CC (Coalición Canaria),Coalición Canaria,CC-PCC (Coalición Canaria),Coalición Canaria,same,4
ES,CC-PNC,Coalición Canaria,CC-PNC,Coalición Canaria,same,1
ES,Coalición Canaria,Coalición Canaria,Coalición Canaria (CC),Coalición Canaria,same,6
ES,Coalición Canaria (CC),Coalición Canaria,Coalición Canaria (CC),Coalición Canaria,same,5
ES,Coalición Canaria - Nueva Canarias,Coalición Canaria,Coalición Canaria - Nueva Canarias,Coalición Canaria,same,1
ES,Coalición Canaria,Coalición Canaria,VOX,Vox,different,1
ES,CDC-PdeCAT,Convergència Democràtica de Catalunya,CDC-PdeCAT,Convergència Democràtica de Catalunya,same,12
ES,CDC-PdeCAT,Convergència Democràtica de Catalunya,Esquerra Republicana de Catalunya - ERC,Esquerra Republicana de Catalunya,different,1
ES,CDC-PdeCAT,Convergència Democràtica de Catalunya,Partido Socialista Obrero Español - PSOE,Partido Socialista Obrero Español,different,1
ES,Convergència i Unió (CiU),Convergència i Unió,Partido Popular,Alianza-Partido Popular / Partido Popular,different,4
ES,Convergència i Unió (CiU),Convergència i Unió,Partido Popular - PP (con UPN en Navarra),Alianza-Partido Popular / Partido Popular,different,2
ES,Convergència i Unió (CiU),Convergència i Unió,Convergència i Unió (CiU),Convergència i Unió,same,160
ES,Convergència i Unió (CiU),Convergència i Unió,Esquerra Repubicana de Catalunya (ERC),Esquerra Republicana de Catalunya,different,7
ES,Convergència i Unió (CiU),Convergència i Unió,Partido Socialista Obrero Español (PSOE),Partido Socialista Obrero Español,different,13
ES,Drago Canarias,Drago Canarias [og],PSOE,Partido Socialista Obrero Español,different,1
ES,Drago Canarias,Drago Canarias [og],SUMAR,SUMAR [og],different,3
ES,En Comú Podem,En Comú Podem,CUP,Candidatura d'Unitat Popular,different,1
ES,En Comú Podem,En Comú Podem,En Comú Podem,En Comú Podem,same,17
ES,En Comú Podem,En Comú Podem,ERC,Esquerra Republicana de Catalunya,different,1
ES,En Comú Podem,En Comú Podem,Esquerra Republicana de Catalunya - ERC,Esquerra Republicana de Catalunya,different,1
ES,En Comú Podem,En Comú Podem,Unidos Podemos,Unidas Podemos,different,2
ES,En Marea,En Marea,En Marea,En Marea,same,1
ES,En Marea,En Marea,Partido Socialista Obrero Español - PSOE,Partido Socialista Obrero Español,different,1
ES,Esquerra Republicana de Catalunya - ERC,Esquerra Republicana de Catalunya,CDC-PdeCAT,Convergència Democràtica de Catalunya,different,3
ES,Esquerra Repubicana de Catalunya (ERC),Esquerra Republicana de Catalunya,Convergència i Unió (CiU),Convergència i Unió,different,6
ES,Esquerra Republicana de Catalunya (ERC),Esquerra Republicana de Catalunya,Convergència i Unió (CiU),Convergència i Unió,different,5
ES,ERC,Esquerra Republicana de Catalunya,ERC,Esquerra Republicana de Catalunya,same,90
ES,Esquerra Repubicana de Catalunya (ERC),Esquerra Republicana de Catalunya,Esquerra Repubicana de Catalunya (ERC),Esquerra Republicana de Catalunya,same,32
ES,Esquerra Repubicana de Catalunya (ERC),Esquerra Republicana de Catalunya,Esquerra Republicana de Catalunya (ERC),Esquerra Republicana de Catalunya,same,23
ES,Esquerra Republicana de Catalunya (ERC),Esquerra Republicana de Catalunya,Esquerra Republicana de Catalunya (ERC),Esquerra Republicana de Catalunya,same,27
ES,Esquerra Republicana de Catalunya - ERC,Esquerra Republicana de Catalunya,Esquerra Republicana de Catalunya - ERC,Esquerra Republicana de Catalunya,same,27
ES,Esquerra Repubicana de Catalunya (ERC),Esquerra Republicana de Catalunya,Izquierda Unida (IU),Izquierda Unida,different,1
ES,ERC,Esquerra Republicana de Catalunya,Junts x Cat,Junts per Catalunya,different,1
ES,ERC,Esquerra Republicana de Catalunya,Junts per Catalunya/PDeCAT,Junts per Catalunya — Partit Demòcrata Europeu Català,different,1
ES,ERC,Esquerra Republicana de Catalunya,PSOE,Partido Socialista Obrero Español,different,3
ES,Esquerra Repubicana de Catalunya (ERC),Esquerra Republicana de Catalunya,Partido Socialista Obrero Español (PSOE),Partido Socialista Obrero Español,different,10
ES,Esquerra Republicana de Catalunya (ERC),Esquerra Republicana de Catalunya,Partido Socialista Obrero Español (PSOE),Partido Socialista Obrero Español,different,3
ES,ERC,Esquerra Republicana de Catalunya,Unidas Podemos,Unidas Podemos,different,2
ES,Esquerra Republicana de Catalunya - ERC,Esquerra Republicana de Catalunya,Unidos Podemos,Unidas Podemos,different,1
ES,EH-Bildu,Euskal Herria Bildu / Reunir Euskal Herria,CUP,Candidatura d'Unitat Popular,different,1
ES,EH Bildu,Euskal Herria Bildu / Reunir Euskal Herria,EH Bildu,Euskal Herria Bildu / Reunir Euskal Herria,same,5
ES,EH-Bildu,Euskal Herria Bildu / Reunir Euskal Herria,EH-Bildu,Euskal Herria Bildu / Reunir Euskal Herria,same,36
ES,EH-Bildu,Euskal Herria Bildu / Reunir Euskal Herria,PSOE,Partido Socialista Obrero Español,different,1
ES,EH-Bildu,Euskal Herria Bildu / Reunir Euskal Herria,SUMAR,SUMAR [og],different,2
ES,EH-Bildu,Euskal Herria Bildu / Reunir Euskal Herria,Unidas Podemos,Unidas Podemos,different,4
ES,Eusko Alkartasuna (EA),Eusko Alkartasuna,Eusko Alkartasuna (EA),Eusko Alkartasuna,same,5
ES,Eusko Alkartasuna (EA),Eusko Alkartasuna,Partido Nacionalista Vasco (PNV),Partido Nacionalista Vasco — Euzko Alderdi Jeltzalea,different,1
ES,Geroa Bai,Geroa Bai,Partido Popular - PP (con UPN en Navarra),Alianza-Partido Popular / Partido Popular,different,2
ES,Geroa Bai,Geroa Bai,Foro de Ciudadanos,Ciudadanos — Partido de la Ciudadanía,different,2
ES,Geroa Bai,Geroa Bai,Otros,other,unmatchable,1
ES,Iniciativa per Catalunya-Verds (ICV),Iniciativa per Catalunya Verds,Iniciativa per Catalunya-Verds (ICV),Iniciativa per Catalunya Verds,same,9
ES,Iniciativa per Catalunya-Verds (ICV),Iniciativa per Catalunya Verds,Izquierda Unida (IU),Izquierda Unida,different,1
ES,Iniciativa per Catalunya-Verds (ICV),Iniciativa per Catalunya Verds,Partido Socialista Obrero Español (PSOE),Partido Socialista Obrero Español,different,5
ES,Izquierda Unida - IU,Izquierda Unida,Compromís-Podemos-EUPV,A la valenciana,same,2
ES,Izquierda Unida,Izquierda Unida,PP,Alianza-Partido Popular / Partido Popular,different,1
ES,Izquierda Unida (IU),Izquierda Unida,Partido Popular (PP),Alianza-Partido Popular / Partido Popular,different,3
ES,Izquierda Unida (IU) - (ICV en Cataluña),Izquierda Unida,Partido Popular - PP (con UPN en Navarra),Alianza-Partido Popular / Partido Popular,different,1
ES,Izquierda Unida (IU)-(ICV en Cataluña),Izquierda Unida,Partido Popular - PP (con UPN en Navarra),Alianza-Partido Popular / Partido Popular,different,2
ES,Izquierda Unida,Izquierda Unida,BNG,Bloque Nacionalista Galego,different,1
ES,Izquierda Unida (IU),Izquierda Unida,Bloque Nacionalista Galego (BNG),Bloque Nacionalista Galego,different,1
ES,Izquierda Unida (IU)-(ICV en Cataluña),Izquierda Unida,Bloque Nacionalista Galego (BNG),Bloque Nacionalista Galego,different,1
ES,Izquierda Unida (IU)-(ICV en Cataluña),Izquierda Unida,Compromís - EQUO,Coalició Compromís,different,1
ES,Izquierda Unida (IU),Izquierda Unida,Coalición Canaria (CC),Coalición Canaria,different,1
ES,Izquierda Unida (IU)-(ICV en Cataluña),Izquierda Unida,Convergència i Unió (CiU),Convergència i Unió,different,3
ES,Izquierda Unida,Izquierda Unida,En Comú Podem,En Comú Podem,different,1
ES,Izquierda Unida - IU,Izquierda Unida,En Comú Podem,En Comú Podem,different,1
ES,Izquierda Unida - IU,Izquierda Unida,En Marea,En Marea,different,2
ES,Izquierda Unida (IU) - (ICV en Cataluña),Izquierda Unida,Esquerra Republicana de Catalunya (ERC),Esquerra Republicana de Catalunya,different,1
ES,Izquierda Unida (IU),Izquierda Unida,Eusko Alkartasuna (EA),Eusko Alkartasuna,different,1
ES,Izquierda Unida (IU),Izquierda Unida,Izquierda Unida (IU),Izquierda Unida,same,166
ES,Izquierda Unida (IU) - (ICV en Cataluña),Izquierda Unida,Izquierda Unida (IU) - (ICV en Cataluña),Izquierda Unida,same,39
ES,Izquierda Unida (IU)-(ICV en Cataluña),Izquierda Unida,Izquierda Unida (IU) - (ICV en Cataluña),Izquierda Unida,same,45
ES,Izquierda Unida,Izquierda Unida,PACMA,Partido Animalista Contra el Maltrato Animal,different,1
ES,IU,Izquierda Unida,PSOE,Partido Socialista Obrero Español,different,2
ES,Izquierda Unida,Izquierda Unida,PSOE,Partido Socialista Obrero Español,different,8
ES,Izquierda Unida (IU),Izquierda Unida,Partido Socialista Obrero Español (PSOE),Partido Socialista Obrero Español,different,37
ES,Izquierda Unida (IU) - (ICV en Cataluña),Izquierda Unida,Partido Socialista Obrero Español (PSOE),Partido Socialista Obrero Español,different,4
ES,Izquierda Unida (IU)-(ICV en Cataluña),Izquierda Unida,Partido Socialista Obrero Español (PSOE),Partido Socialista Obrero Español,different,15
ES,Izquierda Unida - IU,Izquierda Unida,Partido Socialista Obrero Español - PSOE,Partido Socialista Obrero Español,different,1
ES,Izquierda Unida,Izquierda Unida,SUMAR,SUMAR [og],same,4
ES,IU,Izquierda Unida,Unidas Podemos,Unidas Podemos,same,8
ES,Izquierda Unida,Izquierda Unida,Unidas Podemos,Unidas Podemos,same,14
ES,Izquierda Unida - IU,Izquierda Unida,Unidos Podemos,Unidas Podemos,same,26
ES,Izquierda Unida (IU) - (ICV en Cataluña),Izquierda Unida,Votó en blanco,blank-invalid,unmatchable,1
ES,Izquierda Unida (IU)-(ICV en Cataluña),Izquierda Unida,Votó en blanco,blank-invalid,unmatchable,1
ES,Izquierda Unida (IU) - (ICV en Cataluña),Izquierda Unida,Otros,other,unmatchable,2
ES,Izquierda Unida (IU)-(ICV en Cataluña),Izquierda Unida,Otros,other,unmatchable,3
ES,Junts x Cat,Junts per Catalunya,ERC,Esquerra Republicana de Catalunya,different,2
ES,Junts x Cat,Junts per Catalunya,Junts x Cat,Junts per Catalunya,same,35
ES,Junts x Cat,Junts per Catalunya,PSOE,Partido Socialista Obrero Español,different,1
ES,Junts per Catalunya/PDeCAT,Junts per Catalunya — Partit Demòcrata Europeu Català,Junts per Catalunya/PDeCAT,Junts per Catalunya — Partit Demòcrata Europeu Català,same,6
ES,Más País,Más País,En Comú Podem,En Comú Podem,different,1
ES,Más País,Más País,Más País,Más País,same,15
ES,Más País,Más País,PSOE,Partido Socialista Obrero Español,different,4
ES,Más País,Más País,Unidas Podemos,Unidas Podemos,different,3
ES,Nafarroa-Bai (NA-BAI),Nafarroa Bai,Nafarroa-Bai (NA-BAI),Nafarroa Bai,same,4
ES,Navarra Suma,Navarra Suma [og],Navarra Suma,Navarra Suma [og],same,3
ES,PNC (Nueva Canaria),PNC (Nueva Canaria) [og],Partido Socialista Obrero Español - PSOE,Partido Socialista Obrero Español,different,1
ES,PACMA,Partido Animalista Contra el Maltrato Animal,PP,Alianza-Partido Popular / Partido Popular,different,1
ES,PACMA,Partido Animalista Contra el Maltrato Animal,Partido Popular - PP,Alianza-Partido Popular / Partido Popular,different,2
ES,PACMA,Partido Animalista Contra el Maltrato Animal,Ciudadanos,Ciudadanos — Partido de la Ciudadanía,different,2
ES,PACMA,Partido Animalista Contra el Maltrato Animal,PACMA,Partido Animalista Contra el Maltrato Animal,same,16
ES,PACMA,Partido Animalista Contra el Maltrato Animal,PSOE,Partido Socialista Obrero Español,different,2
ES,PACMA,Partido Animalista Contra el Maltrato Animal,Unidos Podemos,Unidas Podemos,different,1
ES,EAJ-PNV,Partido Nacionalista Vasco — Euzko Alderdi Jeltzalea,PP,Alianza-Partido Popular / Partido Popular,different,1
ES,EAJ-PNV,Partido Nacionalista Vasco — Euzko Alderdi Jeltzalea,EAJ-PNV,Partido Nacionalista Vasco — Euzko Alderdi Jeltzalea,same,53
ES,Partido Nacionalista Basco (PNV),Partido Nacionalista Vasco — Euzko Alderdi Jeltzalea,Partido Nacionalista Vasco (PNV),Partido Nacionalista Vasco — Euzko Alderdi Jeltzalea,same,12
ES,Partido Nacionalista Vasco (PNV),Partido Nacionalista Vasco — Euzko Alderdi Jeltzalea,Partido Nacionalista Vasco (PNV),Partido Nacionalista Vasco — Euzko Alderdi Jeltzalea,same,77
ES,EAJ-PNV,Partido Nacionalista Vasco — Euzko Alderdi Jeltzalea,PSOE,Partido Socialista Obrero Español,different,2
ES,Partido Nacionalista Basco (PNV),Partido Nacionalista Vasco — Euzko Alderdi Jeltzalea,Partido Socialista Obrero Español (PSOE),Partido Socialista Obrero Español,different,1
ES,Partido Nacionalista Vasco (PNV),Partido Nacionalista Vasco — Euzko Alderdi Jeltzalea,Partido Socialista Obrero Español (PSOE),Partido Socialista Obrero Español,different,1
ES,EAJ-PNV,Partido Nacionalista Vasco — Euzko Alderdi Jeltzalea,Unidas Podemos,Unidas Podemos,different,1
ES,EAJ-PNV,Partido Nacionalista Vasco — Euzko Alderdi Jeltzalea,Unidos Podemos,Unidas Podemos,different,1
ES,Partido Socialista Obrero Español - PSOE,Partido Socialista Obrero Español,Compromís-Podemos-EUPV,A la valenciana,different,1
ES,PSOE,Partido Socialista Obrero Español,CC-PNC-NC,Acuerdo de Unidad Nacionalista,different,1
ES,PSOE,Partido Socialista Obrero Español,PP,Alianza-Partido Popular / Partido Popular,different,5
ES,Partido Socialista Obrero Español (PSOE),Partido Socialista Obrero Español,Partido Popular,Alianza-Partido Popular / Partido Popular,different,4
ES,Partido Socialista Obrero Español (PSOE),Partido Socialista Obrero Español,Partido Popular (PP),Alianza-Partido Popular / Partido Popular,different,13
ES,Partido Socialista Obrero Español (PSOE),Partido Socialista Obrero Español,Partido Popular - PP (con UPN en Navarra),Alianza-Partido Popular / Partido Popular,different,20
ES,Partido Socialista Obrero Español - PSOE,Partido Socialista Obrero Español,Partido Popular - PP,Alianza-Partido Popular / Partido Popular,different,6
ES,PSOE,Partido Socialista Obrero Español,BNG,Bloque Nacionalista Galego,different,2
ES,Partido Socialista Obrero Español (PSOE),Partido Socialista Obrero Español,Bloque Nacionalista Galego (BNG),Bloque Nacionalista Galego,different,3
ES,PSOE,Partido Socialista Obrero Español,Ciudadanos,Ciudadanos — Partido de la Ciudadanía,different,2
ES,Partido Socialista Obrero Español - PSOE,Partido Socialista Obrero Español,Ciudadanos,Ciudadanos — Partido de la Ciudadanía,different,7
ES,Partido Socialista Obrero Español (PSOE),Partido Socialista Obrero Español,Compromís - EQUO,Coalició Compromís,different,1
ES,Partido Socialista Obrero Español (PSOE),Partido Socialista Obrero Español,Coalición Canaria (CC),Coalición Canaria,different,1
ES,Partido Socialista Obrero Español (PSOE),Partido Socialista Obrero Español,Coalición Canaria - Nueva Canarias,Coalición Canaria,different,1
ES,Partido Socialista Obrero Español - PSOE,Partido Socialista Obrero Español,CC-PCC (Coalición Canaria),Coalición Canaria,different,1
ES,Partido Socialista Obrero Español (PSOE),Partido Socialista Obrero Español,Convergència i Unió (CiU),Convergència i Unió,different,3
ES,PSOE,Partido Socialista Obrero Español,ERC,Esquerra Republicana de Catalunya,different,5
ES,Partido Socialista Obrero Español (PSOE),Partido Socialista Obrero Español,Esquerra Repubicana de Catalunya (ERC),Esquerra Republicana de Catalunya,different,1
ES,Partido Socialista Obrero Español (PSOE),Partido Socialista Obrero Español,Esquerra Republicana de Catalunya (ERC),Esquerra Republicana de Catalunya,different,1
ES,Partido Socialista Obrero Español (PSOE),Partido Socialista Obrero Español,Izquierda Unida (IU),Izquierda Unida,different,7
ES,Partido Socialista Obrero Español (PSOE),Partido Socialista Obrero Español,Izquierda Unida (IU) - (ICV en Cataluña),Izquierda Unida,different,4
ES,PSOE,Partido Socialista Obrero Español,Junts x Cat,Junts per Catalunya,different,1
ES,PSOE,Partido Socialista Obrero Español,Más País,Más País,different,5
ES,PSOE,Partido Socialista Obrero Español,PSOE,Partido Socialista Obrero Español,same,775
ES,Partido Socialista Obrero Español (PSOE),Partido Socialista Obrero Español,Partido Socialista Obrero Español (PSOE),Partido Socialista Obrero Español,same,1884
ES,Partido Socialista Obrero Español - PSOE,Partido Socialista Obrero Español,Partido Socialista Obrero Español - PSOE,Partido Socialista Obrero Español,same,192
ES,PSOE,Partido Socialista Obrero Español,SUMAR,SUMAR [og],different,3
ES,PSOE,Partido Socialista Obrero Español,Unidas Podemos,Unidas Podemos,different,18
ES,Partido Socialista Obrero Español - PSOE,Partido Socialista Obrero Español,Unidos Podemos,Unidas Podemos,different,2
ES,Partido Socialista Obrero Español (PSOE),Partido Socialista Obrero Español,Unión Progreso y Democracia (UPyD),Unión Progreso y Democracia,different,1
ES,Partido Socialista Obrero Español (PSOE),Partido Socialista Obrero Español,"Unión, Progreso y Democracia (UPyD)",Unión Progreso y Democracia,different,4
ES,PSOE,Partido Socialista Obrero Español,VOX,Vox,different,2
ES,Partido Socialista Obrero Español (PSOE),Partido Socialista Obrero Español,Votó en blanco,blank-invalid,unmatchable,5
ES,Partido Socialista Obrero Español (PSOE),Partido Socialista Obrero Español,Otros,other,unmatchable,2
ES,Partido Socialista Obrero Español - PSOE,Partido Socialista Obrero Español,Other,other,unmatchable,1
ES,Partido Andalucista (PA),Partidu Andalucista,Izquierda Unida (IU),Izquierda Unida,different,1
ES,Partido Andalucista (PA),Partidu Andalucista,Partido Socialista Obrero Español (PSOE),Partido Socialista Obrero Español,different,4
ES,Partido Andalucista (PA),Partidu Andalucista,Partido Andalucista (PA),Partidu Andalucista,same,9
ES,Podemos,Podemos,Compromís-Podemos-EUPV,A la valenciana,same,11
ES,Podemos,Podemos,Partido Popular - PP,Alianza-Partido Popular / Partido Popular,different,1
ES,Podemos,Podemos,Partido Popular - PP (con UPN en Navarra),Alianza-Partido Popular / Partido Popular,different,7
ES,Podemos,Podemos,AMAIUR,Amaiur,different,1
ES,Podemos,Podemos,Bloque Nacionalista Galego (BNG),Bloque Nacionalista Galego,different,1
ES,Podemos,Podemos,Ciudadanos,Ciudadanos — Partido de la Ciudadanía,different,1
ES,Podemos,Podemos,Compromís - EQUO,Coalició Compromís,different,3
ES,Podemos,Podemos,Convergència i Unió (CiU),Convergència i Unió,different,1
ES,Podemos,Podemos,En Comú Podem,En Comú Podem,different,1
ES,Podemos,Podemos,En Marea,En Marea,different,2
ES,Podemos,Podemos,Esquerra Republicana de Catalunya (ERC),Esquerra Republicana de Catalunya,different,3
ES,Podemos,Podemos,Esquerra Republicana de Catalunya - ERC,Esquerra Republicana de Catalunya,different,1
ES,Podemos,Podemos,Geroa Bai,Geroa Bai,different,1
ES,Podemos,Podemos,Izquierda Unida (IU) - (ICV en Cataluña),Izquierda Unida,different,38
ES,Podemos,Podemos,Partido Nacionalista Vasco (PNV),Partido Nacionalista Vasco — Euzko Alderdi Jeltzalea,different,1
ES,Podemos,Podemos,PSOE,Partido Socialista Obrero Español,different,6
ES,Podemos,Podemos,Partido Socialista Obrero Español (PSOE),Partido Socialista Obrero Español,different,41
ES,Podemos,Podemos,Partido Socialista Obrero Español - PSOE,Partido Socialista Obrero Español,different,4
ES,Podemos,Podemos,Unidas Podemos,Unidas Podemos,same,75
ES,Podemos,Podemos,Unidos Podemos,Unidas Podemos,same,107
ES,Podemos,Podemos,"Unión, Progreso y Democracia (UPyD)",Unión Progreso y Democracia,different,7
ES,Podemos,Podemos,Votó en blanco,blank-invalid,unmatchable,1
ES,Podemos,Podemos,Otros,other,unmatchable,8
ES,SUMAR,SUMAR [og],EAJ-PNV,Partido Nacionalista Vasco — Euzko Alderdi Jeltzalea,different,1
ES,SUMAR,SUMAR [og],PSOE,Partido Socialista Obrero Español,different,10
ES,SUMAR,SUMAR [og],SUMAR,SUMAR [og],same,55
ES,Teruel Existe,Teruel Existe [og],PP,Alianza-Partido Popular / Partido Popular,different,1
ES,Teruel Existe,Teruel Existe [og],Unidas Podemos,Unidas Podemos,different,1
ES,Unidas Podemos,Unidas Podemos,En Comú Podem,En Comú Podem,different,3
ES,Unidas Podemos,Unidas Podemos,ERC,Esquerra Republicana de Catalunya,different,2
ES,Unidas Podemos,Unidas Podemos,Más País,Más País,different,1
ES,Unidas Podemos,Unidas Podemos,PSOE,Partido Socialista Obrero Español,different,23
ES,Unidas Podemos,Unidas Podemos,SUMAR,SUMAR [og],different,12
ES,Unidas Podemos,Unidas Podemos,Unidas Podemos,Unidas Podemos,same,99
ES,UPN,Union del Pueblo Navarro,Partido Popular - PP (con UPN en Navarra),Alianza-Partido Popular / Partido Popular,different,2
ES,UPN,Union del Pueblo Navarro,Navarra Suma,Navarra Suma [og],different,1
ES,UPN,Union del Pueblo Navarro,PSOE,Partido Socialista Obrero Español,different,1
ES,UPN,Union del Pueblo Navarro,UPN,Union del Pueblo Navarro,same,2
ES,Unión Progreso y Democracia (UPyD),Unión Progreso y Democracia,Partido Popular,Alianza-Partido Popular / Partido Popular,different,4
ES,"Unión, Progreso y Democracia (UPyD)",Unión Progreso y Democracia,Partido Popular - PP (con UPN en Navarra),Alianza-Partido Popular / Partido Popular,different,8
ES,"Unión, Progreso y Democracia (UPyD)",Unión Progreso y Democracia,Izquierda Unida (IU) - (ICV en Cataluña),Izquierda Unida,different,3
ES,Unión Progreso y Democracia (UPyD),Unión Progreso y Democracia,Partido Socialista Obrero Español (PSOE),Partido Socialista Obrero Español,different,1
ES,"Unión, Progreso y Democracia (UPyD)",Unión Progreso y Democracia,Partido Socialista Obrero Español (PSOE),Partido Socialista Obrero Español,different,3
ES,Unión Progreso y Democracia (UPyD),Unión Progreso y Democracia,Unión Progreso y Democracia (UPyD),Unión Progreso y Democracia,same,14
ES,"Unión, Progreso y Democracia (UPyD)",Unión Progreso y Democracia,"Unión, Progreso y Democracia (UPyD)",Unión Progreso y Democracia,same,26
ES,"Unión, Progreso y Democracia (UPyD)",Unión Progreso y Democracia,Votó en blanco,blank-invalid,unmatchable,1
ES,"Unión, Progreso y Democracia (UPyD)",Unión Progreso y Democracia,Otros,other,unmatchable,1
ES,VOX,Vox,PP,Alianza-Partido Popular / Partido Popular,different,24
ES,VOX,Vox,Ciudadanos,Ciudadanos — Partido de la Ciudadanía,different,7
ES,VOX,Vox,PSOE,Partido Socialista Obrero Español,different,3
ES,VOX,Vox,VOX,Vox,same,172
ES,NA,dont-know,Coalición Canaria-Partido Nacionalista Canario (CC-PNC),Acuerdo de Unidad Nacionalista,unmatchable,1
ES,NA,dont-know,PP,Alianza-Partido Popular / Partido Popular,unmatchable,4
ES,NA,dont-know,Partido Popular (PP),Alianza-Partido Popular / Partido Popular,unmatchable,2
ES,NA,dont-know,Partido Popular - PP (con UPN en Navarra),Alianza-Partido Popular / Partido Popular,unmatchable,2
ES,NA,dont-know,Bloque Nacionalista Galego (BNG),Bloque Nacionalista Galego,unmatchable,1
ES,NA,dont-know,Nafarroa-Bai (NA-BAI),Nafarroa Bai,unmatchable,1
ES,NA,dont-know,EAJ-PNV,Partido Nacionalista Vasco — Euzko Alderdi Jeltzalea,unmatchable,1
ES,NA,dont-know,Partido Socialista Obrero Español (PSOE),Partido Socialista Obrero Español,unmatchable,8
ES,NA,dont-know,Unidas Podemos,Unidas Podemos,unmatchable,1
ES,NA,dont-know,"Unión, Progreso y Democracia (UPyD)",Unión Progreso y Democracia,unmatchable,1
ES,Other,other,PP,Alianza-Partido Popular / Partido Popular,unmatchable,2
ES,Other,other,Partido Popular - PP,Alianza-Partido Popular / Partido Popular,unmatchable,1
ES,Otro,other,Partido Popular - PP (con UPN en Navarra),Alianza-Partido Popular / Partido Popular,unmatchable,7
ES,NA,other,Partido Popular,Alianza-Partido Popular / Partido Popular,unmatchable,9
ES,NA,other,Partido Popular (PP),Alianza-Partido Popular / Partido Popular,unmatchable,2
ES,Otro,other,AMAIUR,Amaiur,unmatchable,2
ES,Other,other,CUP,Candidatura d'Unitat Popular,unmatchable,1
ES,Other,other,Ciudadanos,Ciudadanos — Partido de la Ciudadanía,unmatchable,2
ES,Otro,other,Convergència i Unió (CiU),Convergència i Unió,unmatchable,1
ES,NA,other,Convergència i Unió (CiU),Convergència i Unió,unmatchable,1
ES,NA,other,Esquerra Repubicana de Catalunya (ERC),Esquerra Republicana de Catalunya,unmatchable,1
ES,Otro,other,Izquierda Unida (IU) - (ICV en Cataluña),Izquierda Unida,unmatchable,4
ES,NA,other,Izquierda Unida (IU),Izquierda Unida,unmatchable,2
ES,Other,other,Junts x Cat,Junts per Catalunya,unmatchable,1
ES,Other,other,Más País,Más País,unmatchable,1
ES,Other,other,PACMA,Partido Animalista Contra el Maltrato Animal,unmatchable,1
ES,Other,other,PSOE,Partido Socialista Obrero Español,unmatchable,6
ES,Other,other,Partido Socialista Obrero Español - PSOE,Partido Socialista Obrero Español,unmatchable,1
ES,Otro,other,Partido Socialista Obrero Español (PSOE),Partido Socialista Obrero Español,unmatchable,7
ES,NA,other,Partido Socialista Obrero Español (PSOE),Partido Socialista Obrero Español,unmatchable,15
ES,Other,other,SUMAR,SUMAR [og],unmatchable,2
ES,Other,other,Unidas Podemos,Unidas Podemos,unmatchable,3
ES,Other,other,Unidos Podemos,Unidas Podemos,unmatchable,2
ES,Other,other,VOX,Vox,unmatchable,2
ES,Other,other,Other,other,unmatchable,19
ES,Otro,other,Otros,other,unmatchable,18
ES,NA,refused,PP,Alianza-Partido Popular / Partido Popular,unmatchable,4
ES,NA,refused,Partido Popular,Alianza-Partido Popular / Partido Popular,unmatchable,2
ES,NA,refused,Partido Popular - PP (con UPN en Navarra),Alianza-Partido Popular / Partido Popular,unmatchable,1
ES,NA,refused,CC-PCC (Coalición Canaria),Coalición Canaria,unmatchable,1
ES,NA,refused,Convergència i Unió (CiU),Convergència i Unió,unmatchable,2
ES,NA,refused,Izquierda Unida (IU),Izquierda Unida,unmatchable,2
ES,NA,refused,Izquierda Unida (IU) - (ICV en Cataluña),Izquierda Unida,unmatchable,2
ES,NA,refused,Junts per Catalunya/PDeCAT,Junts per Catalunya — Partit Demòcrata Europeu Català,unmatchable,1
ES,NA,refused,Partido Nacionalista Vasco (PNV),Partido Nacionalista Vasco — Euzko Alderdi Jeltzalea,unmatchable,2
ES,NA,refused,PSOE,Partido Socialista Obrero Español,unmatchable,3
ES,NA,refused,Partido Socialista Obrero Español (PSOE),Partido Socialista Obrero Español,unmatchable,12
ES,NA,refused,SUMAR,SUMAR [og],unmatchable,2
ES,NA,refused,Unidas Podemos,Unidas Podemos,unmatchable,1
ES,NA,refused,Unidos Podemos,Unidas Podemos,unmatchable,1
ES,NA,refused,VOX,Vox,unmatchable,1
ES,NA,refused,Votó en blanco,blank-invalid,unmatchable,1
ES,NA,NA,PP,Alianza-Partido Popular / Partido Popular,unmatchable,2
ES,NA,NA,Ciudadanos,Ciudadanos — Partido de la Ciudadanía,unmatchable,4
ES,NA,NA,CDC-PdeCAT,Convergència Democràtica de Catalunya,unmatchable,1
ES,NA,NA,ERC,Esquerra Republicana de Catalunya,unmatchable,1
ES,NA,NA,Esquerra Republicana de Catalunya - ERC,Esquerra Republicana de Catalunya,unmatchable,2
ES,NA,NA,Junts x Cat,Junts per Catalunya,unmatchable,1
ES,NA,NA,Más País,Más País,unmatchable,1
ES,NA,NA,EAJ-PNV,Partido Nacionalista Vasco — Euzko Alderdi Jeltzalea,unmatchable,1
ES,NA,NA,PSOE,Partido Socialista Obrero Español,unmatchable,9
ES,NA,NA,Partido Socialista Obrero Español (PSOE),Partido Socialista Obrero Español,unmatchable,2
ES,NA,NA,VOX,Vox,unmatchable,2
ES,NA,NA,Other,other,unmatchable,3
FI,Animal Justice Party,Animal Justice Party [og],Animal Justice Party,Animal Justice Party [og],same,1
FI,Change 2011,Change 2011 [og],Change 2011,Change 2011 [og],same,1
FI,Crystal Party,Crystal Party [og],Other,other,unmatchable,1
FI,Feminist Party,Feminist Party [og],Left Alliance,Vasemmistoliitto,different,1
FI,Feminist Party,Feminist Party [og],Green League,Vihreä Liitto,different,2
FI,Freedom Alliance,Freedom Alliance [og],Freedom Alliance,Freedom Alliance [og],same,4
FI,För Åland,För Åland [og],För Åland,För Åland [og],same,1
FI,Independence Party,Independence Party [og],Independence Party,Independence Party [og],same,1
FI,Independence Party,Independence Party [og],Pirate Party,Piraattipuolue / Piratpartiet,different,1
FI,Independence Party,Independence Party [og],True Finns,Suomen Puolue / Perussuomalaiset,different,1
FI,Independence Party,Independence Party [og],Green League,Vihreä Liitto,different,2
FI,The National Coalition Party,Kansallinen Kokoomus,Freedom Party,Freedom Party [og],different,1
FI,The National Coalition Party,Kansallinen Kokoomus,The National Coalition Party,Kansallinen Kokoomus,same,1920
FI,The National Coalition Party,Kansallinen Kokoomus,Christian Democrats,Kristillisdemokraatit,different,9
FI,The National Coalition Party,Kansallinen Kokoomus,Movement Now,Liike Nyt,different,3
FI,The National Coalition Party,Kansallinen Kokoomus,The Centre Party,Maalaisliitto / Keskusta,different,48
FI,The National Coalition Party,Kansallinen Kokoomus,The Swedish People's Party (SPP),Ruotsalainen Kansanpuolue / Svenska Folkepartiet i Finland,different,11
FI,The National Coalition Party,Kansallinen Kokoomus,Communist Party,Suomen Kommunistinen Puolue,different,1
FI,The National Coalition Party,Kansallinen Kokoomus,True Finns,Suomen Puolue / Perussuomalaiset,different,31
FI,The National Coalition Party,Kansallinen Kokoomus,Social Democratic Party,Suomen Sosialidemokraattinen Puolue,different,27
FI,The National Coalition Party,Kansallinen Kokoomus,The Liberal Party - Freedom to Choose,The Liberal Party - Freedom to Choose [og],different,2
FI,The National Coalition Party,Kansallinen Kokoomus,Left Alliance,Vasemmistoliitto,different,2
FI,The National Coalition Party,Kansallinen Kokoomus,Green League,Vihreä Liitto,different,17
FI,The National Coalition Party,Kansallinen Kokoomus,Other,other,unmatchable,6
FI,Christian Democrats,Kristillisdemokraatit,The National Coalition Party,Kansallinen Kokoomus,different,10
FI,Christian Democrats,Kristillisdemokraatit,Christian Democrats,Kristillisdemokraatit,same,308
FI,Christian Democrats,Kristillisdemokraatit,The Centre Party,Maalaisliitto / Keskusta,different,21
FI,Christian Democrats,Kristillisdemokraatit,The Swedish People's Party (SPP),Ruotsalainen Kansanpuolue / Svenska Folkepartiet i Finland,different,3
FI,Christian Democrats,Kristillisdemokraatit,True Finns,Suomen Puolue / Perussuomalaiset,different,7
FI,Christian Democrats,Kristillisdemokraatit,Social Democratic Party,Suomen Sosialidemokraattinen Puolue,different,3
FI,Christian Democrats,Kristillisdemokraatit,Left Alliance,Vasemmistoliitto,different,3
FI,Christian Democrats,Kristillisdemokraatit,Green League,Vihreä Liitto,different,3
FI,"Liberals, (The liberal party of Finland)",Liberaalinen kansanpuolue,The National Coalition Party,Kansallinen Kokoomus,different,3
FI,"Liberals, (The liberal party of Finland)",Liberaalinen kansanpuolue,"Liberals, (The liberal party of Finland)",Liberaalinen kansanpuolue,same,3
FI,"Liberals, (The liberal party of Finland)",Liberaalinen kansanpuolue,The Centre Party,Maalaisliitto / Keskusta,different,1
FI,Liberal Party - Freedom to Choose,Liberal Party - Freedom to Choose [og],The National Coalition Party,Kansallinen Kokoomus,different,1
FI,Liberal Party - Freedom to Choose,Liberal Party - Freedom to Choose [og],Pirate Party,Piraattipuolue / Piratpartiet,different,1
FI,Movement Now,Liike Nyt,Movement Now,Liike Nyt,same,7
FI,Movement Now,Liike Nyt,The Centre Party,Maalaisliitto / Keskusta,different,1
FI,Movement Now,Liike Nyt,True Finns,Suomen Puolue / Perussuomalaiset,different,1
FI,The Centre Party,Maalaisliitto / Keskusta,The National Coalition Party,Kansallinen Kokoomus,different,55
FI,The Centre Party,Maalaisliitto / Keskusta,Christian Democrats,Kristillisdemokraatit,different,11
FI,The Centre Party,Maalaisliitto / Keskusta,The Centre Party,Maalaisliitto / Keskusta,same,1602
FI,The Centre Party,Maalaisliitto / Keskusta,The Swedish People's Party (SPP),Ruotsalainen Kansanpuolue / Svenska Folkepartiet i Finland,different,9
FI,The Centre Party,Maalaisliitto / Keskusta,True Finns,Suomen Puolue / Perussuomalaiset,different,25
FI,The Centre Party,Maalaisliitto / Keskusta,Social Democratic Party,Suomen Sosialidemokraattinen Puolue,different,10
FI,The Centre Party,Maalaisliitto / Keskusta,Left Alliance,Vasemmistoliitto,different,1
FI,The Centre Party,Maalaisliitto / Keskusta,Green League,Vihreä Liitto,different,8
FI,The Centre Party,Maalaisliitto / Keskusta,Other,other,unmatchable,2
FI,Open Party,Open Party [og],True Finns,Suomen Puolue / Perussuomalaiset,different,1
FI,Pirate Party,Piraattipuolue / Piratpartiet,Pirate Party,Piraattipuolue / Piratpartiet,same,6
FI,Pirate Party,Piraattipuolue / Piratpartiet,True Finns,Suomen Puolue / Perussuomalaiset,different,1
FI,Pirate Party,Piraattipuolue / Piratpartiet,Green League,Vihreä Liitto,different,1
FI,Pirate Party,Piraattipuolue / Piratpartiet,Other,other,unmatchable,1
FI,The Swedish People's Party (SPP),Ruotsalainen Kansanpuolue / Svenska Folkepartiet i Finland,The National Coalition Party,Kansallinen Kokoomus,different,15
FI,The Swedish People's Party (SPP),Ruotsalainen Kansanpuolue / Svenska Folkepartiet i Finland,Christian Democrats,Kristillisdemokraatit,different,1
FI,The Swedish People's Party (SPP),Ruotsalainen Kansanpuolue / Svenska Folkepartiet i Finland,The Centre Party,Maalaisliitto / Keskusta,different,2
FI,The Swedish People's Party (SPP),Ruotsalainen Kansanpuolue / Svenska Folkepartiet i Finland,The Swedish People's Party (SPP),Ruotsalainen Kansanpuolue / Svenska Folkepartiet i Finland,same,443
FI,The Swedish People's Party (SPP),Ruotsalainen Kansanpuolue / Svenska Folkepartiet i Finland,Social Democratic Party,Suomen Sosialidemokraattinen Puolue,different,11
FI,The Swedish People's Party (SPP),Ruotsalainen Kansanpuolue / Svenska Folkepartiet i Finland,Green League,Vihreä Liitto,different,6
FI,Senior Citizens' Party,Senior Citizens' Party [og],Senior Citizens' Party,Senior Citizens' Party [og],same,1
FI,Communist Party,Suomen Kommunistinen Puolue,The National Coalition Party,Kansallinen Kokoomus,different,2
FI,Communist Party,Suomen Kommunistinen Puolue,Communist Party,Suomen Kommunistinen Puolue,same,11
FI,Communist Party,Suomen Kommunistinen Puolue,True Finns,Suomen Puolue / Perussuomalaiset,different,1
FI,Communist Party,Suomen Kommunistinen Puolue,Left Alliance,Vasemmistoliitto,different,2
FI,Communist Party,Suomen Kommunistinen Puolue,Green League,Vihreä Liitto,different,1
FI,Communist Party,Suomen Kommunistinen Puolue,Workers' Party,Workers' Party [og],different,1
FI,True Finns,Suomen Puolue / Perussuomalaiset,Freedom Alliance,Freedom Alliance [og],different,1
FI,True Finns,Suomen Puolue / Perussuomalaiset,Freedom Party,Freedom Party [og],different,1
FI,True Finns,Suomen Puolue / Perussuomalaiset,Independence Party,Independence Party [og],different,1
FI,True Finns,Suomen Puolue / Perussuomalaiset,The National Coalition Party,Kansallinen Kokoomus,different,32
FI,True Finns,Suomen Puolue / Perussuomalaiset,Christian Democrats,Kristillisdemokraatit,different,8
FI,True Finns,Suomen Puolue / Perussuomalaiset,Movement Now,Liike Nyt,different,1
FI,True Finns,Suomen Puolue / Perussuomalaiset,The Centre Party,Maalaisliitto / Keskusta,different,30
FI,True Finns,Suomen Puolue / Perussuomalaiset,Pirate Party,Piraattipuolue / Piratpartiet,different,2
FI,True Finns,Suomen Puolue / Perussuomalaiset,The Swedish People's Party (SPP),Ruotsalainen Kansanpuolue / Svenska Folkepartiet i Finland,different,5
FI,True Finns,Suomen Puolue / Perussuomalaiset,True Finns,Suomen Puolue / Perussuomalaiset,same,497
FI,True Finns,Suomen Puolue / Perussuomalaiset,Social Democratic Party,Suomen Sosialidemokraattinen Puolue,different,31
FI,True Finns,Suomen Puolue / Perussuomalaiset,Left Alliance,Vasemmistoliitto,different,9
FI,True Finns,Suomen Puolue / Perussuomalaiset,Green League,Vihreä Liitto,different,10
FI,True Finns,Suomen Puolue / Perussuomalaiset,Other,other,unmatchable,2
FI,Social Democratic Party,Suomen Sosialidemokraattinen Puolue,The National Coalition Party,Kansallinen Kokoomus,different,26
FI,Social Democratic Party,Suomen Sosialidemokraattinen Puolue,Christian Democrats,Kristillisdemokraatit,different,7
FI,Social Democratic Party,Suomen Sosialidemokraattinen Puolue,Movement Now,Liike Nyt,different,1
FI,Social Democratic Party,Suomen Sosialidemokraattinen Puolue,The Centre Party,Maalaisliitto / Keskusta,different,31
FI,Social Democratic Party,Suomen Sosialidemokraattinen Puolue,The Swedish People's Party (SPP),Ruotsalainen Kansanpuolue / Svenska Folkepartiet i Finland,different,10
FI,Social Democratic Party,Suomen Sosialidemokraattinen Puolue,Communist Party,Suomen Kommunistinen Puolue,different,2
FI,Social Democratic Party,Suomen Sosialidemokraattinen Puolue,True Finns,Suomen Puolue / Perussuomalaiset,different,32
FI,Social Democratic Party,Suomen Sosialidemokraattinen Puolue,Social Democratic Party,Suomen Sosialidemokraattinen Puolue,same,1722
FI,Social Democratic Party,Suomen Sosialidemokraattinen Puolue,Left Alliance,Vasemmistoliitto,different,24
FI,Social Democratic Party,Suomen Sosialidemokraattinen Puolue,Green League,Vihreä Liitto,different,36
FI,Social Democratic Party,Suomen Sosialidemokraattinen Puolue,Other,other,unmatchable,10
FI,The Communist Workers' Party,The Communist Workers' Party [og],Social Democratic Party,Suomen Sosialidemokraattinen Puolue,different,1
FI,The Communist Workers' Party,The Communist Workers' Party [og],The Communist Workers' Party,The Communist Workers' Party [og],same,4
FI,The Liberal Party - Freedom to Choose,The Liberal Party - Freedom to Choose [og],The Liberal Party - Freedom to Choose,The Liberal Party - Freedom to Choose [og],same,6
FI,Blue Reform,Uusi vaihtoehto / Sininen tulevaisuus,True Finns,Suomen Puolue / Perussuomalaiset,different,1
FI,Blue Reform,Uusi vaihtoehto / Sininen tulevaisuus,Left Alliance,Vasemmistoliitto,different,1
FI,Left Alliance,Vasemmistoliitto,Independence Party,Independence Party [og],different,1
FI,Left Alliance,Vasemmistoliitto,Christian Democrats,Kristillisdemokraatit,different,4
FI,Left Alliance,Vasemmistoliitto,The Centre Party,Maalaisliitto / Keskusta,different,2
FI,Left Alliance,Vasemmistoliitto,Pirate Party,Piraattipuolue / Piratpartiet,different,3
FI,Left Alliance,Vasemmistoliitto,The Swedish People's Party (SPP),Ruotsalainen Kansanpuolue / Svenska Folkepartiet i Finland,different,1
FI,Left Alliance,Vasemmistoliitto,True Finns,Suomen Puolue / Perussuomalaiset,different,10
FI,Left Alliance,Vasemmistoliitto,Social Democratic Party,Suomen Sosialidemokraattinen Puolue,different,44
FI,Left Alliance,Vasemmistoliitto,Left Alliance,Vasemmistoliitto,same,562
FI,Left Alliance,Vasemmistoliitto,Green League,Vihreä Liitto,different,48
FI,Left Alliance,Vasemmistoliitto,Other,other,unmatchable,1
FI,Green League,Vihreä Liitto,The National Coalition Party,Kansallinen Kokoomus,different,54
FI,Green League,Vihreä Liitto,Christian Democrats,Kristillisdemokraatit,different,4
FI,Green League,Vihreä Liitto,Movement Now,Liike Nyt,different,2
FI,Green League,Vihreä Liitto,The Centre Party,Maalaisliitto / Keskusta,different,32
FI,Green League,Vihreä Liitto,Pirate Party,Piraattipuolue / Piratpartiet,different,3
FI,Green League,Vihreä Liitto,The Swedish People's Party (SPP),Ruotsalainen Kansanpuolue / Svenska Folkepartiet i Finland,different,14
FI,Green League,Vihreä Liitto,True Finns,Suomen Puolue / Perussuomalaiset,different,9
FI,Green League,Vihreä Liitto,Social Democratic Party,Suomen Sosialidemokraattinen Puolue,different,76
FI,Green League,Vihreä Liitto,Left Alliance,Vasemmistoliitto,different,41
FI,Green League,Vihreä Liitto,Green League,Vihreä Liitto,same,927
FI,Green League,Vihreä Liitto,Workers' Party,Workers' Party [og],different,1
FI,Green League,Vihreä Liitto,Other,other,unmatchable,4
FI,Workers' Party,Workers' Party [og],Communist Party,Suomen Kommunistinen Puolue,different,1
FI,NA,dont-know,The National Coalition Party,Kansallinen Kokoomus,unmatchable,22
FI,NA,dont-know,Christian Democrats,Kristillisdemokraatit,unmatchable,3
FI,NA,dont-know,Movement Now,Liike Nyt,unmatchable,1
FI,NA,dont-know,The Centre Party,Maalaisliitto / Keskusta,unmatchable,13
FI,NA,dont-know,The Swedish People's Party (SPP),Ruotsalainen Kansanpuolue / Svenska Folkepartiet i Finland,unmatchable,1
FI,NA,dont-know,True Finns,Suomen Puolue / Perussuomalaiset,unmatchable,8
FI,NA,dont-know,Social Democratic Party,Suomen Sosialidemokraattinen Puolue,unmatchable,7
FI,NA,dont-know,Left Alliance,Vasemmistoliitto,unmatchable,4
FI,NA,dont-know,Green League,Vihreä Liitto,unmatchable,5
FI,NA,dont-know,Other,other,unmatchable,1
FI,Other,other,The National Coalition Party,Kansallinen Kokoomus,unmatchable,6
FI,Other,other,The Centre Party,Maalaisliitto / Keskusta,unmatchable,2
FI,Other,other,The Swedish People's Party (SPP),Ruotsalainen Kansanpuolue / Svenska Folkepartiet i Finland,unmatchable,3
FI,Other,other,True Finns,Suomen Puolue / Perussuomalaiset,unmatchable,1
FI,Other,other,Social Democratic Party,Suomen Sosialidemokraattinen Puolue,unmatchable,3
FI,Other,other,Green League,Vihreä Liitto,unmatchable,2
FI,Other,other,Other,other,unmatchable,28
FI,NA,refused,The National Coalition Party,Kansallinen Kokoomus,unmatchable,8
FI,NA,refused,Christian Democrats,Kristillisdemokraatit,unmatchable,1
FI,NA,refused,The Centre Party,Maalaisliitto / Keskusta,unmatchable,5
FI,NA,refused,The Swedish People's Party (SPP),Ruotsalainen Kansanpuolue / Svenska Folkepartiet i Finland,unmatchable,1
FI,NA,refused,Communist Party,Suomen Kommunistinen Puolue,unmatchable,1
FI,NA,refused,True Finns,Suomen Puolue / Perussuomalaiset,unmatchable,4
FI,NA,refused,Social Democratic Party,Suomen Sosialidemokraattinen Puolue,unmatchable,5
FI,NA,refused,Left Alliance,Vasemmistoliitto,unmatchable,2
FI,NA,refused,Green League,Vihreä Liitto,unmatchable,2
FI,NA,NA,Movement Now,Liike Nyt,unmatchable,1
FI,NA,NA,Social Democratic Party,Suomen Sosialidemokraattinen Puolue,unmatchable,1
FI,NA,NA,Other,other,unmatchable,1
FR,"CPNT (Chasse, Pêche, Nature et Traditions)","Chasse, pêche, nature, traditions","CPNT (Chasse, Pêche, Nature et Traditions)","Chasse, pêche, nature, traditions",same,9
FR,"CPNT (Chasse, pêche, nature et traditions)","Chasse, pêche, nature, traditions","CPNT (Chasse, pêche, nature et traditions)","Chasse, pêche, nature, traditions",same,6
FR,"CPNT (Chasse, Pêche, Nature et Traditions)","Chasse, pêche, nature, traditions",LO (Lutte ouvrière),Lutte ouvrière,different,1
FR,"CPNT (Chasse, Pêche, Nature et Traditions)","Chasse, pêche, nature, traditions",PS (Parti Socialiste),Parti socialiste,different,1
FR,"CPNT (Chasse, Pêche, Nature et Traditions)","Chasse, pêche, nature, traditions",UMP (Union pour la Majorité Présidentielle),Union pour un mouvement populaire,different,1
FR,"CPNT (Chasse, pêche, nature et traditions)","Chasse, pêche, nature, traditions",UMP (Union pour la majorité présidentielle),Union pour un mouvement populaire,different,1
FR,Debout la France,Debout la France,Debout la France,Debout la France,same,8
FR,Debout la France,Debout la France,FN (Front National),Front National / Rassemblement national,different,2
FR,Debout la France,Debout la France,LREM (La République en Marche),La République En Marche! / Renaissance,different,1
FR,Debout la France,Debout la France,LR (Les Républicains),Les Républicains,different,5
FR,DL (Démocratie Libérale),Démocratie Libérale,DL (Démocratie Libérale),Démocratie Libérale,same,4
FR,DL (Démocratie Libérale),Démocratie Libérale,MPF (Mouvement pour la France),Mouvement pour la France,different,1
FR,DL (Démocratie Libérale),Démocratie Libérale,PS (Parti Socialiste),Parti socialiste,different,1
FR,Les Verts – Europe Ecologie,Europe Écologie — Les Verts,"CPNT (Chasse, Pêche, Nature et Traditions)","Chasse, pêche, nature, traditions",different,3
FR,EELV (Europe Ecologie Les Verts),Europe Écologie — Les Verts,Debout la France,Debout la France,different,1
FR,EELV (Europe Ecologie Les Verts),Europe Écologie — Les Verts,"Ensemble ! (LREM, MODEM et Horizons)","Ensemble ! (LREM, MODEM et Horizons) [og]",different,9
FR,EELV (Europe Ecologie Les Verts),Europe Écologie — Les Verts,EELV (Europe Ecologie Les Verts),Europe Écologie — Les Verts,same,165
FR,EELV (Europe Ecologie Les Verts),Europe Écologie — Les Verts,FN (Front National),Front National / Rassemblement national,different,3
FR,EELV (Europe Ecologie Les Verts),Europe Écologie — Les Verts,FDG (Front de Gauche),Front de Gauche,different,3
FR,EELV (Europe Ecologie Les Verts),Europe Écologie — Les Verts,FI (La France Insoumise),La France Insoumise,different,4
FR,EELV (Europe Ecologie Les Verts),Europe Écologie — Les Verts,LREM (La République en Marche),La République En Marche! / Renaissance,different,10
FR,EELV (Europe Ecologie Les Verts),Europe Écologie — Les Verts,LR (Les Républicains),Les Républicains,different,4
FR,EELV (Europe Ecologie Les Verts),Europe Écologie — Les Verts,Les Républicains et l’UDI,Les Républicains et l’UDI [og],different,3
FR,Les Verts – Europe Ecologie,Europe Écologie — Les Verts,Les Verts,Les Verts,different,41
FR,Les Verts – Europe Ecologie,Europe Écologie — Les Verts,LCR (Ligue Communiste Révolutionnaire),Ligue communiste révolutionnaire,different,3
FR,EELV (Europe Ecologie Les Verts),Europe Écologie — Les Verts,LO (Lutte Ouvrière),Lutte ouvrière,different,2
FR,Les Verts – Europe Ecologie,Europe Écologie — Les Verts,LO (Lutte Ouvrière),Lutte ouvrière,different,2
FR,EELV (Europe Ecologie Les Verts),Europe Écologie — Les Verts,MODEM (Mouvement Démocrate),Mouvement démocrate,different,2
FR,EELV (Europe Ecologie Les Verts),Europe Écologie — Les Verts,MPF (Mouvement pour la France),Mouvement pour la France,different,2
FR,EELV (Europe Ecologie Les Verts),Europe Écologie — Les Verts,"NUPES (Nouvelle Union Populaire Ecologique et Sociale: FI, EELV, PCF, PS)","NUPES (Nouvelle Union Populaire Ecologique et Sociale: FI, EELV, PCF, PS) [og]",same,47
FR,EELV (Europe Ecologie Les Verts),Europe Écologie — Les Verts,NPA (Nouveau Parti Anti-Capitaliste),Nouveau Parti Anticapitaliste,different,2
FR,EELV (Europe Ecologie Les Verts),Europe Écologie — Les Verts,PS (Parti Socialiste),Parti socialiste,different,36
FR,Les Verts – Europe Ecologie,Europe Écologie — Les Verts,PS (Parti Socialiste),Parti socialiste,different,11
FR,EELV (Europe Ecologie Les Verts),Europe Écologie — Les Verts,UMP (Union pour un Mouvement Populaire),Union pour un mouvement populaire,different,6
FR,Les Verts – Europe Ecologie,Europe Écologie — Les Verts,UMP (Union pour la Majorité Présidentielle),Union pour un mouvement populaire,different,4
FR,EELV (Europe Ecologie Les Verts),Europe Écologie — Les Verts,Blanc,blank-invalid,unmatchable,2
FR,Les Verts – Europe Ecologie,Europe Écologie — Les Verts,Blanc,blank-invalid,unmatchable,1
FR,EELV (Europe Ecologie Les Verts),Europe Écologie — Les Verts,Autres mouvements écologistes,divers ecologistes,different,2
FR,Les Verts – Europe Ecologie,Europe Écologie — Les Verts,Autres mouvements écologistes,divers ecologistes,different,7
FR,EELV (Europe Ecologie Les Verts),Europe Écologie — Les Verts,Un candidat divers gauche,divers gauche,different,7
FR,Les Verts – Europe Ecologie,Europe Écologie — Les Verts,Divers gauche,divers gauche,different,3
FR,EELV (Europe Ecologie Les Verts),Europe Écologie — Les Verts,Autre,other,unmatchable,1
FR,FN (Front National),Front National / Rassemblement national,"CPNT (Chasse, Pêche, Nature et Traditions)","Chasse, pêche, nature, traditions",different,2
FR,FN (Front National),Front National / Rassemblement national,Debout la France,Debout la France,different,1
FR,FN (Front national),Front National / Rassemblement national,DL (Démocratie libérale),Démocratie Libérale,different,2
FR,"Le Rassemblement National (RN, ex Front National)",Front National / Rassemblement national,"Ensemble ! (LREM, MODEM et Horizons)","Ensemble ! (LREM, MODEM et Horizons) [og]",different,5
FR,FN (Front National),Front National / Rassemblement national,EELV (Europe Ecologie Les Verts),Europe Écologie — Les Verts,different,1
FR,FN (Front National),Front National / Rassemblement national,FN (Front National),Front National / Rassemblement national,same,371
FR,FN (Front national),Front National / Rassemblement national,FN (Front national),Front National / Rassemblement national,same,24
FR,"Le Rassemblement National (RN, ex Front National)",Front National / Rassemblement national,Le Rassemblement national (ex Front National),Front National / Rassemblement national,same,85
FR,FN (Front National),Front National / Rassemblement national,FDG (Front de Gauche),Front de Gauche,different,1
FR,FN (Front National),Front National / Rassemblement national,FI (La France Insoumise),La France Insoumise,different,1
FR,FN (Front National),Front National / Rassemblement national,LREM (La République en Marche),La République En Marche! / Renaissance,different,2
FR,FN (Front National),Front National / Rassemblement national,LR (Les Républicains),Les Républicains,different,4
FR,"Le Rassemblement National (RN, ex Front National)",Front National / Rassemblement national,Les Républicains et l’UDI,Les Républicains et l’UDI [og],different,2
FR,FN (Front National),Front National / Rassemblement national,Les Verts,Les Verts,different,2
FR,FN (Front National),Front National / Rassemblement national,LO (Lutte Ouvrière),Lutte ouvrière,different,3
FR,FN (Front National),Front National / Rassemblement national,LO (Lutte ouvrière),Lutte ouvrière,different,1
FR,"Le Rassemblement National (RN, ex Front National)",Front National / Rassemblement national,LO (Lutte Ouvrière),Lutte ouvrière,different,1
FR,FN (Front National),Front National / Rassemblement national,MDC (Mouvement des citoyens),Mouvement des citoyens / Pôle républicain,different,1
FR,FN (Front national),Front National / Rassemblement national,MDC (Mouvement des citoyens),Mouvement des citoyens / Pôle républicain,different,1
FR,FN (Front National),Front National / Rassemblement national,MODEM (Mouvement Démocrate),Mouvement démocrate,different,8
FR,FN (Front national),Front National / Rassemblement national,MNR (Mouvement national républicain),Mouvement national républicain,different,1
FR,FN (Front National),Front National / Rassemblement national,MPF (Mouvement pour la France),Mouvement pour la France,different,7
FR,"Le Rassemblement National (RN, ex Front National)",Front National / Rassemblement national,"NUPES (Nouvelle Union Populaire Ecologique et Sociale: FI, EELV, PCF, PS)","NUPES (Nouvelle Union Populaire Ecologique et Sociale: FI, EELV, PCF, PS) [og]",different,1
FR,FN (Front National),Front National / Rassemblement national,Nouveau Centre,Nouveau centre,different,1
FR,FN (Front National),Front National / Rassemblement national,PCF (Parti Communiste Français),Parti communiste française,different,1
FR,FN (Front National),Front National / Rassemblement national,PRG (Parti Radical de Gauche),Parti radical de gauche,different,2
FR,FN (Front National),Front National / Rassemblement national,Parti Radical de Gauche,Parti radical de gauche,different,3
FR,FN (Front National),Front National / Rassemblement national,PS (Parti Socialiste),Parti socialiste,different,15
FR,FN (Front National),Front National / Rassemblement national,RPF (Rassemblement du Peuple Français),RPF (Rassemblement du Peuple Français) [og],different,1
FR,"Le Rassemblement National (RN, ex Front National)",Front National / Rassemblement national,Reconquête !,Reconquête,different,2
FR,FN (Front National),Front National / Rassemblement national,UDF (Union pour la Démocratie Française),Union pour la démocratie française,different,1
FR,FN (Front National),Front National / Rassemblement national,UMP (Union de la Majorité Présidentielle),Union pour un mouvement populaire,different,2
FR,FN (Front National),Front National / Rassemblement national,UMP (Union pour la Majorité Présidentielle),Union pour un mouvement populaire,different,4
FR,FN (Front National),Front National / Rassemblement national,UMP (Union pour un Mouvement Populaire),Union pour un mouvement populaire,different,16
FR,FN (Front National),Front National / Rassemblement national,Blanc,blank-invalid,unmatchable,8
FR,FN (Front National),Front National / Rassemblement national,Autres mouvements écologistes,divers ecologistes,different,1
FR,"Le Rassemblement National (RN, ex Front National)",Front National / Rassemblement national,"l’Union pour la France (Debout la France, Les Patriotes et Génération Frexit)","l’Union pour la France (Debout la France, Les Patriotes et Génération Frexit) [og]",different,1
FR,FN (Front National),Front National / Rassemblement national,Autre,other,unmatchable,1
FR,Horizons,Horizons,"Ensemble ! (LREM, MODEM et Horizons)","Ensemble ! (LREM, MODEM et Horizons) [og]",same,7
FR,Horizons,Horizons,Les Républicains et l’UDI,Les Républicains et l’UDI [og],different,7
FR,Horizons,Horizons,"NUPES (Nouvelle Union Populaire Ecologique et Sociale: FI, EELV, PCF, PS)","NUPES (Nouvelle Union Populaire Ecologique et Sociale: FI, EELV, PCF, PS) [og]",different,1
FR,Horizons,Horizons,Blanc,blank-invalid,unmatchable,1
FR,Horizons,Horizons,"l’Union pour la France (Debout la France, Les Patriotes et Génération Frexit)","l’Union pour la France (Debout la France, Les Patriotes et Génération Frexit) [og]",different,1
FR,FI (La France Insoumise),La France Insoumise,Debout la France,Debout la France,different,1
FR,FI (La France Insoumise),La France Insoumise,"Ensemble ! (LREM, MODEM et Horizons)","Ensemble ! (LREM, MODEM et Horizons) [og]",different,1
FR,FI (La France Insoumise),La France Insoumise,EELV (Europe Ecologie Les Verts),Europe Écologie — Les Verts,different,8
FR,FI (La France Insoumise),La France Insoumise,FI (La France Insoumise),La France Insoumise,same,63
FR,FI (La France Insoumise),La France Insoumise,LREM (La République en Marche),La République En Marche! / Renaissance,different,2
FR,FI (La France Insoumise),La France Insoumise,LR (Les Républicains),Les Républicains,different,1
FR,FI (La France Insoumise),La France Insoumise,"NUPES (Nouvelle Union Populaire Ecologique et Sociale: FI, EELV, PCF, PS)","NUPES (Nouvelle Union Populaire Ecologique et Sociale: FI, EELV, PCF, PS) [og]",same,51
FR,FI (La France Insoumise),La France Insoumise,NPA (Nouveau Parti Anti-Capitaliste),Nouveau Parti Anticapitaliste,different,1
FR,FI (La France Insoumise),La France Insoumise,PCF (Parti Communiste Français),Parti communiste française,different,1
FR,FI (La France Insoumise),La France Insoumise,PS (Parti Socialiste),Parti socialiste,different,5
FR,FI (La France Insoumise),La France Insoumise,Blanc,blank-invalid,unmatchable,1
FR,FI (La France Insoumise),La France Insoumise,Un candidat divers gauche,divers gauche,different,3
FR,FI (La France Insoumise),La France Insoumise,"l’Union pour la France (Debout la France, Les Patriotes et Génération Frexit)","l’Union pour la France (Debout la France, Les Patriotes et Génération Frexit) [og]",different,2
FR,FI (La France Insoumise),La France Insoumise,Autre,other,unmatchable,1
FR,LREM (La République en Marche),La République En Marche! / Renaissance,Debout la France,Debout la France,different,1
FR,Renaissance (ex La République en Marche !),La République En Marche! / Renaissance,"Ensemble ! (LREM, MODEM et Horizons)","Ensemble ! (LREM, MODEM et Horizons) [og]",same,81
FR,LREM (La République en Marche),La République En Marche! / Renaissance,EELV (Europe Ecologie Les Verts),Europe Écologie — Les Verts,different,5
FR,LREM (La République en Marche),La République En Marche! / Renaissance,FN (Front National),Front National / Rassemblement national,different,2
FR,Renaissance (ex La République en Marche !),La République En Marche! / Renaissance,Le Rassemblement national (ex Front National),Front National / Rassemblement national,different,3
FR,LREM (La République en Marche),La République En Marche! / Renaissance,FI (La France Insoumise),La France Insoumise,different,1
FR,LREM (La République en Marche),La République En Marche! / Renaissance,LREM (La République en Marche),La République En Marche! / Renaissance,same,192
FR,LREM (La République en Marche),La République En Marche! / Renaissance,LR (Les Républicains),Les Républicains,different,26
FR,Renaissance (ex La République en Marche !),La République En Marche! / Renaissance,Les Républicains et l’UDI,Les Républicains et l’UDI [og],different,2
FR,LREM (La République en Marche),La République En Marche! / Renaissance,MODEM (Mouvement Démocrate),Mouvement démocrate,different,3
FR,Renaissance (ex La République en Marche !),La République En Marche! / Renaissance,"NUPES (Nouvelle Union Populaire Ecologique et Sociale: FI, EELV, PCF, PS)","NUPES (Nouvelle Union Populaire Ecologique et Sociale: FI, EELV, PCF, PS) [og]",different,1
FR,LREM (La République en Marche),La République En Marche! / Renaissance,PCF (Parti Communiste Français),Parti communiste française,different,1
FR,LREM (La République en Marche),La République En Marche! / Renaissance,PS (Parti Socialiste),Parti socialiste,different,11
FR,Renaissance (ex La République en Marche !),La République En Marche! / Renaissance,Blanc,blank-invalid,unmatchable,1
FR,LR (Les Républicains),Les Républicains,Debout la France,Debout la France,different,1
FR,LR (Les Républicains),Les Républicains,"Ensemble ! (LREM, MODEM et Horizons)","Ensemble ! (LREM, MODEM et Horizons) [og]",different,4
FR,LR (Les Republicains),Les Républicains,EELV (Europe Ecologie Les Verts),Europe Écologie — Les Verts,different,2
FR,LR (Les Républicains),Les Républicains,EELV (Europe Ecologie Les Verts),Europe Écologie — Les Verts,different,2
FR,LR (Les Republicains),Les Républicains,FN (Front National),Front National / Rassemblement national,different,2
FR,LR (Les Républicains),Les Républicains,FN (Front National),Front National / Rassemblement national,different,2
FR,LR (Les Républicains),Les Républicains,Le Rassemblement national (ex Front National),Front National / Rassemblement national,different,3
FR,LR (Les Républicains),Les Républicains,LREM (La République en Marche),La République En Marche! / Renaissance,different,24
FR,LR (Les Républicains),Les Républicains,LR (Les Républicains),Les Républicains,same,160
FR,LR (Les Républicains),Les Républicains,Les Républicains et l’UDI,Les Républicains et l’UDI [og],same,40
FR,LR (Les Républicains),Les Républicains,LO (Lutte Ouvrière),Lutte ouvrière,different,1
FR,LR (Les Republicains),Les Républicains,MODEM (Mouvement Démocrate),Mouvement démocrate,different,1
FR,LR (Les Républicains),Les Républicains,MODEM (Mouvement Démocrate),Mouvement démocrate,different,3
FR,LR (Les Republicains),Les Républicains,MPF (Mouvement pour la France),Mouvement pour la France,different,3
FR,LR (Les Républicains),Les Républicains,"NUPES (Nouvelle Union Populaire Ecologique et Sociale: FI, EELV, PCF, PS)","NUPES (Nouvelle Union Populaire Ecologique et Sociale: FI, EELV, PCF, PS) [og]",different,2
FR,LR (Les Républicains),Les Républicains,NPA (Nouveau Parti Anti-Capitaliste),Nouveau Parti Anticapitaliste,different,1
FR,LR (Les Republicains),Les Républicains,Nouveau Centre,Nouveau centre,different,2
FR,LR (Les Republicains),Les Républicains,PR (Parti Radical Valoisien),Parti radical [socialiste],different,4
FR,LR (Les Republicains),Les Républicains,PS (Parti Socialiste),Parti socialiste,different,2
FR,LR (Les Républicains),Les Républicains,PS (Parti Socialiste),Parti socialiste,different,4
FR,LR (Les Republicains),Les Républicains,UMP (Union pour un Mouvement Populaire),Union pour un mouvement populaire,different,165
FR,LR (Les Republicains),Les Républicains,Autres mouvements écologistes,divers ecologistes,different,1
FR,LR (Les Républicains),Les Républicains,"l’Union pour la France (Debout la France, Les Patriotes et Génération Frexit)","l’Union pour la France (Debout la France, Les Patriotes et Génération Frexit) [og]",different,3
FR,LR (Les Republicains),Les Républicains,Autre,other,unmatchable,1
FR,Les Verts,Les Verts,"CPNT (Chasse, Pêche, Nature et Traditions)","Chasse, pêche, nature, traditions",different,2
FR,Les Verts,Les Verts,FN (Front national),Front National / Rassemblement national,different,1
FR,Les Verts,Les Verts,Les Verts,Les Verts,same,86
FR,Les Verts,Les Verts,LCR (Ligue Communiste Révolutionnaire),Ligue communiste révolutionnaire,different,1
FR,Les Verts,Les Verts,LCR (Ligue communiste révolutionnaire),Ligue communiste révolutionnaire,different,1
FR,Les Verts,Les Verts,LO (Lutte Ouvrière),Lutte ouvrière,different,1
FR,Les Verts,Les Verts,LO (Lutte ouvrière),Lutte ouvrière,different,3
FR,Les Verts,Les Verts,UDF-MoDem (Mouvement Democrate),Mouvement démocrate,different,3
FR,Les Verts,Les Verts,PC (Parti communiste),Parti communiste française,different,2
FR,Les Verts,Les Verts,PS (Parti Socialiste),Parti socialiste,different,21
FR,Les Verts,Les Verts,PS (Parti socialiste),Parti socialiste,different,7
FR,Les Verts,Les Verts,UDF (Union pour la Démocratie Française),Union pour la démocratie française,different,2
FR,Les Verts,Les Verts,UDF (Union pour la démocratie française),Union pour la démocratie française,different,2
FR,Les Verts,Les Verts,UMP (Union de la Majorité Présidentielle),Union pour un mouvement populaire,different,1
FR,Les Verts,Les Verts,UMP (Union pour la Majorité Présidentielle),Union pour un mouvement populaire,different,2
FR,Les Verts,Les Verts,UMP (Union pour la majorité présidentielle),Union pour un mouvement populaire,different,1
FR,Les Verts,Les Verts,Blanc,blank-invalid,unmatchable,2
FR,Les Verts,Les Verts,Autres mouvements écologistes,divers ecologistes,different,4
FR,Les Verts,Les Verts,Autre,other,unmatchable,4
FR,LCR (Ligue communiste révolutionnaire),Ligue communiste révolutionnaire,DL (Démocratie libérale),Démocratie Libérale,different,1
FR,LCR (ligue communiste révolutionnaire),Ligue communiste révolutionnaire,DL (Démocratie Libérale),Démocratie Libérale,different,1
FR,LCR (Ligue communiste révolutionnaire),Ligue communiste révolutionnaire,FN (Front national),Front National / Rassemblement national,different,2
FR,LCR (Ligue Communiste Révolutionnaire),Ligue communiste révolutionnaire,Les Verts,Les Verts,different,1
FR,LCR (Ligue communiste révolutionnaire),Ligue communiste révolutionnaire,Les Verts,Les Verts,different,2
FR,LCR (Ligue Communiste Révolutionnaire),Ligue communiste révolutionnaire,LCR (Ligue Communiste Révolutionnaire),Ligue communiste révolutionnaire,same,12
FR,LCR (Ligue communiste révolutionnaire),Ligue communiste révolutionnaire,LCR (Ligue communiste révolutionnaire),Ligue communiste révolutionnaire,same,3
FR,LCR (ligue communiste révolutionnaire),Ligue communiste révolutionnaire,LCR (ligue communiste révolutionnaire),Ligue communiste révolutionnaire,same,8
FR,LCR (Ligue Communiste Révolutionnaire),Ligue communiste révolutionnaire,LO (Lutte Ouvrière),Lutte ouvrière,different,1
FR,LCR (Ligue communiste révolutionnaire),Ligue communiste révolutionnaire,LO (Lutte ouvrière),Lutte ouvrière,different,1
FR,LCR (Ligue Communiste Révolutionnaire),Ligue communiste révolutionnaire,UDF-MoDem (Mouvement Democrate),Mouvement démocrate,different,2
FR,LCR (Ligue Communiste Révolutionnaire),Ligue communiste révolutionnaire,PC (Parti Communiste),Parti communiste française,different,1
FR,LCR (Ligue communiste révolutionnaire),Ligue communiste révolutionnaire,PC (Parti communiste),Parti communiste française,different,2
FR,LCR (ligue communiste révolutionnaire),Ligue communiste révolutionnaire,PC (Parti communiste),Parti communiste française,different,2
FR,LCR (Ligue Communiste Révolutionnaire),Ligue communiste révolutionnaire,PRG (Parti Radical de Gauche),Parti radical de gauche,different,2
FR,LCR (Ligue Communiste Révolutionnaire),Ligue communiste révolutionnaire,PS (Parti Socialiste),Parti socialiste,different,5
FR,LCR (Ligue communiste révolutionnaire),Ligue communiste révolutionnaire,PS (Parti socialiste),Parti socialiste,different,4
FR,LCR (ligue communiste révolutionnaire),Ligue communiste révolutionnaire,PS (Parti Socialiste),Parti socialiste,different,4
FR,LCR (Ligue communiste révolutionnaire),Ligue communiste révolutionnaire,RPF (Rassemblement du peuple français),RPF (Rassemblement du Peuple Français) [og],different,1
FR,LCR (Ligue Communiste Révolutionnaire),Ligue communiste révolutionnaire,Blanc,blank-invalid,unmatchable,1
FR,LO (Lutte ouvrière),Lutte ouvrière,"CPNT (Chasse, Pêche, Nature et Traditions)","Chasse, pêche, nature, traditions",different,2
FR,LO (Lutte ouvrière),Lutte ouvrière,DL (Démocratie Libérale),Démocratie Libérale,different,1
FR,LO (Lutte Ouvrière),Lutte ouvrière,EELV (Europe Ecologie Les Verts),Europe Écologie — Les Verts,different,1
FR,LO (Lutte Ouvrière),Lutte ouvrière,FN (Front National),Front National / Rassemblement national,different,2
FR,LO (Lutte ouvrière),Lutte ouvrière,FN (Front National),Front National / Rassemblement national,different,1
FR,LO (Lutte Ouvrière),Lutte ouvrière,FDG (Front de Gauche),Front de Gauche,different,3
FR,LO (Lutte Ouvrière),Lutte ouvrière,LREM (La République en Marche),La République En Marche! / Renaissance,different,1
FR,LO (Lutte Ouvrière),Lutte ouvrière,LR (Les Républicains),Les Républicains,different,1
FR,LO (Lutte Ouvrière),Lutte ouvrière,Les Verts,Les Verts,different,1
FR,LO (Lutte ouvrière),Lutte ouvrière,Les Verts,Les Verts,different,2
FR,LO (Lutte Ouvrière),Lutte ouvrière,LO (Lutte Ouvrière),Lutte ouvrière,same,19
FR,LO (Lutte ouvrière),Lutte ouvrière,LO (Lutte Ouvrière),Lutte ouvrière,same,5
FR,LO (Lutte ouvrière),Lutte ouvrière,LO (Lutte ouvrière),Lutte ouvrière,same,13
FR,LO (Lutte ouvrière),Lutte ouvrière,UDF-MoDem (Mouvement Democrate),Mouvement démocrate,different,1
FR,LO (Lutte ouvrière),Lutte ouvrière,MPF (Mouvement pour la France),Mouvement pour la France,different,2
FR,LO (Lutte Ouvrière),Lutte ouvrière,NPA (Nouveau Parti Anti-Capitaliste),Nouveau Parti Anticapitaliste,different,1
FR,LO (Lutte Ouvrière),Lutte ouvrière,Nouveau Centre,Nouveau centre,different,1
FR,LO (Lutte ouvrière),Lutte ouvrière,Nouveau Centre,Nouveau centre,different,1
FR,LO (Lutte ouvrière),Lutte ouvrière,PC (Parti Communiste),Parti communiste française,different,1
FR,LO (Lutte ouvrière),Lutte ouvrière,PRG (Parti Radical de Gauche),Parti radical de gauche,different,1
FR,LO (Lutte Ouvrière),Lutte ouvrière,PS (Parti Socialiste),Parti socialiste,different,6
FR,LO (Lutte ouvrière),Lutte ouvrière,PS (Parti Socialiste),Parti socialiste,different,2
FR,LO (Lutte Ouvrière),Lutte ouvrière,Blanc,blank-invalid,unmatchable,1
FR,LO (Lutte Ouvrière),Lutte ouvrière,Divers gauche,divers gauche,different,1
FR,MRC (Mouvement républicain et citoyen),Mouvement des citoyens / Pôle républicain,Les Verts,Les Verts,different,1
FR,MRC (Mouvement républicain et citoyen),Mouvement des citoyens / Pôle républicain,LO (Lutte ouvrière),Lutte ouvrière,different,1
FR,MDC (Mouvement des citoyens),Mouvement des citoyens / Pôle républicain,MDC (Mouvement des citoyens),Mouvement des citoyens / Pôle républicain,same,1
FR,MRC (Mouvement républicain et citoyen),Mouvement des citoyens / Pôle républicain,MDC (Mouvement des citoyens),Mouvement des citoyens / Pôle républicain,same,2
FR,MRC (Mouvement républicain et citoyen),Mouvement des citoyens / Pôle républicain,MNR (Mouvement national républicain),Mouvement national républicain,different,1
FR,MRC (Mouvement républicain et citoyen),Mouvement des citoyens / Pôle républicain,PC (Parti communiste),Parti communiste française,different,1
FR,MRC (Mouvement républicain et citoyen),Mouvement des citoyens / Pôle républicain,UMP (Union pour la majorité présidentielle),Union pour un mouvement populaire,different,1
FR,MoDem (Mouvement Démocrate),Mouvement démocrate,"CPNT (Chasse, Pêche, Nature et Traditions)","Chasse, pêche, nature, traditions",different,1
FR,MODEM (Mouvement Démocrate),Mouvement démocrate,"Ensemble ! (LREM, MODEM et Horizons)","Ensemble ! (LREM, MODEM et Horizons) [og]",same,6
FR,MODEM (Mouvement Démocrate),Mouvement démocrate,EELV (Europe Ecologie Les Verts),Europe Écologie — Les Verts,different,8
FR,MODEM (Mouvement Démocrate),Mouvement démocrate,FN (Front National),Front National / Rassemblement national,different,2
FR,MODEM (Mouvement Démocrate),Mouvement démocrate,Le Rassemblement national (ex Front National),Front National / Rassemblement national,different,1
FR,MODEM (Mouvement Démocrate),Mouvement démocrate,FI (La France Insoumise),La France Insoumise,different,1
FR,MODEM (Mouvement Démocrate),Mouvement démocrate,LREM (La République en Marche),La République En Marche! / Renaissance,different,10
FR,MODEM (Mouvement Démocrate),Mouvement démocrate,LR (Les Républicains),Les Républicains,different,1
FR,MODEM (Mouvement Démocrate),Mouvement démocrate,Les Républicains et l’UDI,Les Républicains et l’UDI [og],different,1
FR,MoDem (Mouvement Démocrate),Mouvement démocrate,Les Verts,Les Verts,different,1
FR,UDF-MoDem (Mouvement Democrate),Mouvement démocrate,Les Verts,Les Verts,different,2
FR,MoDem (Mouvement Démocrate),Mouvement démocrate,LO (Lutte Ouvrière),Lutte ouvrière,different,1
FR,MODEM (Mouvement Démocrate),Mouvement démocrate,MODEM (Mouvement Démocrate),Mouvement démocrate,same,57
FR,MoDem (Mouvement Démocrate),Mouvement démocrate,UDF-MoDem (Mouvement Democrate),Mouvement démocrate,same,17
FR,UDF-MoDem (Mouvement Democrate),Mouvement démocrate,UDF-MoDem (Mouvement Democrate),Mouvement démocrate,same,36
FR,MODEM (Mouvement Démocrate),Mouvement démocrate,"NUPES (Nouvelle Union Populaire Ecologique et Sociale: FI, EELV, PCF, PS)","NUPES (Nouvelle Union Populaire Ecologique et Sociale: FI, EELV, PCF, PS) [og]",different,1
FR,MODEM (Mouvement Démocrate),Mouvement démocrate,Nouveau Centre,Nouveau centre,different,3
FR,MoDem (Mouvement Démocrate),Mouvement démocrate,Nouveau Centre,Nouveau centre,different,2
FR,UDF-MoDem (Mouvement Democrate),Mouvement démocrate,Nouveau Centre,Nouveau centre,different,1
FR,MoDem (Mouvement Démocrate),Mouvement démocrate,PC (Parti Communiste),Parti communiste française,different,2
FR,MODEM (Mouvement Démocrate),Mouvement démocrate,PR (Parti Radical Valoisien),Parti radical [socialiste],different,1
FR,MoDem (Mouvement Démocrate),Mouvement démocrate,PRG (Parti Radical de Gauche),Parti radical de gauche,different,1
FR,UDF-MoDem (Mouvement Democrate),Mouvement démocrate,PRG (Parti Radical de Gauche),Parti radical de gauche,different,1
FR,MODEM (Mouvement Démocrate),Mouvement démocrate,PS (Parti Socialiste),Parti socialiste,different,17
FR,MoDem (Mouvement Démocrate),Mouvement démocrate,PS (Parti Socialiste),Parti socialiste,different,2
FR,UDF-MoDem (Mouvement Democrate),Mouvement démocrate,PS (Parti Socialiste),Parti socialiste,different,3
FR,MODEM (Mouvement Démocrate),Mouvement démocrate,UMP (Union pour un Mouvement Populaire),Union pour un mouvement populaire,different,11
FR,MoDem (Mouvement Démocrate),Mouvement démocrate,UMP (Union pour la Majorité Présidentielle),Union pour un mouvement populaire,different,4
FR,UDF-MoDem (Mouvement Democrate),Mouvement démocrate,UMP (Union pour la Majorité Présidentielle),Union pour un mouvement populaire,different,11
FR,MODEM (Mouvement Démocrate),Mouvement démocrate,Blanc,blank-invalid,unmatchable,3
FR,MoDem (Mouvement Démocrate),Mouvement démocrate,Divers droite,divers droite,different,1
FR,UDF-MoDem (Mouvement Democrate),Mouvement démocrate,Divers droite,divers droite,different,2
FR,MODEM (Mouvement Démocrate),Mouvement démocrate,Un candidat divers gauche,divers gauche,different,1
FR,MODEM (Mouvement Démocrate),Mouvement démocrate,"l’Union pour la France (Debout la France, Les Patriotes et Génération Frexit)","l’Union pour la France (Debout la France, Les Patriotes et Génération Frexit) [og]",different,1
FR,MODEM (Mouvement Démocrate),Mouvement démocrate,Autre,other,unmatchable,1
FR,MNR (Mouvement National Républicain),Mouvement national républicain,"CPNT (Chasse, Pêche, Nature et Traditions)","Chasse, pêche, nature, traditions",different,1
FR,MNR (Mouvement national républicain),Mouvement national républicain,DL (Démocratie libérale),Démocratie Libérale,different,1
FR,MNR (Mouvement National Républicain),Mouvement national républicain,FN (Front National),Front National / Rassemblement national,different,1
FR,MNR (Mouvement National Républicain),Mouvement national républicain,LO (Lutte ouvrière),Lutte ouvrière,different,1
FR,MNR (Mouvement national républicain),Mouvement national républicain,MDC (Mouvement des citoyens),Mouvement des citoyens / Pôle républicain,different,1
FR,MNR (Mouvement National Républicain),Mouvement national républicain,MNR (Mouvement National Républicain),Mouvement national républicain,same,9
FR,MNR (Mouvement national républicain),Mouvement national républicain,MPF (Mouvement pour la France),Mouvement pour la France,different,1
FR,MNR (Mouvement National Républicain),Mouvement national républicain,PS (Parti Socialiste),Parti socialiste,different,1
FR,MNR (Mouvement national républicain),Mouvement national républicain,UMP (Union pour la majorité présidentielle),Union pour un mouvement populaire,different,1
FR,MPF (Mouvement pour la France),Mouvement pour la France,"CPNT (Chasse, pêche, nature et traditions)","Chasse, pêche, nature, traditions",different,1
FR,MPF (Mouvement pour la France),Mouvement pour la France,FN (Front National),Front National / Rassemblement national,different,4
FR,MPF (Mouvement pour la France),Mouvement pour la France,FDG (Front de Gauche),Front de Gauche,different,1
FR,MPF (Mouvement pour la France),Mouvement pour la France,LO (Lutte Ouvrière),Lutte ouvrière,different,1
FR,MPF (Mouvement pour la France),Mouvement pour la France,MODEM (Mouvement Démocrate),Mouvement démocrate,different,2
FR,MPF (Mouvement pour la France),Mouvement pour la France,MNR (Mouvement national républicain),Mouvement national républicain,different,2
FR,MPF (Mouvement pour la France),Mouvement pour la France,MPF (Mouvement pour la France),Mouvement pour la France,same,23
FR,MPF (Mouvement pour la France),Mouvement pour la France,Nouveau Centre,Nouveau centre,different,1
FR,MPF (Mouvement pour la France),Mouvement pour la France,PRG (Parti Radical de Gauche),Parti radical de gauche,different,1
FR,MPF (Mouvement pour la France),Mouvement pour la France,Parti Radical de Gauche,Parti radical de gauche,different,1
FR,MPF (Mouvement pour la France),Mouvement pour la France,PS (Parti Socialiste),Parti socialiste,different,4
FR,MPF (Mouvement pour la France),Mouvement pour la France,UMP (Union de la Majorité Présidentielle),Union pour un mouvement populaire,different,1
FR,MPF (Mouvement pour la France),Mouvement pour la France,UMP (Union pour la Majorité Présidentielle),Union pour un mouvement populaire,different,1
FR,MPF (Mouvement pour la France),Mouvement pour la France,UMP (Union pour la majorité présidentielle),Union pour un mouvement populaire,different,5
FR,MPF (Mouvement pour la France),Mouvement pour la France,UMP (Union pour un Mouvement Populaire),Union pour un mouvement populaire,different,19
FR,MPF (Mouvement pour la France),Mouvement pour la France,Blanc,blank-invalid,unmatchable,1
FR,MPF (Mouvement pour la France),Mouvement pour la France,Divers droite,divers droite,different,2
FR,NPA (Nouveau Parti Anti-Capitaliste),Nouveau Parti Anticapitaliste,EELV (Europe Ecologie Les Verts),Europe Écologie — Les Verts,different,2
FR,NPA (Nouveau Parti Anti-Capitaliste),Nouveau Parti Anticapitaliste,FDG (Front de Gauche),Front de Gauche,different,2
FR,NPA (Nouveau Parti Anti-Capitaliste),Nouveau Parti Anticapitaliste,FI (La France Insoumise),La France Insoumise,different,3
FR,NPA (Nouveau Parti Anti-capitaliste),Nouveau Parti Anticapitaliste,LCR (Ligue Communiste Révolutionnaire),Ligue communiste révolutionnaire,different,2
FR,NPA (Nouveau Parti Anti-capitaliste),Nouveau Parti Anticapitaliste,LO (Lutte Ouvrière),Lutte ouvrière,different,1
FR,NPA (Nouveau Parti Anti-Capitaliste),Nouveau Parti Anticapitaliste,NPA (Nouveau Parti Anti-Capitaliste),Nouveau Parti Anticapitaliste,same,12
FR,NPA (Nouveau Parti Anti-Capitaliste),Nouveau Parti Anticapitaliste,Parti Radical de Gauche,Parti radical de gauche,different,1
FR,NPA (Nouveau Parti Anti-Capitaliste),Nouveau Parti Anticapitaliste,PS (Parti Socialiste),Parti socialiste,different,7
FR,NPA (Nouveau Parti Anti-capitaliste),Nouveau Parti Anticapitaliste,PS (Parti Socialiste),Parti socialiste,different,3
FR,NPA (Nouveau Parti Anti-Capitaliste),Nouveau Parti Anticapitaliste,Blanc,blank-invalid,unmatchable,1
FR,NPA (Nouveau Parti Anti-capitaliste),Nouveau Parti Anticapitaliste,Blanc,blank-invalid,unmatchable,1
FR,NPA (Nouveau Parti Anti-Capitaliste),Nouveau Parti Anticapitaliste,Autre,other,unmatchable,1
FR,NPA (Nouveau Parti Anti-capitaliste),Nouveau Parti Anticapitaliste,Autre,other,unmatchable,2
FR,Nouveau Centre,Nouveau centre,"CPNT (Chasse, Pêche, Nature et Traditions)","Chasse, pêche, nature, traditions",different,1
FR,Nouveau Centre,Nouveau centre,EELV (Europe Ecologie Les Verts),Europe Écologie — Les Verts,different,2
FR,Nouveau Centre,Nouveau centre,FN (Front National),Front National / Rassemblement national,different,2
FR,Nouveau Centre,Nouveau centre,Les Verts,Les Verts,different,1
FR,Nouveau Centre,Nouveau centre,MODEM (Mouvement Démocrate),Mouvement démocrate,different,1
FR,Nouveau Centre,Nouveau centre,UDF-MoDem (Mouvement Democrate),Mouvement démocrate,different,3
FR,Nouveau Centre,Nouveau centre,MPF (Mouvement pour la France),Mouvement pour la France,different,1
FR,Nouveau Centre,Nouveau centre,Nouveau Centre,Nouveau centre,same,10
FR,Nouveau Centre,Nouveau centre,PC (Parti Communiste),Parti communiste française,different,1
FR,Nouveau Centre,Nouveau centre,PS (Parti Socialiste),Parti socialiste,different,15
FR,Nouveau Centre,Nouveau centre,UMP (Union pour la Majorité Présidentielle),Union pour un mouvement populaire,different,3
FR,Nouveau Centre,Nouveau centre,UMP (Union pour un Mouvement Populaire),Union pour un mouvement populaire,different,3
FR,Nouveau Centre,Nouveau centre,Blanc,blank-invalid,unmatchable,1
FR,Nouveau Centre,Nouveau centre,Autres mouvements écologistes,divers ecologistes,different,2
FR,PCF (Parti Communiste Français),Parti communiste française,"Ensemble ! (LREM, MODEM et Horizons)","Ensemble ! (LREM, MODEM et Horizons) [og]",different,1
FR,PC (Parti Communiste),Parti communiste française,FN (Front National),Front National / Rassemblement national,different,1
FR,PC (Parti communiste),Parti communiste française,FN (Front National),Front National / Rassemblement national,different,1
FR,PC (Parti communiste),Parti communiste française,FN (Front national),Front National / Rassemblement national,different,2
FR,PCF (Parti Communiste Francais),Parti communiste française,FN (Front National),Front National / Rassemblement national,different,1
FR,PCF (Parti Communiste Français),Parti communiste française,FN (Front National),Front National / Rassemblement national,different,2
FR,PCF (Parti Communiste Francais),Parti communiste française,FDG (Front de Gauche),Front de Gauche,same,10
FR,PCF (Parti Communiste Français),Parti communiste française,FDG (Front de Gauche),Front de Gauche,same,19
FR,PCF (Parti Communiste Français),Parti communiste française,FI (La France Insoumise),La France Insoumise,different,4
FR,PCF (Parti Communiste Français),Parti communiste française,LREM (La République en Marche),La République En Marche! / Renaissance,different,1
FR,PC (Parti communiste),Parti communiste française,Les Verts,Les Verts,different,2
FR,PC (Parti communiste),Parti communiste française,LCR (Ligue Communiste Révolutionnaire),Ligue communiste révolutionnaire,different,2
FR,PC (Parti communiste),Parti communiste française,LCR (Ligue communiste révolutionnaire),Ligue communiste révolutionnaire,different,1
FR,PC (Parti communiste),Parti communiste française,LO (Lutte Ouvrière),Lutte ouvrière,different,1
FR,PC (Parti communiste),Parti communiste française,LO (Lutte ouvrière),Lutte ouvrière,different,1
FR,PCF (Parti Communiste Francais),Parti communiste française,LO (Lutte Ouvrière),Lutte ouvrière,different,2
FR,PCF (Parti Communiste Français),Parti communiste française,LO (Lutte Ouvrière),Lutte ouvrière,different,2
FR,PC (Parti communiste),Parti communiste française,UDF-MoDem (Mouvement Democrate),Mouvement démocrate,different,1
FR,PC (Parti communiste),Parti communiste française,MPF (Mouvement pour la France),Mouvement pour la France,different,1
FR,PCF (Parti Communiste Français),Parti communiste française,MPF (Mouvement pour la France),Mouvement pour la France,different,1
FR,PCF (Parti Communiste Français),Parti communiste française,"NUPES (Nouvelle Union Populaire Ecologique et Sociale: FI, EELV, PCF, PS)","NUPES (Nouvelle Union Populaire Ecologique et Sociale: FI, EELV, PCF, PS) [og]",same,11
FR,PCF (Parti Communiste Français),Parti communiste française,NPA (Nouveau Parti Anti-Capitaliste),Nouveau Parti Anticapitaliste,different,1
FR,PC (Parti communiste),Parti communiste française,Nouveau Centre,Nouveau centre,different,1
FR,PC (Parti Communiste),Parti communiste française,PC (Parti Communiste),Parti communiste française,same,25
FR,PC (Parti communiste),Parti communiste française,PC (Parti Communiste),Parti communiste française,same,12
FR,PC (Parti communiste),Parti communiste française,PC (Parti communiste),Parti communiste française,same,68
FR,PCF (Parti Communiste Français),Parti communiste française,PCF (Parti Communiste Français),Parti communiste française,same,22
FR,PC (Parti Communiste),Parti communiste française,PRG (Parti Radical de Gauche),Parti radical de gauche,different,1
FR,PCF (Parti Communiste Français),Parti communiste française,Parti Radical de Gauche,Parti radical de gauche,different,1
FR,PC (Parti Communiste),Parti communiste française,PS (Parti Socialiste),Parti socialiste,different,34
FR,PC (Parti communiste),Parti communiste française,PS (Parti Socialiste),Parti socialiste,different,8
FR,PC (Parti communiste),Parti communiste française,PS (Parti socialiste),Parti socialiste,different,2
FR,PCF (Parti Communiste Francais),Parti communiste française,PS (Parti Socialiste),Parti socialiste,different,2
FR,PCF (Parti Communiste Français),Parti communiste française,PS (Parti Socialiste),Parti socialiste,different,15
FR,PC (Parti communiste),Parti communiste française,UDF (Union pour la démocratie française),Union pour la démocratie française,different,1
FR,PC (Parti Communiste),Parti communiste française,Blanc,blank-invalid,unmatchable,1
FR,PCF (Parti Communiste Francais),Parti communiste française,Autres mouvements écologistes,divers ecologistes,different,1
FR,PC (Parti communiste),Parti communiste française,Divers gauche,divers gauche,different,2
FR,PCF (Parti Communiste Français),Parti communiste française,Un candidat divers gauche,divers gauche,different,4
FR,PC (Parti communiste),Parti communiste française,Autre,other,unmatchable,1
FR,PCF (Parti Communiste Francais),Parti communiste française,Autre,other,unmatchable,2
FR,PCF (Parti Communiste Français),Parti communiste française,Autre,other,unmatchable,2
FR,PG (Parti de Gauche),Parti de Gauche,EELV (Europe Ecologie Les Verts),Europe Écologie — Les Verts,different,9
FR,PG (Parti de Gauche),Parti de Gauche,FDG (Front de Gauche),Front de Gauche,same,52
FR,PG (Parti de Gauche),Parti de Gauche,LO (Lutte Ouvrière),Lutte ouvrière,different,4
FR,PG (Parti de Gauche),Parti de Gauche,Parti Radical de Gauche,Parti radical de gauche,different,6
FR,PG (Parti de Gauche),Parti de Gauche,PS (Parti Socialiste),Parti socialiste,different,30
FR,PG (Parti de Gauche),Parti de Gauche,Blanc,blank-invalid,unmatchable,1
FR,PG (Parti de Gauche),Parti de Gauche,Autres mouvements écologistes,divers ecologistes,different,1
FR,PR (Parti Radical Valoisien),Parti radical [socialiste],PR (Parti Radical Valoisien),Parti radical [socialiste],same,1
FR,PR (Parti Radical Valoisien),Parti radical [socialiste],PS (Parti Socialiste),Parti socialiste,different,1
FR,PR (Parti Radical Valoisien),Parti radical [socialiste],UMP (Union pour un Mouvement Populaire),Union pour un mouvement populaire,different,1
FR,Parti Radical de Gauche,Parti radical de gauche,FDG (Front de Gauche),Front de Gauche,different,8
FR,PRG (Parti Radical de Gauche),Parti radical de gauche,Les Verts,Les Verts,different,1
FR,PRG (Parti Radical de Gauche),Parti radical de gauche,LCR (Ligue Communiste Révolutionnaire),Ligue communiste révolutionnaire,different,1
FR,PRG (Parti Radical de Gauche),Parti radical de gauche,PC (Parti Communiste),Parti communiste française,different,1
FR,PRG (Parti radical de gauche),Parti radical de gauche,PC (Parti communiste),Parti communiste française,different,2
FR,PRG (Parti Radical de Gauche),Parti radical de gauche,PRG (Parti Radical de Gauche),Parti radical de gauche,same,1
FR,Parti Radical de Gauche,Parti radical de gauche,Parti Radical de Gauche,Parti radical de gauche,same,8
FR,PRG (Parti Radical de Gauche),Parti radical de gauche,PS (Parti Socialiste),Parti socialiste,different,5
FR,PRG (Parti radical de gauche),Parti radical de gauche,PS (Parti socialiste),Parti socialiste,different,3
FR,Parti Radical de Gauche,Parti radical de gauche,PS (Parti Socialiste),Parti socialiste,different,12
FR,PRG (Parti radical de gauche),Parti radical de gauche,UDF (Union pour la démocratie française),Union pour la démocratie française,different,1
FR,PRG (Parti Radical de Gauche),Parti radical de gauche,UMP (Union pour la Majorité Présidentielle),Union pour un mouvement populaire,different,2
FR,PRG (Parti Radical de Gauche),Parti radical de gauche,Autres mouvements écologistes,divers ecologistes,different,1
FR,PS (Parti Socialiste),Parti socialiste,"CPNT (Chasse, Pêche, Nature et Traditions)","Chasse, pêche, nature, traditions",different,9
FR,PS (Parti socialiste),Parti socialiste,"CPNT (Chasse, pêche, nature et traditions)","Chasse, pêche, nature, traditions",different,2
FR,PS (Parti Socialiste),Parti socialiste,Debout la France,Debout la France,different,1
FR,PS (Parti Socialiste),Parti socialiste,DL (Démocratie Libérale),Démocratie Libérale,different,2
FR,PS (Parti Socialiste),Parti socialiste,"Ensemble ! (LREM, MODEM et Horizons)","Ensemble ! (LREM, MODEM et Horizons) [og]",different,5
FR,PS (Parti Socialiste),Parti socialiste,EELV (Europe Ecologie Les Verts),Europe Écologie — Les Verts,different,22
FR,PS (Parti Socialiste),Parti socialiste,FN (Front National),Front National / Rassemblement national,different,16
FR,PS (Parti Socialiste),Parti socialiste,FDG (Front de Gauche),Front de Gauche,different,7
FR,PS (Parti Socialiste),Parti socialiste,FI (La France Insoumise),La France Insoumise,different,5
FR,PS (Parti Socialiste),Parti socialiste,LREM (La République en Marche),La République En Marche! / Renaissance,different,25
FR,PS (Parti Socialiste),Parti socialiste,LR (Les Républicains),Les Républicains,different,2
FR,PS (Parti Socialiste),Parti socialiste,Les Républicains et l’UDI,Les Républicains et l’UDI [og],different,1
FR,PS (Parti Socialiste),Parti socialiste,Les Verts,Les Verts,different,28
FR,PS (Parti socialiste),Parti socialiste,Les Verts,Les Verts,different,9
FR,PS (Parti Socialiste),Parti socialiste,LCR (Ligue Communiste Révolutionnaire),Ligue communiste révolutionnaire,different,5
FR,PS (Parti Socialiste),Parti socialiste,LCR (ligue communiste révolutionnaire),Ligue communiste révolutionnaire,different,4
FR,PS (Parti socialiste),Parti socialiste,LCR (Ligue communiste révolutionnaire),Ligue communiste révolutionnaire,different,1
FR,PS (Parti Socialiste),Parti socialiste,LO (Lutte Ouvrière),Lutte ouvrière,different,8
FR,PS (Parti Socialiste),Parti socialiste,LO (Lutte ouvrière),Lutte ouvrière,different,1
FR,PS (Parti socialiste),Parti socialiste,LO (Lutte ouvrière),Lutte ouvrière,different,3
FR,PS (Parti Socialiste),Parti socialiste,MODEM (Mouvement Démocrate),Mouvement démocrate,different,5
FR,PS (Parti Socialiste),Parti socialiste,UDF-MoDem (Mouvement Democrate),Mouvement démocrate,different,8
FR,PS (Parti Socialiste),Parti socialiste,MNR (Mouvement National Républicain),Mouvement national républicain,different,3
FR,PS (Parti socialiste),Parti socialiste,MNR (Mouvement national républicain),Mouvement national républicain,different,3
FR,PS (Parti Socialiste),Parti socialiste,MPF (Mouvement pour la France),Mouvement pour la France,different,1
FR,PS (Parti socialiste),Parti socialiste,MPF (Mouvement pour la France),Mouvement pour la France,different,6
FR,PS (Parti Socialiste),Parti socialiste,"NUPES (Nouvelle Union Populaire Ecologique et Sociale: FI, EELV, PCF, PS)","NUPES (Nouvelle Union Populaire Ecologique et Sociale: FI, EELV, PCF, PS) [og]",same,45
FR,PS (Parti Socialiste),Parti socialiste,NPA (Nouveau Parti Anti-Capitaliste),Nouveau Parti Anticapitaliste,different,4
FR,PS (Parti Socialiste),Parti socialiste,Nouveau Centre,Nouveau centre,different,3
FR,PS (Parti Socialiste),Parti socialiste,PC (Parti Communiste),Parti communiste française,different,5
FR,PS (Parti Socialiste),Parti socialiste,PC (Parti communiste),Parti communiste française,different,11
FR,PS (Parti Socialiste),Parti socialiste,PCF (Parti Communiste Français),Parti communiste française,different,2
FR,PS (Parti socialiste),Parti socialiste,PC (Parti communiste),Parti communiste française,different,9
FR,PS (Parti Socialiste),Parti socialiste,PR (Parti Radical Valoisien),Parti radical [socialiste],different,1
FR,PS (Parti Socialiste),Parti socialiste,Parti Radical de Gauche,Parti radical de gauche,different,7
FR,PS (Parti Socialiste),Parti socialiste,PS (Parti Socialiste),Parti socialiste,same,1637
FR,PS (Parti socialiste),Parti socialiste,PS (Parti socialiste),Parti socialiste,same,244
FR,PS (Parti Socialiste),Parti socialiste,RPF (Rassemblement du Peuple Français),RPF (Rassemblement du Peuple Français) [og],different,1
FR,PS (Parti Socialiste),Parti socialiste,Reconquête !,Reconquête,different,1
FR,PS (Parti Socialiste),Parti socialiste,UDF (Union pour la Démocratie Française),Union pour la démocratie française,different,2
FR,PS (Parti socialiste),Parti socialiste,UDF (Union pour la démocratie française),Union pour la démocratie française,different,2
FR,PS (Parti Socialiste),Parti socialiste,UMP (Union de la Majorité Présidentielle),Union pour un mouvement populaire,different,7
FR,PS (Parti Socialiste),Parti socialiste,UMP (Union pour la Majorité Présidentielle),Union pour un mouvement populaire,different,6
FR,PS (Parti Socialiste),Parti socialiste,UMP (Union pour un Mouvement Populaire),Union pour un mouvement populaire,different,7
FR,PS (Parti socialiste),Parti socialiste,UMP (Union pour la majorité présidentielle),Union pour un mouvement populaire,different,4
FR,PS (Parti Socialiste),Parti socialiste,Blanc,blank-invalid,unmatchable,10
FR,PS (Parti socialiste),Parti socialiste,Blanc,blank-invalid,unmatchable,1
FR,PS (Parti Socialiste),Parti socialiste,Divers droite,divers droite,different,2
FR,PS (Parti Socialiste),Parti socialiste,Autres mouvements écologistes,divers ecologistes,different,8
FR,PS (Parti Socialiste),Parti socialiste,Divers gauche,divers gauche,different,5
FR,PS (Parti Socialiste),Parti socialiste,Un candidat divers gauche,divers gauche,different,16
FR,PS (Parti Socialiste),Parti socialiste,Autre,other,unmatchable,9
FR,PS (Parti socialiste),Parti socialiste,Autre,other,unmatchable,1
FR,RPF (Rassemblement du Peuple Français),RPF (Rassemblement du Peuple Français) [og],"CPNT (Chasse, Pêche, Nature et Traditions)","Chasse, pêche, nature, traditions",different,1
FR,RPF (Rassemblement du Peuple Français),RPF (Rassemblement du Peuple Français) [og],FN (Front National),Front National / Rassemblement national,different,1
FR,RPF (Rassemblement du Peuple Français),RPF (Rassemblement du Peuple Français) [og],PS (Parti Socialiste),Parti socialiste,different,1
FR,RPF (Rassemblement du Peuple Français),RPF (Rassemblement du Peuple Français) [og],RPF (Rassemblement du Peuple Français),RPF (Rassemblement du Peuple Français) [og],same,7
FR,RPF (Rassemblement du Peuple Français),RPF (Rassemblement du Peuple Français) [og],UDF (Union pour la Démocratie Française),Union pour la démocratie française,different,2
FR,RPF (Rassemblement du Peuple Français),RPF (Rassemblement du Peuple Français) [og],UMP (Union de la Majorité Présidentielle),Union pour un mouvement populaire,different,2
FR,Reconquête !,Reconquête,"Ensemble ! (LREM, MODEM et Horizons)","Ensemble ! (LREM, MODEM et Horizons) [og]",different,1
FR,Reconquête !,Reconquête,Le Rassemblement national (ex Front National),Front National / Rassemblement national,different,2
FR,Reconquête !,Reconquête,Les Républicains et l’UDI,Les Républicains et l’UDI [og],different,1
FR,Reconquête !,Reconquête,Reconquête !,Reconquête,same,9
FR,Reconquête !,Reconquête,"l’Union pour la France (Debout la France, Les Patriotes et Génération Frexit)","l’Union pour la France (Debout la France, Les Patriotes et Génération Frexit) [og]",different,1
FR,UDI (Union des democrates independants),Union des démocrates et indépendants,EELV (Europe Ecologie Les Verts),Europe Écologie — Les Verts,different,1
FR,UDI (Union des Démocrates Indépendants),Union des démocrates et indépendants,MODEM (Mouvement Démocrate),Mouvement démocrate,different,1
FR,UDI (Union des democrates independants),Union des démocrates et indépendants,MODEM (Mouvement Démocrate),Mouvement démocrate,different,2
FR,UDI (Union des democrates independants),Union des démocrates et indépendants,MPF (Mouvement pour la France),Mouvement pour la France,different,1
FR,UDI (Union des Démocrates Indépendants),Union des démocrates et indépendants,Nouveau Centre,Nouveau centre,different,2
FR,UDI (Union des Démocrates Indépendants),Union des démocrates et indépendants,Parti Radical de Gauche,Parti radical de gauche,different,2
FR,UDI (Union des Démocrates Indépendants),Union des démocrates et indépendants,PS (Parti Socialiste),Parti socialiste,different,2
FR,UDI (Union des Démocrates Indépendants),Union des démocrates et indépendants,UMP (Union pour un Mouvement Populaire),Union pour un mouvement populaire,different,23
FR,UDI (Union des democrates independants),Union des démocrates et indépendants,UMP (Union pour un Mouvement Populaire),Union pour un mouvement populaire,different,19
FR,UDF (Union pour la Démocratie Française),Union pour la démocratie française,"CPNT (Chasse, Pêche, Nature et Traditions)","Chasse, pêche, nature, traditions",different,2
FR,UDF (Union pour la démocratie française),Union pour la démocratie française,"CPNT (Chasse, pêche, nature et traditions)","Chasse, pêche, nature, traditions",different,1
FR,UDF (Union pour la Démocratie Française),Union pour la démocratie française,FN (Front National),Front National / Rassemblement national,different,1
FR,UDF (Union pour la Démocratie Française),Union pour la démocratie française,Les Verts,Les Verts,different,5
FR,UDF (Union pour la démocratie française),Union pour la démocratie française,Les Verts,Les Verts,different,1
FR,UDF (Union pour la Démocratie Française),Union pour la démocratie française,LO (Lutte ouvrière),Lutte ouvrière,different,2
FR,UDF (Union pour la démocratie française),Union pour la démocratie française,LO (Lutte ouvrière),Lutte ouvrière,different,1
FR,UDF (Union pour la Démocratie Française),Union pour la démocratie française,MPF (Mouvement pour la France),Mouvement pour la France,different,1
FR,UDF (Union pour la Démocratie Française),Union pour la démocratie française,PS (Parti Socialiste),Parti socialiste,different,5
FR,UDF (Union pour la démocratie française),Union pour la démocratie française,PS (Parti socialiste),Parti socialiste,different,7
FR,UDF (Union pour la Démocratie Française),Union pour la démocratie française,RPF (Rassemblement du Peuple Français),RPF (Rassemblement du Peuple Français) [og],different,2
FR,UDF (Union pour la démocratie française),Union pour la démocratie française,RPF (Rassemblement du peuple français),RPF (Rassemblement du Peuple Français) [og],different,2
FR,UDF (Union pour la Démocratie Française),Union pour la démocratie française,UDF (Union pour la Démocratie Française),Union pour la démocratie française,same,59
FR,UDF (Union pour la démocratie française),Union pour la démocratie française,UDF (Union pour la démocratie française),Union pour la démocratie française,same,30
FR,UDF (Union pour la Démocratie Française),Union pour la démocratie française,UMP (Union de la Majorité Présidentielle),Union pour un mouvement populaire,different,18
FR,UDF (Union pour la démocratie française),Union pour la démocratie française,UMP (Union pour la majorité présidentielle),Union pour un mouvement populaire,different,28
FR,UDF (Union pour la démocratie française),Union pour la démocratie française,Blanc,blank-invalid,unmatchable,2
FR,UDF (Union pour la Démocratie Française),Union pour la démocratie française,Autres mouvements écologistes,divers ecologistes,different,1
FR,UDF (Union pour la Démocratie Française),Union pour la démocratie française,Autre,other,unmatchable,1
FR,UDF (Union pour la démocratie française),Union pour la démocratie française,Autre,other,unmatchable,2
FR,UMP (L’Union),Union pour un mouvement populaire,"CPNT (Chasse, pêche, nature et traditions)","Chasse, pêche, nature, traditions",different,2
FR,UMP (Union de la Majorité Présidentielle),Union pour un mouvement populaire,"CPNT (Chasse, Pêche, Nature et Traditions)","Chasse, pêche, nature, traditions",different,3
FR,UMP (Union pour la Majorité Présidentielle),Union pour un mouvement populaire,"CPNT (Chasse, Pêche, Nature et Traditions)","Chasse, pêche, nature, traditions",different,3
FR,UMP (L’Union),Union pour un mouvement populaire,DL (Démocratie libérale),Démocratie Libérale,different,1
FR,UMP (L’Union),Union pour un mouvement populaire,FN (Front national),Front National / Rassemblement national,different,6
FR,UMP (Union de la Majorité Présidentielle),Union pour un mouvement populaire,FN (Front National),Front National / Rassemblement national,different,5
FR,UMP (Union pour la Majorité Présidentielle),Union pour un mouvement populaire,FN (Front National),Front National / Rassemblement national,different,3
FR,UMP (Union pour un Mouvement Populaire),Union pour un mouvement populaire,FN (Front National),Front National / Rassemblement national,different,21
FR,UMP (Union pour un Mouvement Populaire),Union pour un mouvement populaire,FDG (Front de Gauche),Front de Gauche,different,1
FR,UMP (L’Union),Union pour un mouvement populaire,Les Verts,Les Verts,different,1
FR,UMP (Union pour la Majorité Présidentielle),Union pour un mouvement populaire,Les Verts,Les Verts,different,4
FR,UMP (Union pour la Majorité Présidentielle),Union pour un mouvement populaire,LCR (Ligue Communiste Révolutionnaire),Ligue communiste révolutionnaire,different,1
FR,UMP (L’Union),Union pour un mouvement populaire,LO (Lutte ouvrière),Lutte ouvrière,different,6
FR,UMP (Union de la Majorité Présidentielle),Union pour un mouvement populaire,LO (Lutte ouvrière),Lutte ouvrière,different,1
FR,UMP (Union pour un Mouvement Populaire),Union pour un mouvement populaire,LO (Lutte Ouvrière),Lutte ouvrière,different,1
FR,UMP (Union pour la Majorité Présidentielle),Union pour un mouvement populaire,UDF-MoDem (Mouvement Democrate),Mouvement démocrate,different,17
FR,UMP (Union pour un Mouvement Populaire),Union pour un mouvement populaire,MODEM (Mouvement Démocrate),Mouvement démocrate,different,6
FR,UMP (L’Union),Union pour un mouvement populaire,MNR (Mouvement national républicain),Mouvement national républicain,different,1
FR,UMP (L’Union),Union pour un mouvement populaire,MPF (Mouvement pour la France),Mouvement pour la France,different,6
FR,UMP (Union de la Majorité Présidentielle),Union pour un mouvement populaire,MPF (Mouvement pour la France),Mouvement pour la France,different,2
FR,UMP (Union pour la Majorité Présidentielle),Union pour un mouvement populaire,MPF (Mouvement pour la France),Mouvement pour la France,different,1
FR,UMP (Union pour un Mouvement Populaire),Union pour un mouvement populaire,MPF (Mouvement pour la France),Mouvement pour la France,different,6
FR,UMP (Union pour la Majorité Présidentielle),Union pour un mouvement populaire,Nouveau Centre,Nouveau centre,different,1
FR,UMP (Union pour un Mouvement Populaire),Union pour un mouvement populaire,Nouveau Centre,Nouveau centre,different,3
FR,UMP (Union de la Majorité Présidentielle),Union pour un mouvement populaire,PC (Parti communiste),Parti communiste française,different,1
FR,UMP (Union pour la Majorité Présidentielle),Union pour un mouvement populaire,PC (Parti Communiste),Parti communiste française,different,2
FR,UMP (Union pour la Majorité Présidentielle),Union pour un mouvement populaire,PRG (Parti Radical de Gauche),Parti radical de gauche,different,18
FR,UMP (Union pour un Mouvement Populaire),Union pour un mouvement populaire,Parti Radical de Gauche,Parti radical de gauche,different,3
FR,UMP (L’Union),Union pour un mouvement populaire,PS (Parti socialiste),Parti socialiste,different,6
FR,UMP (Union de la Majorité Présidentielle),Union pour un mouvement populaire,PS (Parti Socialiste),Parti socialiste,different,2
FR,UMP (Union pour la Majorité Présidentielle),Union pour un mouvement populaire,PS (Parti Socialiste),Parti socialiste,different,5
FR,UMP (Union pour un Mouvement Populaire),Union pour un mouvement populaire,PS (Parti Socialiste),Parti socialiste,different,5
FR,UMP (L’Union),Union pour un mouvement populaire,RPF (Rassemblement du peuple français),RPF (Rassemblement du Peuple Français) [og],different,10
FR,UMP (Union de la Majorité Présidentielle),Union pour un mouvement populaire,RPF (Rassemblement du Peuple Français),RPF (Rassemblement du Peuple Français) [og],different,7
FR,UMP (L’Union),Union pour un mouvement populaire,UDF (Union pour la démocratie française),Union pour la démocratie française,different,12
FR,UMP (Union de la Majorité Présidentielle),Union pour un mouvement populaire,UDF (Union pour la Démocratie Française),Union pour la démocratie française,different,14
FR,UMP (L’Union),Union pour un mouvement populaire,UMP (Union pour la majorité présidentielle),Union pour un mouvement populaire,same,152
FR,UMP (Union de la Majorité Présidentielle),Union pour un mouvement populaire,UMP (Union de la Majorité Présidentielle),Union pour un mouvement populaire,same,274
FR,UMP (Union pour la Majorité Présidentielle),Union pour un mouvement populaire,UMP (Union pour la Majorité Présidentielle),Union pour un mouvement populaire,same,417
FR,UMP (Union pour un Mouvement Populaire),Union pour un mouvement populaire,UMP (Union pour un Mouvement Populaire),Union pour un mouvement populaire,same,387
FR,UMP (L’Union),Union pour un mouvement populaire,Blanc,blank-invalid,unmatchable,1
FR,UMP (Union pour la Majorité Présidentielle),Union pour un mouvement populaire,Blanc,blank-invalid,unmatchable,1
FR,UMP (Union pour un Mouvement Populaire),Union pour un mouvement populaire,Blanc,blank-invalid,unmatchable,3
FR,UMP (Union pour la Majorité Présidentielle),Union pour un mouvement populaire,Divers droite,divers droite,different,12
FR,UMP (Union pour un Mouvement Populaire),Union pour un mouvement populaire,Autres mouvements écologistes,divers ecologistes,different,2
FR,UMP (Union pour la Majorité Présidentielle),Union pour un mouvement populaire,Divers gauche,divers gauche,different,1
FR,UMP (L’Union),Union pour un mouvement populaire,Autre,other,unmatchable,1
FR,UMP (Union de la Majorité Présidentielle),Union pour un mouvement populaire,Autre,other,unmatchable,3
FR,UMP (Union pour un Mouvement Populaire),Union pour un mouvement populaire,Autre,other,unmatchable,2
FR,Autres mouvements écologistes,divers ecologistes,EELV (Europe Ecologie Les Verts),Europe Écologie — Les Verts,different,7
FR,Autres mouvements écologistes,divers ecologistes,FN (Front National),Front National / Rassemblement national,different,1
FR,Autres mouvements écologistes,divers ecologistes,Les Verts,Les Verts,different,10
FR,Autres mouvements écologistes,divers ecologistes,LO (Lutte Ouvrière),Lutte ouvrière,different,1
FR,Autres mouvements écologistes,divers ecologistes,LO (Lutte ouvrière),Lutte ouvrière,different,1
FR,Autres mouvements écologistes,divers ecologistes,MDC (Mouvement des citoyens),Mouvement des citoyens / Pôle républicain,different,1
FR,Autres mouvements écologistes,divers ecologistes,MODEM (Mouvement Démocrate),Mouvement démocrate,different,1
FR,Autres mouvements écologistes,divers ecologistes,MPF (Mouvement pour la France),Mouvement pour la France,different,1
FR,Autres mouvements écologistes,divers ecologistes,PS (Parti Socialiste),Parti socialiste,different,9
FR,Autres mouvements écologistes,divers ecologistes,PS (Parti socialiste),Parti socialiste,different,1
FR,Autres mouvements écologistes,divers ecologistes,UDF (Union pour la démocratie française),Union pour la démocratie française,different,1
FR,Autres mouvements écologistes,divers ecologistes,UMP (Union pour la majorité présidentielle),Union pour un mouvement populaire,different,2
FR,Autres mouvements écologistes,divers ecologistes,UMP (Union pour un Mouvement Populaire),Union pour un mouvement populaire,different,5
FR,Autres mouvements écologistes,divers ecologistes,Blanc,blank-invalid,unmatchable,1
FR,Autres mouvements écologistes,divers ecologistes,Autres mouvements écologistes,divers ecologistes,same,13
FR,Autres mouvements écologistes,divers ecologistes,Divers gauche,divers gauche,different,1
FR,Autres mouvements écologistes,divers ecologistes,Autre,other,unmatchable,2
FR,NA,dont-know,FN (Front National),Front National / Rassemblement national,unmatchable,6
FR,NA,dont-know,Les Verts,Les Verts,unmatchable,1
FR,NA,dont-know,MDC (Mouvement des citoyens),Mouvement des citoyens / Pôle républicain,unmatchable,1
FR,NA,dont-know,MODEM (Mouvement Démocrate),Mouvement démocrate,unmatchable,1
FR,NA,dont-know,MPF (Mouvement pour la France),Mouvement pour la France,unmatchable,1
FR,NA,dont-know,PCF (Parti Communiste Français),Parti communiste française,unmatchable,1
FR,NA,dont-know,PS (Parti Socialiste),Parti socialiste,unmatchable,11
FR,NA,dont-know,PS (Parti socialiste),Parti socialiste,unmatchable,1
FR,NA,dont-know,UMP (Union de la Majorité Présidentielle),Union pour un mouvement populaire,unmatchable,1
FR,NA,dont-know,UMP (Union pour la Majorité Présidentielle),Union pour un mouvement populaire,unmatchable,4
FR,NA,dont-know,UMP (Union pour un Mouvement Populaire),Union pour un mouvement populaire,unmatchable,2
FR,NA,dont-know,Blanc,blank-invalid,unmatchable,1
FR,NA,dont-know,Autre,other,unmatchable,1
FR,Autre,other,Debout la France,Debout la France,unmatchable,1
FR,Autre,other,"Ensemble ! (LREM, MODEM et Horizons)","Ensemble ! (LREM, MODEM et Horizons) [og]",unmatchable,1
FR,Autre,other,EELV (Europe Ecologie Les Verts),Europe Écologie — Les Verts,unmatchable,8
FR,Autre (precisez),other,EELV (Europe Ecologie Les Verts),Europe Écologie — Les Verts,unmatchable,3
FR,Autre,other,FN (Front National),Front National / Rassemblement national,unmatchable,8
FR,Autre (precisez),other,FN (Front National),Front National / Rassemblement national,unmatchable,2
FR,Autre,other,FDG (Front de Gauche),Front de Gauche,unmatchable,2
FR,Autre (precisez),other,FDG (Front de Gauche),Front de Gauche,unmatchable,1
FR,Autre,other,LREM (La République en Marche),La République En Marche! / Renaissance,unmatchable,2
FR,Autre,other,LR (Les Républicains),Les Républicains,unmatchable,3
FR,Autre,other,Les Républicains et l’UDI,Les Républicains et l’UDI [og],unmatchable,1
FR,Autre,other,Les Verts,Les Verts,unmatchable,1
FR,Autre,other,LCR (Ligue communiste révolutionnaire),Ligue communiste révolutionnaire,unmatchable,1
FR,Autre (PRECISEZ),other,UDF-MoDem (Mouvement Democrate),Mouvement démocrate,unmatchable,1
FR,Autre (precisez),other,MODEM (Mouvement Démocrate),Mouvement démocrate,unmatchable,2
FR,Autre,other,MNR (Mouvement national républicain),Mouvement national républicain,unmatchable,1
FR,Autre,other,MPF (Mouvement pour la France),Mouvement pour la France,unmatchable,1
FR,Autre (PRECISEZ),other,MPF (Mouvement pour la France),Mouvement pour la France,unmatchable,1
FR,Autre (precisez),other,MPF (Mouvement pour la France),Mouvement pour la France,unmatchable,1
FR,Autre,other,"NUPES (Nouvelle Union Populaire Ecologique et Sociale: FI, EELV, PCF, PS)","NUPES (Nouvelle Union Populaire Ecologique et Sociale: FI, EELV, PCF, PS) [og]",unmatchable,3
FR,Autre,other,NPA (Nouveau Parti Anti-Capitaliste),Nouveau Parti Anticapitaliste,unmatchable,1
FR,Autre,other,PC (Parti Communiste),Parti communiste française,unmatchable,1
FR,Autre,other,PC (Parti communiste),Parti communiste française,unmatchable,2
FR,Autre (PRECISEZ),other,PC (Parti Communiste),Parti communiste française,unmatchable,1
FR,Autre,other,PS (Parti Socialiste),Parti socialiste,unmatchable,8
FR,Autre,other,PS (Parti socialiste),Parti socialiste,unmatchable,1
FR,Autre (PRECISEZ),other,PS (Parti Socialiste),Parti socialiste,unmatchable,1
FR,Autre (precisez),other,PS (Parti Socialiste),Parti socialiste,unmatchable,11
FR,Autre,other,RPF (Rassemblement du Peuple Français),RPF (Rassemblement du Peuple Français) [og],unmatchable,1
FR,Autre,other,UMP (Union pour la Majorité Présidentielle),Union pour un mouvement populaire,unmatchable,3
FR,Autre,other,UMP (Union pour la majorité présidentielle),Union pour un mouvement populaire,unmatchable,1
FR,Autre,other,UMP (Union pour un Mouvement Populaire),Union pour un mouvement populaire,unmatchable,6
FR,Autre (PRECISEZ),other,UMP (Union pour la Majorité Présidentielle),Union pour un mouvement populaire,unmatchable,1
FR,Autre (precisez),other,UMP (Union pour un Mouvement Populaire),Union pour un mouvement populaire,unmatchable,7
FR,Autre (PRECISEZ),other,Blanc,blank-invalid,unmatchable,1
FR,Autre,other,Un candidat divers gauche,divers gauche,unmatchable,1
FR,Autre (PRECISEZ),other,Divers gauche,divers gauche,unmatchable,1
FR,Autre,other,"l’Union pour la France (Debout la France, Les Patriotes et Génération Frexit)","l’Union pour la France (Debout la France, Les Patriotes et Génération Frexit) [og]",unmatchable,4
FR,Autre,other,Autre,other,unmatchable,15
FR,NA,refused,"CPNT (Chasse, Pêche, Nature et Traditions)","Chasse, pêche, nature, traditions",unmatchable,1
FR,NA,refused,EELV (Europe Ecologie Les Verts),Europe Écologie — Les Verts,unmatchable,1
FR,NA,refused,FN (Front National),Front National / Rassemblement national,unmatchable,1
FR,NA,refused,FI (La France Insoumise),La France Insoumise,unmatchable,1
FR,NA,refused,Les Républicains et l’UDI,Les Républicains et l’UDI [og],unmatchable,1
FR,NA,refused,Les Verts,Les Verts,unmatchable,1
FR,NA,refused,NPA (Nouveau Parti Anti-Capitaliste),Nouveau Parti Anticapitaliste,unmatchable,1
FR,NA,refused,PS (Parti Socialiste),Parti socialiste,unmatchable,4
FR,NA,refused,UDF (Union pour la démocratie française),Union pour la démocratie française,unmatchable,1
FR,NA,refused,UMP (Union pour la Majorité Présidentielle),Union pour un mouvement populaire,unmatchable,1
FR,NA,refused,UMP (Union pour la majorité présidentielle),Union pour un mouvement populaire,unmatchable,1
FR,NA,refused,UMP (Union pour un Mouvement Populaire),Union pour un mouvement populaire,unmatchable,1
FR,NA,refused,Blanc,blank-invalid,unmatchable,3
FR,NA,NA,PS (Parti Socialiste),Parti socialiste,unmatchable,1
FR,NA,NA,Blanc,blank-invalid,unmatchable,1
GB,Alliance Party (nir),Alliance Party of Northern Ireland,Alliance Party (nir),Alliance Party of Northern Ireland,same,14
GB,Alliance Party (nir),Alliance Party of Northern Ireland,Green Party (nir),Green Party in Northern Ireland,different,1
GB,Alliance Party (nir),Alliance Party of Northern Ireland,Social Democratic and Labour Party (nir),Social Democratic and Labour Party,different,1
GB,Alliance Party (nir),Alliance Party of Northern Ireland,Other (nir),other,unmatchable,1
GB,Brexit Party,Brexit Party,Brexit Party,Brexit Party,same,1
GB,Brexit Party,Brexit Party,Conservative,Conservatives,different,2
GB,British National Party,British National Party,British National Party,British National Party,same,4
GB,British National Party,British National Party,Conservative,Conservatives,different,1
GB,British National Party,British National Party,Labour,Labour Party,different,4
GB,British National Party,British National Party,Liberal Democrat,Liberal Democrats,different,1
GB,Conservative,Conservatives,Brexit Party,Brexit Party,different,1
GB,Conservative,Conservatives,British National Party,British National Party,different,1
GB,Conservative,Conservatives,Conservative,Conservatives,same,2932
GB,Conservative,Conservatives,Green Party,Green Party of England and Wales,different,6
GB,Conservative,Conservatives,Labour,Labour Party,different,60
GB,Conservative,Conservatives,Liberal Democrat,Liberal Democrats,different,72
GB,Conservative,Conservatives,Scottish National Party,Scottish National Party,different,3
GB,Conservative,Conservatives,UK Independence Party,United Kingdom Independence Party,different,22
GB,Conservative,Conservatives,Other,other,unmatchable,17
GB,Democratic Unionist Party (nir),Democratic Unionist Party,Democratic Unionist Party (nir),Democratic Unionist Party,same,41
GB,Democratic Unionist Party (nir),Democratic Unionist Party,Social Democratic and Labour Party (nir),Social Democratic and Labour Party,different,1
GB,Democratic Unionist Party (nir),Democratic Unionist Party,Ulster Unionist Party (nir),Ulster Unionist Party,different,1
GB,Green Party,Green Party of England and Wales,Conservative,Conservatives,different,26
GB,Green Party,Green Party of England and Wales,Green Party,Green Party of England and Wales,same,149
GB,Green Party,Green Party of England and Wales,Labour,Labour Party,different,98
GB,Green Party,Green Party of England and Wales,Liberal Democrat,Liberal Democrats,different,59
GB,Green Party,Green Party of England and Wales,Plaid Cymru,Plaid Cymru,different,1
GB,Green Party,Green Party of England and Wales,Scottish National Party,Scottish National Party,different,6
GB,Green Party,Green Party of England and Wales,Other,other,unmatchable,4
GB,Green Party,Green Party of England and Wales,Other (nir),other,unmatchable,1
GB,Labour,Labour Party,Brexit Party,Brexit Party,different,1
GB,Labour,Labour Party,Conservative,Conservatives,different,62
GB,Labour,Labour Party,Green Party,Green Party of England and Wales,different,18
GB,Labour,Labour Party,Labour,Labour Party,same,3252
GB,Labour,Labour Party,Liberal Democrat,Liberal Democrats,different,199
GB,Labour,Labour Party,Plaid Cymru,Plaid Cymru,different,1
GB,Labour,Labour Party,Scottish National Party,Scottish National Party,different,13
GB,Labour,Labour Party,UK Independence Party,United Kingdom Independence Party,different,10
GB,Labour,Labour Party,Other,other,unmatchable,12
GB,Labour,Labour Party,Other (nir),other,unmatchable,1
GB,Liberal Democrat,Liberal Democrats,Conservative,Conservatives,different,66
GB,Liberal Democrat,Liberal Democrats,Green Party,Green Party of England and Wales,different,6
GB,Liberal Democrat,Liberal Democrats,Labour,Labour Party,different,115
GB,Liberal Democrat,Liberal Democrats,Liberal Democrat,Liberal Democrats,same,771
GB,Liberal Democrat,Liberal Democrats,Plaid Cymru,Plaid Cymru,different,1
GB,Liberal Democrat,Liberal Democrats,Scottish National Party,Scottish National Party,different,2
GB,Liberal Democrat,Liberal Democrats,UK Independence Party,United Kingdom Independence Party,different,2
GB,Liberal Democrat,Liberal Democrats,Independent,independent,unmatchable,1
GB,Liberal Democrat,Liberal Democrats,Other,other,unmatchable,5
GB,Plaid Cymru,Plaid Cymru,Conservative,Conservatives,different,5
GB,Plaid Cymru,Plaid Cymru,Labour,Labour Party,different,8
GB,Plaid Cymru,Plaid Cymru,Liberal Democrat,Liberal Democrats,different,1
GB,Plaid Cymru,Plaid Cymru,Plaid Cymru,Plaid Cymru,same,62
GB,Plaid Cymru,Plaid Cymru,UK Independence Party,United Kingdom Independence Party,different,1
GB,Plaid Cymru,Plaid Cymru,Other,other,unmatchable,1
GB,Scottish National Party,Scottish National Party,Conservative,Conservatives,different,3
GB,Scottish National Party,Scottish National Party,Labour,Labour Party,different,24
GB,Scottish National Party,Scottish National Party,Liberal Democrat,Liberal Democrats,different,10
GB,Scottish National Party,Scottish National Party,Scottish National Party,Scottish National Party,same,252
GB,Sinn Féin (nir),Sinn Féin,Labour,Labour Party,different,1
GB,Sinn Féin (nir),Sinn Féin,Sinn Féin (nir),Sinn Féin,same,32
GB,Social Democratic and Labour Party (nir),Social Democratic and Labour Party,Social Democratic and Labour Party (nir),Social Democratic and Labour Party,same,35
GB,Social Democratic and Labour Party (nir),Social Democratic and Labour Party,Independent(s) (nir),independent,unmatchable,1
GB,Social Democratic and Labour Party (nir),Social Democratic and Labour Party,Other (nir),other,unmatchable,1
GB,Traditional Unionist (nir),Traditional Unionist (nir) [og],Alliance Party (nir),Alliance Party of Northern Ireland,different,1
GB,Traditional Unionist (nir),Traditional Unionist (nir) [og],Traditional Unionist (nir),Traditional Unionist (nir) [og],same,2
GB,Traditional Unionist (nir),Traditional Unionist (nir) [og],Ulster Unionist Party (nir),Ulster Unionist Party,different,1
GB,Ulster Unionist Party (nir),Ulster Unionist Party,Democratic Unionist Party (nir),Democratic Unionist Party,different,10
GB,Ulster Unionist Party (nir),Ulster Unionist Party,Social Democratic and Labour Party (nir),Social Democratic and Labour Party,different,1
GB,Ulster Unionist Party (nir),Ulster Unionist Party,Ulster Unionist Party (nir),Ulster Unionist Party,same,44
GB,Ulster Unionist Party (nir),Ulster Unionist Party,Other (nir),other,unmatchable,1
GB,UK Independence Party,United Kingdom Independence Party,Conservative,Conservatives,different,54
GB,UK Independence Party,United Kingdom Independence Party,Green Party,Green Party of England and Wales,different,3
GB,UK Independence Party,United Kingdom Independence Party,Labour,Labour Party,different,21
GB,UK Independence Party,United Kingdom Independence Party,Liberal Democrat,Liberal Democrats,different,10
GB,UK Independence Party,United Kingdom Independence Party,UK Independence Party,United Kingdom Independence Party,same,114
GB,UK Independence Party,United Kingdom Independence Party,Other,other,unmatchable,4
GB,NA,dont-know,Conservative,Conservatives,unmatchable,8
GB,NA,dont-know,Labour,Labour Party,unmatchable,10
GB,NA,dont-know,Liberal Democrat,Liberal Democrats,unmatchable,3
GB,NA,dont-know,Scottish National Party,Scottish National Party,unmatchable,1
GB,NA,dont-know,UK Independence Party,United Kingdom Independence Party,unmatchable,1
GB,Independent,independent,Liberal Democrat,Liberal Democrats,unmatchable,1
GB,Independent,independent,Independent,independent,unmatchable,2
GB,Independent(s) (nir),independent,Independent(s) (nir),independent,unmatchable,1
GB,Other,other,Conservative,Conservatives,unmatchable,34
GB,Other (nir),other,Conservative,Conservatives,unmatchable,10
GB,Other (nir),other,Democratic Unionist Party (nir),Democratic Unionist Party,unmatchable,2
GB,Other,other,Green Party,Green Party of England and Wales,unmatchable,6
GB,Other,other,Labour,Labour Party,unmatchable,23
GB,Other (nir),other,Labour,Labour Party,unmatchable,1
GB,Other,other,Liberal Democrat,Liberal Democrats,unmatchable,11
GB,Other (nir),other,Liberal Democrat,Liberal Democrats,unmatchable,1
GB,Other (nir),other,Women's Coalition (nir),Northern Ireland Women's Coalition,unmatchable,1
GB,Other,other,Plaid Cymru,Plaid Cymru,unmatchable,1
GB,Other,other,Scottish National Party,Scottish National Party,unmatchable,2
GB,Other (nir),other,Scottish National Party,Scottish National Party,unmatchable,1
GB,Other (nir),other,Sinn Féin (nir),Sinn Féin,unmatchable,1
GB,Other,other,Social Democratic and Labour Party (nir),Social Democratic and Labour Party,unmatchable,1
GB,Other (nir),other,Social Democratic and Labour Party (nir),Social Democratic and Labour Party,unmatchable,2
GB,Other (nir),other,Traditional Unionist (nir),Traditional Unionist (nir) [og],unmatchable,1
GB,Other (nir),other,Ulster Unionist Party (nir),Ulster Unionist Party,unmatchable,1
GB,Other,other,UK Independence Party,United Kingdom Independence Party,unmatchable,1
GB,Other (nir),other,Independent(s) (nir),independent,unmatchable,1
GB,Other,other,Other,other,unmatchable,61
GB,Other (nir),other,Other (nir),other,unmatchable,2
GB,NA,refused,Conservative,Conservatives,unmatchable,3
GB,NA,refused,Labour,Labour Party,unmatchable,2
GB,NA,refused,Other,other,unmatchable,1
GB,NA,NA,Labour,Labour Party,unmatchable,1
GR,Ανταρσία,Antikapitalistiki Aristeri Synergasia gia tin Anatropi,Ανταρσία,Antikapitalistiki Aristeri Synergasia gia tin Anatropi,same,1
GR,Ανταρσία,Antikapitalistiki Aristeri Synergasia gia tin Anatropi,ΚΚΕ,Kommounistikó Kómma Elládas,different,1
GR,Democratic Left (DIMAR),Dimokratiki Aristera,The Panhellenic Socialist Movement (PASOK),Panellinio Sosialistikó Kínima,different,2
GR,Democratic Left (DIMAR),Dimokratiki Aristera,The Coalition of the Radical Left (SYRIZA),Synaspismós Rizospastikís Aristerás,different,5
GR,Democratic Alliance (DS),Dimokratiki Symmachia,New Democracy (ND),Néa Đimokratía,different,1
GR,DIKKI (Democratic Social Movement),Dimokratiko Koinoniko Kinima,DIKKI (Democratic Social Movement),Dimokratiko Koinoniko Kinima,same,7
GR,DIKKI (Democratic Social Movement),Dimokratiko Koinoniko Kinima,SYN (Left Wing Coalition),Synaspismós tīs Aristerás,different,1
GR,DIKKI (Democratic Social Movement),Dimokratiko Koinoniko Kinima,Other parties,other,unmatchable,1
GR,Νίκη,Dimokratikó Patriotikó Kínima 'Níki',Νίκη,Dimokratikó Patriotikó Kínima 'Níki',same,6
GR,The Liberal Alliance (FS),Drasi — Fileleytheri Symmachia,The Liberal Alliance (FS),Drasi — Fileleytheri Symmachia,same,1
GR,The Liberal Alliance (FS),Drasi — Fileleytheri Symmachia,Independent Citizens' Movement (SPITHA),Independent Citizens' Movement (SPITHA) [og],different,1
GR,Ελληνική Λύση,Elliniki Lisi,Ελληνική Λύση,Elliniki Lisi,same,32
GR,Ελληνική Λύση,Elliniki Lisi,Χρυσή Αυγή,Laïkós Sýndesmos / Chrysí Avgí,different,1
GR,Ελληνική Λύση,Elliniki Lisi,ΜέΡΑ25,Métopo Evropaikís Realistikís Anypakoís,different,1
GR,Ελληνική Λύση,Elliniki Lisi,ΝΔ,Néa Đimokratía,different,22
GR,Ελληνική Λύση,Elliniki Lisi,Σπαρτιάτες,Spartiátes,different,1
GR,Ελληνική Λύση,Elliniki Lisi,ΣΥΡΙΖΑ,Synaspismós Rizospastikís Aristerás,different,3
GR,Ένωση Κεντρώων,Enosi Kentroon,Ένωση Κεντρώων,Enosi Kentroon,same,1
GR,ΚΙΝΑ.ΑΛ,Kinima Allagis,Ελληνική Λύση,Elliniki Lisi,different,2
GR,ΚΙΝΑ.ΑΛ,Kinima Allagis,ΚΙΝΑ.ΑΛ,Kinima Allagis,same,261
GR,ΚΙΝΑ.ΑΛ,Kinima Allagis,ΝΔ,Néa Đimokratía,different,8
GR,ΚΙΝΑ.ΑΛ,Kinima Allagis,ΣΥΡΙΖΑ,Synaspismós Rizospastikís Aristerás,different,9
GR,Communist Party - KKE,Kommounistikó Kómma Elládas,Communist Party - KKE,Kommounistikó Kómma Elládas,same,99
GR,KKE (Communist party),Kommounistikó Kómma Elládas,KKE (Communist party),Kommounistikó Kómma Elládas,same,63
GR,KKE Communist Party),Kommounistikó Kómma Elládas,KKE Communist Party),Kommounistikó Kómma Elládas,same,55
GR,The Communist Party of Greece (KKE),Kommounistikó Kómma Elládas,The Communist Party of Greece (KKE),Kommounistikó Kómma Elládas,same,85
GR,ΚΚΕ,Kommounistikó Kómma Elládas,ΚΚΕ,Kommounistikó Kómma Elládas,same,152
GR,Communist Party - KKE,Kommounistikó Kómma Elládas,New Democracy - ND,Néa Đimokratía,different,2
GR,KKE (Communist party),Kommounistikó Kómma Elládas,ND (New Democracy),Néa Đimokratía,different,1
GR,KKE Communist Party),Kommounistikó Kómma Elládas,ND (New Democracy),Néa Đimokratía,different,4
GR,Communist Party - KKE,Kommounistikó Kómma Elládas,Panhellenic Socialist Movement – PASOK,Panellinio Sosialistikó Kínima,different,2
GR,KKE (Communist party),Kommounistikó Kómma Elládas,PASOK (Panhellenic Socialist Movement),Panellinio Sosialistikó Kínima,different,8
GR,KKE Communist Party),Kommounistikó Kómma Elládas,PASOK (Panhellenic Socialist Movement),Panellinio Sosialistikó Kínima,different,2
GR,The Communist Party of Greece (KKE),Kommounistikó Kómma Elládas,The Panhellenic Socialist Movement (PASOK),Panellinio Sosialistikó Kínima,different,2
GR,ΚΚΕ,Kommounistikó Kómma Elládas,ΣΥΡΙΖΑ,Synaspismós Rizospastikís Aristerás,different,7
GR,Communist Party - KKE,Kommounistikó Kómma Elládas,Other,other,unmatchable,2
GR,LAOS (Popular Orthodox Party),Laïkós Orthódoxos Synagermós,LAOS (Popular Orthodox Party),Laïkós Orthódoxos Synagermós,same,8
GR,Popular Orthodox Rally - LAOS,Laïkós Orthódoxos Synagermós,Popular Orthodox Rally - LAOS,Laïkós Orthódoxos Synagermós,same,27
GR,The Popular Orthodox Rally (LAOS),Laïkós Orthódoxos Synagermós,The Popular Orthodox Rally (LAOS),Laïkós Orthódoxos Synagermós,same,21
GR,ΛΑΟΣ,Laïkós Orthódoxos Synagermós,ΛΑΟΣ,Laïkós Orthódoxos Synagermós,same,1
GR,LAOS (Popular Orthodox Party),Laïkós Orthódoxos Synagermós,ND (New Democracy),Néa Đimokratía,different,2
GR,Popular Orthodox Rally - LAOS,Laïkós Orthódoxos Synagermós,New Democracy - ND,Néa Đimokratía,different,4
GR,The Popular Orthodox Rally (LAOS),Laïkós Orthódoxos Synagermós,The Panhellenic Socialist Movement (PASOK),Panellinio Sosialistikó Kínima,different,2
GR,Popular Orthodox Rally - LAOS,Laïkós Orthódoxos Synagermós,Other,other,unmatchable,1
GR,Golden Dawn (Xrusi Augi),Laïkós Sýndesmos / Chrysí Avgí,The Anticapitalist Left Cooperation for the Overthrow (ANTARSYA),Antikapitalistiki Aristeri Synergasia gia tin Anatropi,different,1
GR,Χρυσή Αυγή,Laïkós Sýndesmos / Chrysí Avgí,Χρυσή Αυγή,Laïkós Sýndesmos / Chrysí Avgí,same,14
GR,Χρυσή Αυγή,Laïkós Sýndesmos / Chrysí Avgí,ΝΔ,Néa Đimokratía,different,1
GR,ΜέΡΑ25,Métopo Evropaikís Realistikís Anypakoís,ΜέΡΑ25,Métopo Evropaikís Realistikís Anypakoís,same,12
GR,Νεά Αριστερά,Néa Aristerá,ΣΥΡΙΖΑ,Synaspismós Rizospastikís Aristerás,different,1
GR,ΝΔ,Néa Đimokratía,Ελληνική Λύση,Elliniki Lisi,different,1
GR,ΝΔ,Néa Đimokratía,Ένωση Κεντρώων,Enosi Kentroon,different,1
GR,ND (New Democracy),Néa Đimokratía,KKE (Communist party),Kommounistikó Kómma Elládas,different,1
GR,ND (New Democracy),Néa Đimokratía,KKE Communist Party),Kommounistikó Kómma Elládas,different,2
GR,New Democracy - ND,Néa Đimokratía,Communist Party - KKE,Kommounistikó Kómma Elládas,different,1
GR,New Democracy - ND,Néa Đimokratía,Popular Orthodox Rally - LAOS,Laïkós Orthódoxos Synagermós,different,2
GR,ΝΔ,Néa Đimokratía,Χρυσή Αυγή,Laïkós Sýndesmos / Chrysí Avgí,different,1
GR,ND (New Democracy),Néa Đimokratía,ND (New Democracy),Néa Đimokratía,same,955
GR,New Democracy (ND),Néa Đimokratía,New Democracy (ND),Néa Đimokratía,same,192
GR,New Democracy - ND,Néa Đimokratía,New Democracy - ND,Néa Đimokratía,same,283
GR,ΝΔ,Néa Đimokratía,ΝΔ,Néa Đimokratía,same,771
GR,New Democracy - ND,Néa Đimokratía,Greens,Oikologoi Prasinoi,different,1
GR,ND (New Democracy),Néa Đimokratía,PASOK (Panhellenic Socialist Movement),Panellinio Sosialistikó Kínima,different,14
GR,New Democracy (ND),Néa Đimokratía,The Panhellenic Socialist Movement (PASOK),Panellinio Sosialistikó Kínima,different,1
GR,New Democracy - ND,Néa Đimokratía,Panhellenic Socialist Movement – PASOK,Panellinio Sosialistikó Kínima,different,4
GR,New Democracy (ND),Néa Đimokratía,The Coalition of the Radical Left (SYRIZA),Synaspismós Rizospastikís Aristerás,different,1
GR,ΝΔ,Néa Đimokratía,ΣΥΡΙΖΑ,Synaspismós Rizospastikís Aristerás,different,2
GR,ND (New Democracy),Néa Đimokratía,Other,other,unmatchable,2
GR,ND (New Democracy),Néa Đimokratía,Other parties,other,unmatchable,1
GR,Greens,Oikologoi Prasinoi,Communist Party - KKE,Kommounistikó Kómma Elládas,different,1
GR,Greens,Oikologoi Prasinoi,New Democracy - ND,Néa Đimokratía,different,1
GR,Greens,Oikologoi Prasinoi,Greens,Oikologoi Prasinoi,same,13
GR,The Ecologist Greens (OP),Oikologoi Prasinoi,The Ecologist Greens (OP),Oikologoi Prasinoi,same,7
GR,Οικολόγοι Πράσινοι,Oikologoi Prasinoi,Οικολόγοι Πράσινοι,Oikologoi Prasinoi,same,1
GR,Panhellenic Socialist Movement – PASOK,Panellinio Sosialistikó Kínima,Popular Orthodox Rally - LAOS,Laïkós Orthódoxos Synagermós,different,1
GR,PASOK (Panhellenic Socialist Movement),Panellinio Sosialistikó Kínima,ND (New Democracy),Néa Đimokratía,different,19
GR,Panhellenic Socialist Movement – PASOK,Panellinio Sosialistikó Kínima,New Democracy - ND,Néa Đimokratía,different,8
GR,The Panhellenic Socialist Movement (PASOK),Panellinio Sosialistikó Kínima,New Democracy (ND),Néa Đimokratía,different,1
GR,Panhellenic Socialist Movement – PASOK,Panellinio Sosialistikó Kínima,Greens,Oikologoi Prasinoi,different,1
GR,PASOK (Panhellenic Socialist Movement),Panellinio Sosialistikó Kínima,PASOK (Panhellenic Socialist Movement),Panellinio Sosialistikó Kínima,same,807
GR,Panhellenic Socialist Movement – PASOK,Panellinio Sosialistikó Kínima,Panhellenic Socialist Movement – PASOK,Panellinio Sosialistikó Kínima,same,417
GR,The Panhellenic Socialist Movement (PASOK),Panellinio Sosialistikó Kínima,The Panhellenic Socialist Movement (PASOK),Panellinio Sosialistikó Kínima,same,267
GR,Panhellenic Socialist Movement – PASOK,Panellinio Sosialistikó Kínima,Coalition of the Radical Left - SYRIZA,Synaspismós Rizospastikís Aristerás,different,1
GR,The Panhellenic Socialist Movement (PASOK),Panellinio Sosialistikó Kínima,The Coalition of the Radical Left (SYRIZA),Synaspismós Rizospastikís Aristerás,different,1
GR,PASOK (Panhellenic Socialist Movement),Panellinio Sosialistikó Kínima,Other parties,other,unmatchable,1
GR,Panhellenic Socialist Movement – PASOK,Panellinio Sosialistikó Kínima,Other,other,unmatchable,5
GR,Πλεύση Ελευθερίας,Plefsi Eleftherias,ΚΙΝΑ.ΑΛ,Kinima Allagis,different,1
GR,Πλεύση Ελευθερίας,Plefsi Eleftherias,Πλεύση Ελευθερίας,Plefsi Eleftherias,same,8
GR,Πλεύση Ελευθερίας,Plefsi Eleftherias,ΣΥΡΙΖΑ,Synaspismós Rizospastikís Aristerás,different,2
GR,Σπαρτιάτες,Spartiátes,Ελληνική Λύση,Elliniki Lisi,different,1
GR,Σπαρτιάτες,Spartiátes,Σπαρτιάτες,Spartiátes,same,17
GR,ΣΥΡΙΖΑ,Synaspismós Rizospastikís Aristerás,ΚΙΝΑ.ΑΛ,Kinima Allagis,different,1
GR,Coalition of the Radical Left - SYRIZA,Synaspismós Rizospastikís Aristerás,Communist Party - KKE,Kommounistikó Kómma Elládas,different,1
GR,ΣΥΡΙΖΑ,Synaspismós Rizospastikís Aristerás,ΝΔ,Néa Đimokratía,different,2
GR,Coalition of the Radical Left - SYRIZA,Synaspismós Rizospastikís Aristerás,Greens,Oikologoi Prasinoi,different,1
GR,Coalition of the Radical Left - SYRIZA,Synaspismós Rizospastikís Aristerás,Panhellenic Socialist Movement – PASOK,Panellinio Sosialistikó Kínima,different,1
GR,The Coalition of the Radical Left (SYRIZA),Synaspismós Rizospastikís Aristerás,The Panhellenic Socialist Movement (PASOK),Panellinio Sosialistikó Kínima,different,4
GR,Coalition of the Radical Left - SYRIZA,Synaspismós Rizospastikís Aristerás,Coalition of the Radical Left - SYRIZA,Synaspismós Rizospastikís Aristerás,same,65
GR,The Coalition of the Radical Left (SYRIZA),Synaspismós Rizospastikís Aristerás,The Coalition of the Radical Left (SYRIZA),Synaspismós Rizospastikís Aristerás,same,28
GR,ΣΥΡΙΖΑ,Synaspismós Rizospastikís Aristerás,ΣΥΡΙΖΑ,Synaspismós Rizospastikís Aristerás,same,353
GR,Coalition of the Radical Left - SYRIZA,Synaspismós Rizospastikís Aristerás,Other,other,unmatchable,1
GR,SYN (Left Wing Coalition),Synaspismós tīs Aristerás,ND (New Democracy),Néa Đimokratía,different,4
GR,SYN (Left Wing Coalition),Synaspismós tīs Aristerás,PASOK (Panhellenic Socialist Movement),Panellinio Sosialistikó Kínima,different,6
GR,SYN (Left Wing Coalition),Synaspismós tīs Aristerás,SYN (Left Wing Coalition),Synaspismós tīs Aristerás,same,69
GR,SYN (Left Wing Coalition),Synaspismós tīs Aristerás,Other parties,other,unmatchable,1
GR,Invalid,blank-invalid,The Liberal Alliance (FS),Drasi — Fileleytheri Symmachia,unmatchable,1
GR,NA,dont-know,ΚΙΝΑ.ΑΛ,Kinima Allagis,unmatchable,1
GR,NA,dont-know,New Democracy - ND,Néa Đimokratía,unmatchable,1
GR,NA,dont-know,PASOK (Panhellenic Socialist Movement),Panellinio Sosialistikó Kínima,unmatchable,1
GR,NA,dont-know,Σπαρτιάτες,Spartiátes,unmatchable,1
GR,Other,other,ΚΙΝΑ.ΑΛ,Kinima Allagis,unmatchable,2
GR,Other,other,Popular Orthodox Rally - LAOS,Laïkós Orthódoxos Synagermós,unmatchable,1
GR,Other,other,ΜέΡΑ25,Métopo Evropaikís Realistikís Anypakoís,unmatchable,1
GR,Other,other,ΝΔ,Néa Đimokratía,unmatchable,2
GR,Other parties,other,ND (New Democracy),Néa Đimokratía,unmatchable,5
GR,Other,other,PASOK (Panhellenic Socialist Movement),Panellinio Sosialistikó Kínima,unmatchable,1
GR,Other parties,other,PASOK (Panhellenic Socialist Movement),Panellinio Sosialistikó Kínima,unmatchable,3
GR,Other,other,ΣΥΡΙΖΑ,Synaspismós Rizospastikís Aristerás,unmatchable,1
GR,Other,other,Other,other,unmatchable,5
GR,Other parties,other,Other parties,other,unmatchable,5
GR,NA,refused,Ανταρσία,Antikapitalistiki Aristeri Synergasia gia tin Anatropi,unmatchable,1
GR,NA,refused,Ελληνική Λύση,Elliniki Lisi,unmatchable,2
GR,NA,refused,Independent Citizens' Movement (SPITHA),Independent Citizens' Movement (SPITHA) [og],unmatchable,1
GR,NA,refused,Communist Party - KKE,Kommounistikó Kómma Elládas,unmatchable,1
GR,NA,refused,The Communist Party of Greece (KKE),Kommounistikó Kómma Elládas,unmatchable,1
GR,NA,refused,ΜέΡΑ25,Métopo Evropaikís Realistikís Anypakoís,unmatchable,1
GR,NA,refused,ND (New Democracy),Néa Đimokratía,unmatchable,6
GR,NA,refused,New Democracy (ND),Néa Đimokratía,unmatchable,3
GR,NA,refused,ΝΔ,Néa Đimokratía,unmatchable,7
GR,NA,refused,PASOK (Panhellenic Socialist Movement),Panellinio Sosialistikó Kínima,unmatchable,6
GR,NA,refused,Panhellenic Socialist Movement – PASOK,Panellinio Sosialistikó Kínima,unmatchable,3
GR,NA,refused,The Panhellenic Socialist Movement (PASOK),Panellinio Sosialistikó Kínima,unmatchable,2
GR,NA,refused,Coalition of the Radical Left - SYRIZA,Synaspismós Rizospastikís Aristerás,unmatchable,2
GR,NA,refused,ΣΥΡΙΖΑ,Synaspismós Rizospastikís Aristerás,unmatchable,3
GR,NA,refused,Other,other,unmatchable,4
HR,Bandić Milan 365 - Stranka rada i solidarnosti,Bandić Milan 365 — Stranka rada i solidarnosti,"Koalicija za premijera - BM 365, NS-R, NV-SR, HSS-SR, BUZ",Koalicija za Premijera,different,3
HR,Domovinski pokret,Domovinski pokret,"DP Miroslava Škore, Hrvatski suverenisti, Blok za Hrvatsku, HKS, Hrast, SU, Zelena Lista","DP Miroslava Škore, Hrvatski suverenisti, Blok za Hrvatsku, HKS, Hrast, SU, Zelena Lista [og]",same,8
HR,Domovinski pokret,Domovinski pokret,"DP, HS, Blok za Hrvatsku, HKS, Hrast","DP, HS, Blok za Hrvatsku, HKS, Hrast [og]",same,16
HR,Domovinski pokret,Domovinski pokret,"HDZ, HSLS","HDZ, HSLS [og]",different,10
HR,Domovinski pokret,Domovinski pokret,Most,Most nezavisnih lista,different,3
HR,Domovinski pokret,Domovinski pokret,"Restart koalicija – SDP, HSS, HSU, SNAGA, GLAS, IDS, PGS","Restart koalicija – SDP, HSS, HSU, SNAGA, GLAS, IDS, PGS [og]",different,1
HR,Fokus,Fokus,"SiP, Pametno, Fokus","SiP, Pametno, Fokus [og]",different,3
HR,GLAS - Građansko-liberalni savez,Građansko-liberalni savez,"Narodna koalicija - SDP, HNS, HSU, HSS",Kukuriku koalicija,different,3
HR,Hrvatska demokratska zajednica (HDZ),Hrvatska demokratska zajednica,"DP Miroslava Škore, Hrvatski suverenisti, Blok za Hrvatsku, HKS, Hrast, SU, Zelena Lista","DP Miroslava Škore, Hrvatski suverenisti, Blok za Hrvatsku, HKS, Hrast, SU, Zelena Lista [og]",different,1
HR,Hrvatska demokratska zajednica (HDZ),Hrvatska demokratska zajednica,"DP, HS, Blok za Hrvatsku, HKS, Hrast","DP, HS, Blok za Hrvatsku, HKS, Hrast [og]",different,3
HR,Hrvatska demokratska zajednica (HDZ),Hrvatska demokratska zajednica,"HDZ, HSLS","HDZ, HSLS [og]",same,390
HR,Hrvatska demokratska zajednica (HDZ),Hrvatska demokratska zajednica,Hrvatska demokratska zajednica (HDZ),Hrvatska demokratska zajednica,same,567
HR,Hrvatska demokratska zajednica (HDZ),Hrvatska demokratska zajednica,Hrvatska narodna stranka - Liberalni demokrati (HNS),Hrvatska narodna stranka — Liberalni Demokrati,different,1
HR,Hrvatska demokratska zajednica (HDZ),Hrvatska demokratska zajednica,Hrvatska stranka prava (HSP),Hrvatska stranka prava,different,3
HR,Hrvatska demokratska zajednica (HDZ),Hrvatska demokratska zajednica,Hrvatska stranka umirovljenika (HSU),Hrvatska stranka umirovljenika,different,1
HR,Hrvatska demokratska zajednica (HDZ),Hrvatska demokratska zajednica,"Narodna koalicija - SDP, HNS, HSU, HSS",Kukuriku koalicija,different,2
HR,Hrvatska demokratska zajednica (HDZ),Hrvatska demokratska zajednica,Most nezavisnih lista (Most),Most nezavisnih lista,different,2
HR,Hrvatska demokratska zajednica (HDZ),Hrvatska demokratska zajednica,"SDP, HSS, HSU","SDP, HSS, HSU [og]",different,1
HR,Hrvatska demokratska zajednica (HDZ),Hrvatska demokratska zajednica,Other,other,unmatchable,4
HR,Hrvatska konzervativna stranka (HKS),Hrvatska konzervativna stranka,Hrvatska demokratska zajednica (HDZ),Hrvatska demokratska zajednica,different,1
HR,Hrvatska konzervativna stranka (HKS),Hrvatska konzervativna stranka,Most nezavisnih lista (Most),Most nezavisnih lista,different,2
HR,Hrvatska konzervativna stranka (HKS),Hrvatska konzervativna stranka,Other,other,unmatchable,2
HR,Hrvatska narodna stranka - Liberalni demokrati (HNS),Hrvatska narodna stranka — Liberalni Demokrati,Hrvatska demokratska zajednica (HDZ),Hrvatska demokratska zajednica,different,1
HR,Hrvatska narodna stranka - Liberalni demokrati (HNS),Hrvatska narodna stranka — Liberalni Demokrati,HNS,Hrvatska narodna stranka — Liberalni Demokrati,same,8
HR,Hrvatska narodna stranka - Liberalni demokrati (HNS),Hrvatska narodna stranka — Liberalni Demokrati,Hrvatska narodna stranka - Liberalni demokrati (HNS),Hrvatska narodna stranka — Liberalni Demokrati,same,22
HR,Hrvatska narodna stranka - Liberalni demokrati (HNS),Hrvatska narodna stranka — Liberalni Demokrati,Hrvatska seljacka stranka (HSS),Hrvatska seljačka stranka,different,1
HR,Hrvatska narodna stranka - Liberalni demokrati (HNS),Hrvatska narodna stranka — Liberalni Demokrati,"Koalicija Živi zid, Promijenimo Hrvatsku, Abeceda, HDSS","Koalicija Živi zid, Promijenimo Hrvatsku, Abeceda, HDSS [og]",different,1
HR,Hrvatska narodna stranka - Liberalni demokrati (HNS),Hrvatska narodna stranka — Liberalni Demokrati,"Narodna koalicija - SDP, HNS, HSU, HSS",Kukuriku koalicija,same,10
HR,Hrvatska narodna stranka - Liberalni demokrati (HNS),Hrvatska narodna stranka — Liberalni Demokrati,"Možemo, Zagreb je naš, NLJ, RF, Orah","Možemo, Zagreb je naš, NLJ, RF, Orah [og]",different,1
HR,Hrvatska narodna stranka - Liberalni demokrati (HNS),Hrvatska narodna stranka — Liberalni Demokrati,"Narodna stranka - Reformisti - Hrvatska seljačka stranka braće Radić, Stranka hrvatskih umirovljenika","Narodna stranka - Reformisti - Hrvatska seljačka stranka braće Radić, Stranka hrvatskih umirovljenika [og]",different,1
HR,Hrvatska narodna stranka - Liberalni demokrati (HNS),Hrvatska narodna stranka — Liberalni Demokrati,"SDP, HSS, HSU","SDP, HSS, HSU [og]",different,2
HR,Hrvatska narodna stranka - Liberalni demokrati (HNS),Hrvatska narodna stranka — Liberalni Demokrati,Socijaldemokratska partija Hrvatske (SDP),Socijaldemokratska partija Hrvatske,different,6
HR,Hrvatska narodna stranka - Liberalni demokrati (HNS),Hrvatska narodna stranka — Liberalni Demokrati,Other,other,unmatchable,1
HR,Hrvatska seljačka stranka (HSS),Hrvatska seljačka stranka,"HDZ, HSLS","HDZ, HSLS [og]",different,2
HR,Hrvatska seljacka stranka (HSS),Hrvatska seljačka stranka,Hrvatska demokratska zajednica (HDZ),Hrvatska demokratska zajednica,different,2
HR,Hrvatska seljacka stranka (HSS),Hrvatska seljačka stranka,Hrvatska seljacka stranka (HSS),Hrvatska seljačka stranka,same,23
HR,Hrvatska seljačka stranka (HSS),Hrvatska seljačka stranka,"Narodna koalicija - SDP, HNS, HSU, HSS",Kukuriku koalicija,different,7
HR,Hrvatska seljačka stranka (HSS),Hrvatska seljačka stranka,Most nezavisnih lista (Most),Most nezavisnih lista,different,1
HR,Hrvatska seljačka stranka (HSS),Hrvatska seljačka stranka,"Narodna stranka - Reformisti - Hrvatska seljačka stranka braće Radić, Stranka hrvatskih umirovljenika","Narodna stranka - Reformisti - Hrvatska seljačka stranka braće Radić, Stranka hrvatskih umirovljenika [og]",different,3
HR,Hrvatska seljačka stranka (HSS),Hrvatska seljačka stranka,"Restart koalicija – SDP, HSS, HSU, SNAGA, GLAS, IDS, PGS","Restart koalicija – SDP, HSS, HSU, SNAGA, GLAS, IDS, PGS [og]",same,10
HR,Hrvatska seljačka stranka (HSS),Hrvatska seljačka stranka,"SDP, HSS, HSU","SDP, HSS, HSU [og]",same,7
HR,Hrvatska seljacka stranka (HSS),Hrvatska seljačka stranka,Socijaldemokratska partija Hrvatske (SDP),Socijaldemokratska partija Hrvatske,different,1
HR,Hrvatska socijalno liberalna stranka (HSLS),Hrvatska socijalno liberalna stranka,"HDZ, HSLS","HDZ, HSLS [og]",same,1
HR,Hrvatska socijalno liberalna stranka (HSLS),Hrvatska socijalno liberalna stranka,Hrvatska demokratska zajednica (HDZ),Hrvatska demokratska zajednica,different,1
HR,Hrvatsko socijalno-liberalna stranka (HSLS),Hrvatska socijalno liberalna stranka,Hrvatska demokratska zajednica (HDZ),Hrvatska demokratska zajednica,different,1
HR,Hrvatsko socijalno-liberalna stranka (HSLS),Hrvatska socijalno liberalna stranka,Hrvatsko socijalno-liberalna stranka (HSLS),Hrvatska socijalno liberalna stranka,same,8
HR,Hrvatska socijalno liberalna stranka (HSLS),Hrvatska socijalno liberalna stranka,"Koalicija Živi zid, Promijenimo Hrvatsku, Abeceda, HDSS","Koalicija Živi zid, Promijenimo Hrvatsku, Abeceda, HDSS [og]",different,1
HR,Hrvatska socijalno liberalna stranka (HSLS),Hrvatska socijalno liberalna stranka,"Narodna koalicija - SDP, HNS, HSU, HSS",Kukuriku koalicija,different,1
HR,Hrvatska socijalno liberalna stranka (HSLS),Hrvatska socijalno liberalna stranka,Most,Most nezavisnih lista,different,1
HR,Hrvatska socijalno liberalna stranka (HSLS),Hrvatska socijalno liberalna stranka,"SDP, HSS, HSU","SDP, HSS, HSU [og]",different,1
HR,Hrvatska socijalno liberalna stranka (HSLS),Hrvatska socijalno liberalna stranka,Other,other,unmatchable,1
HR,Hrvatska stranka prava (HSP),Hrvatska stranka prava,Hrvatska demokratska zajednica (HDZ),Hrvatska demokratska zajednica,different,9
HR,Hrvatska stranka prava (HSP),Hrvatska stranka prava,Hrvatska stranka prava (HSP),Hrvatska stranka prava,same,24
HR,Hrvatska stranka umirovljenika (HSU),Hrvatska stranka umirovljenika,"DP Miroslava Škore, Hrvatski suverenisti, Blok za Hrvatsku, HKS, Hrast, SU, Zelena Lista","DP Miroslava Škore, Hrvatski suverenisti, Blok za Hrvatsku, HKS, Hrast, SU, Zelena Lista [og]",different,2
HR,Hrvatska stranka umirovljenika (HSU),Hrvatska stranka umirovljenika,"DP, HS, Blok za Hrvatsku, HKS, Hrast","DP, HS, Blok za Hrvatsku, HKS, Hrast [og]",different,2
HR,Hrvatska stranka umirovljenika (HSU),Hrvatska stranka umirovljenika,Hrvatska demokratska zajednica (HDZ),Hrvatska demokratska zajednica,different,3
HR,Hrvatska stranka umirovljenika (HSU),Hrvatska stranka umirovljenika,Hrvatska seljacka stranka (HSS),Hrvatska seljačka stranka,different,1
HR,Hrvatska stranka umirovljenika (HSU),Hrvatska stranka umirovljenika,Hrvatska stranka umirovljenika (HSU),Hrvatska stranka umirovljenika,same,17
HR,Hrvatska stranka umirovljenika (HSU),Hrvatska stranka umirovljenika,Hrvatski demokratski savez Slavonije i Baranje (HDSSB),Hrvatski demokratski savez Slavonije i Baranje,different,2
HR,Hrvatska stranka umirovljenika (HSU),Hrvatska stranka umirovljenika,"Restart koalicija – SDP, HSS, HSU, SNAGA, GLAS, IDS, PGS","Restart koalicija – SDP, HSS, HSU, SNAGA, GLAS, IDS, PGS [og]",same,1
HR,Hrvatska stranka umirovljenika (HSU),Hrvatska stranka umirovljenika,"SDP, HSS, HSU","SDP, HSS, HSU [og]",same,1
HR,Hrvatska stranka umirovljenika (HSU),Hrvatska stranka umirovljenika,Socijaldemokratska partija Hrvatske (SDP),Socijaldemokratska partija Hrvatske,different,5
HR,Hrvatska stranka umirovljenika (HSU),Hrvatska stranka umirovljenika,Other,other,unmatchable,3
HR,Hrvatski demokratski savez Slavonije i Baranje (HDSSB),Hrvatski demokratski savez Slavonije i Baranje,Hrvatska demokratska zajednica (HDZ),Hrvatska demokratska zajednica,different,1
HR,Hrvatski demokratski savez Slavonije i Baranje (HDSSB),Hrvatski demokratski savez Slavonije i Baranje,Hrvatska seljacka stranka (HSS),Hrvatska seljačka stranka,different,1
HR,Hrvatski demokratski savez Slavonije i Baranje (HDSSB),Hrvatski demokratski savez Slavonije i Baranje,Hrvatska stranka prava (HSP),Hrvatska stranka prava,different,1
HR,Hrvatski demokratski savez Slavonije i Baranje (HDSSB),Hrvatski demokratski savez Slavonije i Baranje,Hrvatska stranka umirovljenika (HSU),Hrvatska stranka umirovljenika,different,1
HR,Hrvatski demokratski savez Slavonije i Baranje (HDSSB),Hrvatski demokratski savez Slavonije i Baranje,Hrvatski demokratski savez Slavonije i Baranje (HDSSB),Hrvatski demokratski savez Slavonije i Baranje,same,6
HR,Hrvatski demokratski savez Slavonije i Baranje (HDSSB),Hrvatski demokratski savez Slavonije i Baranje,Koalicija HDSSB-HKS,Koalicija HDSSB-HKS [og],different,1
HR,Hrvatski demokratski savez Slavonije i Baranje (HDSSB),Hrvatski demokratski savez Slavonije i Baranje,Other,other,unmatchable,1
HR,Hrvatski suverenisti,Hrvatski suverenisti,"DP Miroslava Škore, Hrvatski suverenisti, Blok za Hrvatsku, HKS, Hrast, SU, Zelena Lista","DP Miroslava Škore, Hrvatski suverenisti, Blok za Hrvatsku, HKS, Hrast, SU, Zelena Lista [og]",different,2
HR,Hrvatski suverenisti,Hrvatski suverenisti,"DP, HS, Blok za Hrvatsku, HKS, Hrast","DP, HS, Blok za Hrvatsku, HKS, Hrast [og]",different,1
HR,Hrvatski suverenisti,Hrvatski suverenisti,"SiP, Pametno, Fokus","SiP, Pametno, Fokus [og]",different,1
HR,Istarski demokratski sabor (IDS),Istarski demokratski sabor,Istarski demokratski sabor (IDS),Istarski demokratski sabor,same,7
HR,Istarski demokratski sabor (IDS),Istarski demokratski sabor,"Koalicija IDS, PGS, LRI","Koalicija IDS, PGS, LRI [og]",same,14
HR,Istarski demokratski sabor (IDS),Istarski demokratski sabor,"Narodna koalicija - SDP, HNS, HSU, HSS",Kukuriku koalicija,same,2
HR,Istarski demokratski sabor (IDS),Istarski demokratski sabor,"Restart koalicija – SDP, HSS, HSU, SNAGA, GLAS, IDS, PGS","Restart koalicija – SDP, HSS, HSU, SNAGA, GLAS, IDS, PGS [og]",same,7
HR,Istarski demokratski sabor (IDS),Istarski demokratski sabor,"SDP, HSS, HSU","SDP, HSS, HSU [og]",different,4
HR,Istarski demokratski sabor (IDS),Istarski demokratski sabor,Socijaldemokratska partija Hrvatske (SDP),Socijaldemokratska partija Hrvatske,different,1
HR,Lista Mislav Kolakušić,Lista Mislav Kolakušić [og],Hrvatska demokratska zajednica (HDZ),Hrvatska demokratska zajednica,different,1
HR,Lista Mislav Kolakušić,Lista Mislav Kolakušić [og],"Koalicija Živi zid, Promijenimo Hrvatsku, Abeceda, HDSS","Koalicija Živi zid, Promijenimo Hrvatsku, Abeceda, HDSS [og]",different,3
HR,Lista Mislav Kolakušić,Lista Mislav Kolakušić [og],"Narodna koalicija - SDP, HNS, HSU, HSS",Kukuriku koalicija,different,4
HR,Lista Mislav Kolakušić,Lista Mislav Kolakušić [og],Most nezavisnih lista (Most),Most nezavisnih lista,different,6
HR,Most nezavisnih lista (Most),Most nezavisnih lista,"DP Miroslava Škore, Hrvatski suverenisti, Blok za Hrvatsku, HKS, Hrast, SU, Zelena Lista","DP Miroslava Škore, Hrvatski suverenisti, Blok za Hrvatsku, HKS, Hrast, SU, Zelena Lista [og]",different,1
HR,Most nezavisnih lista (Most),Most nezavisnih lista,"DP, HS, Blok za Hrvatsku, HKS, Hrast","DP, HS, Blok za Hrvatsku, HKS, Hrast [og]",different,1
HR,Most nezavisnih lista (Most),Most nezavisnih lista,"HDZ, HSLS","HDZ, HSLS [og]",different,1
HR,Most nezavisnih lista (Most),Most nezavisnih lista,Most,Most nezavisnih lista,same,34
HR,Most nezavisnih lista (Most),Most nezavisnih lista,Most nezavisnih lista (Most),Most nezavisnih lista,same,12
HR,Most nezavisnih lista (Most),Most nezavisnih lista,"Restart koalicija – SDP, HSS, HSU, SNAGA, GLAS, IDS, PGS","Restart koalicija – SDP, HSS, HSU, SNAGA, GLAS, IDS, PGS [og]",different,2
HR,Most nezavisnih lista (Most),Most nezavisnih lista,"SDP, HSS, HSU","SDP, HSS, HSU [og]",different,1
HR,Most nezavisnih lista (Most),Most nezavisnih lista,Other,other,unmatchable,1
HR,Možemo! - politička platforma,Možemo! – politička platforma,"DP Miroslava Škore, Hrvatski suverenisti, Blok za Hrvatsku, HKS, Hrast, SU, Zelena Lista","DP Miroslava Škore, Hrvatski suverenisti, Blok za Hrvatsku, HKS, Hrast, SU, Zelena Lista [og]",different,1
HR,Možemo! - politička platforma,Možemo! – politička platforma,"HDZ, HSLS","HDZ, HSLS [og]",different,2
HR,Možemo! - politička platforma,Možemo! – politička platforma,Most,Most nezavisnih lista,different,3
HR,Možemo! - politička platforma,Možemo! – politička platforma,"Možemo! - politička platforma, Zageb je naš, NL, RF, ORAH, Za Grad","Možemo! - politička platforma, Zageb je naš, NL, RF, ORAH, Za Grad [og]",same,29
HR,Možemo! - politička platforma,Možemo! – politička platforma,"Možemo, Zagreb je naš, NLJ, RF, Orah","Možemo, Zagreb je naš, NLJ, RF, Orah [og]",same,42
HR,Možemo! - politička platforma,Možemo! – politička platforma,"Restart koalicija – SDP, HSS, HSU, SNAGA, GLAS, IDS, PGS","Restart koalicija – SDP, HSS, HSU, SNAGA, GLAS, IDS, PGS [og]",different,10
HR,Možemo! - politička platforma,Možemo! – politička platforma,"SDP, HSS, HSU","SDP, HSS, HSU [og]",different,16
HR,Možemo! - politička platforma,Možemo! – politička platforma,"SiP, Pametno, Fokus","SiP, Pametno, Fokus [og]",different,1
HR,Možemo! - politička platforma,Možemo! – politička platforma,Other,other,unmatchable,2
HR,Narodna stranka – Reformista,Narodna stranka — Reformisti,"Narodna stranka - Reformisti - Hrvatska seljačka stranka braće Radić, Stranka hrvatskih umirovljenika","Narodna stranka - Reformisti - Hrvatska seljačka stranka braće Radić, Stranka hrvatskih umirovljenika [og]",same,1
HR,Narodna stranka – Reformista,Narodna stranka — Reformisti,Reformisti,Narodna stranka — Reformisti,same,2
HR,Neovisni za Hrvatsku (HNR),Neovisni za Hrvatsku,Hrvatska demokratska zajednica (HDZ),Hrvatska demokratska zajednica,different,2
HR,Neovisni za Hrvatsku (HNR),Neovisni za Hrvatsku,Koalicija HDSSB-HKS,Koalicija HDSSB-HKS [og],different,1
HR,Neovisni za Hrvatsku (HNR),Neovisni za Hrvatsku,"Koalicija za premijera - BM 365, NS-R, NV-SR, HSS-SR, BUZ",Koalicija za Premijera,different,1
HR,Neovisni za Hrvatsku (HNR),Neovisni za Hrvatsku,"Narodna koalicija - SDP, HNS, HSU, HSS",Kukuriku koalicija,different,2
HR,Nova ljevica,Nova ljevica [og],"Restart koalicija – SDP, HSS, HSU, SNAGA, GLAS, IDS, PGS","Restart koalicija – SDP, HSS, HSU, SNAGA, GLAS, IDS, PGS [og]",different,1
HR,Nova ljevica,Nova ljevica [og],"SDP, HSS, HSU","SDP, HSS, HSU [og]",different,1
HR,Centar,Pametno,"Restart koalicija – SDP, HSS, HSU, SNAGA, GLAS, IDS, PGS","Restart koalicija – SDP, HSS, HSU, SNAGA, GLAS, IDS, PGS [og]",different,1
HR,Centar,Pametno,"SiP, Pametno, Fokus","SiP, Pametno, Fokus [og]",same,2
HR,Radnička fronta,Radnička fronta [og],"Možemo! - politička platforma, Zageb je naš, NL, RF, ORAH, Za Grad","Možemo! - politička platforma, Zageb je naš, NL, RF, ORAH, Za Grad [og]",different,2
HR,Radnička fronta,Radnička fronta [og],"Možemo, Zagreb je naš, NLJ, RF, Orah","Možemo, Zagreb je naš, NLJ, RF, Orah [og]",different,2
HR,Radnička fronta,Radnička fronta [og],"Restart koalicija – SDP, HSS, HSU, SNAGA, GLAS, IDS, PGS","Restart koalicija – SDP, HSS, HSU, SNAGA, GLAS, IDS, PGS [og]",different,1
HR,Radnička fronta,Radnička fronta [og],"SDP, HSS, HSU","SDP, HSS, HSU [og]",different,2
HR,Radnička fronta,Radnička fronta [og],Other,other,unmatchable,1
HR,"START - Stranka antikorupcije, razvoja i transparentnosti","START - Stranka antikorupcije, razvoja i transparentnosti [og]",Other,other,unmatchable,1
HR,Samostalna demokratska srpska stranka (SDSS),Samostalna demokratska srpska stranka,"Narodna koalicija - SDP, HNS, HSU, HSS",Kukuriku koalicija,different,1
HR,Samostalna demokratska srpska stranka (SDSS),Samostalna demokratska srpska stranka,"Restart koalicija – SDP, HSS, HSU, SNAGA, GLAS, IDS, PGS","Restart koalicija – SDP, HSS, HSU, SNAGA, GLAS, IDS, PGS [og]",different,1
HR,Samostalna demokratska Srpska stranka (SDSS),Samostalna demokratska srpska stranka,Samostalna demokratska Srpska stranka (SDSS),Samostalna demokratska srpska stranka,same,6
HR,Samostalna demokratska srpska stranka (SDSS),Samostalna demokratska srpska stranka,SDSS,Samostalna demokratska srpska stranka,same,15
HR,Samostalna demokratska srpska stranka (SDSS),Samostalna demokratska srpska stranka,Samostalna demokratska srpska stranka (SDSS),Samostalna demokratska srpska stranka,same,2
HR,Socijaldemokratska partija Hrvatske (SDP),Socijaldemokratska partija Hrvatske,"HDZ, HSLS","HDZ, HSLS [og]",different,1
HR,Socijaldemokratska partija Hrvatske (SDP),Socijaldemokratska partija Hrvatske,Hrvatska demokratska zajednica (HDZ),Hrvatska demokratska zajednica,different,8
HR,Socijaldemokratska partija Hrvatske (SDP),Socijaldemokratska partija Hrvatske,Hrvatska narodna stranka - Liberalni demokrati (HNS),Hrvatska narodna stranka — Liberalni Demokrati,different,2
HR,Socijaldemokratska partija Hrvatske (SDP),Socijaldemokratska partija Hrvatske,Hrvatska seljacka stranka (HSS),Hrvatska seljačka stranka,different,2
HR,Socijaldemokratska partija Hrvatske (SDP),Socijaldemokratska partija Hrvatske,Hrvatska stranka prava (HSP),Hrvatska stranka prava,different,3
HR,Socijaldemokratska partija Hrvatske (SDP),Socijaldemokratska partija Hrvatske,Hrvatska stranka umirovljenika (HSU),Hrvatska stranka umirovljenika,different,5
HR,Socijaldemokratska partija Hrvatske (SDP),Socijaldemokratska partija Hrvatske,Hrvatski demokratski savez Slavonije i Baranje (HDSSB),Hrvatski demokratski savez Slavonije i Baranje,different,1
HR,Socijaldemokratska partija Hrvatske (SDP),Socijaldemokratska partija Hrvatske,Istarski demokratski sabor (IDS),Istarski demokratski sabor,different,2
HR,Socijaldemokratska partija Hrvatske (SDP),Socijaldemokratska partija Hrvatske,"Koalicija IDS, PGS, LRI","Koalicija IDS, PGS, LRI [og]",different,3
HR,Socijaldemokratska partija Hrvatske (SDP),Socijaldemokratska partija Hrvatske,Koalicija Pametno i Za grad,Koalicija Pametno i Za grad [og],different,1
HR,Socijaldemokratska partija Hrvatske (SDP),Socijaldemokratska partija Hrvatske,"Koalicija Živi zid, Promijenimo Hrvatsku, Abeceda, HDSS","Koalicija Živi zid, Promijenimo Hrvatsku, Abeceda, HDSS [og]",different,4
HR,Socijaldemokratska partija Hrvatske (SDP),Socijaldemokratska partija Hrvatske,"Narodna koalicija - SDP, HNS, HSU, HSS",Kukuriku koalicija,same,209
HR,Socijaldemokratska partija Hrvatske (SDP),Socijaldemokratska partija Hrvatske,Most,Most nezavisnih lista,different,1
HR,Socijaldemokratska partija Hrvatske (SDP),Socijaldemokratska partija Hrvatske,Most nezavisnih lista (Most),Most nezavisnih lista,different,4
HR,Socijaldemokratska partija Hrvatske (SDP),Socijaldemokratska partija Hrvatske,"Možemo, Zagreb je naš, NLJ, RF, Orah","Možemo, Zagreb je naš, NLJ, RF, Orah [og]",different,1
HR,Socijaldemokratska partija Hrvatske (SDP),Socijaldemokratska partija Hrvatske,"Restart koalicija – SDP, HSS, HSU, SNAGA, GLAS, IDS, PGS","Restart koalicija – SDP, HSS, HSU, SNAGA, GLAS, IDS, PGS [og]",same,65
HR,Socijaldemokratska partija Hrvatske (SDP),Socijaldemokratska partija Hrvatske,"SDP, HSS, HSU","SDP, HSS, HSU [og]",same,80
HR,Socijaldemokratska partija Hrvatske (SDP),Socijaldemokratska partija Hrvatske,"SiP, Pametno, Fokus","SiP, Pametno, Fokus [og]",different,1
HR,Socijaldemokratska partija Hrvatske (SDP),Socijaldemokratska partija Hrvatske,Socijaldemokratska partija Hrvatske (SDP),Socijaldemokratska partija Hrvatske,same,247
HR,Socijaldemokratska partija Hrvatske (SDP),Socijaldemokratska partija Hrvatske,Other,other,unmatchable,8
HR,NA,dont-know,Hrvatsko socijalno-liberalna stranka (HSLS),Hrvatska socijalno liberalna stranka,unmatchable,1
HR,NA,dont-know,Hrvatska stranka umirovljenika (HSU),Hrvatska stranka umirovljenika,unmatchable,1
HR,NA,dont-know,"Narodna koalicija - SDP, HNS, HSU, HSS",Kukuriku koalicija,unmatchable,1
HR,NA,dont-know,Most,Most nezavisnih lista,unmatchable,1
HR,NA,dont-know,"Možemo, Zagreb je naš, NLJ, RF, Orah","Možemo, Zagreb je naš, NLJ, RF, Orah [og]",unmatchable,1
HR,NA,dont-know,"Restart koalicija – SDP, HSS, HSU, SNAGA, GLAS, IDS, PGS","Restart koalicija – SDP, HSS, HSU, SNAGA, GLAS, IDS, PGS [og]",unmatchable,1
HR,NA,dont-know,Socijaldemokratska partija Hrvatske (SDP),Socijaldemokratska partija Hrvatske,unmatchable,1
HR,Other,other,"HDZ, HSLS","HDZ, HSLS [og]",unmatchable,6
HR,Other,other,Hrvatska demokratska zajednica (HDZ),Hrvatska demokratska zajednica,unmatchable,13
HR,Other,other,Hrvatska narodna stranka - Liberalni demokrati (HNS),Hrvatska narodna stranka — Liberalni Demokrati,unmatchable,1
HR,Other,other,Hrvatsko socijalno-liberalna stranka (HSLS),Hrvatska socijalno liberalna stranka,unmatchable,1
HR,Other,other,Koalicija HDSSB-HKS,Koalicija HDSSB-HKS [og],unmatchable,2
HR,Other,other,"Koalicija IDS, PGS, LRI","Koalicija IDS, PGS, LRI [og]",unmatchable,1
HR,Other,other,"Koalicija Živi zid, Promijenimo Hrvatsku, Abeceda, HDSS","Koalicija Živi zid, Promijenimo Hrvatsku, Abeceda, HDSS [og]",unmatchable,5
HR,Other,other,"Narodna koalicija - SDP, HNS, HSU, HSS",Kukuriku koalicija,unmatchable,9
HR,Other,other,Most,Most nezavisnih lista,unmatchable,1
HR,Other,other,Most nezavisnih lista (Most),Most nezavisnih lista,unmatchable,1
HR,Other,other,"Restart koalicija – SDP, HSS, HSU, SNAGA, GLAS, IDS, PGS","Restart koalicija – SDP, HSS, HSU, SNAGA, GLAS, IDS, PGS [og]",unmatchable,2
HR,Other,other,"SDP, HSS, HSU","SDP, HSS, HSU [og]",unmatchable,3
HR,Other,other,SDSS,Samostalna demokratska srpska stranka,unmatchable,1
HR,Other,other,"SiP, Pametno, Fokus","SiP, Pametno, Fokus [og]",unmatchable,1
HR,Other,other,Socijaldemokratska partija Hrvatske (SDP),Socijaldemokratska partija Hrvatske,unmatchable,6
HR,Other,other,Other,other,unmatchable,25
HR,NA,refused,"DP, HS, Blok za Hrvatsku, HKS, Hrast","DP, HS, Blok za Hrvatsku, HKS, Hrast [og]",unmatchable,1
HR,NA,refused,"HDZ, HSLS","HDZ, HSLS [og]",unmatchable,3
HR,NA,refused,Hrvatska demokratska zajednica (HDZ),Hrvatska demokratska zajednica,unmatchable,8
HR,NA,refused,Hrvatska seljacka stranka (HSS),Hrvatska seljačka stranka,unmatchable,2
HR,NA,refused,Hrvatsko socijalno-liberalna stranka (HSLS),Hrvatska socijalno liberalna stranka,unmatchable,1
HR,NA,refused,Hrvatska stranka prava (HSP),Hrvatska stranka prava,unmatchable,2
HR,NA,refused,Hrvatska stranka umirovljenika (HSU),Hrvatska stranka umirovljenika,unmatchable,1
HR,NA,refused,Koalicija HDSSB-HKS,Koalicija HDSSB-HKS [og],unmatchable,1
HR,NA,refused,"Koalicija za premijera - BM 365, NS-R, NV-SR, HSS-SR, BUZ",Koalicija za Premijera,unmatchable,1
HR,NA,refused,"Narodna koalicija - SDP, HNS, HSU, HSS",Kukuriku koalicija,unmatchable,1
HR,NA,refused,"Restart koalicija – SDP, HSS, HSU, SNAGA, GLAS, IDS, PGS","Restart koalicija – SDP, HSS, HSU, SNAGA, GLAS, IDS, PGS [og]",unmatchable,4
HR,NA,refused,Socijaldemokratska partija Hrvatske (SDP),Socijaldemokratska partija Hrvatske,unmatchable,2
HR,Živi zid,Živi zid,Hrvatska demokratska zajednica (HDZ),Hrvatska demokratska zajednica,different,2
HR,Živi zid,Živi zid,"Koalicija Živi zid, Promijenimo Hrvatsku, Abeceda, HDSS","Koalicija Živi zid, Promijenimo Hrvatsku, Abeceda, HDSS [og]",same,16
HR,Živi zid,Živi zid,"Narodna koalicija - SDP, HNS, HSU, HSS",Kukuriku koalicija,different,1
HR,Živi zid,Živi zid,Most nezavisnih lista (Most),Most nezavisnih lista,different,1
HR,NA,NA,Hrvatska demokratska zajednica (HDZ),Hrvatska demokratska zajednica,unmatchable,1
HR,NA,NA,Hrvatska narodna stranka - Liberalni demokrati (HNS),Hrvatska narodna stranka — Liberalni Demokrati,unmatchable,1
HR,NA,NA,Hrvatska stranka prava (HSP),Hrvatska stranka prava,unmatchable,1
HR,NA,NA,Hrvatski demokratski savez Slavonije i Baranje (HDSSB),Hrvatski demokratski savez Slavonije i Baranje,unmatchable,1
HR,NA,NA,Socijaldemokratska partija Hrvatske (SDP),Socijaldemokratska partija Hrvatske,unmatchable,1
HU,Center Party,Centrumpárt,Center Party,Centrumpárt,same,1
HU,Center Party,Centrumpárt,FYD-HDF Fed.of Young Democrats&Hungarian Dem.Forum,Fidesz — Magyar Demokrata Fórum,different,1
HU,Center Party,Centrumpárt,HSP-Hungarian Socialist Party,Magyar Szocialista Párt,different,6
HU,DK (Demokratikus Koalíció),Demokratikus Koalíció,DK (Demokratikus Koalíció),Demokratikus Koalíció,same,112
HU,DK (Demokratikus Koalíció),Demokratikus Koalíció,Ellenzéki Összefogás (DK-JOBBIK-LMP-MOMENTUM-MSZP-LMP-PÁRBESZÉD),Ellenzéki Összefogás (DK-JOBBIK-LMP-MOMENTUM-MSZP-LMP-PÁRBESZÉD) [og],same,97
HU,DK (Demokratikus Koalíció),Demokratikus Koalíció,Fidesz - KDNP (Fidesz – Magyar Polgári Szövetség Keresztényd),Fidesz — KDNP pártszövetség / Magyar Szolidaritás Szövetsége,different,2
HU,DK (Demokratikus Koalíció),Demokratikus Koalíció,Fidesz (Fidesz Magyar Polgári Párt),Fidesz — Magyar Polgári Szövetség,different,1
HU,DK (Demokratikus Koalíció),Demokratikus Koalíció,Jobbik (Jobbik Magyarországért Mozgalom),Jobbik Magyarországért Mozgalom,different,4
HU,DK (Demokratikus Koalíció),Demokratikus Koalíció,KDNP (Kereszténydemokrata Néppárt),Kereszténydemokrata Néppárt,different,1
HU,DK (Demokratikus Koalíció),Demokratikus Koalíció,MSZP (Magyar Szocialista Párt),Magyar Szocialista Párt,different,13
HU,DK (Demokratikus Koalíció),Demokratikus Koalíció,Other,other,unmatchable,1
HU,DK (Demokratikus Koalíció),Demokratikus Koalíció,MSZP-Együtt-DK-PM-MLP (Kormányváltók),Összefogás,same,64
HU,"Együtt 2014 Mozgalom (Haza és Haladás, Milla, Szolidaritás)",Együtt — A Korszakváltók Pártja,CM (Civil Mozgalom),CM (Civil Mozgalom) [og],different,1
HU,Együtt2014 Mozgalom,Együtt — A Korszakváltók Pártja,Együtt2014 Mozgalom,Együtt — A Korszakváltók Pártja,same,2
HU,"Együtt 2014 Mozgalom (Haza és Haladás, Milla, Szolidaritás)",Együtt — A Korszakváltók Pártja,Fidesz - KDNP (Fidesz – Magyar Polgári Szövetség Kereszténydemokrata Néppárt),Fidesz — KDNP pártszövetség / Magyar Szolidaritás Szövetsége,different,8
HU,"Együtt 2014 Mozgalom (Haza és Haladás, Milla, Szolidaritás)",Együtt — A Korszakváltók Pártja,LMP (Lehet Más A Politika),Lehet Más a Politika — LMP – Magyarország Zöld Pártja,different,2
HU,"Együtt 2014 Mozgalom (Haza és Haladás, Milla, Szolidaritás)",Együtt — A Korszakváltók Pártja,MSZP (Magyar Szocialista Párt),Magyar Szocialista Párt,different,13
HU,Együtt2014 Mozgalom,Együtt — A Korszakváltók Pártja,MSZP-Együtt-DK-PM-MLP (Kormányváltók),Összefogás,same,21
HU,Fidesz - KDNP,Fidesz — KDNP pártszövetség / Magyar Szolidaritás Szövetsége,Fidesz - KDNP,Fidesz — KDNP pártszövetség / Magyar Szolidaritás Szövetsége,same,664
HU,Fidesz - KDNP,Fidesz — KDNP pártszövetség / Magyar Szolidaritás Szövetsége,Jobbik Magyarorszagert Mozgalom,Jobbik Magyarországért Mozgalom,different,5
HU,Fidesz - KDNP,Fidesz — KDNP pártszövetség / Magyar Szolidaritás Szövetsége,MDF,Magyar Demokrata Fórum,different,3
HU,Fidesz - KDNP,Fidesz — KDNP pártszövetség / Magyar Szolidaritás Szövetsége,MSZP,Magyar Szocialista Párt,different,12
HU,FYD-Federation of Young Democrats,Fidesz — Magyar Polgári Szövetség,Center Party,Centrumpárt,different,1
HU,FIDESZ,Fidesz — Magyar Polgári Szövetség,Fidesz - KDNP,Fidesz — KDNP pártszövetség / Magyar Szolidaritás Szövetsége,same,302
HU,FIDESZ (Fidesz Magyar Polgári Párt),Fidesz — Magyar Polgári Szövetség,Fidesz - KDNP (Fidesz – Magyar Polgári Szövetség Kereszténydemokrata Néppárt),Fidesz — KDNP pártszövetség / Magyar Szolidaritás Szövetsége,same,277
HU,Fidesz (Fidesz Magyar Polgári Párt),Fidesz — Magyar Polgári Szövetség,6 FIDESZ-KDNP (Fidesz Magyar Polgári Szövetség-Kereszténydemokrata Néppárt),Fidesz — KDNP pártszövetség / Magyar Szolidaritás Szövetsége,same,469
HU,Fidesz (Fidesz Magyar Polgári Párt),Fidesz — Magyar Polgári Szövetség,Fidesz - KDNP (Fidesz – Magyar Polgári Szövetség Keresztényd),Fidesz — KDNP pártszövetség / Magyar Szolidaritás Szövetsége,same,585
HU,FYD-Federation of Young Democrats,Fidesz — Magyar Polgári Szövetség,FYD-HDF Fed.of Young Democrats&Hungarian Dem.Forum,Fidesz — Magyar Demokrata Fórum,same,551
HU,Fidesz (Fidesz Magyar Polgári Párt),Fidesz — Magyar Polgári Szövetség,Fidesz (Fidesz Magyar Polgári Párt),Fidesz — Magyar Polgári Szövetség,same,676
HU,FYD-Federation of Young Democrats,Fidesz — Magyar Polgári Szövetség,ISHP-Independent Small Holders,Független Kisgazdapárt,different,1
HU,FYD-Federation of Young Democrats,Fidesz — Magyar Polgári Szövetség,HTJP-Hungarian Truth,HTJP-Hungarian Truth [og],different,3
HU,FIDESZ (Fidesz Magyar Polgári Párt),Fidesz — Magyar Polgári Szövetség,Jobbik (Jobbik Magyarországért Mozgalom),Jobbik Magyarországért Mozgalom,different,1
HU,Fidesz (Fidesz Magyar Polgári Párt),Fidesz — Magyar Polgári Szövetség,Jobbik (Jobbik Magyarországért Mozgalom),Jobbik Magyarországért Mozgalom,different,7
HU,Fidesz (Fidesz Magyar Polgári Párt),Fidesz — Magyar Polgári Szövetség,KDNP (Kereszténydemokrata Néppárt),Kereszténydemokrata Néppárt,different,5
HU,Fidesz (Fidesz Magyar Polgári Párt),Fidesz — Magyar Polgári Szövetség,LMP (Lehet Más A Politika),Lehet Más a Politika — LMP – Magyarország Zöld Pártja,different,1
HU,FIDESZ,Fidesz — Magyar Polgári Szövetség,MSZP,Magyar Szocialista Párt,different,2
HU,FIDESZ (Fidesz Magyar Polgári Párt),Fidesz — Magyar Polgári Szövetség,MSZP (Magyar Szocialista Párt),Magyar Szocialista Párt,different,1
HU,FYD-Federation of Young Democrats,Fidesz — Magyar Polgári Szövetség,HSP-Hungarian Socialist Party,Magyar Szocialista Párt,different,14
HU,Fidesz (Fidesz Magyar Polgári Párt),Fidesz — Magyar Polgári Szövetség,Mi Hazánk,Mi Hazánk Mozgalom,different,1
HU,Fidesz (Fidesz Magyar Polgári Párt),Fidesz — Magyar Polgári Szövetség,Momentum Mozgalom,Momentum Mozgalom,different,1
HU,Fidesz (Fidesz Magyar Polgári Párt),Fidesz — Magyar Polgári Szövetség,MSZP-Együtt-DK-PM-MLP (Kormányváltók),Összefogás,different,1
HU,ISHP-Independent Small Holders,Független Kisgazdapárt,FYD-HDF Fed.of Young Democrats&Hungarian Dem.Forum,Fidesz — Magyar Demokrata Fórum,different,1
HU,ISHP-Independent Small Holders,Független Kisgazdapárt,ISHP-Independent Small Holders,Független Kisgazdapárt,same,4
HU,ISHP-Independent Small Holders,Független Kisgazdapárt,HTJP-Hungarian Truth,HTJP-Hungarian Truth [og],different,1
HU,HTJP-Hungarian Truth,HTJP-Hungarian Truth [og],FYD-HDF Fed.of Young Democrats&Hungarian Dem.Forum,Fidesz — Magyar Demokrata Fórum,different,2
HU,HTJP-Hungarian Truth,HTJP-Hungarian Truth [og],HTJP-Hungarian Truth,HTJP-Hungarian Truth [og],same,11
HU,HTJP-Hungarian Truth,HTJP-Hungarian Truth [og],HSP-Hungarian Socialist Party,Magyar Szocialista Párt,different,1
HU,Jobbik (Jobbik Magyarországért Mozgalom),Jobbik Magyarországért Mozgalom,DK (Demokratikus Koalíció),Demokratikus Koalíció,different,1
HU,Jobbik (Jobbik Magyarországért Mozgalom),Jobbik Magyarországért Mozgalom,Ellenzéki Összefogás (DK-JOBBIK-LMP-MOMENTUM-MSZP-LMP-PÁRBESZÉD),Ellenzéki Összefogás (DK-JOBBIK-LMP-MOMENTUM-MSZP-LMP-PÁRBESZÉD) [og],same,27
HU,Jobbik (Jobbik Magyarországért Mozgalom),Jobbik Magyarországért Mozgalom,Fidesz - KDNP,Fidesz — KDNP pártszövetség / Magyar Szolidaritás Szövetsége,different,1
HU,Jobbik (Jobbik Magyarországért Mozgalom),Jobbik Magyarországért Mozgalom,Fidesz - KDNP (Fidesz – Magyar Polgári Szövetség Keresztényd),Fidesz — KDNP pártszövetség / Magyar Szolidaritás Szövetsége,different,18
HU,Jobbik (Jobbik Magyarországért Mozgalom),Jobbik Magyarországért Mozgalom,Fidesz - KDNP (Fidesz – Magyar Polgári Szövetség Kereszténydemokrata Néppárt),Fidesz — KDNP pártszövetség / Magyar Szolidaritás Szövetsége,different,13
HU,Jobbik Magyarorszagert Mozgalom,Jobbik Magyarországért Mozgalom,Fidesz - KDNP,Fidesz — KDNP pártszövetség / Magyar Szolidaritás Szövetsége,different,6
HU,Jobbik Magyarországért Mozgalom,Jobbik Magyarországért Mozgalom,Fidesz - KDNP,Fidesz — KDNP pártszövetség / Magyar Szolidaritás Szövetsége,different,10
HU,Jobbik (Jobbik Magyarországért Mozgalom),Jobbik Magyarországért Mozgalom,Fidesz (Fidesz Magyar Polgári Párt),Fidesz — Magyar Polgári Szövetség,different,6
HU,Jobbik (Jobbik Magyarországért Mozgalom),Jobbik Magyarországért Mozgalom,Jobbik (Jobbik Magyarországért Mozgalom),Jobbik Magyarországért Mozgalom,same,329
HU,Jobbik Magyarorszagert Mozgalom,Jobbik Magyarországért Mozgalom,Jobbik Magyarorszagert Mozgalom,Jobbik Magyarországért Mozgalom,same,67
HU,Jobbik (Jobbik Magyarországért Mozgalom),Jobbik Magyarországért Mozgalom,KDNP (Kereszténydemokrata Néppárt),Kereszténydemokrata Néppárt,different,1
HU,Jobbik (Jobbik Magyarországért Mozgalom),Jobbik Magyarországért Mozgalom,LMP (Lehet Más A Politika),Lehet Más a Politika — LMP – Magyarország Zöld Pártja,different,1
HU,Jobbik (Jobbik Magyarországért Mozgalom),Jobbik Magyarországért Mozgalom,Harmadik Út (MIÉP - Jobbik Magyarországért),MIÉP — Jobbik a Harmadik Út pártszövetség,same,1
HU,Jobbik Magyarországért Mozgalom,Jobbik Magyarországért Mozgalom,MIÉP - Jobbik a Harmadik Út,MIÉP — Jobbik a Harmadik Út pártszövetség,same,2
HU,Jobbik Magyarországért Mozgalom,Jobbik Magyarországért Mozgalom,MDF,Magyar Demokrata Fórum,different,1
HU,Jobbik (Jobbik Magyarországért Mozgalom),Jobbik Magyarországért Mozgalom,Munkáspárt (Magyar Kommunista Munkáspárt),Magyar Kommunista Munkáspárt,different,1
HU,Jobbik (Jobbik Magyarországért Mozgalom),Jobbik Magyarországért Mozgalom,MSZP (Magyar Szocialista Párt),Magyar Szocialista Párt,different,2
HU,Jobbik Magyarorszagert Mozgalom,Jobbik Magyarországért Mozgalom,MSZP,Magyar Szocialista Párt,different,1
HU,Jobbik (Jobbik Magyarországért Mozgalom),Jobbik Magyarországért Mozgalom,Mi Hazánk,Mi Hazánk Mozgalom,different,1
HU,Jobbik (Jobbik Magyarországért Mozgalom),Jobbik Magyarországért Mozgalom,Other,other,unmatchable,1
HU,Jobbik (Jobbik Magyarországért Mozgalom),Jobbik Magyarországért Mozgalom,MSZP-Együtt-DK-PM-MLP (Kormányváltók),Összefogás,different,2
HU,Keresztenydemokrata Part - Kereszteny Centrum Osszefogas,Keresztenydemokrata Part - Kereszteny Centrum Osszefogas [og],Fidesz - KDNP,Fidesz — KDNP pártszövetség / Magyar Szolidaritás Szövetsége,different,1
HU,KDNP (Kereszténydemokrata Néppárt),Kereszténydemokrata Néppárt,Ellenzéki Összefogás (DK-JOBBIK-LMP-MOMENTUM-MSZP-LMP-PÁRBESZÉD),Ellenzéki Összefogás (DK-JOBBIK-LMP-MOMENTUM-MSZP-LMP-PÁRBESZÉD) [og],different,1
HU,KDNP,Kereszténydemokrata Néppárt,Fidesz - KDNP,Fidesz — KDNP pártszövetség / Magyar Szolidaritás Szövetsége,same,3
HU,KDNP (Kereszténydemokrata Néppárt),Kereszténydemokrata Néppárt,6 FIDESZ-KDNP (Fidesz Magyar Polgári Szövetség-Kereszténydemokrata Néppárt),Fidesz — KDNP pártszövetség / Magyar Szolidaritás Szövetsége,same,4
HU,KDNP (Kereszténydemokrata Néppárt),Kereszténydemokrata Néppárt,Fidesz - KDNP (Fidesz – Magyar Polgári Szövetség Keresztényd),Fidesz — KDNP pártszövetség / Magyar Szolidaritás Szövetsége,same,4
HU,KDNP (Kereszténydemokrata Néppárt),Kereszténydemokrata Néppárt,Fidesz - KDNP (Fidesz – Magyar Polgári Szövetség Kereszténydemokrata Néppárt),Fidesz — KDNP pártszövetség / Magyar Szolidaritás Szövetsége,same,5
HU,Kereszténydemokrata Párt - Keresztény Centrum Összefogás,Kereszténydemokrata Néppárt,Fidesz - KDNP,Fidesz — KDNP pártszövetség / Magyar Szolidaritás Szövetsége,same,1
HU,KDNP (Kereszténydemokrata Néppárt),Kereszténydemokrata Néppárt,Fidesz (Fidesz Magyar Polgári Párt),Fidesz — Magyar Polgári Szövetség,different,11
HU,KDNP (Kereszténydemokrata Néppárt),Kereszténydemokrata Néppárt,KDNP (Kereszténydemokrata Néppárt),Kereszténydemokrata Néppárt,same,11
HU,Kereszténydemokrata Párt - Keresztény Centrum Összefogás,Kereszténydemokrata Néppárt,Kereszténydemokrata Párt - Keresztény Centrum Összefogás,Kereszténydemokrata Néppárt,same,1
HU,KDNP,Kereszténydemokrata Néppárt,MSZP,Magyar Szocialista Párt,different,1
HU,KDNP (Kereszténydemokrata Néppárt),Kereszténydemokrata Néppárt,MSZP (Magyar Szocialista Párt),Magyar Szocialista Párt,different,1
HU,LMP (Lehet Más A Politika),Lehet Más a Politika — LMP – Magyarország Zöld Pártja,Együtt2014 Mozgalom,Együtt — A Korszakváltók Pártja,different,1
HU,LMP (Lehet Más A Politika),Lehet Más a Politika — LMP – Magyarország Zöld Pártja,Ellenzéki Összefogás (DK-JOBBIK-LMP-MOMENTUM-MSZP-LMP-PÁRBESZÉD),Ellenzéki Összefogás (DK-JOBBIK-LMP-MOMENTUM-MSZP-LMP-PÁRBESZÉD) [og],same,18
HU,LMP (Lehet Más A Politika),Lehet Más a Politika — LMP – Magyarország Zöld Pártja,Fidesz - KDNP (Fidesz – Magyar Polgári Szövetség Keresztényd),Fidesz — KDNP pártszövetség / Magyar Szolidaritás Szövetsége,different,4
HU,LMP (Lehet Más A Politika),Lehet Más a Politika — LMP – Magyarország Zöld Pártja,Fidesz - KDNP (Fidesz – Magyar Polgári Szövetség Kereszténydemokrata Néppárt),Fidesz — KDNP pártszövetség / Magyar Szolidaritás Szövetsége,different,1
HU,Lehet Mas a Politika (LMP),Lehet Más a Politika — LMP – Magyarország Zöld Pártja,Fidesz - KDNP,Fidesz — KDNP pártszövetség / Magyar Szolidaritás Szövetsége,different,1
HU,LMP (Lehet Más A Politika),Lehet Más a Politika — LMP – Magyarország Zöld Pártja,Jobbik (Jobbik Magyarországért Mozgalom),Jobbik Magyarországért Mozgalom,different,3
HU,LMP (Lehet Más A Politika),Lehet Más a Politika — LMP – Magyarország Zöld Pártja,KDNP (Kereszténydemokrata Néppárt),Kereszténydemokrata Néppárt,different,1
HU,LMP (Lehet Más A Politika),Lehet Más a Politika — LMP – Magyarország Zöld Pártja,LMP (Lehet Más A Politika),Lehet Más a Politika — LMP – Magyarország Zöld Pártja,same,87
HU,Lehet Mas a Politika (LMP),Lehet Más a Politika — LMP – Magyarország Zöld Pártja,Lehet Mas a Politika (LMP),Lehet Más a Politika — LMP – Magyarország Zöld Pártja,same,28
HU,LMP (Lehet Más A Politika),Lehet Más a Politika — LMP – Magyarország Zöld Pártja,MSZP (Magyar Szocialista Párt),Magyar Szocialista Párt,different,1
HU,Lehet Mas a Politika (LMP),Lehet Más a Politika — LMP – Magyarország Zöld Pártja,MSZP,Magyar Szocialista Párt,different,4
HU,LMP (Lehet Más A Politika),Lehet Más a Politika — LMP – Magyarország Zöld Pártja,Párbeszéd (Párbeszéd Magyarországért Párt),Párbeszéd Magyarországért,different,1
HU,LMP (Lehet Más A Politika),Lehet Más a Politika — LMP – Magyarország Zöld Pártja,MSZP-Együtt-DK-PM-MLP (Kormányváltók),Összefogás,different,1
HU,MRDP (MAGYARORSZÁGI ROMÁK DEMOKRATIKUS PÁRTJA),MRDP (MAGYARORSZÁGI ROMÁK DEMOKRATIKUS PÁRTJA) [og],MSZP,Magyar Szocialista Párt,different,1
HU,HDF- Hungarian Democratic Forum,Magyar Demokrata Fórum,Center Party,Centrumpárt,different,1
HU,MDF,Magyar Demokrata Fórum,Centrumpárt,Centrumpárt,different,1
HU,MDF,Magyar Demokrata Fórum,Fidesz - KDNP,Fidesz — KDNP pártszövetség / Magyar Szolidaritás Szövetsége,different,4
HU,HDF- Hungarian Democratic Forum,Magyar Demokrata Fórum,FYD-HDF Fed.of Young Democrats&Hungarian Dem.Forum,Fidesz — Magyar Demokrata Fórum,same,18
HU,MDF,Magyar Demokrata Fórum,MDF,Magyar Demokrata Fórum,same,20
HU,HDF- Hungarian Democratic Forum,Magyar Demokrata Fórum,HSP-Hungarian Socialist Party,Magyar Szocialista Párt,different,4
HU,MDF,Magyar Demokrata Fórum,MSZP,Magyar Szocialista Párt,different,8
HU,MDF,Magyar Demokrata Fórum,SZDSZ,Szabad Demokraták Szövetsége,different,1
HU,MIÉP,Magyar Igazság és Élet Pártja,Fidesz - KDNP,Fidesz — KDNP pártszövetség / Magyar Szolidaritás Szövetsége,different,3
HU,MIÉP,Magyar Igazság és Élet Pártja,Harmadik Út (MIÉP - Jobbik Magyarországért),MIÉP — Jobbik a Harmadik Út pártszövetség,same,1
HU,MIÉP,Magyar Igazság és Élet Pártja,MIÉP - Jobbik a Harmadik Út,MIÉP — Jobbik a Harmadik Út pártszövetség,same,3
HU,MIÉP (Magyar Igazság És Élet Pártja),Magyar Igazság és Élet Pártja,MIÉP (Magyar Igazság És Élet Pártja),Magyar Igazság és Élet Pártja,same,1
HU,MIÉP,Magyar Igazság és Élet Pártja,MSZP,Magyar Szocialista Párt,different,1
HU,Munkaspart,Magyar Kommunista Munkáspárt,Munkaspart,Magyar Kommunista Munkáspárt,same,1
HU,Munkáspárt,Magyar Kommunista Munkáspárt,Munkáspárt,Magyar Kommunista Munkáspárt,same,3
HU,Munkáspárt (Magyar Kommunista Munkáspárt),Magyar Kommunista Munkáspárt,Munkáspárt (Magyar Kommunista Munkáspárt),Magyar Kommunista Munkáspárt,same,6
HU,WP-Workers Party,Magyar Kommunista Munkáspárt,WP-Workers Party,Magyar Kommunista Munkáspárt,same,13
HU,Munkáspárt,Magyar Kommunista Munkáspárt,MSZP,Magyar Szocialista Párt,different,3
HU,WP-Workers Party,Magyar Kommunista Munkáspárt,HSP-Hungarian Socialist Party,Magyar Szocialista Párt,different,6
HU,Munkáspárt (Magyar Kommunista Munkáspárt),Magyar Kommunista Munkáspárt,Other,other,unmatchable,1
HU,MKKP (Magyar Kétfarkú Kutya Párt),Magyar Kétfarkú Kutya Párt,DK (Demokratikus Koalíció),Demokratikus Koalíció,different,1
HU,MKKP (Magyar Kétfarkú Kutya Párt),Magyar Kétfarkú Kutya Párt,Ellenzéki Összefogás (DK-JOBBIK-LMP-MOMENTUM-MSZP-LMP-PÁRBESZÉD),Ellenzéki Összefogás (DK-JOBBIK-LMP-MOMENTUM-MSZP-LMP-PÁRBESZÉD) [og],different,1
HU,MKKP (Magyar Kétfarkú Kutya Párt),Magyar Kétfarkú Kutya Párt,Jobbik (Jobbik Magyarországért Mozgalom),Jobbik Magyarországért Mozgalom,different,1
HU,MKKP (Magyar Kétfarkú Kutya Párt),Magyar Kétfarkú Kutya Párt,MKKP (Magyar Kétfarkú Kutya Párt),Magyar Kétfarkú Kutya Párt,same,8
HU,HSP-Hungarian Socialist Party,Magyar Szocialista Párt,Center Party,Centrumpárt,different,3
HU,MSZP (Magyar Szocialista Párt),Magyar Szocialista Párt,DK (Demokratikus Koalíció),Demokratikus Koalíció,different,2
HU,MSZP (Magyar Szocialista Párt),Magyar Szocialista Párt,Ellenzéki Összefogás (DK-JOBBIK-LMP-MOMENTUM-MSZP-LMP-PÁRBESZÉD),Ellenzéki Összefogás (DK-JOBBIK-LMP-MOMENTUM-MSZP-LMP-PÁRBESZÉD) [og],same,30
HU,MSZP,Magyar Szocialista Párt,Fidesz - KDNP,Fidesz — KDNP pártszövetség / Magyar Szolidaritás Szövetsége,different,7
HU,MSZP (Magyar Szocialista Párt),Magyar Szocialista Párt,Fidesz - KDNP (Fidesz – Magyar Polgári Szövetség Keresztényd),Fidesz — KDNP pártszövetség / Magyar Szolidaritás Szövetsége,different,1
HU,MSZP (Magyar Szocialista Párt),Magyar Szocialista Párt,Fidesz - KDNP (Fidesz – Magyar Polgári Szövetség Kereszténydemokrata Néppárt),Fidesz — KDNP pártszövetség / Magyar Szolidaritás Szövetsége,different,2
HU,HSP-Hungarian Socialist Party,Magyar Szocialista Párt,FYD-HDF Fed.of Young Democrats&Hungarian Dem.Forum,Fidesz — Magyar Demokrata Fórum,different,8
HU,MSZP (Magyar Szocialista Párt),Magyar Szocialista Párt,Fidesz (Fidesz Magyar Polgári Párt),Fidesz — Magyar Polgári Szövetség,different,2
HU,HSP-Hungarian Socialist Party,Magyar Szocialista Párt,HTJP-Hungarian Truth,HTJP-Hungarian Truth [og],different,1
HU,MSZP (Magyar Szocialista Párt),Magyar Szocialista Párt,Jobbik (Jobbik Magyarországért Mozgalom),Jobbik Magyarországért Mozgalom,different,5
HU,MSZP (Magyar Szocialista Párt),Magyar Szocialista Párt,KDNP (Kereszténydemokrata Néppárt),Kereszténydemokrata Néppárt,different,1
HU,MSZP,Magyar Szocialista Párt,Lehet Mas a Politika (LMP),Lehet Más a Politika — LMP – Magyarország Zöld Pártja,different,1
HU,MSZP (Magyar Szocialista Párt),Magyar Szocialista Párt,LMP (Lehet Más A Politika),Lehet Más a Politika — LMP – Magyarország Zöld Pártja,different,1
HU,MSZP,Magyar Szocialista Párt,Harmadik Út (MIÉP - Jobbik Magyarországért),MIÉP — Jobbik a Harmadik Út pártszövetség,different,2
HU,MSZP,Magyar Szocialista Párt,MDF,Magyar Demokrata Fórum,different,1
HU,HSP-Hungarian Socialist Party,Magyar Szocialista Párt,WP-Workers Party,Magyar Kommunista Munkáspárt,different,1
HU,MSZP (Magyar Szocialista Párt),Magyar Szocialista Párt,Munkáspárt (Magyar Kommunista Munkáspárt),Magyar Kommunista Munkáspárt,different,3
HU,HSP-Hungarian Socialist Party,Magyar Szocialista Párt,HSP-Hungarian Socialist Party,Magyar Szocialista Párt,same,593
HU,MSZP,Magyar Szocialista Párt,MSZP,Magyar Szocialista Párt,same,469
HU,MSZP (Magyar Szocialista Párt),Magyar Szocialista Párt,MSZP (Magyar Szocialista Párt),Magyar Szocialista Párt,same,219
HU,MSZP,Magyar Szocialista Párt,Magyarorszagi Szocialdemokrata Part,Magyarországi Szociáldemokrata Párt,different,1
HU,MSZP (Magyar Szocialista Párt),Magyar Szocialista Párt,MSZDP (Magyar Szociáldemokrata Párt),Magyarországi Szociáldemokrata Párt,different,1
HU,HSP-Hungarian Socialist Party,Magyar Szocialista Párt,FFD-Free Democrats,Szabad Demokraták Szövetsége,different,4
HU,MSZP,Magyar Szocialista Párt,SZDSZ,Szabad Demokraták Szövetsége,different,1
HU,MSZP (Magyar Szocialista Párt),Magyar Szocialista Párt,Other,other,unmatchable,1
HU,MSZP (Magyar Szocialista Párt),Magyar Szocialista Párt,MSZP-Együtt-DK-PM-MLP (Kormányváltók),Összefogás,same,174
HU,Magyar Videk es Polgari Part,Magyar Videk es Polgari Part [og],Magyar Videk es Polgari Part,Magyar Videk es Polgari Part [og],same,1
HU,Magyar Vidék és Polgári Párt,Magyar Vidék és Polgári Párt [og],Fidesz - KDNP,Fidesz — KDNP pártszövetség / Magyar Szolidaritás Szövetsége,different,1
HU,MSZDP (Magyar Szociáldemokrata Párt),Magyarországi Szociáldemokrata Párt,MSZP (Magyar Szocialista Párt),Magyar Szocialista Párt,different,1
HU,Magyarorszagi Szocialdemokrata Part,Magyarországi Szociáldemokrata Párt,Magyarorszagi Szocialdemokrata Part,Magyarországi Szociáldemokrata Párt,same,1
HU,SZDP (SZOCIÁLDEMOKRATA PÁRT),Magyarországi Szociáldemokrata Párt,SZDSZ,Szabad Demokraták Szövetsége,different,1
HU,MEMO (Megoldás Mozgalom),Megoldás Mozgalom,Ellenzéki Összefogás (DK-JOBBIK-LMP-MOMENTUM-MSZP-LMP-PÁRBESZÉD),Ellenzéki Összefogás (DK-JOBBIK-LMP-MOMENTUM-MSZP-LMP-PÁRBESZÉD) [og],different,1
HU,MEMO (Megoldás Mozgalom),Megoldás Mozgalom,Momentum Mozgalom,Momentum Mozgalom,different,4
HU,Mi Hazánk Mozgalom,Mi Hazánk Mozgalom,Ellenzéki Összefogás (DK-JOBBIK-LMP-MOMENTUM-MSZP-LMP-PÁRBESZÉD),Ellenzéki Összefogás (DK-JOBBIK-LMP-MOMENTUM-MSZP-LMP-PÁRBESZÉD) [og],different,6
HU,Mi Hazánk Mozgalom,Mi Hazánk Mozgalom,Fidesz (Fidesz Magyar Polgári Párt),Fidesz — Magyar Polgári Szövetség,different,2
HU,Mi Hazánk Mozgalom,Mi Hazánk Mozgalom,Jobbik (Jobbik Magyarországért Mozgalom),Jobbik Magyarországért Mozgalom,different,3
HU,Mi Hazánk Mozgalom,Mi Hazánk Mozgalom,LMP (Lehet Más A Politika),Lehet Más a Politika — LMP – Magyarország Zöld Pártja,different,2
HU,Mi Hazánk Mozgalom,Mi Hazánk Mozgalom,MKKP (Magyar Kétfarkú Kutya Párt),Magyar Kétfarkú Kutya Párt,different,2
HU,Mi Hazánk Mozgalom,Mi Hazánk Mozgalom,Mi Hazánk,Mi Hazánk Mozgalom,same,36
HU,Momentum Mozgalom,Momentum Mozgalom,Együtt2014 Mozgalom,Együtt — A Korszakváltók Pártja,different,1
HU,Momentum Mozgalom,Momentum Mozgalom,Ellenzéki Összefogás (DK-JOBBIK-LMP-MOMENTUM-MSZP-LMP-PÁRBESZÉD),Ellenzéki Összefogás (DK-JOBBIK-LMP-MOMENTUM-MSZP-LMP-PÁRBESZÉD) [og],same,28
HU,Momentum Mozgalom,Momentum Mozgalom,6 FIDESZ-KDNP (Fidesz Magyar Polgári Szövetség-Kereszténydemokrata Néppárt),Fidesz — KDNP pártszövetség / Magyar Szolidaritás Szövetsége,different,1
HU,Momentum Mozgalom,Momentum Mozgalom,Fidesz (Fidesz Magyar Polgári Párt),Fidesz — Magyar Polgári Szövetség,different,1
HU,Momentum Mozgalom,Momentum Mozgalom,Jobbik (Jobbik Magyarországért Mozgalom),Jobbik Magyarországért Mozgalom,different,1
HU,Momentum Mozgalom,Momentum Mozgalom,LMP (Lehet Más A Politika),Lehet Más a Politika — LMP – Magyarország Zöld Pártja,different,2
HU,Momentum Mozgalom,Momentum Mozgalom,Munkáspárt (Magyar Kommunista Munkáspárt),Magyar Kommunista Munkáspárt,different,1
HU,Momentum Mozgalom,Momentum Mozgalom,MKKP (Magyar Kétfarkú Kutya Párt),Magyar Kétfarkú Kutya Párt,different,1
HU,Momentum Mozgalom,Momentum Mozgalom,MSZP (Magyar Szocialista Párt),Magyar Szocialista Párt,different,2
HU,Momentum Mozgalom,Momentum Mozgalom,Momentum Mozgalom,Momentum Mozgalom,same,30
HU,Momentum Mozgalom,Momentum Mozgalom,Párbeszéd (Párbeszéd Magyarországért Párt),Párbeszéd Magyarországért,different,1
HU,Momentum Mozgalom,Momentum Mozgalom,MSZP-Együtt-DK-PM-MLP (Kormányváltók),Összefogás,different,4
HU,NÉP (Normális Élet Pártja),NÉP (Normális Élet Pártja) [og],Ellenzéki Összefogás (DK-JOBBIK-LMP-MOMENTUM-MSZP-LMP-PÁRBESZÉD),Ellenzéki Összefogás (DK-JOBBIK-LMP-MOMENTUM-MSZP-LMP-PÁRBESZÉD) [og],different,2
HU,NÉP (Normális Élet Pártja),NÉP (Normális Élet Pártja) [og],NÉP (Normális Élet Pártja),NÉP (Normális Élet Pártja) [og],same,2
HU,Párbeszéd (Párbeszéd Magyarországért Párt),Párbeszéd Magyarországért,Együtt2014 Mozgalom,Együtt — A Korszakváltók Pártja,different,2
HU,Párbeszéd (Párbeszéd Magyarországért Párt),Párbeszéd Magyarországért,Ellenzéki Összefogás (DK-JOBBIK-LMP-MOMENTUM-MSZP-LMP-PÁRBESZÉD),Ellenzéki Összefogás (DK-JOBBIK-LMP-MOMENTUM-MSZP-LMP-PÁRBESZÉD) [og],same,2
HU,Párbeszéd (Párbeszéd Magyarországért Párt),Párbeszéd Magyarországért,Párbeszéd (Párbeszéd Magyarországért Párt),Párbeszéd Magyarországért,same,5
HU,FFD-Free Democrats,Szabad Demokraták Szövetsége,Center Party,Centrumpárt,different,1
HU,FFD-Free Democrats,Szabad Demokraták Szövetsége,FYD-HDF Fed.of Young Democrats&Hungarian Dem.Forum,Fidesz — Magyar Demokrata Fórum,different,3
HU,SZDSZ,Szabad Demokraták Szövetsége,Lehet Mas a Politika (LMP),Lehet Más a Politika — LMP – Magyarország Zöld Pártja,different,1
HU,FFD-Free Democrats,Szabad Demokraták Szövetsége,HSP-Hungarian Socialist Party,Magyar Szocialista Párt,different,10
HU,SZDSZ,Szabad Demokraták Szövetsége,MSZP,Magyar Szocialista Párt,different,4
HU,SZDSZ (Szabad Demokraták Szövetsége - A Magyar Liberális Párt),Szabad Demokraták Szövetsége,MSZP (Magyar Szocialista Párt),Magyar Szocialista Párt,different,1
HU,FFD-Free Democrats,Szabad Demokraták Szövetsége,FFD-Free Democrats,Szabad Demokraták Szövetsége,same,62
HU,SZDSZ,Szabad Demokraták Szövetsége,SZDSZ,Szabad Demokraták Szövetsége,same,32
HU,SZDSZ (Szabad Demokraták Szövetsége - A Magyar Liberális Párt),Szabad Demokraták Szövetsége,SZDSZ (Szabad Demokraták Szövetsége - A Magyar Liberális Párt),Szabad Demokraták Szövetsége,same,1
HU,NA,dont-know,Center Party,Centrumpárt,unmatchable,1
HU,NA,dont-know,Ellenzéki Összefogás (DK-JOBBIK-LMP-MOMENTUM-MSZP-LMP-PÁRBESZÉD),Ellenzéki Összefogás (DK-JOBBIK-LMP-MOMENTUM-MSZP-LMP-PÁRBESZÉD) [og],unmatchable,1
HU,NA,dont-know,6 FIDESZ-KDNP (Fidesz Magyar Polgári Szövetség-Kereszténydemokrata Néppárt),Fidesz — KDNP pártszövetség / Magyar Szolidaritás Szövetsége,unmatchable,1
HU,NA,dont-know,Fidesz - KDNP,Fidesz — KDNP pártszövetség / Magyar Szolidaritás Szövetsége,unmatchable,1
HU,NA,dont-know,Fidesz - KDNP (Fidesz – Magyar Polgári Szövetség Keresztényd),Fidesz — KDNP pártszövetség / Magyar Szolidaritás Szövetsége,unmatchable,1
HU,NA,dont-know,Fidesz - KDNP (Fidesz – Magyar Polgári Szövetség Kereszténydemokrata Néppárt),Fidesz — KDNP pártszövetség / Magyar Szolidaritás Szövetsége,unmatchable,3
HU,NA,dont-know,Fidesz (Fidesz Magyar Polgári Párt),Fidesz — Magyar Polgári Szövetség,unmatchable,2
HU,NA,dont-know,LMP (Lehet Más A Politika),Lehet Más a Politika — LMP – Magyarország Zöld Pártja,unmatchable,3
HU,NA,dont-know,MSZP,Magyar Szocialista Párt,unmatchable,1
HU,NA,dont-know,FFD-Free Democrats,Szabad Demokraták Szövetsége,unmatchable,1
HU,Other,other,Fidesz - KDNP,Fidesz — KDNP pártszövetség / Magyar Szolidaritás Szövetsége,unmatchable,1
HU,Other,other,FYD-HDF Fed.of Young Democrats&Hungarian Dem.Forum,Fidesz — Magyar Demokrata Fórum,unmatchable,3
HU,Other,other,Jobbik (Jobbik Magyarországért Mozgalom),Jobbik Magyarországért Mozgalom,unmatchable,1
HU,Other,other,LMP (Lehet Más A Politika),Lehet Más a Politika — LMP – Magyarország Zöld Pártja,unmatchable,2
HU,Other,other,Harmadik Út (MIÉP - Jobbik Magyarországért),MIÉP — Jobbik a Harmadik Út pártszövetség,unmatchable,1
HU,Other,other,MDF,Magyar Demokrata Fórum,unmatchable,1
HU,Other,other,MSZP,Magyar Szocialista Párt,unmatchable,1
HU,Other,other,MSZP (Magyar Szocialista Párt),Magyar Szocialista Párt,unmatchable,1
HU,Other,other,Other,other,unmatchable,2
HU,Other,other,MSZP-Együtt-DK-PM-MLP (Kormányváltók),Összefogás,unmatchable,2
HU,NA,refused,Centrum Part,Centrumpárt,unmatchable,1
HU,NA,refused,Centrumpárt,Centrumpárt,unmatchable,1
HU,NA,refused,Ellenzéki Összefogás (DK-JOBBIK-LMP-MOMENTUM-MSZP-LMP-PÁRBESZÉD),Ellenzéki Összefogás (DK-JOBBIK-LMP-MOMENTUM-MSZP-LMP-PÁRBESZÉD) [og],unmatchable,8
HU,NA,refused,6 FIDESZ-KDNP (Fidesz Magyar Polgári Szövetség-Kereszténydemokrata Néppárt),Fidesz — KDNP pártszövetség / Magyar Szolidaritás Szövetsége,unmatchable,2
HU,NA,refused,Fidesz - KDNP,Fidesz — KDNP pártszövetség / Magyar Szolidaritás Szövetsége,unmatchable,4
HU,NA,refused,Fidesz - KDNP (Fidesz – Magyar Polgári Szövetség Keresztényd),Fidesz — KDNP pártszövetség / Magyar Szolidaritás Szövetsége,unmatchable,14
HU,NA,refused,Fidesz - KDNP (Fidesz – Magyar Polgári Szövetség Kereszténydemokrata Néppárt),Fidesz — KDNP pártszövetség / Magyar Szolidaritás Szövetsége,unmatchable,9
HU,NA,refused,FYD-HDF Fed.of Young Democrats&Hungarian Dem.Forum,Fidesz — Magyar Demokrata Fórum,unmatchable,1
HU,NA,refused,Fidesz (Fidesz Magyar Polgári Párt),Fidesz — Magyar Polgári Szövetség,unmatchable,5
HU,NA,refused,Jobbik (Jobbik Magyarországért Mozgalom),Jobbik Magyarországért Mozgalom,unmatchable,4
HU,NA,refused,LMP (Lehet Más A Politika),Lehet Más a Politika — LMP – Magyarország Zöld Pártja,unmatchable,1
HU,NA,refused,Lehet Mas a Politika (LMP),Lehet Más a Politika — LMP – Magyarország Zöld Pártja,unmatchable,1
HU,NA,refused,MDF (Magyar Demokrata Fórum),Magyar Demokrata Fórum,unmatchable,1
HU,NA,refused,Munkáspárt (Magyar Kommunista Munkáspárt),Magyar Kommunista Munkáspárt,unmatchable,1
HU,NA,refused,HSP-Hungarian Socialist Party,Magyar Szocialista Párt,unmatchable,1
HU,NA,refused,MSZP,Magyar Szocialista Párt,unmatchable,3
HU,NA,refused,MSZP (Magyar Szocialista Párt),Magyar Szocialista Párt,unmatchable,3
HU,NA,refused,FFD-Free Democrats,Szabad Demokraták Szövetsége,unmatchable,1
HU,NA,refused,Other,other,unmatchable,1
HU,NA,refused,MSZP-Együtt-DK-PM-MLP (Kormányváltók),Összefogás,unmatchable,10
HU,NA,NA,HSP-Hungarian Socialist Party,Magyar Szocialista Párt,unmatchable,2
IE,Progressive Democrats,An Pairti Daonlathach,Progressive Democrats,An Pairti Daonlathach,same,29
IE,Progressive Democrats,An Pairti Daonlathach,Fianna Fáil,Fianna Fáil,different,11
IE,Progressive Democrats,An Pairti Daonlathach,Fine Gael,Fine Gael,different,7
IE,Progressive Democrats,An Pairti Daonlathach,Green Party,Green Party-Comhaontas Glas,different,1
IE,Progressive Democrats,An Pairti Daonlathach,Labour,Páirti Lucht Oibre,different,3
IE,Progressive Democrats,An Pairti Daonlathach,Independent,independent,unmatchable,3
IE,Progressive Democrats,An Pairti Daonlathach,Other,other,unmatchable,1
IE,Socialist Party - United Left Alliance,Anti-Austerity Alliance / Solidarity,Anti-Austerity Alliance - People Before Profit,Solidarity — People Before Profit,same,1
IE,Aontu,Aontú,Aontu,Aontú,same,4
IE,Aontu,Aontú,Fianna Fáil,Fianna Fáil,different,1
IE,Aontu,Aontú,Independent,independent,unmatchable,5
IE,Social Democrats,Daonlathaigh Shóisialta,Social Democrats,Daonlathaigh Shóisialta,same,14
IE,Social Democrats,Daonlathaigh Shóisialta,Fianna Fáil,Fianna Fáil,different,2
IE,Social Democrats,Daonlathaigh Shóisialta,Fine Gael,Fine Gael,different,1
IE,Social Democrats,Daonlathaigh Shóisialta,Green Party,Green Party-Comhaontas Glas,different,2
IE,Social Democrats,Daonlathaigh Shóisialta,Labour,Páirti Lucht Oibre,different,1
IE,Social Democrats,Daonlathaigh Shóisialta,Sinn Féin,Sinn Féin (Provisional),different,1
IE,Social Democrats,Daonlathaigh Shóisialta,Independent,independent,unmatchable,2
IE,Fianna Fáil,Fianna Fáil,Progressive Democrats,An Pairti Daonlathach,different,4
IE,Fianna Fáil,Fianna Fáil,Social Democrats,Daonlathaigh Shóisialta,different,3
IE,Fianna Fáil,Fianna Fáil,Fianna Fáil,Fianna Fáil,same,2668
IE,Fianna Fáil,Fianna Fáil,Fine Gael,Fine Gael,different,112
IE,Fianna Fáil,Fianna Fáil,Green Party,Green Party-Comhaontas Glas,different,7
IE,Fianna Fáil,Fianna Fáil,People Before Profit,People Before Profit Alliance,different,1
IE,Fianna Fáil,Fianna Fáil,Labour,Páirti Lucht Oibre,different,25
IE,Fianna Fáil,Fianna Fáil,Sinn Féin,Sinn Féin (Provisional),different,33
IE,Fianna Fáil,Fianna Fáil,Solidarity/People Before Profit (Solidarity/PBP),Solidarity — People Before Profit,different,1
IE,Fianna Fáil,Fianna Fáil,Independent,independent,unmatchable,76
IE,Fianna Fáil,Fianna Fáil,Other,other,unmatchable,15
IE,Fine Gael,Fine Gael,Progressive Democrats,An Pairti Daonlathach,different,9
IE,Fine Gael,Fine Gael,Social Democrats,Daonlathaigh Shóisialta,different,1
IE,Fine Gael,Fine Gael,Fianna Fáil,Fianna Fáil,different,92
IE,Fine Gael,Fine Gael,Fine Gael,Fine Gael,same,2094
IE,Fine Gael,Fine Gael,Green Party,Green Party-Comhaontas Glas,different,8
IE,Fine Gael,Fine Gael,Labour,Páirti Lucht Oibre,different,22
IE,Fine Gael,Fine Gael,Sinn Féin,Sinn Féin (Provisional),different,6
IE,Fine Gael,Fine Gael,Independent,independent,unmatchable,37
IE,Fine Gael,Fine Gael,Other,other,unmatchable,6
IE,Green Party,Green Party-Comhaontas Glas,Progressive Democrats,An Pairti Daonlathach,different,1
IE,Green Party,Green Party-Comhaontas Glas,Fianna Fáil,Fianna Fáil,different,13
IE,Green Party,Green Party-Comhaontas Glas,Fine Gael,Fine Gael,different,25
IE,Green Party,Green Party-Comhaontas Glas,Green Party,Green Party-Comhaontas Glas,same,164
IE,Green Party,Green Party-Comhaontas Glas,Labour,Páirti Lucht Oibre,different,18
IE,Green Party,Green Party-Comhaontas Glas,Sinn Féin,Sinn Féin (Provisional),different,8
IE,Green Party,Green Party-Comhaontas Glas,Anti-Austerity Alliance - People Before Profit,Solidarity — People Before Profit,different,1
IE,Green Party,Green Party-Comhaontas Glas,Independent,independent,unmatchable,14
IE,Green Party,Green Party-Comhaontas Glas,Other,other,unmatchable,2
IE,Independent Alliance,Independent Alliance,Independent,independent,unmatchable,1
IE,People Before Profit,People Before Profit Alliance,Fianna Fáil,Fianna Fáil,different,1
IE,People Before Profit,People Before Profit Alliance,People Before Profit,People Before Profit Alliance,same,6
IE,People Before Profit,People Before Profit Alliance,Labour,Páirti Lucht Oibre,different,2
IE,People Before Profit,People Before Profit Alliance,Sinn Féin,Sinn Féin (Provisional),different,2
IE,Labour,Páirti Lucht Oibre,Progressive Democrats,An Pairti Daonlathach,different,1
IE,Labour,Páirti Lucht Oibre,Social Democrats,Daonlathaigh Shóisialta,different,1
IE,Labour,Páirti Lucht Oibre,Fianna Fáil,Fianna Fáil,different,27
IE,Labour,Páirti Lucht Oibre,Fine Gael,Fine Gael,different,56
IE,Labour,Páirti Lucht Oibre,Green Party,Green Party-Comhaontas Glas,different,8
IE,Labour,Páirti Lucht Oibre,People Before Profit,People Before Profit Alliance,different,2
IE,Labour,Páirti Lucht Oibre,Labour,Páirti Lucht Oibre,same,548
IE,Labour,Páirti Lucht Oibre,Sinn Féin,Sinn Féin (Provisional),different,10
IE,Labour,Páirti Lucht Oibre,Solidarity/People Before Profit (Solidarity/PBP),Solidarity — People Before Profit,different,1
IE,Labour,Páirti Lucht Oibre,Independent,independent,unmatchable,38
IE,Labour,Páirti Lucht Oibre,Other,other,unmatchable,3
IE,Socialist Party,Páirtí Sóisialach,Green Party,Green Party-Comhaontas Glas,different,1
IE,Socialist Party,Páirtí Sóisialach,Socialist Party,Páirtí Sóisialach,same,4
IE,Socialist Party,Páirtí Sóisialach,Sinn Féin,Sinn Féin (Provisional),different,2
IE,Socialist Party,Páirtí Sóisialach,Anti-Austerity Alliance - People Before Profit,Solidarity — People Before Profit,different,1
IE,Socialist Party,Páirtí Sóisialach,Solidarity/People Before Profit (Solidarity/PBP),Solidarity — People Before Profit,different,1
IE,Socialist Party,Páirtí Sóisialach,Independent,independent,unmatchable,1
IE,Workers' Party,Páirtí na nOibrithe,Labour,Páirti Lucht Oibre,different,1
IE,Workers' Party,Páirtí na nOibrithe,Sinn Féin,Sinn Féin (Provisional),different,1
IE,Workers' Party,Páirtí na nOibrithe,Anti-Austerity Alliance - People Before Profit,Solidarity — People Before Profit,different,1
IE,RENUA Ireland,Renua Ireland,Independent,independent,unmatchable,2
IE,Sinn Féin,Sinn Féin (Provisional),Progressive Democrats,An Pairti Daonlathach,different,1
IE,Sinn Féin,Sinn Féin (Provisional),Fianna Fáil,Fianna Fáil,different,30
IE,Sinn Féin,Sinn Féin (Provisional),Fine Gael,Fine Gael,different,29
IE,Sinn Féin,Sinn Féin (Provisional),Green Party,Green Party-Comhaontas Glas,different,7
IE,Sinn Féin,Sinn Féin (Provisional),People Before Profit,People Before Profit Alliance,different,1
IE,Sinn Féin,Sinn Féin (Provisional),Labour,Páirti Lucht Oibre,different,12
IE,Sinn Féin,Sinn Féin (Provisional),Sinn Féin,Sinn Féin (Provisional),same,830
IE,Sinn Féin,Sinn Féin (Provisional),United Left Alliance,United Left Alliance,different,1
IE,Sinn Féin,Sinn Féin (Provisional),Independent,independent,unmatchable,26
IE,Sinn Féin,Sinn Féin (Provisional),Other,other,unmatchable,1
IE,Solidarity/People Before Profit (Solidarity/PBP),Solidarity — People Before Profit,Socialist Party - United Left Alliance,Anti-Austerity Alliance / Solidarity,same,1
IE,Solidarity/People Before Profit (Solidarity/PBP),Solidarity — People Before Profit,Fianna Fáil,Fianna Fáil,different,1
IE,Solidarity/People Before Profit (Solidarity/PBP),Solidarity — People Before Profit,Fine Gael,Fine Gael,different,2
IE,Solidarity/People Before Profit (Solidarity/PBP),Solidarity — People Before Profit,Independents4Change,Neamhspleáigh ar son an Athraithe,different,1
IE,Solidarity/People Before Profit (Solidarity/PBP),Solidarity — People Before Profit,Labour,Páirti Lucht Oibre,different,1
IE,Anti-Austerity Alliance - People Before Profit,Solidarity — People Before Profit,Sinn Féin,Sinn Féin (Provisional),different,1
IE,Solidarity/People Before Profit (Solidarity/PBP),Solidarity — People Before Profit,Sinn Féin,Sinn Féin (Provisional),different,6
IE,Anti-Austerity Alliance - People Before Profit,Solidarity — People Before Profit,Anti-Austerity Alliance - People Before Profit,Solidarity — People Before Profit,same,6
IE,Solidarity/People Before Profit (Solidarity/PBP),Solidarity — People Before Profit,Anti-Austerity Alliance - People Before Profit,Solidarity — People Before Profit,same,1
IE,Solidarity/People Before Profit (Solidarity/PBP),Solidarity — People Before Profit,Solidarity/People Before Profit (Solidarity/PBP),Solidarity — People Before Profit,same,6
IE,Anti-Austerity Alliance - People Before Profit,Solidarity — People Before Profit,Independent,independent,unmatchable,3
IE,United Left Alliance,United Left Alliance,Labour,Páirti Lucht Oibre,different,1
IE,United Left Alliance,United Left Alliance,United Left Alliance,United Left Alliance,same,2
IE,NA,dont-know,Progressive Democrats,An Pairti Daonlathach,unmatchable,1
IE,NA,dont-know,Fianna Fáil,Fianna Fáil,unmatchable,7
IE,NA,dont-know,Fine Gael,Fine Gael,unmatchable,5
IE,NA,dont-know,Labour,Páirti Lucht Oibre,unmatchable,2
IE,NA,dont-know,Sinn Féin,Sinn Féin (Provisional),unmatchable,2
IE,NA,dont-know,Independent,independent,unmatchable,3
IE,Independent,independent,Social Democrats,Daonlathaigh Shóisialta,unmatchable,1
IE,Independent,independent,Fianna Fáil,Fianna Fáil,unmatchable,7
IE,Independent,independent,Fine Gael,Fine Gael,unmatchable,7
IE,Independent,independent,Green Party,Green Party-Comhaontas Glas,unmatchable,1
IE,Independent,independent,Labour,Páirti Lucht Oibre,unmatchable,3
IE,Independent,independent,Sinn Féin,Sinn Féin (Provisional),unmatchable,5
IE,Independent,independent,Anti-Austerity Alliance - People Before Profit,Solidarity — People Before Profit,unmatchable,1
IE,Independent,independent,Independent,independent,unmatchable,73
IE,Other,other,Progressive Democrats,An Pairti Daonlathach,unmatchable,1
IE,Other,other,Fianna Fáil,Fianna Fáil,unmatchable,3
IE,Other,other,Fine Gael,Fine Gael,unmatchable,4
IE,Other,other,Green Party,Green Party-Comhaontas Glas,unmatchable,2
IE,Other,other,Independents4Change,Neamhspleáigh ar son an Athraithe,unmatchable,1
IE,Other,other,Labour,Páirti Lucht Oibre,unmatchable,2
IE,Other,other,Independent,independent,unmatchable,14
IE,Other,other,Other,other,unmatchable,7
IE,NA,refused,Fianna Fáil,Fianna Fáil,unmatchable,4
IE,NA,refused,Fine Gael,Fine Gael,unmatchable,4
IE,NA,refused,Green Party,Green Party-Comhaontas Glas,unmatchable,2
IE,NA,refused,Labour,Páirti Lucht Oibre,unmatchable,1
IE,NA,refused,Sinn Féin,Sinn Féin (Provisional),unmatchable,1
IE,NA,refused,Independent,independent,unmatchable,2
IE,NA,NA,Fianna Fáil,Fianna Fáil,unmatchable,12
IE,NA,NA,Fine Gael,Fine Gael,unmatchable,5
IE,NA,NA,Green Party,Green Party-Comhaontas Glas,unmatchable,1
IE,NA,NA,Sinn Féin,Sinn Féin (Provisional),unmatchable,1
IE,NA,NA,Independent,independent,unmatchable,1
IT,Alleanza Nazionale,Alleanza Nazionale,Alleanza Nazionale,Alleanza Nazionale,same,47
IT,Alleanza Nazionale,Alleanza Nazionale,Democratici di Sinistra,Democratici di Sinistra,different,1
IT,Alleanza Nazionale,Alleanza Nazionale,Forza Italia,Forza Italia,different,2
IT,Alleanza Nazionale,Alleanza Nazionale,Nuovo PSI,Nuovo Partito Socialisti Italiani,different,1
IT,Alleanza Verdi e Sinistra,Alleanza Verdi e Sinistra [og],Alleanza Verdi e Sinistra,Alleanza Verdi e Sinistra [og],same,16
IT,Alleanza Verdi e Sinistra,Alleanza Verdi e Sinistra [og],Partido Democratico (PD),Partito Democratico,different,2
IT,Alternativa popolare,Alternativa Popolare,Popolo delle Libertà (PdL),Il Popolo della Libertà,different,1
IT,Alternativa popolare,Alternativa Popolare,Partido Democratico (PD),Partito Democratico,different,1
IT,Articolo 1 Mdp,Articolo Uno,FARE - Giannino,Fermare il Declino,different,1
IT,Articolo 1 Mdp,Articolo Uno,Partido Democratico (PD),Partito Democratico,different,2
IT,Articolo 1 Mdp,Articolo Uno,Rivoluzione Civile (Ingroia),Rivoluzione Civile,different,1
IT,Articolo 1 Mdp,Articolo Uno,Scelta Civica (con Monti),Scelta Civica,different,1
IT,Articolo 1 Mdp,Articolo Uno,Sinistra Ecologia e Libertà (SEL),Sinistra Italiana,different,1
IT,Azione di Calenda,Azione,Partido Democratico (PD),Partito Democratico,different,2
IT,Azione di Calenda,Azione,+ Europa,Più Europa,different,1
IT,Casapound Italia,CasaPound Italia,Casapound Italia,CasaPound Italia,same,5
IT,CCD-CDU,Centro Cristiano Democratico  / Cristiani Democratici Uniti (Biancofiore),CCD-CDU (Biancofiore),Centro Cristiano Democratico  / Cristiani Democratici Uniti (Biancofiore),same,11
IT,Civia Popolare Lorenzin,Civica Popolare,Civia Popolare Lorenzin,Civica Popolare,same,1
IT,Democratici di Sinistra,Democratici di Sinistra,Democratici di Sinistra,Democratici di Sinistra,same,105
IT,Democratici di Sinistra,Democratici di Sinistra,La Margherita,Democrazia è Libertà — La Margherita,different,3
IT,Democratici di Sinistra,Democratici di Sinistra,Forza Italia,Forza Italia,different,1
IT,Democratici di Sinistra,Democratici di Sinistra,Pannella-Bonino,Lista Bonino,different,1
IT,Democratici di Sinistra,Democratici di Sinistra,Rifondazione Comunista,Partito della Rifondazione Comunista,different,1
IT,Democrazia Europea,Democrazia Europea,Democrazia Europea,Democrazia Europea,same,1
IT,La Margherita,Democrazia è Libertà — La Margherita,Democratici di Sinistra,Democratici di Sinistra,different,1
IT,La Margherita,Democrazia è Libertà — La Margherita,La Margherita,Democrazia è Libertà — La Margherita,same,37
IT,La Margherita,Democrazia è Libertà — La Margherita,Forza Italia,Forza Italia,different,1
IT,La Margherita,Democrazia è Libertà — La Margherita,Verdi e Sdi (Girasole),Il Girasole,different,1
IT,Verdi,Federazione dei Verdi,Verdi e Sdi (Girasole),Il Girasole,same,10
IT,FARE - Giannino,Fermare il Declino,FARE - Giannino,Fermare il Declino,same,1
IT,Fiamma Tricolore,Fiamma Tricolore,Alleanza Nazionale,Alleanza Nazionale,different,1
IT,Forza Italia,Forza Italia,Alleanza Nazionale,Alleanza Nazionale,different,1
IT,Forza Italia,Forza Italia,Forza Italia,Forza Italia,same,79
IT,Forza Italia,Forza Italia (2013),Forza Italia,Forza Italia (2013),same,162
IT,Forza Italia,Forza Italia (2013),Fratelli d'Italia,Fratelli d'Italia,different,5
IT,Forza Italia,Forza Italia (2013),Popolo delle Libertà (PdL),Il Popolo della Libertà,different,46
IT,Forza Italia,Forza Italia (2013),La destra,La Destra,different,9
IT,Forza Italia,Forza Italia (2013),Lega,Lega Nord,different,2
IT,Forza Italia,Forza Italia (2013),Lega Nord,Lega Nord,different,2
IT,Forza Italia,Forza Italia (2013),Liberi e Uguali (LEU),Liberi e Uguali,different,1
IT,Forza Italia,Forza Italia (2013),Movimento 5 Stelle,Movimento 5 Stelle,different,1
IT,Forza Italia,Forza Italia (2013),Partido Democratico (PD),Partito Democratico,different,3
IT,Forza Italia,Forza Italia (2013),Scelta Civica (con Monti),Scelta Civica,different,1
IT,Forza Italia,Forza Italia (2013),Altro,other,unmatchable,5
IT,Fratelli d'Italia,Fratelli d'Italia,Forza Italia,Forza Italia (2013),different,7
IT,Fratelli d'Italia con Giorgia Meloni,Fratelli d'Italia,Forza Italia,Forza Italia (2013),different,10
IT,Fratelli d'Italia,Fratelli d'Italia,Fratelli d'Italia,Fratelli d'Italia,same,192
IT,Fratelli d'Italia - An,Fratelli d'Italia,Fratelli d'Italia,Fratelli d'Italia,same,16
IT,Fratelli d'Italia con Giorgia Meloni,Fratelli d'Italia,Fratelli d'Italia con Giorgia Meloni,Fratelli d'Italia,same,53
IT,Fratelli d'Italia - An,Fratelli d'Italia,FLI,Futuro e libertà per l'Italia,different,1
IT,Fratelli d'Italia - An,Fratelli d'Italia,Popolo delle Libertà (PdL),Il Popolo della Libertà,different,1
IT,Fratelli d'Italia con Giorgia Meloni,Fratelli d'Italia,Il popolo della famiglia,Il popolo della famiglia [og],different,1
IT,Fratelli d'Italia - An,Fratelli d'Italia,La destra,La Destra,different,4
IT,Fratelli d'Italia,Fratelli d'Italia,Lega,Lega Nord,different,2
IT,Fratelli d'Italia,Fratelli d'Italia,Lega Nord,Lega Nord,different,1
IT,Fratelli d'Italia con Giorgia Meloni,Fratelli d'Italia,Lega,Lega Nord,different,16
IT,Fratelli d'Italia con Giorgia Meloni,Fratelli d'Italia,Movimento 5 Stelle,Movimento 5 Stelle,different,3
IT,Fratelli d'Italia,Fratelli d'Italia,Partido Democratico (PD),Partito Democratico,different,3
IT,Fratelli d'Italia con Giorgia Meloni,Fratelli d'Italia,Partido Democratico (PD),Partito Democratico,different,1
IT,Fratelli d'Italia - An,Fratelli d'Italia,Altro,other,unmatchable,1
IT,Popolo delle Libertà (PDL),Il Popolo della Libertà,Popolo delle Libertà (PdL),Il Popolo della Libertà,same,39
IT,Popolo delle Libertà (PDL),Il Popolo della Libertà,Lega Nord,Lega Nord,different,1
IT,Popolo delle Libertà (PDL),Il Popolo della Libertà,Movimento 5 Stelle,Movimento 5 Stelle,different,3
IT,Popolo delle Libertà (PDL),Il Popolo della Libertà,Scelta Civica (con Monti),Scelta Civica,different,1
IT,Popolo delle Libertà (PDL),Il Popolo della Libertà,Sinistra Ecologia e Libertà (SEL),Sinistra Italiana,different,1
IT,Italia Europa Insieme,Insieme,Italia Europa Insieme,Insieme,same,1
IT,Italexit,Italexit for Italy,Fratelli d'Italia con Giorgia Meloni,Fratelli d'Italia,different,1
IT,Italexit,Italexit for Italy,Movimento 5 Stelle,Movimento 5 Stelle,different,1
IT,Italexit,Italexit for Italy,Partido Democratico (PD),Partito Democratico,different,1
IT,Italia Sovrana e Popolare,Italia Sovrana e Popolare,Italia Sovrana e Popolare,Italia Sovrana e Popolare,same,1
IT,Italia Sovrana e Popolare,Italia Sovrana e Popolare,Partido Democratico (PD),Partito Democratico,different,1
IT,Italia Viva,Italia Viva,Forza Italia,Forza Italia (2013),different,1
IT,Italia Viva,Italia Viva,Partido Democratico (PD),Partito Democratico,different,3
IT,La destra,La Destra,Popolo delle Libertà (PdL),Il Popolo della Libertà,different,1
IT,La destra,La Destra,La destra,La Destra,same,2
IT,Lega Nord,Lega Nord,Democratici di Sinistra,Democratici di Sinistra,different,1
IT,Lega,Lega Nord,Forza Italia,Forza Italia (2013),different,2
IT,Lega Nord,Lega Nord,Forza Italia,Forza Italia (2013),different,12
IT,Lega,Lega Nord,Fratelli d'Italia,Fratelli d'Italia,different,2
IT,Lega Nord,Lega Nord,Fratelli d'Italia,Fratelli d'Italia,different,6
IT,Lega Nord,Lega Nord,Popolo delle Libertà (PdL),Il Popolo della Libertà,different,7
IT,Lega Nord,Lega Nord,La destra,La Destra,different,3
IT,Lega,Lega Nord,Lega,Lega Nord,same,152
IT,Lega Nord,Lega Nord,Lega Nord,Lega Nord,same,279
IT,Lega Nord,Lega Nord,Liberi e Uguali,Liberi e Uguali,different,1
IT,Lega,Lega Nord,Movimento 5 Stelle,Movimento 5 Stelle,different,2
IT,Lega Nord,Lega Nord,Movimento 5 Stelle,Movimento 5 Stelle,different,18
IT,Lega,Lega Nord,Partido Democratico (PD),Partito Democratico,different,1
IT,Lega Nord,Lega Nord,Partido Democratico (PD),Partito Democratico,different,5
IT,Lega Nord,Lega Nord,Sinistra Ecologia e Libertà (SEL),Sinistra Italiana,different,1
IT,Lega Nord,Lega Nord,Altro,other,unmatchable,2
IT,Liberi e Uguali,Liberi e Uguali,Liberi e Uguali,Liberi e Uguali,same,15
IT,Liberi e Uguali (LEU),Liberi e Uguali,Liberi e Uguali (LEU),Liberi e Uguali,same,6
IT,Liberi e Uguali (LEU),Liberi e Uguali,Movimento 5 Stelle,Movimento 5 Stelle,different,1
IT,Liberi e Uguali,Liberi e Uguali,Partido Democratico (PD),Partito Democratico,different,1
IT,Liberi e Uguali (LEU),Liberi e Uguali,Partido Democratico (PD),Partito Democratico,different,1
IT,Pannella-Bonino,Lista Bonino,Forza Italia,Forza Italia,different,2
IT,Pannella-Bonino,Lista Bonino,Pannella-Bonino,Lista Bonino,same,4
IT,Lista di Pietro,Lista di Pietro — Italia del Valori,Lista Di Pietro,Lista di Pietro — Italia del Valori,same,1
IT,Movimento 5 Stelle,Movimento 5 Stelle,Forza Italia,Forza Italia (2013),different,2
IT,Movimento 5 Stelle,Movimento 5 Stelle,Fratelli d'Italia,Fratelli d'Italia,different,1
IT,Movimento 5 Stelle,Movimento 5 Stelle,Popolo delle Libertà (PdL),Il Popolo della Libertà,different,1
IT,Movimento 5 Stelle,Movimento 5 Stelle,Lega,Lega Nord,different,1
IT,Movimento 5 Stelle,Movimento 5 Stelle,Lega Nord,Lega Nord,different,4
IT,Movimento 5 Stelle,Movimento 5 Stelle,Liberi e Uguali,Liberi e Uguali,different,1
IT,Movimento 5 Stelle,Movimento 5 Stelle,Movimento 5 Stelle,Movimento 5 Stelle,same,704
IT,Movimento 5 Stelle,Movimento 5 Stelle,Partido Democratico (PD),Partito Democratico,different,14
IT,Movimento 5 Stelle,Movimento 5 Stelle,+ Europa,Più Europa,different,1
IT,Movimento 5 Stelle,Movimento 5 Stelle,Rivoluzione Civile (Ingroia),Rivoluzione Civile,different,2
IT,Movimento 5 Stelle,Movimento 5 Stelle,Sinistra Ecologia e Libertà (SEL),Sinistra Italiana,different,2
IT,Movimento 5 Stelle,Movimento 5 Stelle,UDC,Unione di Centro,different,1
IT,Movimento 5 Stelle,Movimento 5 Stelle,Altro,other,unmatchable,1
IT,Noi con l'Italia - UDC,Noi con l'Italia - UDC [og],Noi con l'Italia - UDC,Noi con l'Italia - UDC [og],same,4
IT,Nuovo PSI,Nuovo Partito Socialisti Italiani,La Margherita,Democrazia è Libertà — La Margherita,different,1
IT,Nuovo PSI,Nuovo Partito Socialisti Italiani,Forza Italia,Forza Italia,different,1
IT,Nuovo PSI,Nuovo Partito Socialisti Italiani,Nuovo PSI,Nuovo Partito Socialisti Italiani,same,3
IT,Partito Comunista,Partito Comunista [og],Partido Democratico (PD),Partito Democratico,different,2
IT,Partido Democratico (PD),Partito Democratico,Fratelli d'Italia,Fratelli d'Italia,different,1
IT,Partido Democratico (PD),Partito Democratico,Popolo delle Libertà (PdL),Il Popolo della Libertà,different,3
IT,Partido Democratico (PD),Partito Democratico,La destra,La Destra,different,1
IT,Partido Democratico,Partito Democratico,Liberi e Uguali (LEU),Liberi e Uguali,different,1
IT,Partido Democratico (PD),Partito Democratico,Liberi e Uguali,Liberi e Uguali,different,3
IT,Partido Democratico,Partito Democratico,Movimento 5 Stelle,Movimento 5 Stelle,different,6
IT,Partido Democratico (PD),Partito Democratico,Movimento 5 Stelle,Movimento 5 Stelle,different,10
IT,Partido Democratico,Partito Democratico,Partido Democratico (PD),Partito Democratico,same,162
IT,Partido Democratico (PD),Partito Democratico,Partido Democratico (PD),Partito Democratico,same,662
IT,Partido Democratico,Partito Democratico,+ Europa,Più Europa,different,1
IT,Partido Democratico (PD),Partito Democratico,+ Europa,Più Europa,different,1
IT,Partido Democratico (PD),Partito Democratico,Rivoluzione Civile (Ingroia),Rivoluzione Civile,different,1
IT,Partido Democratico (PD),Partito Democratico,Scelta Civica (con Monti),Scelta Civica,different,3
IT,Partido Democratico (PD),Partito Democratico,Sinistra Ecologia e Libertà (SEL),Sinistra Italiana,different,2
IT,Partido Democratico (PD),Partito Democratico,UDC,Unione di Centro,different,3
IT,Partido Democratico (PD),Partito Democratico,Altro,other,unmatchable,5
IT,Partito Socialista,Partito Socialista [og],Movimento 5 Stelle,Movimento 5 Stelle,different,1
IT,Comunisti Italiani,Partito dei Comunisti Italiani,Comunisti Italiani,Partito dei Comunisti Italiani,same,5
IT,Rifondazione Comunis,Partito della Rifondazione Comunista,Democratici di Sinistra,Democratici di Sinistra,different,4
IT,Rifondazione Comunis,Partito della Rifondazione Comunista,Democrazia Europea,Democrazia Europea,different,1
IT,Rifondazione Comunis,Partito della Rifondazione Comunista,La Margherita,Democrazia è Libertà — La Margherita,different,1
IT,Rifondazione Comunis,Partito della Rifondazione Comunista,Forza Italia,Forza Italia,different,2
IT,Rifondazione Comunis,Partito della Rifondazione Comunista,Rifondazione Comunista,Partito della Rifondazione Comunista,same,25
IT,+ Europa,Più Europa,Partido Democratico (PD),Partito Democratico,different,3
IT,+ Europa,Più Europa,+ Europa,Più Europa,same,15
IT,Potere al popolo,Potere al Popolo,Potere al popolo,Potere al Popolo,same,8
IT,Radicali Italiani (Amnistia giustizia e libertà),Radicali Italiani,FARE - Giannino,Fermare il Declino,different,1
IT,Rivoluzione Civile (Ingroia),Rivoluzione Civile,Rivoluzione Civile (Ingroia),Rivoluzione Civile,same,2
IT,Scelta Civica (con Monti),Scelta Civica,Scelta Civica (con Monti),Scelta Civica,same,5
IT,Sinistra Ecologia e Libertà (SEL),Sinistra Italiana,Partido Democratico (PD),Partito Democratico,different,11
IT,Sinistra Ecologia e Libertà (SEL),Sinistra Italiana,Rivoluzione Civile (Ingroia),Rivoluzione Civile,different,3
IT,Sinistra Ecologia e Libertà (SEL),Sinistra Italiana,Sinistra Ecologia e Libertà (SEL),Sinistra Italiana,same,18
IT,Sinistra italiana,Sinistra Italiana,Sinistra Ecologia e Libertà (SEL),Sinistra Italiana,same,10
IT,SDI,Socialisti Democratici Italiani,Democratici di Sinistra,Democratici di Sinistra,different,1
IT,SDI,Socialisti Democratici Italiani,La Margherita,Democrazia è Libertà — La Margherita,different,1
IT,SVP-PATT,Südtiroler Volkspartei,Civia Popolare Lorenzin,Civica Popolare,different,1
IT,SVP-PATT,Südtiroler Volkspartei,SVP-PATT,Südtiroler Volkspartei,same,9
IT,Terzo Polo (Azione-Italia Viva),Terzo Polo (Azione-Italia Viva) [og],Terzo Polo (Azione-Italia Viva),Terzo Polo (Azione-Italia Viva) [og],same,13
IT,Unione Popolare,Unione Popolare [og],Unione Popolare,Unione Popolare [og],same,1
IT,UDC,Unione di Centro,Popolo delle Libertà (PdL),Il Popolo della Libertà,different,1
IT,UDC,Unione di Centro,UDC,Unione di Centro,same,3
IT,Vox Italia,Vox Italia [og],Lega,Lega Nord,different,1
IT,NA,dont-know,Alleanza Verdi e Sinistra,Alleanza Verdi e Sinistra [og],unmatchable,1
IT,NA,dont-know,Forza Italia,Forza Italia (2013),unmatchable,1
IT,NA,dont-know,Lega,Lega Nord,unmatchable,1
IT,NA,dont-know,Partido Democratico (PD),Partito Democratico,unmatchable,6
IT,NA,dont-know,Potere al popolo,Potere al Popolo,unmatchable,1
IT,NA,dont-know,UDC,Unione di Centro,unmatchable,1
IT,Altro,other,Forza Italia,Forza Italia (2013),unmatchable,3
IT,Altro,other,Fratelli d'Italia,Fratelli d'Italia,unmatchable,1
IT,Altro (scrivere),other,FLI,Futuro e libertà per l'Italia,unmatchable,1
IT,Altro (scrivere),other,Popolo delle Libertà (PdL),Il Popolo della Libertà,unmatchable,2
IT,Altro (scrivere),other,La destra,La Destra,unmatchable,1
IT,Altro,other,Lega Nord,Lega Nord,unmatchable,1
IT,Altro,other,Movimento 5 Stelle,Movimento 5 Stelle,unmatchable,1
IT,Altro,other,Partido Democratico (PD),Partito Democratico,unmatchable,2
IT,Altro (scrivere),other,Partido Democratico (PD),Partito Democratico,unmatchable,1
IT,Altro (scrivere),other,UDC,Unione di Centro,unmatchable,1
IT,Altro,other,Altro,other,unmatchable,7
IT,Altro (scrivere),other,Altro,other,unmatchable,5
IT,NA,refused,La Margherita,Democrazia è Libertà — La Margherita,unmatchable,1
IT,NA,refused,Fratelli d'Italia,Fratelli d'Italia,unmatchable,2
IT,NA,refused,Popolo delle Libertà (PdL),Il Popolo della Libertà,unmatchable,1
IT,NA,refused,La destra,La Destra,unmatchable,4
IT,NA,refused,Lega Nord,Lega Nord,unmatchable,1
IT,NA,refused,Liberi e Uguali,Liberi e Uguali,unmatchable,1
IT,NA,refused,Movimento 5 Stelle,Movimento 5 Stelle,unmatchable,4
IT,NA,refused,Partido Democratico (PD),Partito Democratico,unmatchable,10
IT,NA,NA,Alleanza Verdi e Sinistra,Alleanza Verdi e Sinistra [og],unmatchable,1
IT,NA,NA,Popolo delle Libertà (PdL),Il Popolo della Libertà,unmatchable,1
IT,NA,NA,Lega,Lega Nord,unmatchable,1
IT,NA,NA,Lega Nord,Lega Nord,unmatchable,1
IT,NA,NA,Partido Democratico (PD),Partito Democratico,unmatchable,1
IT,NA,NA,Altro,other,unmatchable,1
LT,Christian Union (KS),Christian Union (KS) [og],Christian Union (KS),Christian Union (KS) [og],same,9
LT,Christian Union (KS),Christian Union (KS) [og],Liberals' Movement of the Republic of Lithuania (LRLS),Lietuvos Respublikos Liberalų sąjūdis,different,1
LT,Labour Party (DP),Darbo Partija,Christian Union (KS),Christian Union (KS) [og],different,1
LT,Labour Party (DP),Darbo Partija,Labour Party (DP),Darbo Partija,same,325
LT,Labour Party (DP),Darbo Partija,Democratic Labour and Unity Party (DDVP),Democratic Labour and Unity Party (DDVP) [og],different,1
LT,Labour Party (DP),Darbo Partija,Party 'Young Lithuania' (JL),Jaunoji Lietuva,different,1
LT,Labour Party (DP),Darbo Partija,The Coalition Labour Party + Youth,Koalicija Darbo partija + Jaunimas,same,54
LT,Labour Party (DP),Darbo Partija,Lithuanian Freedom Union (Liberals) (LLSL),Lietuvos Laisvės Sąjunga (Liberalai),different,1
LT,Labour Party (DP),Darbo Partija,Liberals' Movement of the Republic of Lithuania (LRLS),Lietuvos Respublikos Liberalų sąjūdis,different,4
LT,Labour Party (DP),Darbo Partija,Electoral Action of Poles in Lithuania (LLRA),Lietuvos lenkų rinkimų akcija,different,9
LT,Labour Party (DP),Darbo Partija,Electoral Action of Poles in Lithuania-Christian Families Alliance (LLRA-KSS),Lietuvos lenkų rinkimų akcija,different,5
LT,Labour Party (DP),Darbo Partija,Social Democratic Labour Party of Lithuania (LSDDP),Lietuvos socialdemokratų darbo partija — Lietuvos regionų partija,different,4
LT,Labour Party (DP),Darbo Partija,Lithuanian Social Democratic Party (LSDP),Lietuvos socialdemokratų partija,different,9
LT,Labour Party (DP),Darbo Partija,Lithuanian Social Democratic Union (LSDS),Lietuvos socialdemokratų sąjunga,different,1
LT,Labour Party (DP),Darbo Partija,Lithuanian Peasant Popular Union (LVLS),Lietuvos valstiečių ir žaliųjų sąjunga / Lietuvos valstiečių liaudininkų sąjunga,different,1
LT,Labour Party (DP),Darbo Partija,Lithuanian Peasant and Greens Union (LVZS),Lietuvos valstiečių ir žaliųjų sąjunga / Lietuvos valstiečių liaudininkų sąjunga,different,5
LT,Labour Party (DP),Darbo Partija,National Resurrection Party (TPP),Tautos prisikėlimo partija,different,2
LT,Labour Party (DP),Darbo Partija,Party Order and Justice (TT),Tvarka ir teisingumas — Liberalų Demokratų Partija,different,2
LT,Labour Party (DP),Darbo Partija,Homeland Union - Lithuanian Christian Democrats (TS-LKD),Tėvynės sąjunga — Lietuvos krikščionys demokratai,different,4
LT,Labour Party (DP),Darbo Partija,Refused to tell if voted for a multi-member nationwide candidate list,refused,unmatchable,1
LT,Democratic Labour and Unity Party (DDVP),Democratic Labour and Unity Party (DDVP) [og],Labour Party (DP),Darbo Partija,different,1
LT,Democratic Labour and Unity Party (DDVP),Democratic Labour and Unity Party (DDVP) [og],Democratic Labour and Unity Party (DDVP),Democratic Labour and Unity Party (DDVP) [og],same,1
LT,Political Party 'The Way of Courage' (DK),Drąsos Kelias,Political Party 'The Way of Courage' (DK),Drąsos Kelias,same,14
LT,Political Party 'The Way of Courage' (DK),Drąsos Kelias,National Association 'For Lithuania in Lithuania' (ULL),Už Lietuvą Lietuvoje,different,1
LT,Political Party 'The Way of Courage' (DK),Drąsos Kelias,National Alliance (NS),https://en.wikipedia.org/wiki/National_Alliance_(Lithuania),different,1
LT,Party 'Front' (Frontas),Fronto partija / Socialistinis liaudies frontas,Party 'Front' (Frontas),Fronto partija / Socialistinis liaudies frontas,same,2
LT,Socialist People's Front (SLF),Fronto partija / Socialistinis liaudies frontas,Socialist People's Front (SLF),Fronto partija / Socialistinis liaudies frontas,same,2
LT,Socialist People's Front (SLF),Fronto partija / Socialistinis liaudies frontas,Lithuanian Social Democratic Party (LSDP),Lietuvos socialdemokratų partija,different,1
LT,Party 'Young Lithuania' (JL),Jaunoji Lietuva,Party 'Young Lithuania' (JL),Jaunoji Lietuva,same,3
LT,Party 'Young Lithuania' (JL),Jaunoji Lietuva,Liberals' Movement of the Republic of Lithuania (LRLS),Lietuvos Respublikos Liberalų sąjūdis,different,1
LT,Party 'Young Lithuania' (JL),Jaunoji Lietuva,Lithuanian Social Democratic Party (LSDP),Lietuvos socialdemokratų partija,different,1
LT,Party 'Young Lithuania' (JL),Jaunoji Lietuva,Lithuanian Peasant and Greens Union (LVZS),Lietuvos valstiečių ir žaliųjų sąjunga / Lietuvos valstiečių liaudininkų sąjunga,different,1
LT,Christian Party (KP),Krikščionių partija,Christian Party (KP),Krikščionių partija,same,4
LT,Christian Party (KP),Krikščionių partija,Homeland Union - Lithuanian Christian Democrats (TS-LKD),Tėvynės sąjunga — Lietuvos krikščionys demokratai,different,1
LT,Freedom Party (LP),Laisvės partija,Labour Party (DP),Darbo Partija,different,1
LT,Freedom Party (LP),Laisvės partija,Freedom Party (LP),Laisvės partija,same,39
LT,Freedom Party (LP),Laisvės partija,Centre Party - Nationalists (CPT),Lietuvos Centro Partija,different,1
LT,Freedom Party (LP),Laisvės partija,Liberals' Movement of the Republic of Lithuania (LRLS),Lietuvos Respublikos Liberalų sąjūdis,different,1
LT,Freedom Party (LP),Laisvės partija,Lithuanian Social Democratic Party (LSDP),Lietuvos socialdemokratų partija,different,1
LT,Freedom Party (LP),Laisvės partija,Lithuanian Peasant and Greens Union (LVZS),Lietuvos valstiečių ir žaliųjų sąjunga / Lietuvos valstiečių liaudininkų sąjunga,different,1
LT,Freedom Party (LP),Laisvės partija,Lithuanian Greens Party (LZP),Lietuvos žalioji partija,different,1
LT,Freedom Party (LP),Laisvės partija,Homeland Union - Lithuanian Christian Democrats (TS-LKD),Tėvynės sąjunga — Lietuvos krikščionys demokratai,different,1
LT,Liberal and Centre Union (LiCS),Liberalų ir centro sąjunga,Liberal and Centre Union (LiCS),Liberalų ir centro sąjunga,same,24
LT,Liberal and Centre Union (LiCS),Liberalų ir centro sąjunga,Lithuanian Centre Party (LCP),Lietuvos Centro Partija,different,1
LT,Liberal and Centre Union (LiCS),Liberalų ir centro sąjunga,National Resurrection Party (TPP),Tautos prisikėlimo partija,different,1
LT,Liberal and Centre Union (LiCS),Liberalų ir centro sąjunga,Homeland Union - Lithuanian Christian Democrats (TS-LKD),Tėvynės sąjunga — Lietuvos krikščionys demokratai,different,1
LT,Nationalist Union (TS),Lietuvių tautininkų ir respublikonų sąjunga,Political Party 'The Way of Courage' (DK),Drąsos Kelias,different,1
LT,Nationalist Union (TS),Lietuvių tautininkų ir respublikonų sąjunga,Liberals' Movement of the Republic of Lithuania (LRLS),Lietuvos Respublikos Liberalų sąjūdis,different,1
LT,Lithuanian Centre Party (LCP),Lietuvos Centro Partija,"Anti-corruption coalition of K. Krivickas and N. Puteikis (Lithuanian Centre Party, Lithuanian Pensioners' Party) (APKK)","Anti-corruption coalition of K. Krivickas and N. Puteikis (Lithuanian Centre Party, Lithuanian Pensioners' Party) (APKK) [og]",same,3
LT,Centre Party - Nationalists (CPT),Lietuvos Centro Partija,Centre Party - Nationalists (CPT),Lietuvos Centro Partija,same,6
LT,Lithuanian Centre Party (LCP),Lietuvos Centro Partija,Lithuanian Centre Party (LCP),Lietuvos Centro Partija,same,1
LT,Centre Party - Nationalists (CPT),Lietuvos Centro Partija,Liberals' Movement of the Republic of Lithuania (LRLS),Lietuvos Respublikos Liberalų sąjūdis,different,1
LT,Lithuanian Centre Party (LCP),Lietuvos Centro Partija,Lithuanian Social Democratic Party (LSDP),Lietuvos socialdemokratų partija,different,2
LT,Lithuanian Centre Party (LCP),Lietuvos Centro Partija,Lithuanian Peasant and Greens Union (LVZS),Lietuvos valstiečių ir žaliųjų sąjunga / Lietuvos valstiečių liaudininkų sąjunga,different,1
LT,Centre Party - Nationalists (CPT),Lietuvos Centro Partija,Homeland Union - Lithuanian Christian Democrats (TS-LKD),Tėvynės sąjunga — Lietuvos krikščionys demokratai,different,1
LT,Lithuanian Centre Party (LCP),Lietuvos Centro Partija,National Association 'For Lithuania in Lithuania' (ULL),Už Lietuvą Lietuvoje,different,2
LT,Party 'Freedom and Justice' (LT),Lietuvos Laisvės Sąjunga (Liberalai),Labour Party (DP),Darbo Partija,different,2
LT,Party 'Freedom and Justice' (LT),Lietuvos Laisvės Sąjunga (Liberalai),Freedom Party (LP),Laisvės partija,different,1
LT,Lithuanian Freedom Union (Liberals) (LLSL),Lietuvos Laisvės Sąjunga (Liberalai),Lithuanian Freedom Union (Liberals) (LLSL),Lietuvos Laisvės Sąjunga (Liberalai),same,8
LT,Party 'Freedom and Justice' (LT),Lietuvos Laisvės Sąjunga (Liberalai),Party 'Freedom and Justice' (LT),Lietuvos Laisvės Sąjunga (Liberalai),same,11
LT,Lithuanian Freedom Union (Liberals) (LLSL),Lietuvos Laisvės Sąjunga (Liberalai),Liberals' Movement of the Republic of Lithuania (LRLS),Lietuvos Respublikos Liberalų sąjūdis,different,6
LT,Party 'Freedom and Justice' (LT),Lietuvos Laisvės Sąjunga (Liberalai),Lithuanian People's Party (LLP),Lietuvos liaudies partija,different,2
LT,Lithuanian Freedom Union (Liberals) (LLSL),Lietuvos Laisvės Sąjunga (Liberalai),Lithuanian Social Democratic Party (LSDP),Lietuvos socialdemokratų partija,different,2
LT,Party 'Freedom and Justice' (LT),Lietuvos Laisvės Sąjunga (Liberalai),Lithuanian Peasant and Greens Union (LVZS),Lietuvos valstiečių ir žaliųjų sąjunga / Lietuvos valstiečių liaudininkų sąjunga,different,1
LT,Lithuanian Freedom Union (Liberals) (LLSL),Lietuvos Laisvės Sąjunga (Liberalai),Homeland Union - Lithuanian Christian Democrats (TS-LKD),Tėvynės sąjunga — Lietuvos krikščionys demokratai,different,1
LT,Party 'Freedom and Justice' (LT),Lietuvos Laisvės Sąjunga (Liberalai),Homeland Union - Lithuanian Christian Democrats (TS-LKD),Tėvynės sąjunga — Lietuvos krikščionys demokratai,different,1
LT,Liberals' Movement of the Republic of Lithuania (LRLS),Lietuvos Respublikos Liberalų sąjūdis,Labour Party (DP),Darbo Partija,different,5
LT,Liberals' Movement of the Republic of Lithuania (LRLS),Lietuvos Respublikos Liberalų sąjūdis,Political Party 'The Way of Courage' (DK),Drąsos Kelias,different,1
LT,Liberals' Movement of the Republic of Lithuania (LRLS),Lietuvos Respublikos Liberalų sąjūdis,Freedom Party (LP),Laisvės partija,different,2
LT,Liberals' Movement of the Republic of Lithuania (LRLS),Lietuvos Respublikos Liberalų sąjūdis,Lithuanian Freedom Union (Liberals) (LLSL),Lietuvos Laisvės Sąjunga (Liberalai),different,9
LT,Liberals' Movement of the Republic of Lithuania (LRLS),Lietuvos Respublikos Liberalų sąjūdis,Liberals' Movement of the Republic of Lithuania (LRLS),Lietuvos Respublikos Liberalų sąjūdis,same,146
LT,Liberals' Movement of the Republic of Lithuania (LRLS),Lietuvos Respublikos Liberalų sąjūdis,Lithuanian Social Democratic Party (LSDP),Lietuvos socialdemokratų partija,different,1
LT,Liberals' Movement of the Republic of Lithuania (LRLS),Lietuvos Respublikos Liberalų sąjūdis,Lithuanian Peasant and Greens Union (LVZS),Lietuvos valstiečių ir žaliųjų sąjunga / Lietuvos valstiečių liaudininkų sąjunga,different,3
LT,Liberals' Movement of the Republic of Lithuania (LRLS),Lietuvos Respublikos Liberalų sąjūdis,Party Order and Justice (TT),Tvarka ir teisingumas — Liberalų Demokratų Partija,different,1
LT,Liberals' Movement of the Republic of Lithuania (LRLS),Lietuvos Respublikos Liberalų sąjūdis,Homeland Union - Lithuanian Christian Democrats (TS-LKD),Tėvynės sąjunga — Lietuvos krikščionys demokratai,different,7
LT,Electoral Action of Poles in Lithuania (LLRA),Lietuvos lenkų rinkimų akcija,Labour Party (DP),Darbo Partija,different,1
LT,Electoral Action of Poles in Lithuania-Christian Families Alliance (LLRA-KSS),Lietuvos lenkų rinkimų akcija,Labour Party (DP),Darbo Partija,different,3
LT,Electoral Action of Poles in Lithuania (LLRA),Lietuvos lenkų rinkimų akcija,Electoral Action of Poles in Lithuania (LLRA),Lietuvos lenkų rinkimų akcija,same,87
LT,Electoral Action of Poles in Lithuania-Christian Families Alliance (LLRA-KSS),Lietuvos lenkų rinkimų akcija,Electoral Action of Poles in Lithuania-Christian Families Alliance (LLRA-KSS),Lietuvos lenkų rinkimų akcija,same,67
LT,Electoral Action of Poles in Lithuania-Christian Families Alliance (LLRA-KSS),Lietuvos lenkų rinkimų akcija,Social Democratic Labour Party of Lithuania (LSDDP),Lietuvos socialdemokratų darbo partija — Lietuvos regionų partija,different,1
LT,Electoral Action of Poles in Lithuania (LLRA),Lietuvos lenkų rinkimų akcija,Lithuanian Social Democratic Party (LSDP),Lietuvos socialdemokratų partija,different,1
LT,Electoral Action of Poles in Lithuania (LLRA),Lietuvos lenkų rinkimų akcija,Party Order and Justice (TT),Tvarka ir teisingumas — Liberalų Demokratų Partija,different,1
LT,Electoral Action of Poles in Lithuania-Christian Families Alliance (LLRA-KSS),Lietuvos lenkų rinkimų akcija,Party Order and Justice (TT),Tvarka ir teisingumas — Liberalų Demokratų Partija,different,1
LT,Electoral Action of Poles in Lithuania-Christian Families Alliance (LLRA-KSS),Lietuvos lenkų rinkimų akcija,Homeland Union - Lithuanian Christian Democrats (TS-LKD),Tėvynės sąjunga — Lietuvos krikščionys demokratai,different,6
LT,Union of Russians of Lithuania (LRS),Lietuvos rusų sąjunga,The Coalition Labour Party + Youth,Koalicija Darbo partija + Jaunimas,different,1
LT,Union of Russians of Lithuania (LRS),Lietuvos rusų sąjunga,Union of Russians of Lithuania (LRS),Lietuvos rusų sąjunga,same,3
LT,Union of Russians of Lithuania (LRS),Lietuvos rusų sąjunga,Lithuanian Social Democratic Party (LSDP),Lietuvos socialdemokratų partija,different,1
LT,Union of Russians of Lithuania (LRS),Lietuvos rusų sąjunga,Party Order and Justice (TT),Tvarka ir teisingumas — Liberalų Demokratų Partija,different,1
LT,Social Democratic Labour Party of Lithuania (LSDDP),Lietuvos socialdemokratų darbo partija — Lietuvos regionų partija,Labour Party (DP),Darbo Partija,different,3
LT,Social Democratic Labour Party of Lithuania (LSDDP),Lietuvos socialdemokratų darbo partija — Lietuvos regionų partija,Liberals' Movement of the Republic of Lithuania (LRLS),Lietuvos Respublikos Liberalų sąjūdis,different,1
LT,Social Democratic Labour Party of Lithuania (LSDDP),Lietuvos socialdemokratų darbo partija — Lietuvos regionų partija,Social Democratic Labour Party of Lithuania (LSDDP),Lietuvos socialdemokratų darbo partija — Lietuvos regionų partija,same,19
LT,Social Democratic Labour Party of Lithuania (LSDDP),Lietuvos socialdemokratų darbo partija — Lietuvos regionų partija,Lithuanian Social Democratic Party (LSDP),Lietuvos socialdemokratų partija,different,31
LT,Social Democratic Labour Party of Lithuania (LSDDP),Lietuvos socialdemokratų darbo partija — Lietuvos regionų partija,Lithuanian Peasant and Greens Union (LVZS),Lietuvos valstiečių ir žaliųjų sąjunga / Lietuvos valstiečių liaudininkų sąjunga,different,4
LT,Lithuanian Social Democratic Party (LSDP),Lietuvos socialdemokratų partija,"Anti-corruption coalition of K. Krivickas and N. Puteikis (Lithuanian Centre Party, Lithuanian Pensioners' Party) (APKK)","Anti-corruption coalition of K. Krivickas and N. Puteikis (Lithuanian Centre Party, Lithuanian Pensioners' Party) (APKK) [og]",different,1
LT,Lithuanian Social Democratic Party (LSDP),Lietuvos socialdemokratų partija,Labour Party (DP),Darbo Partija,different,11
LT,Lithuanian Social Democratic Party (LSDP),Lietuvos socialdemokratų partija,Political Party 'The Way of Courage' (DK),Drąsos Kelias,different,1
LT,Lithuanian Social Democratic Party (LSDP),Lietuvos socialdemokratų partija,Party 'Front' (Frontas),Fronto partija / Socialistinis liaudies frontas,different,1
LT,Lithuanian Social Democratic Party (LSDP),Lietuvos socialdemokratų partija,The Coalition Labour Party + Youth,Koalicija Darbo partija + Jaunimas,different,2
LT,Lithuanian Social Democratic Party (LSDP),Lietuvos socialdemokratų partija,Freedom Party (LP),Laisvės partija,different,1
LT,Lithuanian Social Democratic Party (LSDP),Lietuvos socialdemokratų partija,Liberal and Centre Union (LiCS),Liberalų ir centro sąjunga,different,1
LT,Lithuanian Social Democratic Party (LSDP),Lietuvos socialdemokratų partija,Lithuanian Freedom Union (Liberals) (LLSL),Lietuvos Laisvės Sąjunga (Liberalai),different,1
LT,Lithuanian Social Democratic Party (LSDP),Lietuvos socialdemokratų partija,Liberals' Movement of the Republic of Lithuania (LRLS),Lietuvos Respublikos Liberalų sąjūdis,different,5
LT,Lithuanian Social Democratic Party (LSDP),Lietuvos socialdemokratų partija,Electoral Action of Poles in Lithuania-Christian Families Alliance (LLRA-KSS),Lietuvos lenkų rinkimų akcija,different,1
LT,Lithuanian Social Democratic Party (LSDP),Lietuvos socialdemokratų partija,Social Democratic Labour Party of Lithuania (LSDDP),Lietuvos socialdemokratų darbo partija — Lietuvos regionų partija,different,49
LT,Lithuanian Social Democratic Party (LSDP),Lietuvos socialdemokratų partija,Lithuanian Social Democratic Party (LSDP),Lietuvos socialdemokratų partija,same,509
LT,Lithuanian Social Democratic Party (LSDP),Lietuvos socialdemokratų partija,Lithuanian Peasant Popular Union (LVLS),Lietuvos valstiečių ir žaliųjų sąjunga / Lietuvos valstiečių liaudininkų sąjunga,different,2
LT,Lithuanian Social Democratic Party (LSDP),Lietuvos socialdemokratų partija,Lithuanian Peasant and Greens Union (LVZS),Lietuvos valstiečių ir žaliųjų sąjunga / Lietuvos valstiečių liaudininkų sąjunga,different,14
LT,Lithuanian Social Democratic Party (LSDP),Lietuvos socialdemokratų partija,Party of Civic Democracy (PDP),Pilietinės demokratijos partija,different,1
LT,Lithuanian Social Democratic Party (LSDP),Lietuvos socialdemokratų partija,National Resurrection Party (TPP),Tautos prisikėlimo partija,different,1
LT,Lithuanian Social Democratic Party (LSDP),Lietuvos socialdemokratų partija,Party Order and Justice (TT),Tvarka ir teisingumas — Liberalų Demokratų Partija,different,5
LT,Lithuanian Social Democratic Party (LSDP),Lietuvos socialdemokratų partija,Homeland Union - Lithuanian Christian Democrats (TS-LKD),Tėvynės sąjunga — Lietuvos krikščionys demokratai,different,9
LT,Lithuanian Social Democratic Party (LSDP),Lietuvos socialdemokratų partija,Union of Intergenerational Solidarity - Cohesion for Lithuania (KSSL),Union of Intergenerational Solidarity - Cohesion for Lithuania (KSSL) [og],different,1
LT,Lithuanian Social Democratic Party (LSDP),Lietuvos socialdemokratų partija,Refused to tell if voted for a multi-member nationwide candidate list,refused,unmatchable,1
LT,Lithuanian Social Democratic Union (LSDS),Lietuvos socialdemokratų sąjunga,Labour Party (DP),Darbo Partija,different,4
LT,Lithuanian Social Democratic Union (LSDS),Lietuvos socialdemokratų sąjunga,Liberals' Movement of the Republic of Lithuania (LRLS),Lietuvos Respublikos Liberalų sąjūdis,different,2
LT,Lithuanian Social Democratic Union (LSDS),Lietuvos socialdemokratų sąjunga,Lithuanian Social Democratic Party (LSDP),Lietuvos socialdemokratų partija,different,95
LT,Lithuanian Social Democratic Union (LSDS),Lietuvos socialdemokratų sąjunga,Lithuanian Social Democratic Union (LSDS),Lietuvos socialdemokratų sąjunga,same,2
LT,Lithuanian Peasant and Greens Union (LVZS),Lietuvos valstiečių ir žaliųjų sąjunga / Lietuvos valstiečių liaudininkų sąjunga,"Anti-corruption coalition of K. Krivickas and N. Puteikis (Lithuanian Centre Party, Lithuanian Pensioners' Party) (APKK)","Anti-corruption coalition of K. Krivickas and N. Puteikis (Lithuanian Centre Party, Lithuanian Pensioners' Party) (APKK) [og]",different,1
LT,Lithuanian Peasant and Greens Union (LVZS),Lietuvos valstiečių ir žaliųjų sąjunga / Lietuvos valstiečių liaudininkų sąjunga,Labour Party (DP),Darbo Partija,different,2
LT,Lithuanian Peasant and Greens Union (LVZS),Lietuvos valstiečių ir žaliųjų sąjunga / Lietuvos valstiečių liaudininkų sąjunga,Christian Party (KP),Krikščionių partija,different,1
LT,Lithuanian Peasant and Greens Union (LVZS),Lietuvos valstiečių ir žaliųjų sąjunga / Lietuvos valstiečių liaudininkų sąjunga,Freedom Party (LP),Laisvės partija,different,2
LT,Lithuanian Peasant Popular Union (LVLS),Lietuvos valstiečių ir žaliųjų sąjunga / Lietuvos valstiečių liaudininkų sąjunga,Liberal and Centre Union (LiCS),Liberalų ir centro sąjunga,different,1
LT,Lithuanian Peasant and Greens Union (LVZS),Lietuvos valstiečių ir žaliųjų sąjunga / Lietuvos valstiečių liaudininkų sąjunga,Party 'Freedom and Justice' (LT),Lietuvos Laisvės Sąjunga (Liberalai),different,1
LT,Lithuanian Peasant and Greens Union (LVZS),Lietuvos valstiečių ir žaliųjų sąjunga / Lietuvos valstiečių liaudininkų sąjunga,Liberals' Movement of the Republic of Lithuania (LRLS),Lietuvos Respublikos Liberalų sąjūdis,different,3
LT,Lithuanian Peasant and Greens Union (LVZS),Lietuvos valstiečių ir žaliųjų sąjunga / Lietuvos valstiečių liaudininkų sąjunga,Electoral Action of Poles in Lithuania-Christian Families Alliance (LLRA-KSS),Lietuvos lenkų rinkimų akcija,different,1
LT,Lithuanian Peasant and Greens Union (LVZS),Lietuvos valstiečių ir žaliųjų sąjunga / Lietuvos valstiečių liaudininkų sąjunga,Social Democratic Labour Party of Lithuania (LSDDP),Lietuvos socialdemokratų darbo partija — Lietuvos regionų partija,different,6
LT,Lithuanian Peasant Popular Union (LVLS),Lietuvos valstiečių ir žaliųjų sąjunga / Lietuvos valstiečių liaudininkų sąjunga,Lithuanian Social Democratic Party (LSDP),Lietuvos socialdemokratų partija,different,2
LT,Lithuanian Peasant and Greens Union (LVZS),Lietuvos valstiečių ir žaliųjų sąjunga / Lietuvos valstiečių liaudininkų sąjunga,Lithuanian Social Democratic Party (LSDP),Lietuvos socialdemokratų partija,different,8
LT,Lithuanian Peasant Popular Union (LVLS),Lietuvos valstiečių ir žaliųjų sąjunga / Lietuvos valstiečių liaudininkų sąjunga,Lithuanian Peasant Popular Union (LVLS),Lietuvos valstiečių ir žaliųjų sąjunga / Lietuvos valstiečių liaudininkų sąjunga,same,16
LT,Lithuanian Peasant and Greens Union (LVZS),Lietuvos valstiečių ir žaliųjų sąjunga / Lietuvos valstiečių liaudininkų sąjunga,Lithuanian Peasant and Greens Union (LVZS),Lietuvos valstiečių ir žaliųjų sąjunga / Lietuvos valstiečių liaudininkų sąjunga,same,257
LT,Lithuanian Peasant and Greens Union (LVZS),Lietuvos valstiečių ir žaliųjų sąjunga / Lietuvos valstiečių liaudininkų sąjunga,Lithuanian Greens Party (LZP),Lietuvos žalioji partija,different,2
LT,Lithuanian Peasant and Greens Union (LVZS),Lietuvos valstiečių ir žaliųjų sąjunga / Lietuvos valstiečių liaudininkų sąjunga,Party Order and Justice (TT),Tvarka ir teisingumas — Liberalų Demokratų Partija,different,3
LT,Lithuanian Peasant and Greens Union (LVZS),Lietuvos valstiečių ir žaliųjų sąjunga / Lietuvos valstiečių liaudininkų sąjunga,Homeland Union - Lithuanian Christian Democrats (TS-LKD),Tėvynės sąjunga — Lietuvos krikščionys demokratai,different,7
LT,Lithuanian Greens Party (LZP),Lietuvos žalioji partija,Labour Party (DP),Darbo Partija,different,2
LT,Political Party 'Lithuanian Green Movement' (LZS),Lietuvos žalioji partija,Labour Party (DP),Darbo Partija,different,1
LT,Lithuanian Greens Party (LZP),Lietuvos žalioji partija,Freedom Party (LP),Laisvės partija,different,1
LT,Lithuanian Greens Party (LZP),Lietuvos žalioji partija,Social Democratic Labour Party of Lithuania (LSDDP),Lietuvos socialdemokratų darbo partija — Lietuvos regionų partija,different,1
LT,Lithuanian Greens Party (LZP),Lietuvos žalioji partija,Lithuanian Peasant and Greens Union (LVZS),Lietuvos valstiečių ir žaliųjų sąjunga / Lietuvos valstiečių liaudininkų sąjunga,different,21
LT,Lithuanian Greens Party (LZP),Lietuvos žalioji partija,Lithuanian Greens Party (LZP),Lietuvos žalioji partija,same,10
LT,Lithuanian People's Party (LZP),Lietuvos žalioji partija,Lithuanian People's Party (LZP),Lietuvos žalioji partija,same,1
LT,Lithuanian Greens Party (LZP),Lietuvos žalioji partija,Homeland Union - Lithuanian Christian Democrats (TS-LKD),Tėvynės sąjunga — Lietuvos krikščionys demokratai,different,1
LT,Lithuanian Greens Party (LZP),Lietuvos žalioji partija,Refused to tell if voted for a multi-member nationwide candidate list,refused,unmatchable,1
LT,Lithuanian Pensioners' Party (LPP),Lithuanian Pensioners' Party,Liberal and Centre Union (LiCS),Liberalų ir centro sąjunga,different,1
LT,Lithuanian Pensioners' Party (LPP),Lithuanian Pensioners' Party,Lithuanian Freedom Union (Liberals) (LLSL),Lietuvos Laisvės Sąjunga (Liberalai),different,1
LT,New Union (Social Liberals) (NS),Naujoji sąjunga (socialliberalai),The Coalition Labour Party + Youth,Koalicija Darbo partija + Jaunimas,different,1
LT,New Union (Social Liberals) (NS),Naujoji sąjunga (socialliberalai),Liberal and Centre Union (LiCS),Liberalų ir centro sąjunga,different,1
LT,New Union (Social Liberals) (NS),Naujoji sąjunga (socialliberalai),New Union (Social Liberals) (NS),Naujoji sąjunga (socialliberalai),same,5
LT,Party 'Lithuania - For everyone' (LV),Party 'Lithuania - For everyone' (LV) [og],Social Democratic Labour Party of Lithuania (LSDDP),Lietuvos socialdemokratų darbo partija — Lietuvos regionų partija,different,1
LT,Party 'Lithuania - For everyone' (LV),Party 'Lithuania - For everyone' (LV) [og],Party 'Lithuania - For everyone' (LV),Party 'Lithuania - For everyone' (LV) [og],same,1
LT,Party of Civic Democracy (PDP),Pilietinės demokratijos partija,Party of Civic Democracy (PDP),Pilietinės demokratijos partija,same,1
LT,Political Party 'List of Lithuania' (LS),"Politinė partija ""Lietuvos sąrašas""","Coalition of S. Buškevičius and the Nationalists 'Against corruption and poverty' (Party 'Young Lithuania', Nationalis","Coalition of S. Buškevičius and the Nationalists 'Against corruption and poverty' (Party 'Young Lithuania', Nationalis [og]",different,1
LT,Political Party 'List of Lithuania' (LS),"Politinė partija ""Lietuvos sąrašas""",National Association 'For Lithuania in Lithuania' (ULL),Už Lietuvą Lietuvoje,different,2
LT,Republican Party (RP),Republican Party (RP) [og],Republican Party (RP),Republican Party (RP) [og],same,1
LT,National Resurrection Party (TPP),Tautos prisikėlimo partija,National Resurrection Party (TPP),Tautos prisikėlimo partija,same,4
LT,Party Order and Justice (TT),Tvarka ir teisingumas — Liberalų Demokratų Partija,Labour Party (DP),Darbo Partija,different,8
LT,Party Order and Justice (TT),Tvarka ir teisingumas — Liberalų Demokratų Partija,Party 'Front' (Frontas),Fronto partija / Socialistinis liaudies frontas,different,1
LT,Party Order and Justice (TT),Tvarka ir teisingumas — Liberalų Demokratų Partija,Socialist People's Front (SLF),Fronto partija / Socialistinis liaudies frontas,different,1
LT,Party Order and Justice (TT),Tvarka ir teisingumas — Liberalų Demokratų Partija,The Coalition Labour Party + Youth,Koalicija Darbo partija + Jaunimas,different,1
LT,Party Order and Justice (TT),Tvarka ir teisingumas — Liberalų Demokratų Partija,Liberals' Movement of the Republic of Lithuania (LRLS),Lietuvos Respublikos Liberalų sąjūdis,different,1
LT,Party Order and Justice (TT),Tvarka ir teisingumas — Liberalų Demokratų Partija,Electoral Action of Poles in Lithuania (LLRA),Lietuvos lenkų rinkimų akcija,different,4
LT,Party Order and Justice (TT),Tvarka ir teisingumas — Liberalų Demokratų Partija,Electoral Action of Poles in Lithuania-Christian Families Alliance (LLRA-KSS),Lietuvos lenkų rinkimų akcija,different,3
LT,Party Order and Justice (TT),Tvarka ir teisingumas — Liberalų Demokratų Partija,Lithuanian Social Democratic Party (LSDP),Lietuvos socialdemokratų partija,different,4
LT,Party Order and Justice (TT),Tvarka ir teisingumas — Liberalų Demokratų Partija,Lithuanian Peasant and Greens Union (LVZS),Lietuvos valstiečių ir žaliųjų sąjunga / Lietuvos valstiečių liaudininkų sąjunga,different,3
LT,Party Order and Justice (TT),Tvarka ir teisingumas — Liberalų Demokratų Partija,Party Order and Justice (TT),Tvarka ir teisingumas — Liberalų Demokratų Partija,same,166
LT,Political Party 'Union Yes' (ST),Tėvynės atgimimas ir perspektyva,Political Party 'Union Yes' (ST),Tėvynės atgimimas ir perspektyva,same,2
LT,Homeland Union - Lithuanian Christian Democrats (TS-LKD),Tėvynės sąjunga — Lietuvos krikščionys demokratai,Christian Union (KS),Christian Union (KS) [og],different,3
LT,Homeland Union - Lithuanian Christian Democrats (TS-LKD),Tėvynės sąjunga — Lietuvos krikščionys demokratai,Labour Party (DP),Darbo Partija,different,4
LT,Homeland Union - Lithuanian Christian Democrats (TS-LKD),Tėvynės sąjunga — Lietuvos krikščionys demokratai,Political Party 'The Way of Courage' (DK),Drąsos Kelias,different,1
LT,Homeland Union - Lithuanian Christian Democrats (TS-LKD),Tėvynės sąjunga — Lietuvos krikščionys demokratai,Freedom Party (LP),Laisvės partija,different,1
LT,Homeland Union - Lithuanian Christian Democrats (TS-LKD),Tėvynės sąjunga — Lietuvos krikščionys demokratai,Liberal and Centre Union (LiCS),Liberalų ir centro sąjunga,different,1
LT,Homeland Union - Lithuanian Christian Democrats (TS-LKD),Tėvynės sąjunga — Lietuvos krikščionys demokratai,Lithuanian Freedom Union (Liberals) (LLSL),Lietuvos Laisvės Sąjunga (Liberalai),different,1
LT,Homeland Union - Lithuanian Christian Democrats (TS-LKD),Tėvynės sąjunga — Lietuvos krikščionys demokratai,Liberals' Movement of the Republic of Lithuania (LRLS),Lietuvos Respublikos Liberalų sąjūdis,different,6
LT,Homeland Union - Lithuanian Christian Democrats (TS-LKD),Tėvynės sąjunga — Lietuvos krikščionys demokratai,Electoral Action of Poles in Lithuania-Christian Families Alliance (LLRA-KSS),Lietuvos lenkų rinkimų akcija,different,2
LT,Homeland Union - Lithuanian Christian Democrats (TS-LKD),Tėvynės sąjunga — Lietuvos krikščionys demokratai,Lithuanian Social Democratic Party (LSDP),Lietuvos socialdemokratų partija,different,10
LT,Homeland Union - Lithuanian Christian Democrats (TS-LKD),Tėvynės sąjunga — Lietuvos krikščionys demokratai,Lithuanian Social Democratic Union (LSDS),Lietuvos socialdemokratų sąjunga,different,1
LT,Homeland Union - Lithuanian Christian Democrats (TS-LKD),Tėvynės sąjunga — Lietuvos krikščionys demokratai,Lithuanian Peasant and Greens Union (LVZS),Lietuvos valstiečių ir žaliųjų sąjunga / Lietuvos valstiečių liaudininkų sąjunga,different,9
LT,Homeland Union - Lithuanian Christian Democrats (TS-LKD),Tėvynės sąjunga — Lietuvos krikščionys demokratai,Lithuanian People's Party (LZP),Lietuvos žalioji partija,different,1
LT,Homeland Union - Lithuanian Christian Democrats (TS-LKD),Tėvynės sąjunga — Lietuvos krikščionys demokratai,New Union (Social Liberals) (NS),Naujoji sąjunga (socialliberalai),different,1
LT,Homeland Union - Lithuanian Christian Democrats (TS-LKD),Tėvynės sąjunga — Lietuvos krikščionys demokratai,National Resurrection Party (TPP),Tautos prisikėlimo partija,different,1
LT,Homeland Union - Lithuanian Christian Democrats (TS-LKD),Tėvynės sąjunga — Lietuvos krikščionys demokratai,Homeland Union - Lithuanian Christian Democrats (TS-LKD),Tėvynės sąjunga — Lietuvos krikščionys demokratai,same,665
LT,Homeland Union - Lithuanian Christian Democrats (TS-LKD),Tėvynės sąjunga — Lietuvos krikščionys demokratai,Union of Intergenerational Solidarity - Cohesion for Lithuania (KSSL),Union of Intergenerational Solidarity - Cohesion for Lithuania (KSSL) [og],different,2
LT,Homeland Union - Lithuanian Christian Democrats (TS-LKD),Tėvynės sąjunga — Lietuvos krikščionys demokratai,Refused to tell if voted for a multi-member nationwide candidate list,refused,unmatchable,1
LT,Union of Intergenerational Solidarity - Cohesion for Lithuania (KSSL),Union of Intergenerational Solidarity - Cohesion for Lithuania (KSSL) [og],Union of Intergenerational Solidarity - Cohesion for Lithuania (KSSL),Union of Intergenerational Solidarity - Cohesion for Lithuania (KSSL) [og],same,1
LT,NA,dont-know,Labour Party (DP),Darbo Partija,unmatchable,2
LT,NA,dont-know,Liberal and Centre Union (LiCS),Liberalų ir centro sąjunga,unmatchable,1
LT,NA,dont-know,Liberals' Movement of the Republic of Lithuania (LRLS),Lietuvos Respublikos Liberalų sąjūdis,unmatchable,1
LT,NA,dont-know,Electoral Action of Poles in Lithuania (LLRA),Lietuvos lenkų rinkimų akcija,unmatchable,1
LT,NA,dont-know,Social Democratic Labour Party of Lithuania (LSDDP),Lietuvos socialdemokratų darbo partija — Lietuvos regionų partija,unmatchable,1
LT,NA,dont-know,Lithuanian Social Democratic Party (LSDP),Lietuvos socialdemokratų partija,unmatchable,2
LT,NA,dont-know,Lithuanian Peasant and Greens Union (LVZS),Lietuvos valstiečių ir žaliųjų sąjunga / Lietuvos valstiečių liaudininkų sąjunga,unmatchable,3
LT,NA,dont-know,Party Order and Justice (TT),Tvarka ir teisingumas — Liberalų Demokratų Partija,unmatchable,1
LT,NA,dont-know,Homeland Union - Lithuanian Christian Democrats (TS-LKD),Tėvynės sąjunga — Lietuvos krikščionys demokratai,unmatchable,2
LT,National Alliance (NS),https://en.wikipedia.org/wiki/National_Alliance_(Lithuania),Freedom Party (LP),Laisvės partija,different,1
LT,National Alliance (NS),https://en.wikipedia.org/wiki/National_Alliance_(Lithuania),Electoral Action of Poles in Lithuania-Christian Families Alliance (LLRA-KSS),Lietuvos lenkų rinkimų akcija,different,1
LT,National Alliance (NS),https://en.wikipedia.org/wiki/National_Alliance_(Lithuania),Lithuanian Peasant and Greens Union (LVZS),Lietuvos valstiečių ir žaliųjų sąjunga / Lietuvos valstiečių liaudininkų sąjunga,different,2
LT,National Alliance (NS),https://en.wikipedia.org/wiki/National_Alliance_(Lithuania),Homeland Union - Lithuanian Christian Democrats (TS-LKD),Tėvynės sąjunga — Lietuvos krikščionys demokratai,different,1
LT,National Alliance (NS),https://en.wikipedia.org/wiki/National_Alliance_(Lithuania),National Alliance (NS),https://en.wikipedia.org/wiki/National_Alliance_(Lithuania),same,2
LT,Other,other,Party 'Freedom and Justice' (LT),Lietuvos Laisvės Sąjunga (Liberalai),unmatchable,1
LT,Other,other,Lithuanian Social Democratic Party (LSDP),Lietuvos socialdemokratų partija,unmatchable,1
LT,Other,other,Lithuanian Peasant and Greens Union (LVZS),Lietuvos valstiečių ir žaliųjų sąjunga / Lietuvos valstiečių liaudininkų sąjunga,unmatchable,2
LT,Other,other,Homeland Union - Lithuanian Christian Democrats (TS-LKD),Tėvynės sąjunga — Lietuvos krikščionys demokratai,unmatchable,2
LT,Other,other,National Alliance (NS),https://en.wikipedia.org/wiki/National_Alliance_(Lithuania),unmatchable,1
LT,NA,refused,Labour Party (DP),Darbo Partija,unmatchable,5
LT,NA,refused,The Coalition Labour Party + Youth,Koalicija Darbo partija + Jaunimas,unmatchable,1
LT,NA,refused,Liberals' Movement of the Republic of Lithuania (LRLS),Lietuvos Respublikos Liberalų sąjūdis,unmatchable,3
LT,NA,refused,Lithuanian People's Party (LLP),Lietuvos liaudies partija,unmatchable,1
LT,NA,refused,Social Democratic Labour Party of Lithuania (LSDDP),Lietuvos socialdemokratų darbo partija — Lietuvos regionų partija,unmatchable,2
LT,NA,refused,Lithuanian Social Democratic Party (LSDP),Lietuvos socialdemokratų partija,unmatchable,3
LT,NA,refused,Lithuanian Peasant and Greens Union (LVZS),Lietuvos valstiečių ir žaliųjų sąjunga / Lietuvos valstiečių liaudininkų sąjunga,unmatchable,8
LT,NA,refused,Party Order and Justice (TT),Tvarka ir teisingumas — Liberalų Demokratų Partija,unmatchable,3
LT,NA,refused,Homeland Union - Lithuanian Christian Democrats (TS-LKD),Tėvynės sąjunga — Lietuvos krikščionys demokratai,unmatchable,5
LT,NA,refused,Refused to tell if voted for a multi-member nationwide candidate list,refused,unmatchable,5
LT,Zemaiciai (Samogitian) Party (ZP),Žemaičių partija,Liberal and Centre Union (LiCS),Liberalų ir centro sąjunga,different,1
LV,"Apvienotais saraksts — Latvijas Zaļā partija, Latvijas Reģionu Apvienība, Liepājas partija","Apvienotais saraksts — Latvijas Zaļā partija, Latvijas Reģionu Apvienība, Liepājas partija [og]","Apvienotais saraksts — Latvijas Zaļā partija, Latvijas Reģionu Apvienība, Liepājas partija","Apvienotais saraksts — Latvijas Zaļā partija, Latvijas Reģionu Apvienība, Liepājas partija [og]",same,23
LV,"Apvienotais saraksts — Latvijas Zaļā partija, Latvijas Reģionu Apvienība, Liepājas partija","Apvienotais saraksts — Latvijas Zaļā partija, Latvijas Reģionu Apvienība, Liepājas partija [og]",Jaunā Vienotība,Jaunā Vienotība,different,1
LV,Apvienība Latvijai,Apvienība Latvijai [og],Latvijas Krievu savienība,Latvijas Krievu savienība / Русский союз Латвии,different,1
LV,Attīstībai/Par!,Attīstībai/Par!,Attīstībai/Par!,Attīstībai/Par!,same,47
LV,Attīstībai/Par!,Attīstībai/Par!,Jaunā Vienotība,Jaunā Vienotība,different,2
LV,Attīstībai/Par!,Attīstībai/Par!,Jaunā konservatīvā partija,Jaunā konservatīvā partija,different,2
LV,Attīstībai/Par!,Attīstībai/Par!,Latvijas Reģionu Apvienība,Latvijas Reģionu apvienība,different,1
LV,Attīstībai/Par!,Attīstībai/Par!,Par alternatīvu,Par alternatīvu [og],different,1
LV,Attīstībai/Par!,Attīstībai/Par!,Progresīvie,Progresīvie,different,2
LV,Attīstībai/Par!,Attīstībai/Par!,Zaļo un Zemnieku savienība,Zaļo un Zemnieku savienība,different,1
LV,New Era,Jaunais Laiks,New Era,Jaunais Laiks,same,56
LV,New Era,Jaunais Laiks,The People's Party,Tautas Partija,different,1
LV,New Era,Jaunais Laiks,For Fatherland and Freedom/ LNNK,Tēvzemei un Brīvībai / LNNK,different,3
LV,New Era,Jaunais Laiks,Greens and Farmers Union,Zaļo un Zemnieku savienība,different,3
LV,Jaunā Vienotība,Jaunā Vienotība,"Apvienotais saraksts — Latvijas Zaļā partija, Latvijas Reģionu Apvienība, Liepājas partija","Apvienotais saraksts — Latvijas Zaļā partija, Latvijas Reģionu Apvienība, Liepājas partija [og]",different,2
LV,Jaunā Vienotība,Jaunā Vienotība,Attīstībai/Par!,Attīstībai/Par!,different,5
LV,Jaunā Vienotība,Jaunā Vienotība,Jaunā Vienotība,Jaunā Vienotība,same,107
LV,Jaunā Vienotība,Jaunā Vienotība,Jaunā konservatīvā partija,Jaunā konservatīvā partija,different,6
LV,Jaunā Vienotība,Jaunā Vienotība,Politiskā partija 'Katram un katrai',Katram un katrai,different,1
LV,Jaunā Vienotība,Jaunā Vienotība,Nacionālā apvienība 'Visu Latvijai!' - 'Tēvzemei un Brīvībai/LNNK',Nacionālā apvienība,different,4
LV,Jaunā Vienotība,Jaunā Vienotība,Progresīvie,Progresīvie,different,1
LV,Jaunā Vienotība,Jaunā Vienotība,Zaļo un Zemnieku savienība,Zaļo un Zemnieku savienība,different,3
LV,Konservatīvie,Jaunā konservatīvā partija,"Apvienotais saraksts — Latvijas Zaļā partija, Latvijas Reģionu Apvienība, Liepājas partija","Apvienotais saraksts — Latvijas Zaļā partija, Latvijas Reģionu Apvienība, Liepājas partija [og]",different,1
LV,Jaunā konservatīvā partija,Jaunā konservatīvā partija,Jaunā Vienotība,Jaunā Vienotība,different,1
LV,Konservatīvie,Jaunā konservatīvā partija,Jaunā Vienotība,Jaunā Vienotība,different,2
LV,Jaunā konservatīvā partija,Jaunā konservatīvā partija,Jaunā konservatīvā partija,Jaunā konservatīvā partija,same,44
LV,Konservatīvie,Jaunā konservatīvā partija,Konservatīvie,Jaunā konservatīvā partija,same,1
LV,Jaunā konservatīvā partija,Jaunā konservatīvā partija,Latviešu Nacionālisti,Latviešu Nacionālisti [og],different,1
LV,Jaunā konservatīvā partija,Jaunā konservatīvā partija,Latvijas Reģionu Apvienība,Latvijas Reģionu apvienība,different,1
LV,Jaunā konservatīvā partija,Jaunā konservatīvā partija,Nacionālā apvienība 'Visu Latvijai!' - 'Tēvzemei un Brīvībai/LNNK',Nacionālā apvienība,different,3
LV,Jaunā konservatīvā partija,Jaunā konservatīvā partija,Zaļo un Zemnieku savienība,Zaļo un Zemnieku savienība,different,1
LV,Politiskā partija KPV LV,Kam pieder valsts? — Par cilvēcīgu Latviju,Attīstībai/Par!,Attīstībai/Par!,different,2
LV,Politiskā partija KPV LV,Kam pieder valsts? — Par cilvēcīgu Latviju,Politiskā partija KPV LV,Kam pieder valsts? — Par cilvēcīgu Latviju,same,2
LV,Latviešu Nacionālisti,Latviešu Nacionālisti [og],Latviešu Nacionālisti,Latviešu Nacionālisti [og],same,2
LV,Latvija pirmajā vietā,Latvija pirmajā vietā,"Apvienotais saraksts — Latvijas Zaļā partija, Latvijas Reģionu Apvienība, Liepājas partija","Apvienotais saraksts — Latvijas Zaļā partija, Latvijas Reģionu Apvienība, Liepājas partija [og]",different,1
LV,Latvija pirmajā vietā,Latvija pirmajā vietā,Jaunā Vienotība,Jaunā Vienotība,different,1
LV,Latvija pirmajā vietā,Latvija pirmajā vietā,Konservatīvie,Jaunā konservatīvā partija,different,1
LV,Latvija pirmajā vietā,Latvija pirmajā vietā,Latvija pirmajā vietā,Latvija pirmajā vietā,same,4
LV,Latvija pirmajā vietā,Latvija pirmajā vietā,Nacionālā apvienība 'Visu Latvijai!' - 'Tēvzemei un Brīvībai/LNNK',Nacionālā apvienība,different,1
LV,Latvija pirmajā vietā,Latvija pirmajā vietā,Sociāldemokrātiskā partija 'Saskaņa',"Sociāldemokrātiskā Partija ""Saskaņa""",different,1
LV,Latvija pirmajā vietā,Latvija pirmajā vietā,Zaļo un Zemnieku savienība,Zaļo un Zemnieku savienība,different,2
LV,Latvijas Krievu savienība,Latvijas Krievu savienība / Русский союз Латвии,Latvijas Krievu savienība,Latvijas Krievu savienība / Русский союз Латвии,same,7
LV,Latvijas Krievu savienība,Latvijas Krievu savienība / Русский союз Латвии,Sociāldemokrātiskā partija 'Saskaņa',"Sociāldemokrātiskā Partija ""Saskaņa""",different,6
LV,Latvia's First party/Latvia's Way,Latvijas Pirmā partija / Latvijas Ceļš,Latvia's First party/Latvia's Way,Latvijas Pirmā partija / Latvijas Ceļš,same,6
LV,Latvia's First party/Latvia's Way,Latvijas Pirmā partija / Latvijas Ceļš,Concord Centre,Saskaņas Centrs,different,1
LV,Latvia's First party/Latvia's Way,Latvijas Pirmā partija / Latvijas Ceļš,The People's Party,Tautas Partija,different,2
LV,Latvijas Reģionu Apvienība,Latvijas Reģionu apvienība,Attīstībai/Par!,Attīstībai/Par!,different,1
LV,Latvijas Reģionu Apvienība,Latvijas Reģionu apvienība,Jaunā Vienotība,Jaunā Vienotība,different,1
LV,Latvijas Reģionu Apvienība,Latvijas Reģionu apvienība,Jaunā konservatīvā partija,Jaunā konservatīvā partija,different,1
LV,Latvijas Reģionu Apvienība,Latvijas Reģionu apvienība,Politiskā partija KPV LV,Kam pieder valsts? — Par cilvēcīgu Latviju,different,2
LV,Latvijas Reģionu Apvienība,Latvijas Reģionu apvienība,Latvijas Reģionu Apvienība,Latvijas Reģionu apvienība,same,7
LV,Nacionālā apvienība 'Visu Latvijai!' - 'Tēvzemei un Brīvībai/LNNK',Nacionālā apvienība,"Apvienotais saraksts — Latvijas Zaļā partija, Latvijas Reģionu Apvienība, Liepājas partija","Apvienotais saraksts — Latvijas Zaļā partija, Latvijas Reģionu Apvienība, Liepājas partija [og]",different,1
LV,Nacionālā apvienība 'Visu Latvijai!' - 'Tēvzemei un Brīvībai/LNNK',Nacionālā apvienība,Attīstībai/Par!,Attīstībai/Par!,different,2
LV,Nacionālā apvienība 'Visu Latvijai!' - 'Tēvzemei un Brīvībai/LNNK',Nacionālā apvienība,Jaunā Vienotība,Jaunā Vienotība,different,4
LV,Nacionālā apvienība 'Visu Latvijai!' - 'Tēvzemei un Brīvībai/LNNK',Nacionālā apvienība,Jaunā konservatīvā partija,Jaunā konservatīvā partija,different,6
LV,Nacionālā apvienība 'Visu Latvijai!' - 'Tēvzemei un Brīvībai/LNNK',Nacionālā apvienība,Politiskā partija KPV LV,Kam pieder valsts? — Par cilvēcīgu Latviju,different,2
LV,Nacionālā apvienība 'Visu Latvijai!' - 'Tēvzemei un Brīvībai/LNNK',Nacionālā apvienība,Nacionālā apvienība 'Visu Latvijai!' - 'Tēvzemei un Brīvībai/LNNK',Nacionālā apvienība,same,117
LV,Nacionālā apvienība 'Visu Latvijai!' - 'Tēvzemei un Brīvībai/LNNK',Nacionālā apvienība,Zaļo un Zemnieku savienība,Zaļo un Zemnieku savienība,different,3
LV,No sirds Latvijai,No sirds Latvijai,Politiskā partija KPV LV,Kam pieder valsts? — Par cilvēcīgu Latviju,different,1
LV,No sirds Latvijai,No sirds Latvijai,No sirds Latvijai,No sirds Latvijai,same,2
LV,No sirds Latvijai,No sirds Latvijai,Sociāldemokrātiskā partija 'Saskaņa',"Sociāldemokrātiskā Partija ""Saskaņa""",different,1
LV,Par alternatīvu,Par alternatīvu [og],Jaunā Vienotība,Jaunā Vienotība,different,1
LV,For Human Rights in a United Latvia,Par cilvēka tiesībām vienotā Latvijā,For Human Rights in a United Latvia,Par cilvēka tiesībām vienotā Latvijā,same,25
LV,Progresīvie,Progresīvie,Attīstībai/Par!,Attīstībai/Par!,different,4
LV,Progresīvie,Progresīvie,Jaunā Vienotība,Jaunā Vienotība,different,4
LV,Progresīvie,Progresīvie,Latvija pirmajā vietā,Latvija pirmajā vietā,different,1
LV,Progresīvie,Progresīvie,Nacionālā apvienība 'Visu Latvijai!' - 'Tēvzemei un Brīvībai/LNNK',Nacionālā apvienība,different,2
LV,Progresīvie,Progresīvie,Progresīvie,Progresīvie,same,10
LV,Progresīvie,Progresīvie,Sociāldemokrātiskā partija 'Saskaņa',"Sociāldemokrātiskā Partija ""Saskaņa""",different,1
LV,Concord Centre,Saskaņas Centrs,New Era,Jaunais Laiks,different,2
LV,Concord Centre,Saskaņas Centrs,Latvia's First party/Latvia's Way,Latvijas Pirmā partija / Latvijas Ceļš,different,1
LV,Concord Centre,Saskaņas Centrs,For Human Rights in a United Latvia,Par cilvēka tiesībām vienotā Latvijā,different,4
LV,Concord Centre,Saskaņas Centrs,Concord Centre,Saskaņas Centrs,same,50
LV,Concord Centre,Saskaņas Centrs,The People's Party,Tautas Partija,different,1
LV,Concord Centre,Saskaņas Centrs,Greens and Farmers Union,Zaļo un Zemnieku savienība,different,3
LV,Concord Centre,Saskaņas Centrs,Other,other,unmatchable,1
LV,Sociāldemokrātiskā partija 'Saskaņa',"Sociāldemokrātiskā Partija ""Saskaņa""",Jaunā Vienotība,Jaunā Vienotība,different,1
LV,Sociāldemokrātiskā partija 'Saskaņa',"Sociāldemokrātiskā Partija ""Saskaņa""",Nacionālā apvienība 'Visu Latvijai!' - 'Tēvzemei un Brīvībai/LNNK',Nacionālā apvienība,different,2
LV,Sociāldemokrātiskā partija 'Saskaņa',"Sociāldemokrātiskā Partija ""Saskaņa""",Sociāldemokrātiskā partija 'Saskaņa',"Sociāldemokrātiskā Partija ""Saskaņa""",same,83
LV,Sociāldemokrātiskā partija 'Saskaņa',"Sociāldemokrātiskā Partija ""Saskaņa""",Zaļo un Zemnieku savienība,Zaļo un Zemnieku savienība,different,1
LV,Politiskā partija 'Tautas varas spēks',Spēks vienotībā / Alternative / Tautas varas spēks,Politiskā partija 'Tautas varas spēks',Spēks vienotībā / Alternative / Tautas varas spēks,same,1
LV,Politiskā partija 'Stabilitātei!',Stabilitātei!,Sociāldemokrātiskā partija 'Saskaņa',"Sociāldemokrātiskā Partija ""Saskaņa""",different,1
LV,Politiskā partija 'Stabilitātei!',Stabilitātei!,Politiskā partija 'Stabilitātei!',Stabilitātei!,same,12
LV,Suverēnā vara,Suverēnā vara,Suverēnā vara,Suverēnā vara,same,1
LV,The People's Party,Tautas Partija,The People's Party,Tautas Partija,same,24
LV,The People's Party,Tautas Partija,Greens and Farmers Union,Zaļo un Zemnieku savienība,different,1
LV,Tautas kalpi Latvijai,Tautas kalpi Latvijai,Suverēnā vara,Suverēnā vara,different,1
LV,For Fatherland and Freedom/ LNNK,Tēvzemei un Brīvībai / LNNK,For Fatherland and Freedom/ LNNK,Tēvzemei un Brīvībai / LNNK,same,19
LV,For Fatherland and Freedom/ LNNK,Tēvzemei un Brīvībai / LNNK,Greens and Farmers Union,Zaļo un Zemnieku savienība,different,2
LV,Partija 'Vienoti Latvijai',Vienoti Latvijai,Politiskā partija 'Stabilitātei!',Stabilitātei!,different,1
LV,Partija 'Vienoti Latvijai',Vienoti Latvijai,Partija 'Vienoti Latvijai',Vienoti Latvijai,same,1
LV,Zaļo un Zemnieku savienība,Zaļo un Zemnieku savienība,"Apvienotais saraksts — Latvijas Zaļā partija, Latvijas Reģionu Apvienība, Liepājas partija","Apvienotais saraksts — Latvijas Zaļā partija, Latvijas Reģionu Apvienība, Liepājas partija [og]",different,2
LV,Zaļo un Zemnieku savienība,Zaļo un Zemnieku savienība,Attīstībai/Par!,Attīstībai/Par!,different,2
LV,Greens and Farmers Union,Zaļo un Zemnieku savienība,New Era,Jaunais Laiks,different,2
LV,Zaļo un Zemnieku savienība,Zaļo un Zemnieku savienība,Jaunā Vienotība,Jaunā Vienotība,different,5
LV,Zaļo un Zemnieku savienība,Zaļo un Zemnieku savienība,Jaunā konservatīvā partija,Jaunā konservatīvā partija,different,1
LV,Zaļo un Zemnieku savienība,Zaļo un Zemnieku savienība,Latvija pirmajā vietā,Latvija pirmajā vietā,different,1
LV,Zaļo un Zemnieku savienība,Zaļo un Zemnieku savienība,Nacionālā apvienība 'Visu Latvijai!' - 'Tēvzemei un Brīvībai/LNNK',Nacionālā apvienība,different,2
LV,Zaļo un Zemnieku savienība,Zaļo un Zemnieku savienība,Par alternatīvu,Par alternatīvu [og],different,1
LV,Zaļo un Zemnieku savienība,Zaļo un Zemnieku savienība,Sociāldemokrātiskā partija 'Saskaņa',"Sociāldemokrātiskā Partija ""Saskaņa""",different,6
LV,Greens and Farmers Union,Zaļo un Zemnieku savienība,The People's Party,Tautas Partija,different,2
LV,Greens and Farmers Union,Zaļo un Zemnieku savienība,Greens and Farmers Union,Zaļo un Zemnieku savienība,same,33
LV,Zaļo un Zemnieku savienība,Zaļo un Zemnieku savienība,Zaļo un Zemnieku savienība,Zaļo un Zemnieku savienība,same,85
LV,NA,dont-know,New Era,Jaunais Laiks,unmatchable,1
LV,NA,dont-know,Jaunā konservatīvā partija,Jaunā konservatīvā partija,unmatchable,1
LV,NA,dont-know,Sociāldemokrātiskā partija 'Saskaņa',"Sociāldemokrātiskā Partija ""Saskaņa""",unmatchable,1
LV,NA,dont-know,Zaļo un Zemnieku savienība,Zaļo un Zemnieku savienība,unmatchable,1
LV,Other,other,"Apvienotais saraksts — Latvijas Zaļā partija, Latvijas Reģionu Apvienība, Liepājas partija","Apvienotais saraksts — Latvijas Zaļā partija, Latvijas Reģionu Apvienība, Liepājas partija [og]",unmatchable,1
LV,Other,other,New Era,Jaunais Laiks,unmatchable,4
LV,Other,other,Jaunā konservatīvā partija,Jaunā konservatīvā partija,unmatchable,1
LV,Other,other,Politiskā partija KPV LV,Kam pieder valsts? — Par cilvēcīgu Latviju,unmatchable,3
LV,Other,other,Latvia's First party/Latvia's Way,Latvijas Pirmā partija / Latvijas Ceļš,unmatchable,3
LV,Other,other,Sociāldemokrātiskā partija 'Saskaņa',"Sociāldemokrātiskā Partija ""Saskaņa""",unmatchable,3
LV,Other,other,The People's Party,Tautas Partija,unmatchable,4
LV,Other,other,For Fatherland and Freedom/ LNNK,Tēvzemei un Brīvībai / LNNK,unmatchable,2
LV,Other,other,Greens and Farmers Union,Zaļo un Zemnieku savienība,unmatchable,2
LV,Other,other,Zaļo un Zemnieku savienība,Zaļo un Zemnieku savienība,unmatchable,2
LV,Other,other,Other,other,unmatchable,11
LV,NA,refused,"Apvienotais saraksts — Latvijas Zaļā partija, Latvijas Reģionu Apvienība, Liepājas partija","Apvienotais saraksts — Latvijas Zaļā partija, Latvijas Reģionu Apvienība, Liepājas partija [og]",unmatchable,4
LV,NA,refused,New Era,Jaunais Laiks,unmatchable,2
LV,NA,refused,Latvia's First party/Latvia's Way,Latvijas Pirmā partija / Latvijas Ceļš,unmatchable,2
LV,NA,refused,Nacionālā apvienība 'Visu Latvijai!' - 'Tēvzemei un Brīvībai/LNNK',Nacionālā apvienība,unmatchable,1
LV,NA,refused,For Fatherland and Freedom/ LNNK,Tēvzemei un Brīvībai / LNNK,unmatchable,2
LV,NA,refused,Greens and Farmers Union,Zaļo un Zemnieku savienība,unmatchable,1
LV,NA,refused,Zaļo un Zemnieku savienība,Zaļo un Zemnieku savienība,unmatchable,2
LV,NA,NA,Attīstībai/Par!,Attīstībai/Par!,unmatchable,1
LV,NA,NA,Sociāldemokrātiskā partija 'Saskaņa',"Sociāldemokrātiskā Partija ""Saskaņa""",unmatchable,2
NL,50PLUS,50PLUS,50PLUS,50PLUS,same,23
NL,50Plus,50PLUS,50Plus,50PLUS,same,8
NL,50PLUS,50PLUS,Christian Democratic Appeal,Christen Democratisch Appèl,different,2
NL,50PLUS,50PLUS,Christian Union,ChristenUnie,different,1
NL,50PLUS,50PLUS,Democrats '66,Democraten 66,different,3
NL,50Plus,50PLUS,Democrats '66,Democraten 66,different,1
NL,50PLUS,50PLUS,Green Left,GroenLinks,different,1
NL,50PLUS,50PLUS,Labour Party,Partij van de Arbeid,different,5
NL,50PLUS,50PLUS,Party for the Animals,Partij voor de Dieren,different,1
NL,50PLUS,50PLUS,Party for Freedom,Partij voor de Vrijheid,different,1
NL,50Plus,50PLUS,Party for Freedom,Partij voor de Vrijheid,different,1
NL,50PLUS,50PLUS,Socialist Party,Socialistiese Partij,different,2
NL,50PLUS,50PLUS,People's Party for Freedom and Democracy,Volkspartij voor Vrijheid en Democratie,different,3
NL,50Plus,50PLUS,People's Party for Freedom and Democracy,Volkspartij voor Vrijheid en Democratie,different,2
NL,Article 1,Article 1 [og],Article 1,Article 1 [og],same,4
NL,Article 1,Article 1 [og],Volt,Volt Nederland,different,1
NL,Artikel1/Bij1,Artikel1/Bij1 [og],Artikel1/Bij1,Artikel1/Bij1 [og],same,1
NL,Artikel1/Bij1,Artikel1/Bij1 [og],Green Left,GroenLinks,different,1
NL,Belang van Nederland,Belang van Nederland,Democrats '66,Democraten 66,different,1
NL,Belang van Nederland,Belang van Nederland,Forum for Democracy,Forum voor Democratie,different,2
NL,DENK,Beweging DENK,DENK,Beweging DENK,same,8
NL,DENK,Beweging DENK,Green Left,GroenLinks,different,1
NL,DENK,Beweging DENK,Socialist Party,Socialistiese Partij,different,1
NL,BoerBurgerBeweging,BoerBurgerBeweging,50PLUS,50PLUS,different,1
NL,BoerBurgerBeweging,BoerBurgerBeweging,BoerBurgerBeweging,BoerBurgerBeweging,same,29
NL,BoerBurgerBeweging,BoerBurgerBeweging,Christian Democratic Appeal,Christen Democratisch Appèl,different,16
NL,BoerBurgerBeweging,BoerBurgerBeweging,Christian Union,ChristenUnie,different,4
NL,BoerBurgerBeweging,BoerBurgerBeweging,Democrats '66,Democraten 66,different,7
NL,BoerBurgerBeweging,BoerBurgerBeweging,Forum for Democracy,Forum voor Democratie,different,5
NL,BoerBurgerBeweging,BoerBurgerBeweging,Green Left,GroenLinks,different,1
NL,BoerBurgerBeweging,BoerBurgerBeweging,JA21,Juiste Antwoord21,different,5
NL,BoerBurgerBeweging,BoerBurgerBeweging,Labour Party,Partij van de Arbeid,different,6
NL,BoerBurgerBeweging,BoerBurgerBeweging,Party for the Animals,Partij voor de Dieren,different,3
NL,BoerBurgerBeweging,BoerBurgerBeweging,Party for Freedom,Partij voor de Vrijheid,different,16
NL,BoerBurgerBeweging,BoerBurgerBeweging,Socialist Party,Socialistiese Partij,different,7
NL,BoerBurgerBeweging,BoerBurgerBeweging,Reformed Political Party,Staatkundig Gereformeerde Partij,different,2
NL,BoerBurgerBeweging,BoerBurgerBeweging,People's Party for Freedom and Democracy,Volkspartij voor Vrijheid en Democratie,different,23
NL,BoerBurgerBeweging,BoerBurgerBeweging,Blanc,blank-invalid,unmatchable,1
NL,Christian Democratic Appeal,Christen Democratisch Appèl,50Plus,50PLUS,different,1
NL,Christian Democratic Appeal,Christen Democratisch Appèl,Christian Democratic Appeal,Christen Democratisch Appèl,same,1515
NL,Christian Democratic Appeal,Christen Democratisch Appèl,Christian Union,ChristenUnie,different,15
NL,Christian Democratic Appeal,Christen Democratisch Appèl,Democrats '66,Democraten 66,different,15
NL,Christian Democratic Appeal,Christen Democratisch Appèl,Forum for Democracy,Forum voor Democratie,different,1
NL,Christian Democratic Appeal,Christen Democratisch Appèl,Green Left,GroenLinks,different,3
NL,Christian Democratic Appeal,Christen Democratisch Appèl,Liveable Netherlands,Leefbaar Nederland,different,1
NL,Christian Democratic Appeal,Christen Democratisch Appèl,List Pim Fortuyn,Lijst Pim Fortuyn,different,22
NL,Christian Democratic Appeal,Christen Democratisch Appèl,Labour Party,Partij van de Arbeid,different,17
NL,Christian Democratic Appeal,Christen Democratisch Appèl,Party for the Animals,Partij voor de Dieren,different,1
NL,Christian Democratic Appeal,Christen Democratisch Appèl,Party for Freedom,Partij voor de Vrijheid,different,8
NL,Christian Democratic Appeal,Christen Democratisch Appèl,Socialist Party,Socialistiese Partij,different,6
NL,Christian Democratic Appeal,Christen Democratisch Appèl,Reformed Political Party,Staatkundig Gereformeerde Partij,different,3
NL,Christian Democratic Appeal,Christen Democratisch Appèl,People's Party for Freedom and Democracy,Volkspartij voor Vrijheid en Democratie,different,59
NL,Christian Democratic Appeal,Christen Democratisch Appèl,Volt,Volt Nederland,different,1
NL,Christian Democratic Appeal,Christen Democratisch Appèl,Blanc,blank-invalid,unmatchable,1
NL,Christian Democratic Appeal,Christen Democratisch Appèl,Other,other,unmatchable,2
NL,Christian Union,ChristenUnie,Christian Democratic Appeal,Christen Democratisch Appèl,different,45
NL,Christian Union,ChristenUnie,Christian Union,ChristenUnie,same,396
NL,Christian Union,ChristenUnie,Democrats '66,Democraten 66,different,1
NL,Christian Union,ChristenUnie,Forum for Democracy,Forum voor Democratie,different,2
NL,Christian Union,ChristenUnie,Green Left,GroenLinks,different,4
NL,Christian Union,ChristenUnie,Liveable Netherlands,Leefbaar Nederland,different,1
NL,Christian Union,ChristenUnie,List Pim Fortuyn,Lijst Pim Fortuyn,different,2
NL,Christian Union,ChristenUnie,Labour Party,Partij van de Arbeid,different,7
NL,Christian Union,ChristenUnie,Party for the Animals,Partij voor de Dieren,different,1
NL,Christian Union,ChristenUnie,Party for Freedom,Partij voor de Vrijheid,different,1
NL,Christian Union,ChristenUnie,Socialist Party,Socialistiese Partij,different,2
NL,Christian Union,ChristenUnie,Reformed Political Party,Staatkundig Gereformeerde Partij,different,6
NL,Christian Union,ChristenUnie,People's Party for Freedom and Democracy,Volkspartij voor Vrijheid en Democratie,different,7
NL,Christian Union,ChristenUnie,Volt,Volt Nederland,different,1
NL,Christian Union,ChristenUnie,Other,other,unmatchable,2
NL,Democrats '66,Democraten 66,50PLUS,50PLUS,different,1
NL,Democrats '66,Democraten 66,50Plus,50PLUS,different,2
NL,Democrats '66,Democraten 66,Artikel1/Bij1,Artikel1/Bij1 [og],different,1
NL,Democrats '66,Democraten 66,Christian Democratic Appeal,Christen Democratisch Appèl,different,16
NL,Democrats '66,Democraten 66,Christian Union,ChristenUnie,different,3
NL,Democrats '66,Democraten 66,Democrats '66,Democraten 66,same,656
NL,Democrats '66,Democraten 66,Green Left,GroenLinks,different,11
NL,Democrats '66,Democraten 66,Liveable Netherlands,Leefbaar Nederland,different,1
NL,Democrats '66,Democraten 66,List Pim Fortuyn,Lijst Pim Fortuyn,different,1
NL,Democrats '66,Democraten 66,Labour Party,Partij van de Arbeid,different,44
NL,Democrats '66,Democraten 66,Party for the Animals,Partij voor de Dieren,different,7
NL,Democrats '66,Democraten 66,Party for Freedom,Partij voor de Vrijheid,different,2
NL,Democrats '66,Democraten 66,Pirate Party,Pirate Party [og],different,1
NL,Democrats '66,Democraten 66,Socialist Party,Socialistiese Partij,different,9
NL,Democrats '66,Democraten 66,Reformed Political Party,Staatkundig Gereformeerde Partij,different,1
NL,Democrats '66,Democraten 66,People's Party for Freedom and Democracy,Volkspartij voor Vrijheid en Democratie,different,52
NL,Democrats '66,Democraten 66,Volt,Volt Nederland,different,3
NL,Democrats '66,Democraten 66,Blanc,blank-invalid,unmatchable,1
NL,Democrats '66,Democraten 66,Other,other,unmatchable,2
NL,Europe Transparant,Europa Transparant,Democrats '66,Democraten 66,different,1
NL,Forum for Democracy,Forum voor Democratie,DENK,Beweging DENK,different,1
NL,Forum for Democracy,Forum voor Democratie,Christian Democratic Appeal,Christen Democratisch Appèl,different,3
NL,Forum for Democracy,Forum voor Democratie,Forum for Democracy,Forum voor Democratie,same,34
NL,Forum for Democracy,Forum voor Democratie,JA21,Juiste Antwoord21,different,2
NL,Forum for Democracy,Forum voor Democratie,Party for Freedom,Partij voor de Vrijheid,different,8
NL,Forum for Democracy,Forum voor Democratie,People's Party for Freedom and Democracy,Volkspartij voor Vrijheid en Democratie,different,6
NL,Forum for Democracy,Forum voor Democratie,Other,other,unmatchable,1
NL,Green Left,GroenLinks,50Plus,50PLUS,different,1
NL,Green Left,GroenLinks,Article 1,Article 1 [og],different,1
NL,Green Left,GroenLinks,Christian Democratic Appeal,Christen Democratisch Appèl,different,13
NL,Green Left,GroenLinks,Christian Union,ChristenUnie,different,3
NL,Green Left,GroenLinks,Democrats '66,Democraten 66,different,47
NL,Green Left,GroenLinks,Green Left,GroenLinks,same,569
NL,Green Left,GroenLinks,List Pim Fortuyn,Lijst Pim Fortuyn,different,3
NL,Green Left,GroenLinks,Labour Party,Partij van de Arbeid,different,86
NL,Green Left,GroenLinks,Party for the Animals,Partij voor de Dieren,different,10
NL,Green Left,GroenLinks,Party for Freedom,Partij voor de Vrijheid,different,1
NL,Green Left,GroenLinks,Socialist Party,Socialistiese Partij,different,17
NL,Green Left,GroenLinks,Reformed Political Party,Staatkundig Gereformeerde Partij,different,2
NL,Green Left,GroenLinks,People's Party for Freedom and Democracy,Volkspartij voor Vrijheid en Democratie,different,15
NL,Green Left,GroenLinks,Volt,Volt Nederland,different,2
NL,Green Left,GroenLinks,Blanc,blank-invalid,unmatchable,3
NL,Green Left,GroenLinks,Other,other,unmatchable,1
NL,JA21,Juiste Antwoord21,Christian Democratic Appeal,Christen Democratisch Appèl,different,1
NL,JA21,Juiste Antwoord21,Democrats '66,Democraten 66,different,1
NL,JA21,Juiste Antwoord21,Forum for Democracy,Forum voor Democratie,different,1
NL,JA21,Juiste Antwoord21,JA21,Juiste Antwoord21,same,21
NL,JA21,Juiste Antwoord21,Party for Freedom,Partij voor de Vrijheid,different,1
NL,JA21,Juiste Antwoord21,People's Party for Freedom and Democracy,Volkspartij voor Vrijheid en Democratie,different,4
NL,Liveable Netherlands,Leefbaar Nederland,Christian Democratic Appeal,Christen Democratisch Appèl,different,1
NL,Liveable Netherlands,Leefbaar Nederland,Liveable Netherlands,Leefbaar Nederland,same,4
NL,Liveable Netherlands,Leefbaar Nederland,List Pim Fortuyn,Lijst Pim Fortuyn,different,1
NL,Liveable Netherlands,Leefbaar Nederland,Party for Freedom,Partij voor de Vrijheid,different,1
NL,Liveable Netherlands,Leefbaar Nederland,People's Party for Freedom and Democracy,Volkspartij voor Vrijheid en Democratie,different,2
NL,List Pim Fortuyn,Lijst Pim Fortuyn,Christian Democratic Appeal,Christen Democratisch Appèl,different,8
NL,List Pim Fortuyn,Lijst Pim Fortuyn,Democrats '66,Democraten 66,different,1
NL,List Pim Fortuyn,Lijst Pim Fortuyn,Green Left,GroenLinks,different,1
NL,List Pim Fortuyn,Lijst Pim Fortuyn,Liveable Netherlands,Leefbaar Nederland,different,4
NL,List Pim Fortuyn,Lijst Pim Fortuyn,List Pim Fortuyn,Lijst Pim Fortuyn,same,81
NL,List Pim Fortuyn,Lijst Pim Fortuyn,Labour Party,Partij van de Arbeid,different,2
NL,List Pim Fortuyn,Lijst Pim Fortuyn,Socialist Party,Socialistiese Partij,different,2
NL,List Pim Fortuyn,Lijst Pim Fortuyn,People's Party for Freedom and Democracy,Volkspartij voor Vrijheid en Democratie,different,7
NL,Omtzigt/NSC,Nieuw Sociaal Contract,Christian Democratic Appeal,Christen Democratisch Appèl,different,2
NL,Omtzigt/NSC,Nieuw Sociaal Contract,Democrats '66,Democraten 66,different,6
NL,Omtzigt/NSC,Nieuw Sociaal Contract,Forum for Democracy,Forum voor Democratie,different,1
NL,Omtzigt/NSC,Nieuw Sociaal Contract,JA21,Juiste Antwoord21,different,2
NL,Omtzigt/NSC,Nieuw Sociaal Contract,Labour Party,Partij van de Arbeid,different,3
NL,Omtzigt/NSC,Nieuw Sociaal Contract,Party for the Animals,Partij voor de Dieren,different,3
NL,Omtzigt/NSC,Nieuw Sociaal Contract,Party for Freedom,Partij voor de Vrijheid,different,1
NL,Omtzigt/NSC,Nieuw Sociaal Contract,Socialist Party,Socialistiese Partij,different,3
NL,Omtzigt/NSC,Nieuw Sociaal Contract,People's Party for Freedom and Democracy,Volkspartij voor Vrijheid en Democratie,different,2
NL,Labour Party,Partij van de Arbeid,50PLUS,50PLUS,different,1
NL,Labour Party,Partij van de Arbeid,Christian Democratic Appeal,Christen Democratisch Appèl,different,26
NL,Labour Party,Partij van de Arbeid,Christian Union,ChristenUnie,different,1
NL,Labour Party,Partij van de Arbeid,Democrats '66,Democraten 66,different,49
NL,Labour Party,Partij van de Arbeid,Green Left,GroenLinks,different,36
NL,Labour Party,Partij van de Arbeid,Liveable Netherlands,Leefbaar Nederland,different,3
NL,Labour Party,Partij van de Arbeid,List Pim Fortuyn,Lijst Pim Fortuyn,different,15
NL,Labour Party,Partij van de Arbeid,Labour Party,Partij van de Arbeid,same,1435
NL,Labour Party,Partij van de Arbeid,Party for the Animals,Partij voor de Dieren,different,4
NL,Labour Party,Partij van de Arbeid,Party for Freedom,Partij voor de Vrijheid,different,2
NL,Labour Party,Partij van de Arbeid,Socialist Party,Socialistiese Partij,different,26
NL,Labour Party,Partij van de Arbeid,People's Party for Freedom and Democracy,Volkspartij voor Vrijheid en Democratie,different,18
NL,Labour Party,Partij van de Arbeid,Volt,Volt Nederland,different,2
NL,Labour Party,Partij van de Arbeid,Blanc,blank-invalid,unmatchable,1
NL,Party for the Animals,Partij voor de Dieren,Democrats '66,Democraten 66,different,18
NL,Party for the Animals,Partij voor de Dieren,Forum for Democracy,Forum voor Democratie,different,1
NL,Party for the Animals,Partij voor de Dieren,Green Left,GroenLinks,different,10
NL,Party for the Animals,Partij voor de Dieren,Labour Party,Partij van de Arbeid,different,7
NL,Party for the Animals,Partij voor de Dieren,Party for the Animals,Partij voor de Dieren,same,183
NL,Party for the Animals,Partij voor de Dieren,Party for Freedom,Partij voor de Vrijheid,different,6
NL,Party for the Animals,Partij voor de Dieren,Socialist Party,Socialistiese Partij,different,7
NL,Party for the Animals,Partij voor de Dieren,People's Party for Freedom and Democracy,Volkspartij voor Vrijheid en Democratie,different,8
NL,Party for the Animals,Partij voor de Dieren,Volt,Volt Nederland,different,1
NL,Party for Freedom,Partij voor de Vrijheid,50PLUS,50PLUS,different,2
NL,Group Geert Wilders,Partij voor de Vrijheid,Christian Democratic Appeal,Christen Democratisch Appèl,different,1
NL,Party for Freedom,Partij voor de Vrijheid,Christian Democratic Appeal,Christen Democratisch Appèl,different,10
NL,Party for Freedom,Partij voor de Vrijheid,Christian Union,ChristenUnie,different,1
NL,Party for Freedom,Partij voor de Vrijheid,Democrats '66,Democraten 66,different,1
NL,Party for Freedom,Partij voor de Vrijheid,Forum for Democracy,Forum voor Democratie,different,4
NL,Party for Freedom,Partij voor de Vrijheid,Green Left,GroenLinks,different,2
NL,Group Geert Wilders,Partij voor de Vrijheid,List Pim Fortuyn,Lijst Pim Fortuyn,different,1
NL,Party for Freedom,Partij voor de Vrijheid,List Pim Fortuyn,Lijst Pim Fortuyn,different,3
NL,Group Geert Wilders,Partij voor de Vrijheid,Labour Party,Partij van de Arbeid,different,1
NL,Party for Freedom,Partij voor de Vrijheid,Labour Party,Partij van de Arbeid,different,11
NL,Party for Freedom,Partij voor de Vrijheid,Party for the Animals,Partij voor de Dieren,different,2
NL,Party for Freedom,Partij voor de Vrijheid,Party for Freedom,Partij voor de Vrijheid,same,368
NL,Party for Freedom,Partij voor de Vrijheid,Socialist Party,Socialistiese Partij,different,7
NL,Party for Freedom,Partij voor de Vrijheid,TON (List Verdonk),Trots op Nederland,different,1
NL,Group Geert Wilders,Partij voor de Vrijheid,People's Party for Freedom and Democracy,Volkspartij voor Vrijheid en Democratie,different,1
NL,Party for Freedom,Partij voor de Vrijheid,People's Party for Freedom and Democracy,Volkspartij voor Vrijheid en Democratie,different,38
NL,Party for Freedom,Partij voor de Vrijheid,Volt,Volt Nederland,different,1
NL,Party for Freedom,Partij voor de Vrijheid,Blanc,blank-invalid,unmatchable,1
NL,Party for Freedom,Partij voor de Vrijheid,Other,other,unmatchable,4
NL,Socialist Party,Socialistiese Partij,50PLUS,50PLUS,different,3
NL,Socialist Party,Socialistiese Partij,50Plus,50PLUS,different,1
NL,Socialist Party,Socialistiese Partij,Article 1,Article 1 [og],different,1
NL,Socialist Party,Socialistiese Partij,DENK,Beweging DENK,different,1
NL,Socialist Party,Socialistiese Partij,Christian Democratic Appeal,Christen Democratisch Appèl,different,22
NL,Socialist Party,Socialistiese Partij,Christian Union,ChristenUnie,different,1
NL,Socialist Party,Socialistiese Partij,Democrats '66,Democraten 66,different,23
NL,Socialist Party,Socialistiese Partij,Green Left,GroenLinks,different,28
NL,Socialist Party,Socialistiese Partij,Liveable Netherlands,Leefbaar Nederland,different,2
NL,Socialist Party,Socialistiese Partij,List Pim Fortuyn,Lijst Pim Fortuyn,different,10
NL,Socialist Party,Socialistiese Partij,Labour Party,Partij van de Arbeid,different,107
NL,Socialist Party,Socialistiese Partij,Party for the Animals,Partij voor de Dieren,different,8
NL,Socialist Party,Socialistiese Partij,Party for Freedom,Partij voor de Vrijheid,different,10
NL,Socialist Party,Socialistiese Partij,Socialist Party,Socialistiese Partij,same,736
NL,Socialist Party,Socialistiese Partij,Reformed Political Party,Staatkundig Gereformeerde Partij,different,1
NL,Socialist Party,Socialistiese Partij,People's Party for Freedom and Democracy,Volkspartij voor Vrijheid en Democratie,different,23
NL,Socialist Party,Socialistiese Partij,Blanc,blank-invalid,unmatchable,2
NL,Socialist Party,Socialistiese Partij,Other,other,unmatchable,2
NL,Reformed Political Party,Staatkundig Gereformeerde Partij,50PLUS,50PLUS,different,1
NL,Reformed Political Party,Staatkundig Gereformeerde Partij,Christian Democratic Appeal,Christen Democratisch Appèl,different,4
NL,Reformed Political Party,Staatkundig Gereformeerde Partij,Christian Union,ChristenUnie,different,5
NL,Reformed Political Party,Staatkundig Gereformeerde Partij,Democrats '66,Democraten 66,different,1
NL,Reformed Political Party,Staatkundig Gereformeerde Partij,Socialist Party,Socialistiese Partij,different,1
NL,Reformed Political Party,Staatkundig Gereformeerde Partij,Reformed Political Party,Staatkundig Gereformeerde Partij,same,206
NL,Reformed Political Party,Staatkundig Gereformeerde Partij,People's Party for Freedom and Democracy,Volkspartij voor Vrijheid en Democratie,different,5
NL,Reformed Political Party,Staatkundig Gereformeerde Partij,Other,other,unmatchable,1
NL,TON (List Verdonk),Trots op Nederland,Christian Democratic Appeal,Christen Democratisch Appèl,different,1
NL,TON (List Verdonk),Trots op Nederland,List Pim Fortuyn,Lijst Pim Fortuyn,different,1
NL,TON (List Verdonk),Trots op Nederland,Party for Freedom,Partij voor de Vrijheid,different,2
NL,TON (List Verdonk),Trots op Nederland,Socialist Party,Socialistiese Partij,different,1
NL,TON (List Verdonk),Trots op Nederland,People's Party for Freedom and Democracy,Volkspartij voor Vrijheid en Democratie,different,4
NL,People's Party for Freedom and Democracy,Volkspartij voor Vrijheid en Democratie,50PLUS,50PLUS,different,2
NL,People's Party for Freedom and Democracy,Volkspartij voor Vrijheid en Democratie,50Plus,50PLUS,different,2
NL,People's Party for Freedom and Democracy,Volkspartij voor Vrijheid en Democratie,BoerBurgerBeweging,BoerBurgerBeweging,different,2
NL,People's Party for Freedom and Democracy,Volkspartij voor Vrijheid en Democratie,Christian Democratic Appeal,Christen Democratisch Appèl,different,66
NL,People's Party for Freedom and Democracy,Volkspartij voor Vrijheid en Democratie,Christian Union,ChristenUnie,different,1
NL,People's Party for Freedom and Democracy,Volkspartij voor Vrijheid en Democratie,Democrats '66,Democraten 66,different,23
NL,People's Party for Freedom and Democracy,Volkspartij voor Vrijheid en Democratie,Forum for Democracy,Forum voor Democratie,different,2
NL,People's Party for Freedom and Democracy,Volkspartij voor Vrijheid en Democratie,Green Left,GroenLinks,different,3
NL,People's Party for Freedom and Democracy,Volkspartij voor Vrijheid en Democratie,Liveable Netherlands,Leefbaar Nederland,different,2
NL,People's Party for Freedom and Democracy,Volkspartij voor Vrijheid en Democratie,List Pim Fortuyn,Lijst Pim Fortuyn,different,24
NL,People's Party for Freedom and Democracy,Volkspartij voor Vrijheid en Democratie,Labour Party,Partij van de Arbeid,different,21
NL,People's Party for Freedom and Democracy,Volkspartij voor Vrijheid en Democratie,Party for the Animals,Partij voor de Dieren,different,5
NL,People's Party for Freedom and Democracy,Volkspartij voor Vrijheid en Democratie,Party for Freedom,Partij voor de Vrijheid,different,25
NL,People's Party for Freedom and Democracy,Volkspartij voor Vrijheid en Democratie,Socialist Party,Socialistiese Partij,different,5
NL,People's Party for Freedom and Democracy,Volkspartij voor Vrijheid en Democratie,Reformed Political Party,Staatkundig Gereformeerde Partij,different,1
NL,People's Party for Freedom and Democracy,Volkspartij voor Vrijheid en Democratie,TON (List Verdonk),Trots op Nederland,different,1
NL,People's Party for Freedom and Democracy,Volkspartij voor Vrijheid en Democratie,People's Party for Freedom and Democracy,Volkspartij voor Vrijheid en Democratie,same,1583
NL,People's Party for Freedom and Democracy,Volkspartij voor Vrijheid en Democratie,Volt,Volt Nederland,different,1
NL,People's Party for Freedom and Democracy,Volkspartij voor Vrijheid en Democratie,Blanc,blank-invalid,unmatchable,2
NL,People's Party for Freedom and Democracy,Volkspartij voor Vrijheid en Democratie,Other,other,unmatchable,2
NL,Volt,Volt Nederland,Democrats '66,Democraten 66,different,10
NL,Volt,Volt Nederland,Labour Party,Partij van de Arbeid,different,2
NL,Volt,Volt Nederland,People's Party for Freedom and Democracy,Volkspartij voor Vrijheid en Democratie,different,4
NL,Volt,Volt Nederland,Volt,Volt Nederland,same,35
NL,NA,dont-know,DENK,Beweging DENK,unmatchable,1
NL,NA,dont-know,Christian Democratic Appeal,Christen Democratisch Appèl,unmatchable,2
NL,NA,dont-know,Christian Union,ChristenUnie,unmatchable,1
NL,NA,dont-know,Democrats '66,Democraten 66,unmatchable,6
NL,NA,dont-know,Green Left,GroenLinks,unmatchable,4
NL,NA,dont-know,Labour Party,Partij van de Arbeid,unmatchable,6
NL,NA,dont-know,Socialist Party,Socialistiese Partij,unmatchable,3
NL,NA,dont-know,Reformed Political Party,Staatkundig Gereformeerde Partij,unmatchable,1
NL,NA,dont-know,People's Party for Freedom and Democracy,Volkspartij voor Vrijheid en Democratie,unmatchable,13
NL,NA,dont-know,Volt,Volt Nederland,unmatchable,1
NL,Pieter Omtzigt,independent,Christian Democratic Appeal,Christen Democratisch Appèl,unmatchable,3
NL,Pieter Omtzigt,independent,Christian Union,ChristenUnie,unmatchable,1
NL,Pieter Omtzigt,independent,Labour Party,Partij van de Arbeid,unmatchable,1
NL,Pieter Omtzigt,independent,Party for the Animals,Partij voor de Dieren,unmatchable,1
NL,Pieter Omtzigt,independent,Socialist Party,Socialistiese Partij,unmatchable,1
NL,Other,other,50PLUS,50PLUS,unmatchable,2
NL,Other,other,BoerBurgerBeweging,BoerBurgerBeweging,unmatchable,1
NL,Other,other,Christian Democratic Appeal,Christen Democratisch Appèl,unmatchable,13
NL,Other,other,Christian Union,ChristenUnie,unmatchable,2
NL,Other,other,Democrats '66,Democraten 66,unmatchable,6
NL,Other,other,Green Left,GroenLinks,unmatchable,8
NL,Other,other,JA21,Juiste Antwoord21,unmatchable,3
NL,Other,other,List Pim Fortuyn,Lijst Pim Fortuyn,unmatchable,11
NL,Other,other,Labour Party,Partij van de Arbeid,unmatchable,12
NL,Other,other,Party for the Animals,Partij voor de Dieren,unmatchable,1
NL,Other,other,Party for Freedom,Partij voor de Vrijheid,unmatchable,4
NL,Other,other,Socialist Party,Socialistiese Partij,unmatchable,9
NL,Other,other,Reformed Political Party,Staatkundig Gereformeerde Partij,unmatchable,1
NL,Other,other,People's Party for Freedom and Democracy,Volkspartij voor Vrijheid en Democratie,unmatchable,15
NL,Other,other,Volt,Volt Nederland,unmatchable,2
NL,Other,other,Other,other,unmatchable,25
NL,NA,refused,Labour Party,Partij van de Arbeid,unmatchable,2
NL,NA,refused,People's Party for Freedom and Democracy,Volkspartij voor Vrijheid en Democratie,unmatchable,3
NL,NA,refused,Blanc,blank-invalid,unmatchable,1
NL,NA,NA,Christian Democratic Appeal,Christen Democratisch Appèl,unmatchable,2
NL,NA,NA,Labour Party,Partij van de Arbeid,unmatchable,1
NL,NA,NA,Socialist Party,Socialistiese Partij,unmatchable,1
NL,NA,NA,People's Party for Freedom and Democracy,Volkspartij voor Vrijheid en Democratie,unmatchable,1
PL,Demokratyczna Partia Lewicy,Demokratyczna Partia Lewicy [og],Sojusz Lewicy Demokratycznej/Unia Pracy,Sojusz Lewicy Demokratycznej — Unia Pracy,different,2
PL,Wolnosc,Koalicja Odnowy Rzeczypospolitej Wolność i Nadzieja KORWiN,Koalicja Obywatelska,Koalicja Obywatelska,different,3
PL,KORWiN,Koalicja Odnowy Rzeczypospolitej Wolność i Nadzieja KORWiN,KORWiN,Koalicja Odnowy Rzeczypospolitej Wolność i Nadzieja KORWiN,same,12
PL,Wolnosc,Koalicja Odnowy Rzeczypospolitej Wolność i Nadzieja KORWiN,KORWiN,Koalicja Odnowy Rzeczypospolitej Wolność i Nadzieja KORWiN,same,3
PL,Wolnosc,Koalicja Odnowy Rzeczypospolitej Wolność i Nadzieja KORWiN,Konfederacja Wolność i Niepodległość,Konfederacja Wolność i Niepodległość,same,31
PL,Wolnosc,Koalicja Odnowy Rzeczypospolitej Wolność i Nadzieja KORWiN,Prawo i Sprawiedliwość,Prawo i Sprawiedliwość,different,10
PL,Wolnosc,Koalicja Odnowy Rzeczypospolitej Wolność i Nadzieja KORWiN,Other,other,unmatchable,1
PL,Konfederacja Wolność i Niepodległość,Konfederacja Wolność i Niepodległość,Koalicja Obywatelska,Koalicja Obywatelska,different,3
PL,Konfederacja Wolność i Niepodległość,Konfederacja Wolność i Niepodległość,Konfederacja Wolność i Niepodległość,Konfederacja Wolność i Niepodległość,same,20
PL,Konfederacja Wolność i Niepodległość,Konfederacja Wolność i Niepodległość,Prawo i Sprawiedliwość,Prawo i Sprawiedliwość,different,1
PL,Konfederacja Wolność i Niepodległość,Konfederacja Wolność i Niepodległość,Trzecia Droga,Trzecia Droga [og],different,2
PL,Nowa Prawica,Kongres Nowej Prawicy,Nowa Prawica,Kongres Nowej Prawicy,same,10
PL,Nowa Prawica,Kongres Nowej Prawicy,Platforma Obywatelska,Platforma Obywatelska,different,2
PL,Nowa Prawica,Kongres Nowej Prawicy,Prawo i Sprawiedliwość,Prawo i Sprawiedliwość,different,1
PL,Krajowa Partia Emerytow i Rencistow,Krajowa Partia Emerytów i Rencistów,Akcja Wyborcza Solidarność Prawicy,Akcja Wyborcza Solidarność Prawicy,different,2
PL,Krajowa Partia Emerytow i Rencistow,Krajowa Partia Emerytów i Rencistów,Platforma Obywatelska,Platforma Obywatelska,different,1
PL,Krajowa Partia Emerytow i Rencistow,Krajowa Partia Emerytów i Rencistów,Polskie Stronnictwo Ludowe,Polskie Stronnictwo Ludowe,different,1
PL,Kukiz'15,Kukiz'15,KORWiN,Koalicja Odnowy Rzeczypospolitej Wolność i Nadzieja KORWiN,different,3
PL,Kukiz'15,Kukiz'15,Konfederacja Wolność i Niepodległość,Konfederacja Wolność i Niepodległość,different,2
PL,Kukiz'15,Kukiz'15,Kukiz'15,Kukiz'15,same,30
PL,Kukiz'15,Kukiz'15,Platforma Obywatelska,Platforma Obywatelska,different,2
PL,Kukiz'15,Kukiz'15,Polskie Stronnictwo Ludowe,Polskie Stronnictwo Ludowe,different,1
PL,Kukiz'15,Kukiz'15,Prawo i Sprawiedliwość,Prawo i Sprawiedliwość,different,6
PL,Kukiz'15,Kukiz'15,Other,other,unmatchable,1
PL,Liga Polskich Rodzin,Liga Polskich Rodzin,Akcja Wyborcza Solidarność Prawicy,Akcja Wyborcza Solidarność Prawicy,different,6
PL,Liga Polskich Rodzin,Liga Polskich Rodzin,Liga Polskich Rodzin,Liga Polskich Rodzin,same,46
PL,Liga Polskich Rodzin,Liga Polskich Rodzin,Platforma Obywatelska,Platforma Obywatelska,different,5
PL,Liga Polskich Rodzin,Liga Polskich Rodzin,Polskie Stronnictwo Ludowe,Polskie Stronnictwo Ludowe,different,1
PL,Liga Polskich Rodzin,Liga Polskich Rodzin,Prawo i Sprawiedliwość,Prawo i Sprawiedliwość,different,9
PL,Liga Polskich Rodzin,Liga Polskich Rodzin,Samoobrona Rzeczypospolitej Polskiej,Samoobrona Rzeczypospolitej Polskiej,different,11
PL,Liga Polskich Rodzin,Liga Polskich Rodzin,Sojusz Lewicy Demokratycznej/Unia Pracy,Sojusz Lewicy Demokratycznej — Unia Pracy,different,5
PL,Nowa Lewica,Nowa Lewica,Koalicja Obywatelska,Koalicja Obywatelska,different,23
PL,Nowa Lewica,Nowa Lewica,Nowa Lewica,Nowa Lewica,same,18
PL,Nowa Lewica,Nowa Lewica,Prawo i Sprawiedliwość,Prawo i Sprawiedliwość,different,3
PL,Nowa Lewica,Nowa Lewica,Sojusz Lewicy Demokratycznej,Sojusz Lewicy Demokratycznej,same,26
PL,Nowa Lewica,Nowa Lewica,Trzecia Droga,Trzecia Droga [og],different,3
PL,Nowoczesna,Nowoczesna,KORWiN,Koalicja Odnowy Rzeczypospolitej Wolność i Nadzieja KORWiN,different,1
PL,Nowoczesna,Nowoczesna,Nowoczesna,Nowoczesna,same,25
PL,Nowoczesna,Nowoczesna,Platforma Obywatelska,Platforma Obywatelska,different,24
PL,Nowoczesna,Nowoczesna,Prawo i Sprawiedliwość,Prawo i Sprawiedliwość,different,4
PL,Nowoczesna,Nowoczesna,Zjednoczona Lewica,Zjednoczona Lewica,different,4
PL,Nowoczesna,Nowoczesna,Razem,[Lewica] Razem,different,1
PL,Partia Demokratyczna demokraci.pl,Partia Demokratyczna,Partia Demokratyczna demokraci.pl,Partia Demokratyczna,same,5
PL,Partia Demokratyczna demokraci.pl,Partia Demokratyczna,Platforma Obywatelska,Platforma Obywatelska,different,1
PL,Partia Demokratyczna – demokraci.pl,Partia Demokratyczna,Platforma Obywatelska,Platforma Obywatelska,different,3
PL,Partia Ludowo-Demokratyczna,Partia Ludowo-Demokratyczna [og],Sojusz Lewicy Demokratycznej/Unia Pracy,Sojusz Lewicy Demokratycznej — Unia Pracy,different,1
PL,Platforma Janusza Korwin-Mikke,Platforma Janusza Korwin-Mikke,Liga Polskich Rodzin,Liga Polskich Rodzin,different,1
PL,Platforma Janusza Korwin-Mikke,Platforma Janusza Korwin-Mikke,Platforma Janusza Korwin-Mikke,Platforma Janusza Korwin-Mikke,same,1
PL,Platforma Obywatelska,Platforma Obywatelska,Akcja Wyborcza Solidarność Prawicy,Akcja Wyborcza Solidarność Prawicy,different,6
PL,Platforma Obywatelska,Platforma Obywatelska,Dom Ojczysty,Dom Ojczysty [og],different,1
PL,Platforma Obywatelska,Platforma Obywatelska,Koalicja Bezpartyjni i Samorządowcy,Koalicja Bezpartyjni i Samorządowcy [og],different,3
PL,Platforma Obywatelska,Platforma Obywatelska,Koalicja Obywatelska,Koalicja Obywatelska,same,401
PL,Platforma Obywatelska,Platforma Obywatelska,Kukiz'15,Kukiz'15,different,1
PL,Platforma Obywatelska,Platforma Obywatelska,Lewica i Demokraci,Lewica i Demokraci,different,3
PL,Platforma Obywatelska,Platforma Obywatelska,Liga Polskich Rodzin,Liga Polskich Rodzin,different,1
PL,Platforma Obywatelska,Platforma Obywatelska,Nowa Lewica,Nowa Lewica,different,1
PL,Platforma Obywatelska,Platforma Obywatelska,Nowoczesna,Nowoczesna,different,4
PL,Platforma Obywatelska,Platforma Obywatelska,Partia Demokratyczna demokraci.pl,Partia Demokratyczna,different,1
PL,Platforma Obywatelska,Platforma Obywatelska,Platforma Obywatelska,Platforma Obywatelska,same,949
PL,Platforma Obywatelska,Platforma Obywatelska,Polskie Stronnictwo Ludowe,Polskie Stronnictwo Ludowe,different,2
PL,Platforma Obywatelska,Platforma Obywatelska,Prawo i Sprawiedliwość,Prawo i Sprawiedliwość,different,22
PL,Platforma Obywatelska,Platforma Obywatelska,Ruch Palikota,Ruch Palikota / Twój Ruch,different,1
PL,Platforma Obywatelska,Platforma Obywatelska,Samoobrona Rzeczypospolitej Polskiej,Samoobrona Rzeczypospolitej Polskiej,different,4
PL,Platforma Obywatelska,Platforma Obywatelska,Sojusz Lewicy Demokratycznej,Sojusz Lewicy Demokratycznej,different,10
PL,Platforma Obywatelska,Platforma Obywatelska,Sojusz Lewicy Demokratycznej/Unia Pracy,Sojusz Lewicy Demokratycznej — Unia Pracy,different,12
PL,Platforma Obywatelska,Platforma Obywatelska,Trzecia Droga,Trzecia Droga [og],different,5
PL,Platforma Obywatelska,Platforma Obywatelska,Unia Wolności,Unia Wolności,different,9
PL,Platforma Obywatelska,Platforma Obywatelska,Zjednoczona Lewica,Zjednoczona Lewica,different,2
PL,Platforma Obywatelska,Platforma Obywatelska,Razem,[Lewica] Razem,different,1
PL,Platforma Obywatelska,Platforma Obywatelska,Other,other,unmatchable,5
PL,Ruch Polska 2050 Szymona Hołowni,Polska 2050,Koalicja Bezpartyjni i Samorządowcy,Koalicja Bezpartyjni i Samorządowcy [og],different,7
PL,Polska 2050,Polska 2050,Koalicja Obywatelska,Koalicja Obywatelska,different,5
PL,Ruch Polska 2050 Szymona Hołowni,Polska 2050,Koalicja Obywatelska,Koalicja Obywatelska,different,47
PL,Ruch Polska 2050 Szymona Hołowni,Polska 2050,Konfederacja Wolność i Niepodległość,Konfederacja Wolność i Niepodległość,different,2
PL,Ruch Polska 2050 Szymona Hołowni,Polska 2050,Polskie Stronnictwo Ludowe,Polskie Stronnictwo Ludowe,different,3
PL,Ruch Polska 2050 Szymona Hołowni,Polska 2050,Prawo i Sprawiedliwość,Prawo i Sprawiedliwość,different,3
PL,Ruch Polska 2050 Szymona Hołowni,Polska 2050,Sojusz Lewicy Demokratycznej,Sojusz Lewicy Demokratycznej,different,11
PL,Polska 2050,Polska 2050,Trzecia Droga,Trzecia Droga [og],same,23
PL,Ruch Polska 2050 Szymona Hołowni,Polska 2050,Other,other,unmatchable,9
PL,Polska Partia Socjalistyczna,Polska Partia Socjalistyczna [og],Polska Partia Socjalistyczna,Polska Partia Socjalistyczna [og],same,1
PL,Polska Partia Socjalistyczna,Polska Partia Socjalistyczna [og],Sojusz Lewicy Demokratycznej/Unia Pracy,Sojusz Lewicy Demokratycznej — Unia Pracy,different,1
PL,Polska Jest Najważniejsza,Polska jest Najważniejsza,Prawo i Sprawiedliwość,Prawo i Sprawiedliwość,different,1
PL,Polskie Stronnictwo Ludowe,Polskie Stronnictwo Ludowe,Akcja Wyborcza Solidarność Prawicy,Akcja Wyborcza Solidarność Prawicy,different,3
PL,Polskie Stronnictwo Ludowe,Polskie Stronnictwo Ludowe,Koalicja Bezpartyjni i Samorządowcy,Koalicja Bezpartyjni i Samorządowcy [og],different,1
PL,Polskie Stronnictwo Ludowe,Polskie Stronnictwo Ludowe,Koalicja Obywatelska,Koalicja Obywatelska,different,4
PL,Polskie Stronnictwo Ludowe,Polskie Stronnictwo Ludowe,Liga Polskich Rodzin,Liga Polskich Rodzin,different,1
PL,Polskie Stronnictwo Ludowe,Polskie Stronnictwo Ludowe,Nowoczesna,Nowoczesna,different,1
PL,Polskie Stronnictwo Ludowe,Polskie Stronnictwo Ludowe,Platforma Obywatelska,Platforma Obywatelska,different,8
PL,Polskie Stronnictwo Ludowe,Polskie Stronnictwo Ludowe,Polskie Stronnictwo Ludowe,Polskie Stronnictwo Ludowe,same,204
PL,Polskie Stronnictwo Ludowe,Polskie Stronnictwo Ludowe,Prawo i Sprawiedliwość,Prawo i Sprawiedliwość,different,27
PL,Polskie Stronnictwo Ludowe,Polskie Stronnictwo Ludowe,Samoobrona Rzeczypospolitej Polskiej,Samoobrona Rzeczypospolitej Polskiej,different,3
PL,Polskie Stronnictwo Ludowe,Polskie Stronnictwo Ludowe,Sojusz Lewicy Demokratycznej,Sojusz Lewicy Demokratycznej,different,2
PL,Polskie Stronnictwo Ludowe,Polskie Stronnictwo Ludowe,Sojusz Lewicy Demokratycznej/Unia Pracy,Sojusz Lewicy Demokratycznej — Unia Pracy,different,4
PL,Polskie Stronnictwo Ludowe,Polskie Stronnictwo Ludowe,Trzecia Droga,Trzecia Droga [og],same,19
PL,Polskie Stronnictwo Ludowe,Polskie Stronnictwo Ludowe,Zjednoczona Lewica,Zjednoczona Lewica,different,1
PL,Porozumienie Jarosława Gowina,Porozumienie,Koalicja Bezpartyjni i Samorządowcy,Koalicja Bezpartyjni i Samorządowcy [og],different,1
PL,Porozumienie Jarosława Gowina,Porozumienie,Koalicja Obywatelska,Koalicja Obywatelska,different,1
PL,Prawica Rzeczpospolitej,Prawica Rzeczypospolitej,Prawo i Sprawiedliwość,Prawo i Sprawiedliwość,different,1
PL,Prawo i Sprawiedliwość,Prawo i Sprawiedliwość,Akcja Wyborcza Solidarność Prawicy,Akcja Wyborcza Solidarność Prawicy,different,14
PL,Prawo i Sprawiedliwość,Prawo i Sprawiedliwość,Kukiz'15,Kukiz'15,different,8
PL,Prawo i Sprawiedliwość,Prawo i Sprawiedliwość,Lewica i Demokraci,Lewica i Demokraci,different,3
PL,Prawo i Sprawiedliwość,Prawo i Sprawiedliwość,Liga Polskich Rodzin,Liga Polskich Rodzin,different,6
PL,Prawo i Sprawiedliwość,Prawo i Sprawiedliwość,Platforma Obywatelska,Platforma Obywatelska,different,16
PL,Prawo i Sprawiedliwość,Prawo i Sprawiedliwość,Polska Jest Najważniejsza,Polska jest Najważniejsza,different,1
PL,Prawo i Sprawiedliwość,Prawo i Sprawiedliwość,Polskie Stronnictwo Ludowe,Polskie Stronnictwo Ludowe,different,11
PL,Prawo i Sprawiedliwość,Prawo i Sprawiedliwość,Prawo i Sprawiedliwość,Prawo i Sprawiedliwość,same,1623
PL,Prawo i Sprawiedliwość,Prawo i Sprawiedliwość,Ruch Palikota,Ruch Palikota / Twój Ruch,different,3
PL,Prawo i Sprawiedliwość,Prawo i Sprawiedliwość,Samoobrona Rzeczypospolitej Polskiej,Samoobrona Rzeczypospolitej Polskiej,different,6
PL,Prawo i Sprawiedliwość,Prawo i Sprawiedliwość,Sojusz Lewicy Demokratycznej,Sojusz Lewicy Demokratycznej,different,4
PL,Prawo i Sprawiedliwość,Prawo i Sprawiedliwość,Sojusz Lewicy Demokratycznej/Unia Pracy,Sojusz Lewicy Demokratycznej — Unia Pracy,different,5
PL,Prawo i Sprawiedliwość,Prawo i Sprawiedliwość,Trzecia Droga,Trzecia Droga [og],different,1
PL,Prawo i Sprawiedliwość,Prawo i Sprawiedliwość,Unia Wolności,Unia Wolności,different,1
PL,Prawo i Sprawiedliwość,Prawo i Sprawiedliwość,Zjednoczona Lewica,Zjednoczona Lewica,different,1
PL,Prawo i Sprawiedliwość,Prawo i Sprawiedliwość,Other,other,unmatchable,1
PL,Ruch Narodowy,Ruch Narodowy,Prawo i Sprawiedliwość,Prawo i Sprawiedliwość,different,3
PL,Ruch Palikota,Ruch Palikota / Twój Ruch,Platforma Obywatelska,Platforma Obywatelska,different,4
PL,Ruch Palikota,Ruch Palikota / Twój Ruch,Prawo i Sprawiedliwość,Prawo i Sprawiedliwość,different,1
PL,Ruch Palikota,Ruch Palikota / Twój Ruch,Ruch Palikota,Ruch Palikota / Twój Ruch,same,5
PL,Twoj Ruch,Ruch Palikota / Twój Ruch,Ruch Palikota,Ruch Palikota / Twój Ruch,same,1
PL,Twoj Ruch,Ruch Palikota / Twój Ruch,Other,other,unmatchable,1
PL,Samoobrona Rzeczypospolitej Polskiej,Samoobrona Rzeczypospolitej Polskiej,Akcja Wyborcza Solidarność Prawicy,Akcja Wyborcza Solidarność Prawicy,different,1
PL,Samoobrona Rzeczypospolitej Polskiej,Samoobrona Rzeczypospolitej Polskiej,Liga Polskich Rodzin,Liga Polskich Rodzin,different,4
PL,Samoobrona Rzeczypospolitej Polskiej,Samoobrona Rzeczypospolitej Polskiej,Platforma Obywatelska,Platforma Obywatelska,different,4
PL,Samoobrona Rzeczypospolitej Polskiej,Samoobrona Rzeczypospolitej Polskiej,Polskie Stronnictwo Ludowe,Polskie Stronnictwo Ludowe,different,9
PL,Samoobrona Rzeczypospolitej Polskiej,Samoobrona Rzeczypospolitej Polskiej,Prawo i Sprawiedliwość,Prawo i Sprawiedliwość,different,8
PL,Samoobrona Rzeczypospolitej Polskiej,Samoobrona Rzeczypospolitej Polskiej,Samoobrona Rzeczypospolitej Polskiej,Samoobrona Rzeczypospolitej Polskiej,same,64
PL,Samoobrona Rzeczypospolitej Polskiej,Samoobrona Rzeczypospolitej Polskiej,Sojusz Lewicy Demokratycznej/Unia Pracy,Sojusz Lewicy Demokratycznej — Unia Pracy,different,14
PL,Socjaldemokracja Polska,Socjaldemokracja Polska,Lewica i Demokraci,Lewica i Demokraci,same,10
PL,Socjaldemokracja Polska,Socjaldemokracja Polska,Platforma Obywatelska,Platforma Obywatelska,different,2
PL,Socjaldemokracja Polska,Socjaldemokracja Polska,Polskie Stronnictwo Ludowe,Polskie Stronnictwo Ludowe,different,1
PL,Socjaldemokracja Polska,Socjaldemokracja Polska,Prawo i Sprawiedliwość,Prawo i Sprawiedliwość,different,1
PL,Socjaldemokracja Polska,Socjaldemokracja Polska,Samoobrona Rzeczypospolitej Polskiej,Samoobrona Rzeczypospolitej Polskiej,different,3
PL,Socjaldemokracja Polska,Socjaldemokracja Polska,Socjaldemokracja Polska,Socjaldemokracja Polska,same,2
PL,Socjaldemokracja Polska,Socjaldemokracja Polska,Sojusz Lewicy Demokratycznej,Sojusz Lewicy Demokratycznej,different,1
PL,Socjaldemokracja Polska,Socjaldemokracja Polska,Sojusz Lewicy Demokratycznej/Unia Pracy,Sojusz Lewicy Demokratycznej — Unia Pracy,different,10
PL,Socjaldemokracja Polska,Socjaldemokracja Polska,Unia Wolności,Unia Wolności,different,1
PL,Sojusz Lewicy Demokratycznej,Sojusz Lewicy Demokratycznej,Kukiz'15,Kukiz'15,different,2
PL,Sojusz Lewicy Demokratycznej,Sojusz Lewicy Demokratycznej,Lewica i Demokraci,Lewica i Demokraci,same,62
PL,Sojusz Lewicy Demokratycznej,Sojusz Lewicy Demokratycznej,Mniejszość Niemiecka,Mniejszość niemiecka w Polsce,different,1
PL,Sojusz Lewicy Demokratycznej,Sojusz Lewicy Demokratycznej,Nowoczesna,Nowoczesna,different,2
PL,Sojusz Lewicy Demokratycznej,Sojusz Lewicy Demokratycznej,Platforma Obywatelska,Platforma Obywatelska,different,50
PL,Sojusz Lewicy Demokratycznej,Sojusz Lewicy Demokratycznej,Polskie Stronnictwo Ludowe,Polskie Stronnictwo Ludowe,different,8
PL,Sojusz Lewicy Demokratycznej,Sojusz Lewicy Demokratycznej,Prawo i Sprawiedliwość,Prawo i Sprawiedliwość,different,10
PL,Sojusz Lewicy Demokratycznej,Sojusz Lewicy Demokratycznej,Sojusz Lewicy Demokratycznej,Sojusz Lewicy Demokratycznej,same,102
PL,Sojusz Lewicy Demokratycznej,Sojusz Lewicy Demokratycznej,Sojusz Lewicy Demokratycznej/Unia Pracy,Sojusz Lewicy Demokratycznej — Unia Pracy,same,209
PL,Sojusz Lewicy Demokratycznej,Sojusz Lewicy Demokratycznej,Zjednoczona Lewica,Zjednoczona Lewica,same,25
PL,Sojusz Lewicy Demokratycznej,Sojusz Lewicy Demokratycznej,Razem,[Lewica] Razem,different,1
PL,Solidarna Polska,Solidarna Polska,Koalicja Bezpartyjni i Samorządowcy,Koalicja Bezpartyjni i Samorządowcy [og],different,1
PL,Solidarna Polska,Solidarna Polska,Polska Partia Pracy – Sierpień '80,Polska Partia Pracy,different,1
PL,Solidarna Polska,Solidarna Polska,Prawo i Sprawiedliwość,Prawo i Sprawiedliwość,different,9
PL,Solidarna Polska,Solidarna Polska,Other,other,unmatchable,1
PL,Stronnictwo Demokratyczne,Stronnictwo Demokratyczne,Lewica i Demokraci,Lewica i Demokraci,different,2
PL,Stronnictwo Demokratyczne,Stronnictwo Demokratyczne,Platforma Obywatelska,Platforma Obywatelska,different,3
PL,Stronnictwo Konserwatywno-Ludowe-Ruch Nowej Polski,Stronnictwo Konserwatywno-Ludowe,Platforma Obywatelska,Platforma Obywatelska,different,1
PL,Suwerenna Polska,Suwerenna Polska,Prawo i Sprawiedliwość,Prawo i Sprawiedliwość,different,2
PL,Suwerenna Polska,Suwerenna Polska,Trzecia Droga,Trzecia Droga [og],different,2
PL,Unia Polityki Realnej,Unia Polityki Realnej,Akcja Wyborcza Solidarność Prawicy,Akcja Wyborcza Solidarność Prawicy,different,1
PL,Unia Polityki Realnej,Unia Polityki Realnej,Platforma Obywatelska,Platforma Obywatelska,different,5
PL,Unia Polityki Realnej,Unia Polityki Realnej,Prawo i Sprawiedliwość,Prawo i Sprawiedliwość,different,3
PL,Unia Pracy,Unia Pracy,Akcja Wyborcza Solidarność Prawicy,Akcja Wyborcza Solidarność Prawicy,different,1
PL,Unia Pracy,Unia Pracy,Platforma Obywatelska,Platforma Obywatelska,different,1
PL,Unia Pracy,Unia Pracy,Sojusz Lewicy Demokratycznej/Unia Pracy,Sojusz Lewicy Demokratycznej — Unia Pracy,same,9
PL,Unia Wolnosci,Unia Wolności,Platforma Obywatelska,Platforma Obywatelska,different,4
PL,Unia Wolności,Unia Wolności,Platforma Obywatelska,Platforma Obywatelska,different,1
PL,Unia Wolnosci,Unia Wolności,Samoobrona Rzeczypospolitej Polskiej,Samoobrona Rzeczypospolitej Polskiej,different,1
PL,Unia Wolnosci,Unia Wolności,Sojusz Lewicy Demokratycznej/Unia Pracy,Sojusz Lewicy Demokratycznej — Unia Pracy,different,1
PL,Unia Wolności,Unia Wolności,Sojusz Lewicy Demokratycznej/Unia Pracy,Sojusz Lewicy Demokratycznej — Unia Pracy,different,3
PL,Unia Wolnosci,Unia Wolności,Unia Wolności,Unia Wolności,same,17
PL,Unia Wolności,Unia Wolności,Unia Wolności,Unia Wolności,same,11
PL,Zjednoczenie Chrzescijansko-Narodowe,Zjednoczenie Chrześcijańsko-Narodowe,Akcja Wyborcza Solidarność Prawicy,Akcja Wyborcza Solidarność Prawicy,same,3
PL,Lewica Razem,[Lewica] Razem,Koalicja Obywatelska,Koalicja Obywatelska,different,6
PL,Razem,[Lewica] Razem,Koalicja Obywatelska,Koalicja Obywatelska,different,4
PL,Razem,[Lewica] Razem,Kukiz'15,Kukiz'15,different,1
PL,Lewica Razem,[Lewica] Razem,Nowa Lewica,Nowa Lewica,same,9
PL,Razem,[Lewica] Razem,Nowoczesna,Nowoczesna,different,1
PL,Razem,[Lewica] Razem,Platforma Obywatelska,Platforma Obywatelska,different,3
PL,Razem,[Lewica] Razem,Polskie Stronnictwo Ludowe,Polskie Stronnictwo Ludowe,different,1
PL,Razem,[Lewica] Razem,Prawo i Sprawiedliwość,Prawo i Sprawiedliwość,different,4
PL,Razem,[Lewica] Razem,Sojusz Lewicy Demokratycznej,Sojusz Lewicy Demokratycznej,different,5
PL,Razem,[Lewica] Razem,Zjednoczona Lewica,Zjednoczona Lewica,different,1
PL,Razem,[Lewica] Razem,Razem,[Lewica] Razem,same,6
PL,Razem,[Lewica] Razem,Other,other,unmatchable,3
PL,NA,dont-know,Akcja Wyborcza Solidarność Prawicy,Akcja Wyborcza Solidarność Prawicy,unmatchable,3
PL,NA,dont-know,Koalicja Obywatelska,Koalicja Obywatelska,unmatchable,1
PL,NA,dont-know,Liga Polskich Rodzin,Liga Polskich Rodzin,unmatchable,1
PL,NA,dont-know,Platforma Obywatelska,Platforma Obywatelska,unmatchable,5
PL,NA,dont-know,Polskie Stronnictwo Ludowe,Polskie Stronnictwo Ludowe,unmatchable,1
PL,NA,dont-know,Prawo i Sprawiedliwość,Prawo i Sprawiedliwość,unmatchable,5
PL,NA,dont-know,Sojusz Lewicy Demokratycznej/Unia Pracy,Sojusz Lewicy Demokratycznej — Unia Pracy,unmatchable,1
PL,Other,other,Akcja Wyborcza Solidarność Prawicy,Akcja Wyborcza Solidarność Prawicy,unmatchable,9
PL,Other,other,Alternatywa Ruch Społeczny,Alternatywa Ruch Społeczny [og],unmatchable,1
PL,Other,other,Koalicja Obywatelska,Koalicja Obywatelska,unmatchable,5
PL,Other,other,Konfederacja Wolność i Niepodległość,Konfederacja Wolność i Niepodległość,unmatchable,2
PL,Other,other,Nowa Prawica,Kongres Nowej Prawicy,unmatchable,5
PL,Other,other,Kukiz'15,Kukiz'15,unmatchable,1
PL,Other,other,Lewica i Demokraci,Lewica i Demokraci,unmatchable,2
PL,Other,other,Nowa Lewica,Nowa Lewica,unmatchable,1
PL,Other,other,Platforma Obywatelska,Platforma Obywatelska,unmatchable,8
PL,Other,other,Polskie Stronnictwo Ludowe,Polskie Stronnictwo Ludowe,unmatchable,3
PL,Other,other,Prawo i Sprawiedliwość,Prawo i Sprawiedliwość,unmatchable,5
PL,Other,other,Sojusz Lewicy Demokratycznej,Sojusz Lewicy Demokratycznej,unmatchable,2
PL,Other,other,Sojusz Lewicy Demokratycznej/Unia Pracy,Sojusz Lewicy Demokratycznej — Unia Pracy,unmatchable,2
PL,Other,other,Trzecia Droga,Trzecia Droga [og],unmatchable,1
PL,Other,other,Zjednoczona Lewica,Zjednoczona Lewica,unmatchable,2
PL,Other,other,Other,other,unmatchable,6
PL,NA,refused,Akcja Wyborcza Solidarność Prawicy,Akcja Wyborcza Solidarność Prawicy,unmatchable,1
PL,NA,refused,Koalicja Obywatelska,Koalicja Obywatelska,unmatchable,1
PL,NA,refused,Nowoczesna,Nowoczesna,unmatchable,1
PL,NA,refused,Platforma Obywatelska,Platforma Obywatelska,unmatchable,3
PL,NA,refused,Zjednoczona Lewica,Zjednoczona Lewica,unmatchable,1
PL,NA,NA,Koalicja Bezpartyjni i Samorządowcy,Koalicja Bezpartyjni i Samorządowcy [og],unmatchable,1
PL,NA,NA,Koalicja Obywatelska,Koalicja Obywatelska,unmatchable,4
PL,NA,NA,Nowa Lewica,Nowa Lewica,unmatchable,1
PL,NA,NA,Platforma Obywatelska,Platforma Obywatelska,unmatchable,3
PL,NA,NA,Prawo i Sprawiedliwość,Prawo i Sprawiedliwość,unmatchable,9
PL,NA,NA,Unia Wolności,Unia Wolności,unmatchable,1
PT,B.E. - Bloco de Esquerda,Bloco de Esquerda,B.E. - Bloco de Esquerda,Bloco de Esquerda,same,166
PT,BE - Bloco de Esquerda,Bloco de Esquerda,BE - Bloco de Esquerda,Bloco de Esquerda,same,39
PT,Bloco de Esquerda (BE),Bloco de Esquerda,Bloco de Esquerda (BE),Bloco de Esquerda,same,86
PT,BE - Bloco de Esquerda,Bloco de Esquerda,CDS/PP - Centro Democrático Social/Partido Popular,Centro Democrático e Social / Partido Popular,different,1
PT,B.E. - Bloco de Esquerda,Bloco de Esquerda,PCP-PEV - CDU - Coligação Democrática Unitária,Coligação Democrática Unitária,different,5
PT,B.E. - Bloco de Esquerda,Bloco de Esquerda,PCP/PEV - Partido Comunista Português Partido Ecolo,Coligação Democrática Unitária,different,3
PT,BE - Bloco de Esquerda,Bloco de Esquerda,PCP-PEV - Partido Comunista Português - Partido Ecologista os Verdes,Coligação Democrática Unitária,different,2
PT,Bloco de Esquerda (BE),Bloco de Esquerda,Coligação Democrática Unitária (CDU),Coligação Democrática Unitária,different,3
PT,B.E. - Bloco de Esquerda,Bloco de Esquerda,PCTP/MRPP - Partido Comunista dos Trabalhadores Portugueses,Comunista dos Trabalhadores Portugueses / Movimento Reorganizativo do Partido do Proletariado,different,1
PT,BE - Bloco de Esquerda,Bloco de Esquerda,PCTP-MRPP - Partido Comunista dos Trabalhadores Portugueses - Movimento Reorganizativo do Proletariado Português,Comunista dos Trabalhadores Portugueses / Movimento Reorganizativo do Partido do Proletariado,different,1
PT,B.E. - Bloco de Esquerda,Bloco de Esquerda,L/TDA - LIVRE/Tempo de Avançar,"Livre — Liberdade, Esquerda, Europa e Ecologia",different,1
PT,B.E. - Bloco de Esquerda,Bloco de Esquerda,PPD/PSD - Partido Social Democrata,Partido Popular Democrático / Partido Social Democrata,different,1
PT,B.E. - Bloco de Esquerda,Bloco de Esquerda,PSD - Partido Social Democrata,Partido Popular Democrático / Partido Social Democrata,different,4
PT,BE - Bloco de Esquerda,Bloco de Esquerda,PSD - Partido Social Democrata,Partido Popular Democrático / Partido Social Democrata,different,1
PT,Bloco de Esquerda (BE),Bloco de Esquerda,Partido Social Democrata (PSD),Partido Popular Democrático / Partido Social Democrata,different,2
PT,B.E. - Bloco de Esquerda,Bloco de Esquerda,PS - Partido Socialista,Partido Socialista,different,25
PT,BE - Bloco de Esquerda,Bloco de Esquerda,PS - Partido Socialista,Partido Socialista,different,12
PT,Bloco de Esquerda (BE),Bloco de Esquerda,Partido Socialista (PS),Partido Socialista,different,12
PT,B.E. - Bloco de Esquerda,Bloco de Esquerda,PPD-PSD/CDS-PP - Portugal à Frente,Portugal à Frente,different,3
PT,CDS/PP - Centro Democrático Social/Partido Popular,Centro Democrático e Social / Partido Popular,BE - Bloco de Esquerda,Bloco de Esquerda,different,1
PT,CDS-PP - CDS-Partido Popular,Centro Democrático e Social / Partido Popular,CDS-PP - CDS-Partido Popular,Centro Democrático e Social / Partido Popular,same,21
PT,CDS/PP - Centro Democrático Social / Partido Popular,Centro Democrático e Social / Partido Popular,CDS/PP - Centro Democrático Social / Partido Popular,Centro Democrático e Social / Partido Popular,same,36
PT,CDS/PP - Centro Democrático Social/Partido Popular,Centro Democrático e Social / Partido Popular,CDS/PP - Centro Democrático Social/Partido Popular,Centro Democrático e Social / Partido Popular,same,41
PT,Centro Democrático Social - Partido Popular (CDS-PP),Centro Democrático e Social / Partido Popular,Centro Democrático Social - Partido Popular (CDS-PP),Centro Democrático e Social / Partido Popular,same,53
PT,CDS-PP,Centro Democrático e Social / Partido Popular,PCP-PEV - CDU - Coligação Democrática Unitária,Coligação Democrática Unitária,different,1
PT,CDS/PP - Centro Democrático Social/Partido Popular,Centro Democrático e Social / Partido Popular,PCP-PEV - Partido Comunista Português - Partido Ecologista os Verdes,Coligação Democrática Unitária,different,1
PT,Centro Democrático Social - Partido Popular (CDS-PP),Centro Democrático e Social / Partido Popular,Coligação Democrática Unitária (CDU),Coligação Democrática Unitária,different,1
PT,CDS-PP,Centro Democrático e Social / Partido Popular,PCTP/MRPP - Partido Comunista dos Trabalhadores Portugueses,Comunista dos Trabalhadores Portugueses / Movimento Reorganizativo do Partido do Proletariado,different,1
PT,CDS-PP - CDS-Partido Popular,Centro Democrático e Social / Partido Popular,PPD/PSD - Partido Social Democrata,Partido Popular Democrático / Partido Social Democrata,different,1
PT,CDS/PP - Centro Democrático Social / Partido Popular,Centro Democrático e Social / Partido Popular,PSD - Partido Social Democrata,Partido Popular Democrático / Partido Social Democrata,different,4
PT,CDS/PP - Centro Democrático Social/Partido Popular,Centro Democrático e Social / Partido Popular,PSD - Partido Social Democrata,Partido Popular Democrático / Partido Social Democrata,different,7
PT,Centro Democrático Social - Partido Popular (CDS-PP),Centro Democrático e Social / Partido Popular,Partido Social Democrata (PSD),Partido Popular Democrático / Partido Social Democrata,different,5
PT,CDS-PP,Centro Democrático e Social / Partido Popular,PS - Partido Socialista,Partido Socialista,different,2
PT,CDS-PP - CDS-Partido Popular,Centro Democrático e Social / Partido Popular,PS - Partido Socialista,Partido Socialista,different,1
PT,CDS/PP - Centro Democrático Social/Partido Popular,Centro Democrático e Social / Partido Popular,PS - Partido Socialista,Partido Socialista,different,3
PT,Centro Democrático Social - Partido Popular (CDS-PP),Centro Democrático e Social / Partido Popular,Partido Socialista (PS),Partido Socialista,different,1
PT,Centro Democrático Social - Partido Popular (CDS-PP),Centro Democrático e Social / Partido Popular,Nova democracia (PND),Partido da Nova Democracia,different,1
PT,CDS-PP,Centro Democrático e Social / Partido Popular,PPD-PSD/CDS-PP - Portugal à Frente,Portugal à Frente,same,33
PT,Centro Democrático Social - Partido Popular (CDS-PP),Centro Democrático e Social / Partido Popular,Outro,other,unmatchable,2
PT,CHEGA,Chega,ADN - Alternativa Democrática Nacional,Alternativa Democrática Nacional,different,1
PT,CHEGA,Chega,B.E. - Bloco de Esquerda,Bloco de Esquerda,different,1
PT,CHEGA,Chega,CHEGA,Chega,same,45
PT,CHEGA,Chega,PCP-PEV - CDU - Coligação Democrática Unitária,Coligação Democrática Unitária,different,2
PT,CHEGA,Chega,L - LIVRE,"Livre — Liberdade, Esquerda, Europa e Ecologia",different,1
PT,CHEGA,Chega,"NC - Nós, Cidadãos!","Nós, Cidadãos!",different,1
PT,CHEGA,Chega,PPD/PSD - Partido Social Democrata,Partido Popular Democrático / Partido Social Democrata,different,7
PT,CHEGA,Chega,PS - Partido Socialista,Partido Socialista,different,4
PT,CDU – Coligação Democrática Unitária (PCP-PEV),Coligação Democrática Unitária,Bloco de Esquerda (BE),Bloco de Esquerda,different,1
PT,Coligação Democrática Unitária (CDU),Coligação Democrática Unitária,Bloco de Esquerda (BE),Bloco de Esquerda,different,1
PT,PCP-PEV - CDU - Coligação Democrática Unitária,Coligação Democrática Unitária,B.E. - Bloco de Esquerda,Bloco de Esquerda,different,2
PT,PCP-PEV - Partido Comunista Português - Partido Ecologista os Verdes,Coligação Democrática Unitária,BE - Bloco de Esquerda,Bloco de Esquerda,different,1
PT,PCP-PEV - Partido Comunista Português - Partido Ecologista os Verdes,Coligação Democrática Unitária,CDS/PP - Centro Democrático Social/Partido Popular,Centro Democrático e Social / Partido Popular,different,2
PT,CDU – Coligação Democrática Unitária (PCP-PEV),Coligação Democrática Unitária,Coligação Democrática Unitária (CDU),Coligação Democrática Unitária,same,39
PT,Coligação Democrática Unitária (CDU),Coligação Democrática Unitária,Coligação Democrática Unitária (CDU),Coligação Democrática Unitária,same,90
PT,PCP-PEV - CDU - Coligação Democrática Unitária,Coligação Democrática Unitária,PCP-PEV - CDU - Coligação Democrática Unitária,Coligação Democrática Unitária,same,65
PT,PCP-PEV - Partido Comunista Português - Partido Ecologista os Verdes,Coligação Democrática Unitária,PCP-PEV - Partido Comunista Português - Partido Ecologista os Verdes,Coligação Democrática Unitária,same,118
PT,PCP/PEV - Partido Comunista Português Partido Ecolo,Coligação Democrática Unitária,PCP/PEV - Partido Comunista Português Partido Ecolo,Coligação Democrática Unitária,same,50
PT,Coligação Democrática Unitária (CDU),Coligação Democrática Unitária,Partido Comunista dos Trabalhadores Portugueses/Movimento Reorganizativo do Partido do Proletariado (PCTP-MRPP),Comunista dos Trabalhadores Portugueses / Movimento Reorganizativo do Partido do Proletariado,different,1
PT,PCP-PEV - CDU - Coligação Democrática Unitária,Coligação Democrática Unitária,PCTP/MRPP - Partido Comunista dos Trabalhadores Portugueses,Comunista dos Trabalhadores Portugueses / Movimento Reorganizativo do Partido do Proletariado,different,2
PT,PCP-PEV - Partido Comunista Português - Partido Ecologista os Verdes,Coligação Democrática Unitária,PCTP-MRPP - Partido Comunista dos Trabalhadores Portugueses - Movimento Reorganizativo do Proletariado Português,Comunista dos Trabalhadores Portugueses / Movimento Reorganizativo do Partido do Proletariado,different,2
PT,CDU – Coligação Democrática Unitária (PCP-PEV),Coligação Democrática Unitária,Partido Social Democrata (PSD),Partido Popular Democrático / Partido Social Democrata,different,1
PT,Coligação Democrática Unitária (CDU),Coligação Democrática Unitária,Partido Social Democrata (PSD),Partido Popular Democrático / Partido Social Democrata,different,3
PT,CDU – Coligação Democrática Unitária (PCP-PEV),Coligação Democrática Unitária,Partido Socialista (PS),Partido Socialista,different,1
PT,Coligação Democrática Unitária (CDU),Coligação Democrática Unitária,Partido Socialista (PS),Partido Socialista,different,1
PT,PCP-PEV - CDU - Coligação Democrática Unitária,Coligação Democrática Unitária,PS - Partido Socialista,Partido Socialista,different,8
PT,PCP-PEV - Partido Comunista Português - Partido Ecologista os Verdes,Coligação Democrática Unitária,PS - Partido Socialista,Partido Socialista,different,11
PT,PCP/PEV - Partido Comunista Português Partido Ecolo,Coligação Democrática Unitária,PS - Partido Socialista,Partido Socialista,different,4
PT,PCP-PEV - CDU - Coligação Democrática Unitária,Coligação Democrática Unitária,PPD-PSD/CDS-PP - Portugal à Frente,Portugal à Frente,different,3
PT,PCP-PEV - CDU - Coligação Democrática Unitária,Coligação Democrática Unitária,Other,other,unmatchable,1
PT,Partido Comunista dos Trabalhadores Port./Movimento Reorganizativo do Proletariado Port. (PCTP-MRPP),Comunista dos Trabalhadores Portugueses / Movimento Reorganizativo do Partido do Proletariado,Bloco de Esquerda (BE),Bloco de Esquerda,different,1
PT,Partido Comunista dos Trabalhadores Portugueses/Movimento Reorganizativo do Partido do Proletariado (PCTP-MRPP),Comunista dos Trabalhadores Portugueses / Movimento Reorganizativo do Partido do Proletariado,Bloco de Esquerda (BE),Bloco de Esquerda,different,1
PT,PCTP-MRPP - Partido Comunista dos Trabalhadores Portugueses - Movimento Reorganizativo do Proletariado Português,Comunista dos Trabalhadores Portugueses / Movimento Reorganizativo do Partido do Proletariado,PCP-PEV - Partido Comunista Português - Partido Ecologista os Verdes,Coligação Democrática Unitária,different,3
PT,PCTP/MRPP - Partido Comunista dos Trabalhadores Po,Comunista dos Trabalhadores Portugueses / Movimento Reorganizativo do Partido do Proletariado,PCP/PEV - Partido Comunista Português Partido Ecolo,Coligação Democrática Unitária,different,1
PT,PCTP/MRPP - Partido Comunista dos Trabalhadores Portugueses,Comunista dos Trabalhadores Portugueses / Movimento Reorganizativo do Partido do Proletariado,PCP-PEV - CDU - Coligação Democrática Unitária,Coligação Democrática Unitária,different,2
PT,PCTP-MRPP - Partido Comunista dos Trabalhadores Portugueses - Movimento Reorganizativo do Proletariado Português,Comunista dos Trabalhadores Portugueses / Movimento Reorganizativo do Partido do Proletariado,PCTP-MRPP - Partido Comunista dos Trabalhadores Portugueses - Movimento Reorganizativo do Proletariado Português,Comunista dos Trabalhadores Portugueses / Movimento Reorganizativo do Partido do Proletariado,same,11
PT,PCTP/MRPP - Partido Comunista dos Trabalhadores Po,Comunista dos Trabalhadores Portugueses / Movimento Reorganizativo do Partido do Proletariado,PCTP/MRPP - Partido Comunista dos Trabalhadores Po,Comunista dos Trabalhadores Portugueses / Movimento Reorganizativo do Partido do Proletariado,same,1
PT,PCTP/MRPP - Partido Comunista dos Trabalhadores Portugueses,Comunista dos Trabalhadores Portugueses / Movimento Reorganizativo do Partido do Proletariado,PCTP/MRPP - Partido Comunista dos Trabalhadores Portugueses,Comunista dos Trabalhadores Portugueses / Movimento Reorganizativo do Partido do Proletariado,same,6
PT,Partido Comunista dos Trabalhadores Port./Movimento Reorganizativo do Proletariado Port. (PCTP-MRPP),Comunista dos Trabalhadores Portugueses / Movimento Reorganizativo do Partido do Proletariado,Partido Comunista dos Trabalhadores Portugueses/Movimento Reorganizativo do Partido do Proletariado (PCTP-MRPP),Comunista dos Trabalhadores Portugueses / Movimento Reorganizativo do Partido do Proletariado,same,3
PT,Partido Comunista dos Trabalhadores Portugueses/Movimento Reorganizativo do Partido do Proletariado (PCTP-MRPP),Comunista dos Trabalhadores Portugueses / Movimento Reorganizativo do Partido do Proletariado,Partido Comunista dos Trabalhadores Portugueses/Movimento Reorganizativo do Partido do Proletariado (PCTP-MRPP),Comunista dos Trabalhadores Portugueses / Movimento Reorganizativo do Partido do Proletariado,same,4
PT,PCTP-MRPP - Partido Comunista dos Trabalhadores Portugueses - Movimento Reorganizativo do Proletariado Português,Comunista dos Trabalhadores Portugueses / Movimento Reorganizativo do Partido do Proletariado,PNR - Partido Nacional Renovador,PNR - Partido Nacional Renovador [og],different,1
PT,PCTP-MRPP - Partido Comunista dos Trabalhadores Portugueses - Movimento Reorganizativo do Proletariado Português,Comunista dos Trabalhadores Portugueses / Movimento Reorganizativo do Partido do Proletariado,PS - Partido Socialista,Partido Socialista,different,1
PT,PCTP/MRPP - Partido Comunista dos Trabalhadores Po,Comunista dos Trabalhadores Portugueses / Movimento Reorganizativo do Partido do Proletariado,PS - Partido Socialista,Partido Socialista,different,1
PT,PCTP/MRPP - Partido Comunista dos Trabalhadores Portugueses,Comunista dos Trabalhadores Portugueses / Movimento Reorganizativo do Partido do Proletariado,PS - Partido Socialista,Partido Socialista,different,4
PT,IL - Iniciativa Liberal,Iniciativa Liberal,CDS-PP - CDS-Partido Popular,Centro Democrático e Social / Partido Popular,different,1
PT,IL - Iniciativa Liberal,Iniciativa Liberal,CHEGA,Chega,different,1
PT,IL - Iniciativa Liberal,Iniciativa Liberal,PCP-PEV - CDU - Coligação Democrática Unitária,Coligação Democrática Unitária,different,1
PT,IL - Iniciativa Liberal,Iniciativa Liberal,IL - Iniciativa Liberal,Iniciativa Liberal,same,22
PT,IL - Iniciativa Liberal,Iniciativa Liberal,PPD/PSD - Partido Social Democrata,Partido Popular Democrático / Partido Social Democrata,different,5
PT,IL - Iniciativa Liberal,Iniciativa Liberal,PS - Partido Socialista,Partido Socialista,different,3
PT,JPP - Juntos pelo Povo,JPP - Juntos pelo Povo [og],L/TDA - LIVRE/Tempo de Avançar,"Livre — Liberdade, Esquerda, Europa e Ecologia",different,1
PT,L - LIVRE,"Livre — Liberdade, Esquerda, Europa e Ecologia",B.E. - Bloco de Esquerda,Bloco de Esquerda,different,1
PT,L - LIVRE,"Livre — Liberdade, Esquerda, Europa e Ecologia",PCP-PEV - CDU - Coligação Democrática Unitária,Coligação Democrática Unitária,different,2
PT,L - LIVRE,"Livre — Liberdade, Esquerda, Europa e Ecologia",L - LIVRE,"Livre — Liberdade, Esquerda, Europa e Ecologia",same,7
PT,L/TDA - LIVRE/Tempo de Avançar,"Livre — Liberdade, Esquerda, Europa e Ecologia",L/TDA - LIVRE/Tempo de Avançar,"Livre — Liberdade, Esquerda, Europa e Ecologia",same,2
PT,L - LIVRE,"Livre — Liberdade, Esquerda, Europa e Ecologia",PS - Partido Socialista,Partido Socialista,different,4
PT,L/TDA - LIVRE/Tempo de Avançar,"Livre — Liberdade, Esquerda, Europa e Ecologia",PS - Partido Socialista,Partido Socialista,different,1
PT,LIVRE,"Livre — Liberdade, Esquerda, Europa e Ecologia",Partido Socialista (PS),Partido Socialista,different,1
PT,MPT - Movimento Partido da Terra,Movimento Partido da Terra / Partido da Terra,PCP/PEV - Partido Comunista Português Partido Ecolo,Coligação Democrática Unitária,different,1
PT,MPT - Partido da Terra,Movimento Partido da Terra / Partido da Terra,MPT - Partido da Terra,Movimento Partido da Terra / Partido da Terra,same,2
PT,PNR - Partido Nacional Renovador,PNR - Partido Nacional Renovador [og],PNR - Partido Nacional Renovador,PNR - Partido Nacional Renovador [og],same,1
PT,PPV/CDC - Partido Cidadania e Democracia Cristã,PPV/CDC - Partido Cidadania e Democracia Cristã [og],CDS-PP - CDS-Partido Popular,Centro Democrático e Social / Partido Popular,different,1
PT,PPV/CDC - Partido Cidadania e Democracia Cristã,PPV/CDC - Partido Cidadania e Democracia Cristã [og],PPV/CDC - Partido Cidadania e Democracia Cristã,PPV/CDC - Partido Cidadania e Democracia Cristã [og],same,2
PT,PCP- Partido Comunista Português,Partido Comunista Português,PCP-PEV - CDU - Coligação Democrática Unitária,Coligação Democrática Unitária,same,61
PT,PCP- Partido Comunista Português,Partido Comunista Português,PCP/PEV - Partido Comunista Português Partido Ecolo,Coligação Democrática Unitária,same,57
PT,PCP- Partido Comunista Português,Partido Comunista Português,PCTP/MRPP - Partido Comunista dos Trabalhadores Portugueses,Comunista dos Trabalhadores Portugueses / Movimento Reorganizativo do Partido do Proletariado,different,2
PT,PCP- Partido Comunista Português,Partido Comunista Português,L - LIVRE,"Livre — Liberdade, Esquerda, Europa e Ecologia",different,1
PT,PCP- Partido Comunista Português,Partido Comunista Português,PS - Partido Socialista,Partido Socialista,different,11
PT,P.H. - Partido Humanista,Partido Humanista,P.H. - Partido Humanista,Partido Humanista,same,1
PT,Partido Humanista (PH),Partido Humanista,Partido Humanista (PH),Partido Humanista,same,1
PT,Partido Nacional Renovador (PNR),Partido Nacional Renovador (PNR) [og],Centro Democrático Social - Partido Popular (CDS-PP),Centro Democrático e Social / Partido Popular,different,1
PT,Partido Nacional Renovador (PNR),Partido Nacional Renovador (PNR) [og],Partido Nacional Renovador (PNR),Partido Nacional Renovador (PNR) [og],same,1
PT,POUS - Partido Operário de Unidade Socialista,Partido Operário de Unidade Socialista,PSD - Partido Social Democrata,Partido Popular Democrático / Partido Social Democrata,different,1
PT,PPD/PSD - Partido Social Democrata,Partido Popular Democrático / Partido Social Democrata,B.E. - Bloco de Esquerda,Bloco de Esquerda,different,1
PT,Partido Social Democrata (PPD/PSD),Partido Popular Democrático / Partido Social Democrata,Bloco de Esquerda (BE),Bloco de Esquerda,different,2
PT,PPD/PSD - Partido Social Democrata,Partido Popular Democrático / Partido Social Democrata,CDS-PP - CDS-Partido Popular,Centro Democrático e Social / Partido Popular,different,1
PT,PSD - Partido Social Democrata,Partido Popular Democrático / Partido Social Democrata,CDS/PP - Centro Democrático Social / Partido Popular,Centro Democrático e Social / Partido Popular,different,4
PT,PSD - Partido Social Democrata,Partido Popular Democrático / Partido Social Democrata,CDS/PP - Centro Democrático Social/Partido Popular,Centro Democrático e Social / Partido Popular,different,1
PT,Partido Social Democrata (PPD/PSD),Partido Popular Democrático / Partido Social Democrata,Centro Democrático Social - Partido Popular (CDS-PP),Centro Democrático e Social / Partido Popular,different,2
PT,Partido Social Democrata (PSD),Partido Popular Democrático / Partido Social Democrata,Centro Democrático Social - Partido Popular (CDS-PP),Centro Democrático e Social / Partido Popular,different,3
PT,PPD/PSD - Partido Social Democrata,Partido Popular Democrático / Partido Social Democrata,CHEGA,Chega,different,2
PT,PPD/PSD,Partido Popular Democrático / Partido Social Democrata,PCP-PEV - CDU - Coligação Democrática Unitária,Coligação Democrática Unitária,different,4
PT,Partido Social Democrata (PPD/PSD),Partido Popular Democrático / Partido Social Democrata,Coligação Democrática Unitária (CDU),Coligação Democrática Unitária,different,1
PT,Partido Social Democrata (PSD),Partido Popular Democrático / Partido Social Democrata,Coligação Democrática Unitária (CDU),Coligação Democrática Unitária,different,1
PT,PSD - Partido Social Democrata,Partido Popular Democrático / Partido Social Democrata,PCTP-MRPP - Partido Comunista dos Trabalhadores Portugueses - Movimento Reorganizativo do Proletariado Português,Comunista dos Trabalhadores Portugueses / Movimento Reorganizativo do Partido do Proletariado,different,1
PT,PPD/PSD - Partido Social Democrata,Partido Popular Democrático / Partido Social Democrata,IL - Iniciativa Liberal,Iniciativa Liberal,different,1
PT,PPD/PSD - Partido Social Democrata,Partido Popular Democrático / Partido Social Democrata,MAS - Movimento Alternativa Socialista,MAS - Movimento Alternativa Socialista [og],different,1
PT,PPD/PSD,Partido Popular Democrático / Partido Social Democrata,PURP - Partido Unido dos Reformados e Pensionistas,PURP - Partido Unido dos Reformados e Pensionistas [og],different,1
PT,Partido Social Democrata (PSD),Partido Popular Democrático / Partido Social Democrata,Partido Nacional Renovador (PNR),Partido Nacional Renovador (PNR) [og],different,1
PT,Partido Social Democrata (PSD),Partido Popular Democrático / Partido Social Democrata,Partido Operário de Unidade Socialista (POUS),Partido Operário de Unidade Socialista,different,1
PT,PPD/PSD - Partido Social Democrata,Partido Popular Democrático / Partido Social Democrata,PPD/PSD - Partido Social Democrata,Partido Popular Democrático / Partido Social Democrata,same,306
PT,PSD - Partido Social Democrata,Partido Popular Democrático / Partido Social Democrata,PSD - Partido Social Democrata,Partido Popular Democrático / Partido Social Democrata,same,1022
PT,Partido Social Democrata (PPD/PSD),Partido Popular Democrático / Partido Social Democrata,Partido Social Democrata (PSD),Partido Popular Democrático / Partido Social Democrata,same,159
PT,Partido Social Democrata (PSD),Partido Popular Democrático / Partido Social Democrata,Partido Social Democrata (PSD),Partido Popular Democrático / Partido Social Democrata,same,441
PT,PPD/PSD,Partido Popular Democrático / Partido Social Democrata,PS - Partido Socialista,Partido Socialista,different,6
PT,PPD/PSD - Partido Social Democrata,Partido Popular Democrático / Partido Social Democrata,PS - Partido Socialista,Partido Socialista,different,12
PT,PSD - Partido Social Democrata,Partido Popular Democrático / Partido Social Democrata,PS - Partido Socialista,Partido Socialista,different,15
PT,Partido Social Democrata (PPD/PSD),Partido Popular Democrático / Partido Social Democrata,Partido Socialista (PS),Partido Socialista,different,5
PT,Partido Social Democrata (PSD),Partido Popular Democrático / Partido Social Democrata,Partido Socialista (PS),Partido Socialista,different,9
PT,PPD/PSD,Partido Popular Democrático / Partido Social Democrata,PPD-PSD/CDS-PP - Portugal à Frente,Portugal à Frente,same,330
PT,PPD/PSD - Partido Social Democrata,Partido Popular Democrático / Partido Social Democrata,R.I.R. - Reagir Incluir Reciclar,R.I.R. - Reagir Incluir Reciclar [og],different,1
PT,Partido Social Democrata (PPD/PSD),Partido Popular Democrático / Partido Social Democrata,Outro,other,unmatchable,17
PT,PPM - Partido Popular Monárquico,Partido Popular Monárquico,PPM - Partido Popular Monárquico,Partido Popular Monárquico,same,1
PT,PS - Partido Socialista,Partido Socialista,B.E. - Bloco de Esquerda,Bloco de Esquerda,different,26
PT,PS - Partido Socialista,Partido Socialista,BE - Bloco de Esquerda,Bloco de Esquerda,different,7
PT,Partido Socialista (PS),Partido Socialista,Bloco de Esquerda (BE),Bloco de Esquerda,different,3
PT,PS - Partido Socialista,Partido Socialista,CDS/PP - Centro Democrático Social / Partido Popular,Centro Democrático e Social / Partido Popular,different,4
PT,Partido Socialista (PS),Partido Socialista,Centro Democrático Social - Partido Popular (CDS-PP),Centro Democrático e Social / Partido Popular,different,3
PT,PS - Partido Socialista,Partido Socialista,PCP-PEV - CDU - Coligação Democrática Unitária,Coligação Democrática Unitária,different,6
PT,PS - Partido Socialista,Partido Socialista,PCP-PEV - Partido Comunista Português - Partido Ecologista os Verdes,Coligação Democrática Unitária,different,2
PT,PS - Partido Socialista,Partido Socialista,PCP/PEV - Partido Comunista Português Partido Ecolo,Coligação Democrática Unitária,different,2
PT,Partido Socialista (PS),Partido Socialista,Coligação Democrática Unitária (CDU),Coligação Democrática Unitária,different,2
PT,Partido Socialista (PS),Partido Socialista,Partido Comunista dos Trabalhadores Portugueses/Movimento Reorganizativo do Partido do Proletariado (PCTP-MRPP),Comunista dos Trabalhadores Portugueses / Movimento Reorganizativo do Partido do Proletariado,different,1
PT,PS - Partido Socialista,Partido Socialista,IL - Iniciativa Liberal,Iniciativa Liberal,different,2
PT,PS - Partido Socialista,Partido Socialista,L - LIVRE,"Livre — Liberdade, Esquerda, Europa e Ecologia",different,1
PT,PS - Partido Socialista,Partido Socialista,PNR - Partido Nacional Renovador,PNR - Partido Nacional Renovador [og],different,1
PT,PS - Partido Socialista,Partido Socialista,PDR - Partido Democrático Republicano,Partido Democrático Republicano,different,1
PT,Partido Socialista (PS),Partido Socialista,Partido Nacional Renovador (PNR),Partido Nacional Renovador (PNR) [og],different,1
PT,PS - Partido Socialista,Partido Socialista,PPD/PSD - Partido Social Democrata,Partido Popular Democrático / Partido Social Democrata,different,10
PT,PS - Partido Socialista,Partido Socialista,PSD - Partido Social Democrata,Partido Popular Democrático / Partido Social Democrata,different,26
PT,Partido Socialista (PS),Partido Socialista,Partido Social Democrata (PSD),Partido Popular Democrático / Partido Social Democrata,different,16
PT,PS - Partido Socialista,Partido Socialista,PS - Partido Socialista,Partido Socialista,same,2250
PT,Partido Socialista (PS),Partido Socialista,Partido Socialista (PS),Partido Socialista,same,650
PT,PS - Partido Socialista,Partido Socialista,PND - Partido da Nova Democracia,Partido da Nova Democracia,different,1
PT,Partido Socialista (PS),Partido Socialista,Nova democracia (PND),Partido da Nova Democracia,different,1
PT,PS - Partido Socialista,Partido Socialista,PAN - Pessoas-Animais-Natureza,Partido pelos Animais e pela Natureza,different,2
PT,PS - Partido Socialista,Partido Socialista,PPD-PSD/CDS-PP - Portugal à Frente,Portugal à Frente,different,25
PT,Partido Socialista (PS),Partido Socialista,Outro,other,unmatchable,2
PT,PND - Partido da Nova Democracia,Partido da Nova Democracia,BE - Bloco de Esquerda,Bloco de Esquerda,different,1
PT,PND - Partido da Nova Democracia,Partido da Nova Democracia,PND - Partido da Nova Democracia,Partido da Nova Democracia,same,2
PT,PAN - Pessoas-Animais-Natureza,Partido pelos Animais e pela Natureza,B.E. - Bloco de Esquerda,Bloco de Esquerda,different,3
PT,PAN - Pessoas-Animais-Natureza,Partido pelos Animais e pela Natureza,PPD/PSD - Partido Social Democrata,Partido Popular Democrático / Partido Social Democrata,different,1
PT,PAN - Pessoas-Animais-Natureza,Partido pelos Animais e pela Natureza,PS - Partido Socialista,Partido Socialista,different,4
PT,PAN - Pessoas-Animais-Natureza,Partido pelos Animais e pela Natureza,PAN - Pessoas-Animais-Natureza,Partido pelos Animais e pela Natureza,same,18
PT,PAN - Pessoas-Animais-Natureza,Partido pelos Animais e pela Natureza,PPD-PSD/CDS-PP - Portugal à Frente,Portugal à Frente,different,1
PT,VP – Volt Portugal,VP – Volt Portugal [og],VP – Volt Portugal,VP – Volt Portugal [og],same,1
PT,NA,dont-know,B.E. - Bloco de Esquerda,Bloco de Esquerda,unmatchable,2
PT,NA,dont-know,CHEGA,Chega,unmatchable,2
PT,NA,dont-know,PCP-PEV - CDU - Coligação Democrática Unitária,Coligação Democrática Unitária,unmatchable,1
PT,NA,dont-know,Partido Comunista dos Trabalhadores Portugueses/Movimento Reorganizativo do Partido do Proletariado (PCTP-MRPP),Comunista dos Trabalhadores Portugueses / Movimento Reorganizativo do Partido do Proletariado,unmatchable,1
PT,NA,dont-know,PSD - Partido Social Democrata,Partido Popular Democrático / Partido Social Democrata,unmatchable,2
PT,NA,dont-know,Partido Social Democrata (PSD),Partido Popular Democrático / Partido Social Democrata,unmatchable,3
PT,NA,dont-know,PS - Partido Socialista,Partido Socialista,unmatchable,7
PT,NA,dont-know,PPD-PSD/CDS-PP - Portugal à Frente,Portugal à Frente,unmatchable,1
PT,Other,other,B.E. - Bloco de Esquerda,Bloco de Esquerda,unmatchable,1
PT,Outro,other,Bloco de Esquerda (BE),Bloco de Esquerda,unmatchable,2
PT,Outro,other,Partido Social Democrata (PSD),Partido Popular Democrático / Partido Social Democrata,unmatchable,1
PT,Outro,other,PS - Partido Socialista,Partido Socialista,unmatchable,1
PT,Outro,other,Partido Socialista (PS),Partido Socialista,unmatchable,4
PT,Other,other,PPD-PSD/CDS-PP - Portugal à Frente,Portugal à Frente,unmatchable,3
PT,Other,other,Other,other,unmatchable,5
PT,Outro,other,Outro,other,unmatchable,6
PT,NA,refused,Bloco de Esquerda (BE),Bloco de Esquerda,unmatchable,1
PT,NA,refused,CDS/PP - Centro Democrático Social/Partido Popular,Centro Democrático e Social / Partido Popular,unmatchable,1
PT,NA,refused,PCP-PEV - Partido Comunista Português - Partido Ecologista os Verdes,Coligação Democrática Unitária,unmatchable,1
PT,NA,refused,IL - Iniciativa Liberal,Iniciativa Liberal,unmatchable,1
PT,NA,refused,PSD - Partido Social Democrata,Partido Popular Democrático / Partido Social Democrata,unmatchable,9
PT,NA,refused,PS - Partido Socialista,Partido Socialista,unmatchable,17
PT,NA,refused,Partido Socialista (PS),Partido Socialista,unmatchable,3
PT,NA,refused,Nova democracia (PND),Partido da Nova Democracia,unmatchable,1
PT,NA,refused,PND - Partido da Nova Democracia,Partido da Nova Democracia,unmatchable,2
PT,NA,refused,PPD-PSD/CDS-PP - Portugal à Frente,Portugal à Frente,unmatchable,1
PT,NA,NA,B.E. - Bloco de Esquerda,Bloco de Esquerda,unmatchable,2
PT,NA,NA,PSD - Partido Social Democrata,Partido Popular Democrático / Partido Social Democrata,unmatchable,1
PT,NA,NA,PS - Partido Socialista,Partido Socialista,unmatchable,4
RO,Other: PR,Partida Romilor,Alianta PSD-PC,Alianța PSD+PC,different,1
RO,Other: PR,Partida Romilor,Other: PR,Partida Romilor,same,1
RO,Other: PR,Partida Romilor,PD-L,Partidul Democrat-Liberal,different,1
RO,Other: PR,Partida Romilor,PNG-CD,Partidul Noua Generaţie — Creştin Democrat,different,1
RO,PC,Partidul Conservator / Partidul Umanist Român,Alianta PSD-PC,Alianța PSD+PC,same,3
RO,PD-L,Partidul Democrat-Liberal,Alianta PSD-PC,Alianța PSD+PC,different,5
RO,PD-L,Partidul Democrat-Liberal,PD-L,Partidul Democrat-Liberal,same,260
RO,PD-L,Partidul Democrat-Liberal,PNTCD,Partidul Naţional Ţărănesc Creştin Democrat,different,1
RO,PD-L,Partidul Democrat-Liberal,PRM,Partidul România Mare,different,1
RO,PNL,Partidul Naţional Liberal,Alianta PSD-PC,Alianța PSD+PC,different,2
RO,PNL,Partidul Naţional Liberal,PD-L,Partidul Democrat-Liberal,different,8
RO,PNL,Partidul Naţional Liberal,PNL,Partidul Naţional Liberal,same,91
RO,PNL,Partidul Naţional Liberal,PNTCD,Partidul Naţional Ţărănesc Creştin Democrat,different,1
RO,PNL,Partidul Naţional Liberal,PRM,Partidul România Mare,different,1
RO,PPCD (PNTCD),Partidul Naţional Ţărănesc Creştin Democrat,Other: FDGR,Forumul Democrat al Germanilor din România,different,1
RO,PPCD (PNTCD),Partidul Naţional Ţărănesc Creştin Democrat,PNTCD,Partidul Naţional Ţărănesc Creştin Democrat,same,2
RO,PNG-CD,Partidul Noua Generaţie — Creştin Democrat,PNTCD,Partidul Naţional Ţărănesc Creştin Democrat,different,1
RO,PNG-CD,Partidul Noua Generaţie — Creştin Democrat,PNG-CD,Partidul Noua Generaţie — Creştin Democrat,same,6
RO,PRM,Partidul România Mare,Alianta PSD-PC,Alianța PSD+PC,different,1
RO,PRM,Partidul România Mare,PD-L,Partidul Democrat-Liberal,different,1
RO,PRM,Partidul România Mare,PRM,Partidul România Mare,same,21
RO,PSD,Partidul Social Democrat,Alianta PSD-PC,Alianța PSD+PC,same,239
RO,PSD,Partidul Social Democrat,PD-L,Partidul Democrat-Liberal,different,3
RO,PSD,Partidul Social Democrat,PNL,Partidul Naţional Liberal,different,2
RO,PSD,Partidul Social Democrat,PNTCD,Partidul Naţional Ţărănesc Creştin Democrat,different,2
RO,PSD,Partidul Social Democrat,UDMR,Uniunea Democrată Maghiară din România / Romániai Magyar Demokrata Szövetség,different,1
RO,UDMR,Uniunea Democrată Maghiară din România / Romániai Magyar Demokrata Szövetség,PD-L,Partidul Democrat-Liberal,different,1
RO,UDMR,Uniunea Democrată Maghiară din România / Romániai Magyar Demokrata Szövetség,UDMR,Uniunea Democrată Maghiară din România / Romániai Magyar Demokrata Szövetség,same,37
RO,NA,dont-know,Alianta PSD-PC,Alianța PSD+PC,unmatchable,1
RO,NA,dont-know,Other: PIN,Partidul Iniţiativa Naţională,unmatchable,3
RO,NA,refused,Alianta PSD-PC,Alianța PSD+PC,unmatchable,3
RO,NA,refused,Other: PIN,Partidul Iniţiativa Naţională,unmatchable,5
RO,NA,NA,Alianta PSD-PC,Alianța PSD+PC,unmatchable,1
RO,NA,NA,PD-L,Partidul Democrat-Liberal,unmatchable,3
SE,Conservative,Allmänna valmansförbundet / Högern / Högerpartiet / Moderata samlingspartiet,Conservative,Allmänna valmansförbundet / Högern / Högerpartiet / Moderata samlingspartiet,same,869
SE,Moderata samlingspartiet,Allmänna valmansförbundet / Högern / Högerpartiet / Moderata samlingspartiet,Moderata samlingspartiet,Allmänna valmansförbundet / Högern / Högerpartiet / Moderata samlingspartiet,same,1524
SE,Conservative,Allmänna valmansförbundet / Högern / Högerpartiet / Moderata samlingspartiet,Centre Party,Bondeförbundet / Centerpartiet,different,7
SE,Moderata samlingspartiet,Allmänna valmansförbundet / Högern / Högerpartiet / Moderata samlingspartiet,Centern,Bondeförbundet / Centerpartiet,different,37
SE,Moderata samlingspartiet,Allmänna valmansförbundet / Högern / Högerpartiet / Moderata samlingspartiet,FI (Feministiskt initiativ),Feministiskt initiativ,different,1
SE,Conservative,Allmänna valmansförbundet / Högern / Högerpartiet / Moderata samlingspartiet,Liberals,Folkpartiet liberalerna / Liberalerna,different,30
SE,Moderata samlingspartiet,Allmänna valmansförbundet / Högern / Högerpartiet / Moderata samlingspartiet,Folkpartiet liberalerna,Folkpartiet liberalerna / Liberalerna,different,17
SE,Moderata samlingspartiet,Allmänna valmansförbundet / Högern / Högerpartiet / Moderata samlingspartiet,Liberalerna,Folkpartiet liberalerna / Liberalerna,different,14
SE,Conservative,Allmänna valmansförbundet / Högern / Högerpartiet / Moderata samlingspartiet,Christian Democrats,Kristdemokraterna,different,19
SE,Moderata samlingspartiet,Allmänna valmansförbundet / Högern / Högerpartiet / Moderata samlingspartiet,Kristdemokraterna,Kristdemokraterna,different,44
SE,Conservative,Allmänna valmansförbundet / Högern / Högerpartiet / Moderata samlingspartiet,Green Party,Miljöpartiet de gröna,different,3
SE,Moderata samlingspartiet,Allmänna valmansförbundet / Högern / Högerpartiet / Moderata samlingspartiet,Miljöpartiet de gröna,Miljöpartiet de gröna,different,7
SE,Conservative,Allmänna valmansförbundet / Högern / Högerpartiet / Moderata samlingspartiet,Social Democrats,Socialdemokraterna / Sveriges socialdemokratiska arbetareparti,different,21
SE,Moderata samlingspartiet,Allmänna valmansförbundet / Högern / Högerpartiet / Moderata samlingspartiet,Socialdemokraterna,Socialdemokraterna / Sveriges socialdemokratiska arbetareparti,different,24
SE,Moderata samlingspartiet,Allmänna valmansförbundet / Högern / Högerpartiet / Moderata samlingspartiet,Sverigedemokraterna,Sverigedemokraterna,different,50
SE,Moderata samlingspartiet,Allmänna valmansförbundet / Högern / Högerpartiet / Moderata samlingspartiet,Vänsterpartiet,Vänsterpartiet / Sveriges Komunistiska Parti,different,3
SE,Conservative,Allmänna valmansförbundet / Högern / Högerpartiet / Moderata samlingspartiet,Other,other,unmatchable,7
SE,Moderata samlingspartiet,Allmänna valmansförbundet / Högern / Högerpartiet / Moderata samlingspartiet,Annat parti,other,unmatchable,5
SE,Centern,Bondeförbundet / Centerpartiet,Moderata samlingspartiet,Allmänna valmansförbundet / Högern / Högerpartiet / Moderata samlingspartiet,different,28
SE,Centre Party,Bondeförbundet / Centerpartiet,Conservative,Allmänna valmansförbundet / Högern / Högerpartiet / Moderata samlingspartiet,different,9
SE,Centern,Bondeförbundet / Centerpartiet,Centern,Bondeförbundet / Centerpartiet,same,433
SE,Centre Party,Bondeförbundet / Centerpartiet,Centre Party,Bondeförbundet / Centerpartiet,same,223
SE,Centern,Bondeförbundet / Centerpartiet,Folkpartiet liberalerna,Folkpartiet liberalerna / Liberalerna,different,8
SE,Centern,Bondeförbundet / Centerpartiet,Liberalerna,Folkpartiet liberalerna / Liberalerna,different,7
SE,Centre Party,Bondeförbundet / Centerpartiet,Liberals,Folkpartiet liberalerna / Liberalerna,different,6
SE,Centern,Bondeförbundet / Centerpartiet,Kristdemokraterna,Kristdemokraterna,different,6
SE,Centre Party,Bondeförbundet / Centerpartiet,Christian Democrats,Kristdemokraterna,different,5
SE,Centern,Bondeförbundet / Centerpartiet,Miljöpartiet de gröna,Miljöpartiet de gröna,different,9
SE,Centre Party,Bondeförbundet / Centerpartiet,Green Party,Miljöpartiet de gröna,different,1
SE,Centern,Bondeförbundet / Centerpartiet,Socialdemokraterna,Socialdemokraterna / Sveriges socialdemokratiska arbetareparti,different,13
SE,Centre Party,Bondeförbundet / Centerpartiet,Social Democrats,Socialdemokraterna / Sveriges socialdemokratiska arbetareparti,different,8
SE,Centern,Bondeförbundet / Centerpartiet,Sverigedemokraterna,Sverigedemokraterna,different,4
SE,Centern,Bondeförbundet / Centerpartiet,Vänsterpartiet,Vänsterpartiet / Sveriges Komunistiska Parti,different,2
SE,Centre Party,Bondeförbundet / Centerpartiet,Left,Vänsterpartiet / Sveriges Komunistiska Parti,different,1
SE,Centern,Bondeförbundet / Centerpartiet,Annat parti,other,unmatchable,1
SE,Centre Party,Bondeförbundet / Centerpartiet,Other,other,unmatchable,2
SE,FI (Feministiskt initiativ),Feministiskt initiativ,Centern,Bondeförbundet / Centerpartiet,different,2
SE,FI (Feministiskt initiativ),Feministiskt initiativ,FI (Feministiskt initiativ),Feministiskt initiativ,same,36
SE,FI (Feministiskt initiativ),Feministiskt initiativ,Miljöpartiet de gröna,Miljöpartiet de gröna,different,6
SE,FI (Feministiskt initiativ),Feministiskt initiativ,Socialdemokraterna,Socialdemokraterna / Sveriges socialdemokratiska arbetareparti,different,5
SE,FI (Feministiskt initiativ),Feministiskt initiativ,Vänsterpartiet,Vänsterpartiet / Sveriges Komunistiska Parti,different,10
SE,FI (Feministiskt initiativ),Feministiskt initiativ,Annat parti,other,unmatchable,1
SE,Folkpartiet liberalerna,Folkpartiet liberalerna / Liberalerna,Moderata samlingspartiet,Allmänna valmansförbundet / Högern / Högerpartiet / Moderata samlingspartiet,different,42
SE,Liberalerna,Folkpartiet liberalerna / Liberalerna,Moderata samlingspartiet,Allmänna valmansförbundet / Högern / Högerpartiet / Moderata samlingspartiet,different,5
SE,Liberals,Folkpartiet liberalerna / Liberalerna,Conservative,Allmänna valmansförbundet / Högern / Högerpartiet / Moderata samlingspartiet,different,37
SE,Folkpartiet liberalerna,Folkpartiet liberalerna / Liberalerna,Centern,Bondeförbundet / Centerpartiet,different,7
SE,Liberalerna,Folkpartiet liberalerna / Liberalerna,Centern,Bondeförbundet / Centerpartiet,different,5
SE,Liberals,Folkpartiet liberalerna / Liberalerna,Centre Party,Bondeförbundet / Centerpartiet,different,7
SE,Folkpartiet liberalerna,Folkpartiet liberalerna / Liberalerna,FI (Feministiskt initiativ),Feministiskt initiativ,different,1
SE,Folkpartiet liberalerna,Folkpartiet liberalerna / Liberalerna,Folkpartiet liberalerna,Folkpartiet liberalerna / Liberalerna,same,277
SE,Liberalerna,Folkpartiet liberalerna / Liberalerna,Liberalerna,Folkpartiet liberalerna / Liberalerna,same,62
SE,Liberals,Folkpartiet liberalerna / Liberalerna,Liberals,Folkpartiet liberalerna / Liberalerna,same,339
SE,Folkpartiet liberalerna,Folkpartiet liberalerna / Liberalerna,Kristdemokraterna,Kristdemokraterna,different,8
SE,Liberalerna,Folkpartiet liberalerna / Liberalerna,Kristdemokraterna,Kristdemokraterna,different,1
SE,Liberals,Folkpartiet liberalerna / Liberalerna,Christian Democrats,Kristdemokraterna,different,4
SE,Folkpartiet liberalerna,Folkpartiet liberalerna / Liberalerna,Miljöpartiet de gröna,Miljöpartiet de gröna,different,2
SE,Liberals,Folkpartiet liberalerna / Liberalerna,Green Party,Miljöpartiet de gröna,different,2
SE,Folkpartiet liberalerna,Folkpartiet liberalerna / Liberalerna,Socialdemokraterna,Socialdemokraterna / Sveriges socialdemokratiska arbetareparti,different,15
SE,Liberalerna,Folkpartiet liberalerna / Liberalerna,Socialdemokraterna,Socialdemokraterna / Sveriges socialdemokratiska arbetareparti,different,7
SE,Liberals,Folkpartiet liberalerna / Liberalerna,Social Democrats,Socialdemokraterna / Sveriges socialdemokratiska arbetareparti,different,20
SE,Folkpartiet liberalerna,Folkpartiet liberalerna / Liberalerna,Sverigedemokraterna,Sverigedemokraterna,different,3
SE,Folkpartiet liberalerna,Folkpartiet liberalerna / Liberalerna,Vänsterpartiet,Vänsterpartiet / Sveriges Komunistiska Parti,different,1
SE,Liberals,Folkpartiet liberalerna / Liberalerna,Other,other,unmatchable,3
SE,Christian Democrats,Kristdemokraterna,Conservative,Allmänna valmansförbundet / Högern / Högerpartiet / Moderata samlingspartiet,different,15
SE,Kristdemokraterna,Kristdemokraterna,Moderata samlingspartiet,Allmänna valmansförbundet / Högern / Högerpartiet / Moderata samlingspartiet,different,20
SE,Christian Democrats,Kristdemokraterna,Centre Party,Bondeförbundet / Centerpartiet,different,1
SE,Kristdemokraterna,Kristdemokraterna,Centern,Bondeförbundet / Centerpartiet,different,4
SE,Christian Democrats,Kristdemokraterna,Liberals,Folkpartiet liberalerna / Liberalerna,different,4
SE,Kristdemokraterna,Kristdemokraterna,Folkpartiet liberalerna,Folkpartiet liberalerna / Liberalerna,different,3
SE,Kristdemokraterna,Kristdemokraterna,Liberalerna,Folkpartiet liberalerna / Liberalerna,different,1
SE,Christian Democrats,Kristdemokraterna,Christian Democrats,Kristdemokraterna,same,210
SE,Kristdemokraterna,Kristdemokraterna,Kristdemokraterna,Kristdemokraterna,same,218
SE,Kristdemokraterna,Kristdemokraterna,Miljöpartiet de gröna,Miljöpartiet de gröna,different,2
SE,Christian Democrats,Kristdemokraterna,Social Democrats,Socialdemokraterna / Sveriges socialdemokratiska arbetareparti,different,8
SE,Kristdemokraterna,Kristdemokraterna,Socialdemokraterna,Socialdemokraterna / Sveriges socialdemokratiska arbetareparti,different,5
SE,Kristdemokraterna,Kristdemokraterna,Sverigedemokraterna,Sverigedemokraterna,different,10
SE,Christian Democrats,Kristdemokraterna,Other,other,unmatchable,1
SE,Kristdemokraterna,Kristdemokraterna,Annat parti,other,unmatchable,1
SE,Green Party,Miljöpartiet de gröna,Conservative,Allmänna valmansförbundet / Högern / Högerpartiet / Moderata samlingspartiet,different,10
SE,Miljöpartiet de gröna,Miljöpartiet de gröna,Moderata samlingspartiet,Allmänna valmansförbundet / Högern / Högerpartiet / Moderata samlingspartiet,different,20
SE,Green Party,Miljöpartiet de gröna,Centre Party,Bondeförbundet / Centerpartiet,different,3
SE,Miljöpartiet de gröna,Miljöpartiet de gröna,Centern,Bondeförbundet / Centerpartiet,different,17
SE,Miljöpartiet de gröna,Miljöpartiet de gröna,FI (Feministiskt initiativ),Feministiskt initiativ,different,11
SE,Green Party,Miljöpartiet de gröna,Liberals,Folkpartiet liberalerna / Liberalerna,different,6
SE,Miljöpartiet de gröna,Miljöpartiet de gröna,Folkpartiet liberalerna,Folkpartiet liberalerna / Liberalerna,different,6
SE,Miljöpartiet de gröna,Miljöpartiet de gröna,Liberalerna,Folkpartiet liberalerna / Liberalerna,different,1
SE,Green Party,Miljöpartiet de gröna,Christian Democrats,Kristdemokraterna,different,1
SE,Miljöpartiet de gröna,Miljöpartiet de gröna,Kristdemokraterna,Kristdemokraterna,different,5
SE,Green Party,Miljöpartiet de gröna,Green Party,Miljöpartiet de gröna,same,194
SE,Miljöpartiet de gröna,Miljöpartiet de gröna,Miljöpartiet de gröna,Miljöpartiet de gröna,same,444
SE,Green Party,Miljöpartiet de gröna,Social Democrats,Socialdemokraterna / Sveriges socialdemokratiska arbetareparti,different,19
SE,Miljöpartiet de gröna,Miljöpartiet de gröna,Socialdemokraterna,Socialdemokraterna / Sveriges socialdemokratiska arbetareparti,different,53
SE,Miljöpartiet de gröna,Miljöpartiet de gröna,Sverigedemokraterna,Sverigedemokraterna,different,4
SE,Green Party,Miljöpartiet de gröna,Left,Vänsterpartiet / Sveriges Komunistiska Parti,different,10
SE,Miljöpartiet de gröna,Miljöpartiet de gröna,Vänsterpartiet,Vänsterpartiet / Sveriges Komunistiska Parti,different,14
SE,Green Party,Miljöpartiet de gröna,Other,other,unmatchable,3
SE,Miljöpartiet de gröna,Miljöpartiet de gröna,Annat parti,other,unmatchable,5
SE,Piratpartiet,Piratpartiet,Moderata samlingspartiet,Allmänna valmansförbundet / Högern / Högerpartiet / Moderata samlingspartiet,different,2
SE,Piratpartiet,Piratpartiet,Miljöpartiet de gröna,Miljöpartiet de gröna,different,1
SE,Piratpartiet,Piratpartiet,Piratpartiet,Piratpartiet,same,10
SE,Piratpartiet,Piratpartiet,Socialdemokraterna,Socialdemokraterna / Sveriges socialdemokratiska arbetareparti,different,2
SE,Piratpartiet,Piratpartiet,Sverigedemokraterna,Sverigedemokraterna,different,1
SE,Piratpartiet,Piratpartiet,Annat parti,other,unmatchable,1
SE,Social Democrats,Socialdemokraterna / Sveriges socialdemokratiska arbetareparti,Conservative,Allmänna valmansförbundet / Högern / Högerpartiet / Moderata samlingspartiet,different,24
SE,Socialdemokraterna,Socialdemokraterna / Sveriges socialdemokratiska arbetareparti,Moderata samlingspartiet,Allmänna valmansförbundet / Högern / Högerpartiet / Moderata samlingspartiet,different,47
SE,Social Democrats,Socialdemokraterna / Sveriges socialdemokratiska arbetareparti,Centre Party,Bondeförbundet / Centerpartiet,different,13
SE,Socialdemokraterna,Socialdemokraterna / Sveriges socialdemokratiska arbetareparti,Centern,Bondeförbundet / Centerpartiet,different,20
SE,Socialdemokraterna,Socialdemokraterna / Sveriges socialdemokratiska arbetareparti,FI (Feministiskt initiativ),Feministiskt initiativ,different,5
SE,Social Democrats,Socialdemokraterna / Sveriges socialdemokratiska arbetareparti,Liberals,Folkpartiet liberalerna / Liberalerna,different,18
SE,Socialdemokraterna,Socialdemokraterna / Sveriges socialdemokratiska arbetareparti,Folkpartiet liberalerna,Folkpartiet liberalerna / Liberalerna,different,22
SE,Socialdemokraterna,Socialdemokraterna / Sveriges socialdemokratiska arbetareparti,Liberalerna,Folkpartiet liberalerna / Liberalerna,different,8
SE,Social Democrats,Socialdemokraterna / Sveriges socialdemokratiska arbetareparti,Christian Democrats,Kristdemokraterna,different,13
SE,Socialdemokraterna,Socialdemokraterna / Sveriges socialdemokratiska arbetareparti,Kristdemokraterna,Kristdemokraterna,different,6
SE,Social Democrats,Socialdemokraterna / Sveriges socialdemokratiska arbetareparti,Green Party,Miljöpartiet de gröna,different,14
SE,Socialdemokraterna,Socialdemokraterna / Sveriges socialdemokratiska arbetareparti,Miljöpartiet de gröna,Miljöpartiet de gröna,different,42
SE,Social Democrats,Socialdemokraterna / Sveriges socialdemokratiska arbetareparti,Social Democrats,Socialdemokraterna / Sveriges socialdemokratiska arbetareparti,same,1503
SE,Socialdemokraterna,Socialdemokraterna / Sveriges socialdemokratiska arbetareparti,Socialdemokraterna,Socialdemokraterna / Sveriges socialdemokratiska arbetareparti,same,1950
SE,Socialdemokraterna,Socialdemokraterna / Sveriges socialdemokratiska arbetareparti,Sverigedemokraterna,Sverigedemokraterna,different,36
SE,Social Democrats,Socialdemokraterna / Sveriges socialdemokratiska arbetareparti,Left,Vänsterpartiet / Sveriges Komunistiska Parti,different,33
SE,Socialdemokraterna,Socialdemokraterna / Sveriges socialdemokratiska arbetareparti,Vänsterpartiet,Vänsterpartiet / Sveriges Komunistiska Parti,different,56
SE,Social Democrats,Socialdemokraterna / Sveriges socialdemokratiska arbetareparti,Other,other,unmatchable,18
SE,Socialdemokraterna,Socialdemokraterna / Sveriges socialdemokratiska arbetareparti,Annat parti,other,unmatchable,12
SE,Sverigedemokraterna,Sverigedemokraterna,Moderata samlingspartiet,Allmänna valmansförbundet / Högern / Högerpartiet / Moderata samlingspartiet,different,55
SE,Sverigedemokraterna,Sverigedemokraterna,Centern,Bondeförbundet / Centerpartiet,different,2
SE,Sverigedemokraterna,Sverigedemokraterna,Folkpartiet liberalerna,Folkpartiet liberalerna / Liberalerna,different,4
SE,Sverigedemokraterna,Sverigedemokraterna,Kristdemokraterna,Kristdemokraterna,different,9
SE,Sverigedemokraterna,Sverigedemokraterna,Miljöpartiet de gröna,Miljöpartiet de gröna,different,1
SE,Sverigedemokraterna,Sverigedemokraterna,Socialdemokraterna,Socialdemokraterna / Sveriges socialdemokratiska arbetareparti,different,34
SE,Sverigedemokraterna,Sverigedemokraterna,Sverigedemokraterna,Sverigedemokraterna,same,436
SE,Sverigedemokraterna,Sverigedemokraterna,Vänsterpartiet,Vänsterpartiet / Sveriges Komunistiska Parti,different,4
SE,Sverigedemokraterna,Sverigedemokraterna,Annat parti,other,unmatchable,3
SE,Left,Vänsterpartiet / Sveriges Komunistiska Parti,Conservative,Allmänna valmansförbundet / Högern / Högerpartiet / Moderata samlingspartiet,different,2
SE,Vänsterpartiet,Vänsterpartiet / Sveriges Komunistiska Parti,Moderata samlingspartiet,Allmänna valmansförbundet / Högern / Högerpartiet / Moderata samlingspartiet,different,1
SE,Vänsterpartiet,Vänsterpartiet / Sveriges Komunistiska Parti,Centern,Bondeförbundet / Centerpartiet,different,6
SE,Vänsterpartiet,Vänsterpartiet / Sveriges Komunistiska Parti,FI (Feministiskt initiativ),Feministiskt initiativ,different,12
SE,Left,Vänsterpartiet / Sveriges Komunistiska Parti,Liberals,Folkpartiet liberalerna / Liberalerna,different,2
SE,Vänsterpartiet,Vänsterpartiet / Sveriges Komunistiska Parti,Folkpartiet liberalerna,Folkpartiet liberalerna / Liberalerna,different,2
SE,Vänsterpartiet,Vänsterpartiet / Sveriges Komunistiska Parti,Liberalerna,Folkpartiet liberalerna / Liberalerna,different,2
SE,Vänsterpartiet,Vänsterpartiet / Sveriges Komunistiska Parti,Kristdemokraterna,Kristdemokraterna,different,4
SE,Left,Vänsterpartiet / Sveriges Komunistiska Parti,Green Party,Miljöpartiet de gröna,different,12
SE,Vänsterpartiet,Vänsterpartiet / Sveriges Komunistiska Parti,Miljöpartiet de gröna,Miljöpartiet de gröna,different,39
SE,Left,Vänsterpartiet / Sveriges Komunistiska Parti,Social Democrats,Socialdemokraterna / Sveriges socialdemokratiska arbetareparti,different,38
SE,Vänsterpartiet,Vänsterpartiet / Sveriges Komunistiska Parti,Socialdemokraterna,Socialdemokraterna / Sveriges socialdemokratiska arbetareparti,different,82
SE,Vänsterpartiet,Vänsterpartiet / Sveriges Komunistiska Parti,Sverigedemokraterna,Sverigedemokraterna,different,2
SE,Left,Vänsterpartiet / Sveriges Komunistiska Parti,Left,Vänsterpartiet / Sveriges Komunistiska Parti,same,271
SE,Vänsterpartiet,Vänsterpartiet / Sveriges Komunistiska Parti,Vänsterpartiet,Vänsterpartiet / Sveriges Komunistiska Parti,same,451
SE,Left,Vänsterpartiet / Sveriges Komunistiska Parti,Other,other,unmatchable,7
SE,Vänsterpartiet,Vänsterpartiet / Sveriges Komunistiska Parti,Annat parti,other,unmatchable,5
SE,NA,dont-know,Conservative,Allmänna valmansförbundet / Högern / Högerpartiet / Moderata samlingspartiet,unmatchable,3
SE,NA,dont-know,Moderata samlingspartiet,Allmänna valmansförbundet / Högern / Högerpartiet / Moderata samlingspartiet,unmatchable,3
SE,NA,dont-know,Centern,Bondeförbundet / Centerpartiet,unmatchable,1
SE,NA,dont-know,Centre Party,Bondeförbundet / Centerpartiet,unmatchable,4
SE,NA,dont-know,Folkpartiet liberalerna,Folkpartiet liberalerna / Liberalerna,unmatchable,4
SE,NA,dont-know,Liberalerna,Folkpartiet liberalerna / Liberalerna,unmatchable,1
SE,NA,dont-know,Liberals,Folkpartiet liberalerna / Liberalerna,unmatchable,3
SE,NA,dont-know,Christian Democrats,Kristdemokraterna,unmatchable,2
SE,NA,dont-know,Kristdemokraterna,Kristdemokraterna,unmatchable,5
SE,NA,dont-know,Green Party,Miljöpartiet de gröna,unmatchable,6
SE,NA,dont-know,Miljöpartiet de gröna,Miljöpartiet de gröna,unmatchable,2
SE,NA,dont-know,Social Democrats,Socialdemokraterna / Sveriges socialdemokratiska arbetareparti,unmatchable,4
SE,NA,dont-know,Socialdemokraterna,Socialdemokraterna / Sveriges socialdemokratiska arbetareparti,unmatchable,6
SE,NA,dont-know,Sverigedemokraterna,Sverigedemokraterna,unmatchable,4
SE,NA,dont-know,Left,Vänsterpartiet / Sveriges Komunistiska Parti,unmatchable,1
SE,NA,dont-know,Vänsterpartiet,Vänsterpartiet / Sveriges Komunistiska Parti,unmatchable,2
SE,NA,dont-know,Annat parti,other,unmatchable,1
SE,NA,dont-know,Other,other,unmatchable,1
SE,Annat parti,other,Moderata samlingspartiet,Allmänna valmansförbundet / Högern / Högerpartiet / Moderata samlingspartiet,unmatchable,18
SE,Other,other,Conservative,Allmänna valmansförbundet / Högern / Högerpartiet / Moderata samlingspartiet,unmatchable,9
SE,Annat parti,other,Centern,Bondeförbundet / Centerpartiet,unmatchable,1
SE,Other,other,Centre Party,Bondeförbundet / Centerpartiet,unmatchable,1
SE,Annat parti,other,Folkpartiet liberalerna,Folkpartiet liberalerna / Liberalerna,unmatchable,3
SE,Annat parti,other,Liberalerna,Folkpartiet liberalerna / Liberalerna,unmatchable,3
SE,Other,other,Liberals,Folkpartiet liberalerna / Liberalerna,unmatchable,4
SE,Annat parti,other,Kristdemokraterna,Kristdemokraterna,unmatchable,2
SE,Annat parti,other,Miljöpartiet de gröna,Miljöpartiet de gröna,unmatchable,4
SE,Annat parti,other,Socialdemokraterna,Socialdemokraterna / Sveriges socialdemokratiska arbetareparti,unmatchable,9
SE,Other,other,Social Democrats,Socialdemokraterna / Sveriges socialdemokratiska arbetareparti,unmatchable,10
SE,Annat parti,other,Sverigedemokraterna,Sverigedemokraterna,unmatchable,7
SE,Annat parti,other,Vänsterpartiet,Vänsterpartiet / Sveriges Komunistiska Parti,unmatchable,6
SE,Other,other,Left,Vänsterpartiet / Sveriges Komunistiska Parti,unmatchable,9
SE,Annat parti,other,Annat parti,other,unmatchable,47
SE,Other,other,Other,other,unmatchable,52
SE,NA,refused,Conservative,Allmänna valmansförbundet / Högern / Högerpartiet / Moderata samlingspartiet,unmatchable,1
SE,NA,refused,Moderata samlingspartiet,Allmänna valmansförbundet / Högern / Högerpartiet / Moderata samlingspartiet,unmatchable,2
SE,NA,refused,Centern,Bondeförbundet / Centerpartiet,unmatchable,2
SE,NA,refused,Liberals,Folkpartiet liberalerna / Liberalerna,unmatchable,1
SE,NA,refused,Christian Democrats,Kristdemokraterna,unmatchable,1
SE,NA,refused,Kristdemokraterna,Kristdemokraterna,unmatchable,1
SE,NA,refused,Social Democrats,Socialdemokraterna / Sveriges socialdemokratiska arbetareparti,unmatchable,1
SE,NA,refused,Socialdemokraterna,Socialdemokraterna / Sveriges socialdemokratiska arbetareparti,unmatchable,3
SE,NA,NA,Moderata samlingspartiet,Allmänna valmansförbundet / Högern / Högerpartiet / Moderata samlingspartiet,unmatchable,1
SE,NA,NA,Centern,Bondeförbundet / Centerpartiet,unmatchable,1
SE,NA,NA,Social Democrats,Socialdemokraterna / Sveriges socialdemokratiska arbetareparti,unmatchable,1
SE,NA,NA,Socialdemokraterna,Socialdemokraterna / Sveriges socialdemokratiska arbetareparti,unmatchable,1
SE,NA,NA,Vänsterpartiet,Vänsterpartiet / Sveriges Komunistiska Parti,unmatchable,1
SI,DESUS - Demokraticna stranka upokojencev Slovenije,Demokratična stranka upokojencev Slovenije,DESUS - Demokraticna stranka upokojencev Slovenije,Demokratična stranka upokojencev Slovenije,same,143
SI,DESUS - Demokraticna stranka upokojencev Slovenije,Demokratična stranka upokojencev Slovenije,L - Levica,Levica,different,1
SI,DESUS - Demokraticna stranka upokojencev Slovenije,Demokratična stranka upokojencev Slovenije,LDS - Liberalna demokracija Slovenije,Liberalna demokracija Slovenije,different,11
SI,DESUS - Demokraticna stranka upokojencev Slovenije,Demokratična stranka upokojencev Slovenije,LMŠ - Lista Marjana Šarca,Lista Marjana Šarca,different,5
SI,DESUS - Demokraticna stranka upokojencev Slovenije,Demokratična stranka upokojencev Slovenije,NSI - Nova Slovenija – Kršcanski demokrati,Nova Slovenija — Krščanska ljudska stranka,different,1
SI,DESUS - Demokraticna stranka upokojencev Slovenije,Demokratična stranka upokojencev Slovenije,SDS - Slovenska demokratska stranka,Slovenska demokratska stranka,different,12
SI,DESUS - Demokraticna stranka upokojencev Slovenije,Demokratična stranka upokojencev Slovenije,SLS - Slovenska ljudska stranka,Slovenska ljudska stranka,different,5
SI,DESUS - Demokraticna stranka upokojencev Slovenije,Demokratična stranka upokojencev Slovenije,SNS - Slovenska nacionalna stranka,Slovenska nacionalna stranka,different,1
SI,DESUS - Demokraticna stranka upokojencev Slovenije,Demokratična stranka upokojencev Slovenije,SD - Socialni demokrati,Socialni demokrati / Združena lista socialnih demokratov,different,21
SI,DESUS - Demokraticna stranka upokojencev Slovenije,Demokratična stranka upokojencev Slovenije,ZLSD - Združena lista socialnih demokratov,Socialni demokrati / Združena lista socialnih demokratov,different,1
SI,DESUS - Demokraticna stranka upokojencev Slovenije,Demokratična stranka upokojencev Slovenije,SMC - Stranka Mira Cerarja,Stranka Mira Cerarja / Stranka modernega centra,different,4
SI,DL - Državljanska lista,Državljanska lista,DESUS - Demokraticna stranka upokojencev Slovenije,Demokratična stranka upokojencev Slovenije,different,1
SI,DL - Državljanska lista,Državljanska lista,DL - Državljanska lista,Državljanska lista,same,8
SI,DL - Državljanska lista,Državljanska lista,SDS - Slovenska demokratska stranka,Slovenska demokratska stranka,different,1
SI,Gibanje svoboda,Gibanje Svoboda,Gibanje svoboda,Gibanje Svoboda,same,101
SI,Gibanje svoboda,Gibanje Svoboda,L - Levica,Levica,different,1
SI,Gibanje svoboda,Gibanje Svoboda,LMŠ - Lista Marjana Šarca,Lista Marjana Šarca,different,2
SI,Gibanje svoboda,Gibanje Svoboda,SD - Socialni demokrati,Socialni demokrati / Združena lista socialnih demokratov,different,1
SI,Gibanje svoboda,Gibanje Svoboda,SAB - Stranka Alenke Bratušek,Zavezništvo Alenke Bratušek / Stranka Alenke Bratušek,different,1
SI,L - Levica,Levica,DESUS - Demokraticna stranka upokojencev Slovenije,Demokratična stranka upokojencev Slovenije,different,1
SI,L - Levica,Levica,Gibanje svoboda,Gibanje Svoboda,different,7
SI,L - Levica,Levica,L - Levica,Levica,same,72
SI,L - Levica,Levica,LMŠ - Lista Marjana Šarca,Lista Marjana Šarca,different,12
SI,L - Levica,Levica,SD - Socialni demokrati,Socialni demokrati / Združena lista socialnih demokratov,different,6
SI,L - Levica,Levica,SMC - Stranka modernega centra,Stranka Mira Cerarja / Stranka modernega centra,different,5
SI,L - Levica,Levica,Other,other,unmatchable,1
SI,LDS - Liberalna demokracija Slovenije,Liberalna demokracija Slovenije,DESUS - Demokraticna stranka upokojencev Slovenije,Demokratična stranka upokojencev Slovenije,different,7
SI,LDS - Liberalna demokracija Slovenije,Liberalna demokracija Slovenije,LDS - Liberalna demokracija Slovenije,Liberalna demokracija Slovenije,same,327
SI,LDS - Liberalna demokracija Slovenije,Liberalna demokracija Slovenije,SDS - Slovenska demokratska stranka,Slovenska demokratska stranka,different,3
SI,LDS - Liberalna demokracija Slovenije,Liberalna demokracija Slovenije,SDS - Socialdemokratska Stranka Slovenije,Slovenska demokratska stranka,different,1
SI,LDS - Liberalna demokracija Slovenije,Liberalna demokracija Slovenije,SLS - Slovenska ljudska stranka,Slovenska ljudska stranka,different,2
SI,LDS - Liberalna demokracija Slovenije,Liberalna demokracija Slovenije,SNS - Slovenska nacionalna stranka,Slovenska nacionalna stranka,different,2
SI,LDS - Liberalna demokracija Slovenije,Liberalna demokracija Slovenije,SD - Socialni demokrati,Socialni demokrati / Združena lista socialnih demokratov,different,17
SI,LDS - Liberalna demokracija Slovenije,Liberalna demokracija Slovenije,ZLSD - Združena lista socialnih demokratov,Socialni demokrati / Združena lista socialnih demokratov,different,2
SI,LDS - Liberalna demokracija Slovenije,Liberalna demokracija Slovenije,SMS - Stranka Mladih Slovenije,Stranka mladih Slovenije,different,1
SI,LDS - Liberalna demokracija Slovenije,Liberalna demokracija Slovenije,Zares - nova politika,Zares,different,1
SI,LDS - Liberalna demokracija Slovenije,Liberalna demokracija Slovenije,Other,other,unmatchable,2
SI,LMŠ - Lista Marjana Šarca,Lista Marjana Šarca,DESUS - Demokraticna stranka upokojencev Slovenije,Demokratična stranka upokojencev Slovenije,different,3
SI,LMŠ - Lista Marjana Šarca,Lista Marjana Šarca,LMŠ - Lista Marjana Šarca,Lista Marjana Šarca,same,74
SI,LMŠ - Lista Marjana Šarca,Lista Marjana Šarca,NSI - Nova Slovenija – Kršcanski demokrati,Nova Slovenija — Krščanska ljudska stranka,different,2
SI,LMŠ - Lista Marjana Šarca,Lista Marjana Šarca,SD - Socialni demokrati,Socialni demokrati / Združena lista socialnih demokratov,different,1
SI,LMŠ - Lista Marjana Šarca,Lista Marjana Šarca,SMC - Stranka modernega centra,Stranka Mira Cerarja / Stranka modernega centra,different,5
SI,LMŠ - Lista Marjana Šarca,Lista Marjana Šarca,SAB - Stranka Alenke Bratušek,Zavezništvo Alenke Bratušek / Stranka Alenke Bratušek,different,1
SI,LMŠ - Lista Marjana Šarca,Lista Marjana Šarca,Other,other,unmatchable,1
SI,PS - Pozitivna Slovenija,Lista Zorana Jankovića — Pozitivna Slovenija,PS - Pozitivna Slovenija,Lista Zorana Jankovića — Pozitivna Slovenija,same,48
SI,PS - Pozitivna Slovenija,Lista Zorana Jankovića — Pozitivna Slovenija,SDS - Slovenska demokratska stranka,Slovenska demokratska stranka,different,1
SI,PS - Pozitivna Slovenija,Lista Zorana Jankovića — Pozitivna Slovenija,SD - Socialni demokrati,Socialni demokrati / Združena lista socialnih demokratov,different,4
SI,PS - Pozitivna Slovenija,Lista Zorana Jankovića — Pozitivna Slovenija,SMC - Stranka Mira Cerarja,Stranka Mira Cerarja / Stranka modernega centra,different,1
SI,PS - Pozitivna Slovenija,Lista Zorana Jankovića — Pozitivna Slovenija,Zares - nova politika,Zares,different,1
SI,PS - Pozitivna Slovenija,Lista Zorana Jankovića — Pozitivna Slovenija,ZAAB - Zavezništvo Alenke Bratušek,Zavezništvo Alenke Bratušek / Stranka Alenke Bratušek,different,1
SI,NSI - Nova Slovenija – Kršcanski demokrati,Nova Slovenija — Krščanska ljudska stranka,DESUS - Demokraticna stranka upokojencev Slovenije,Demokratična stranka upokojencev Slovenije,different,1
SI,NSI - Nova Slovenija – Kršcanski demokrati,Nova Slovenija — Krščanska ljudska stranka,Gibanje svoboda,Gibanje Svoboda,different,3
SI,NSI - Nova Slovenija – Kršcanski demokrati,Nova Slovenija — Krščanska ljudska stranka,LDS - Liberalna demokracija Slovenije,Liberalna demokracija Slovenije,different,3
SI,NSI - Nova Slovenija – Kršcanski demokrati,Nova Slovenija — Krščanska ljudska stranka,LMŠ - Lista Marjana Šarca,Lista Marjana Šarca,different,5
SI,NSI - Nova Slovenija – Kršcanski demokrati,Nova Slovenija — Krščanska ljudska stranka,PS - Pozitivna Slovenija,Lista Zorana Jankovića — Pozitivna Slovenija,different,1
SI,NSI - Nova Slovenija – Kršcanski demokrati,Nova Slovenija — Krščanska ljudska stranka,NSI - Nova Slovenija – Kršcanski demokrati,Nova Slovenija — Krščanska ljudska stranka,same,226
SI,NSI - Nova Slovenija – Kršcanski demokrati,Nova Slovenija — Krščanska ljudska stranka,SDS - Slovenska demokratska stranka,Slovenska demokratska stranka,different,39
SI,NSI - Nova Slovenija – Kršcanski demokrati,Nova Slovenija — Krščanska ljudska stranka,SDS - Socialdemokratska Stranka Slovenije,Slovenska demokratska stranka,different,5
SI,NSI - Nova Slovenija – Kršcanski demokrati,Nova Slovenija — Krščanska ljudska stranka,SLS - Slovenska ljudska stranka,Slovenska ljudska stranka,different,14
SI,NSI - Nova Slovenija – Kršcanski demokrati,Nova Slovenija — Krščanska ljudska stranka,SD - Socialni demokrati,Socialni demokrati / Združena lista socialnih demokratov,different,1
SI,NSI - Nova Slovenija – Kršcanski demokrati,Nova Slovenija — Krščanska ljudska stranka,SMC - Stranka Mira Cerarja,Stranka Mira Cerarja / Stranka modernega centra,different,4
SI,NSI - Nova Slovenija – Kršcanski demokrati,Nova Slovenija — Krščanska ljudska stranka,SMC - Stranka modernega centra,Stranka Mira Cerarja / Stranka modernega centra,different,1
SI,NSI - Nova Slovenija – Kršcanski demokrati,Nova Slovenija — Krščanska ljudska stranka,Other,other,unmatchable,4
SI,"Povežimo Slovenijo (Konkretno, Zeleni Slovenije, SLS, NLS, NS)",Povežimo se,"Povežimo Slovenijo (Konkretno, Zeleni Slovenije, SLS, NLS, NS)",Povežimo se,same,6
SI,Državljansko gibanje Resni.ca,Resni.ca,Gibanje svoboda,Gibanje Svoboda,different,2
SI,Državljansko gibanje Resni.ca,Resni.ca,Državljansko gibanje Resni.ca,Resni.ca,same,9
SI,Državljansko gibanje Resni.ca,Resni.ca,SAB - Stranka Alenke Bratušek,Zavezništvo Alenke Bratušek / Stranka Alenke Bratušek,different,1
SI,Državljansko gibanje Resni.ca,Resni.ca,Other,other,unmatchable,1
SI,SDS - Slovenska demokratska stranka,Slovenska demokratska stranka,DESUS - Demokraticna stranka upokojencev Slovenije,Demokratična stranka upokojencev Slovenije,different,6
SI,SDS - Socialdemokratska Stranka Slovenije,Slovenska demokratska stranka,DESUS - Demokraticna stranka upokojencev Slovenije,Demokratična stranka upokojencev Slovenije,different,1
SI,SDS - Slovenska demokratska stranka,Slovenska demokratska stranka,Gibanje svoboda,Gibanje Svoboda,different,1
SI,SDS - Slovenska demokratska stranka,Slovenska demokratska stranka,L - Levica,Levica,different,1
SI,SDS - Slovenska demokratska stranka,Slovenska demokratska stranka,LDS - Liberalna demokracija Slovenije,Liberalna demokracija Slovenije,different,4
SI,SDS - Socialdemokratska Stranka Slovenije,Slovenska demokratska stranka,LDS - Liberalna demokracija Slovenije,Liberalna demokracija Slovenije,different,2
SI,SDS - Slovenska demokratska stranka,Slovenska demokratska stranka,LMŠ - Lista Marjana Šarca,Lista Marjana Šarca,different,3
SI,SDS - Slovenska demokratska stranka,Slovenska demokratska stranka,NSI - Nova Slovenija – Kršcanski demokrati,Nova Slovenija — Krščanska ljudska stranka,different,15
SI,SDS - Socialdemokratska Stranka Slovenije,Slovenska demokratska stranka,NSI - Nova Slovenija – Kršcanski demokrati,Nova Slovenija — Krščanska ljudska stranka,different,2
SI,SDS - Slovenska demokratska stranka,Slovenska demokratska stranka,"Povežimo Slovenijo (Konkretno, Zeleni Slovenije, SLS, NLS, NS)",Povežimo se,different,1
SI,SDS - Slovenska demokratska stranka,Slovenska demokratska stranka,SDS - Slovenska demokratska stranka,Slovenska demokratska stranka,same,818
SI,SDS - Socialdemokratska Stranka Slovenije,Slovenska demokratska stranka,SDS - Socialdemokratska Stranka Slovenije,Slovenska demokratska stranka,same,54
SI,SDS - Slovenska demokratska stranka,Slovenska demokratska stranka,SLS - Slovenska ljudska stranka,Slovenska ljudska stranka,different,9
SI,SDS - Socialdemokratska Stranka Slovenije,Slovenska demokratska stranka,SLS - Slovenska ljudska stranka,Slovenska ljudska stranka,different,5
SI,SDS - Slovenska demokratska stranka,Slovenska demokratska stranka,SNS - Slovenska nacionalna stranka,Slovenska nacionalna stranka,different,1
SI,SDS - Slovenska demokratska stranka,Slovenska demokratska stranka,SD - Socialni demokrati,Socialni demokrati / Združena lista socialnih demokratov,different,5
SI,SDS - Slovenska demokratska stranka,Slovenska demokratska stranka,ZLSD - Združena lista socialnih demokratov,Socialni demokrati / Združena lista socialnih demokratov,different,2
SI,SDS - Slovenska demokratska stranka,Slovenska demokratska stranka,LIPA - Party,Stranka Lipa,different,1
SI,SDS - Slovenska demokratska stranka,Slovenska demokratska stranka,SMC - Stranka Mira Cerarja,Stranka Mira Cerarja / Stranka modernega centra,different,2
SI,SDS - Socialdemokratska Stranka Slovenije,Slovenska demokratska stranka,SMS - Stranka Mladih Slovenije,Stranka mladih Slovenije,different,2
SI,SDS - Slovenska demokratska stranka,Slovenska demokratska stranka,Other,other,unmatchable,3
SI,SDS - Socialdemokratska Stranka Slovenije,Slovenska demokratska stranka,Other,other,unmatchable,1
SI,SLS - Slovenska ljudska stranka,Slovenska ljudska stranka,DESUS - Demokraticna stranka upokojencev Slovenije,Demokratična stranka upokojencev Slovenije,different,1
SI,SLS - Slovenska ljudska stranka,Slovenska ljudska stranka,LDS - Liberalna demokracija Slovenije,Liberalna demokracija Slovenije,different,2
SI,SLS - Slovenska ljudska stranka,Slovenska ljudska stranka,LMŠ - Lista Marjana Šarca,Lista Marjana Šarca,different,2
SI,SLS - Slovenska ljudska stranka,Slovenska ljudska stranka,NSI - Nova Slovenija – Kršcanski demokrati,Nova Slovenija — Krščanska ljudska stranka,different,3
SI,SLS - Slovenska ljudska stranka,Slovenska ljudska stranka,SDS - Slovenska demokratska stranka,Slovenska demokratska stranka,different,12
SI,SLS - Slovenska ljudska stranka,Slovenska ljudska stranka,SLS - Slovenska ljudska stranka,Slovenska ljudska stranka,same,127
SI,SLS - Slovenska ljudska stranka,Slovenska ljudska stranka,SNS - Slovenska nacionalna stranka,Slovenska nacionalna stranka,different,1
SI,SLS - Slovenska ljudska stranka,Slovenska ljudska stranka,SD - Socialni demokrati,Socialni demokrati / Združena lista socialnih demokratov,different,2
SI,SLS - Slovenska ljudska stranka,Slovenska ljudska stranka,SMC - Stranka Mira Cerarja,Stranka Mira Cerarja / Stranka modernega centra,different,2
SI,SLS - Slovenska ljudska stranka,Slovenska ljudska stranka,Other,other,unmatchable,2
SI,SNS - Slovenska nacionalna stranka,Slovenska nacionalna stranka,DESUS - Demokraticna stranka upokojencev Slovenije,Demokratična stranka upokojencev Slovenije,different,1
SI,SNS - Slovenska nacionalna stranka,Slovenska nacionalna stranka,LDS - Liberalna demokracija Slovenije,Liberalna demokracija Slovenije,different,6
SI,SNS - Slovenska nacionalna stranka,Slovenska nacionalna stranka,PS - Pozitivna Slovenija,Lista Zorana Jankovića — Pozitivna Slovenija,different,1
SI,SNS - Slovenska nacionalna stranka,Slovenska nacionalna stranka,NSI - Nova Slovenija – Kršcanski demokrati,Nova Slovenija — Krščanska ljudska stranka,different,1
SI,SNS - Slovenska nacionalna stranka,Slovenska nacionalna stranka,SDS - Slovenska demokratska stranka,Slovenska demokratska stranka,different,6
SI,SNS - Slovenska nacionalna stranka,Slovenska nacionalna stranka,SDS - Socialdemokratska Stranka Slovenije,Slovenska demokratska stranka,different,1
SI,SNS - Slovenska nacionalna stranka,Slovenska nacionalna stranka,SNS - Slovenska nacionalna stranka,Slovenska nacionalna stranka,same,76
SI,SNS - Slovenska nacionalna stranka,Slovenska nacionalna stranka,SD - Socialni demokrati,Socialni demokrati / Združena lista socialnih demokratov,different,3
SI,SNS - Slovenska nacionalna stranka,Slovenska nacionalna stranka,ZLSD - Združena lista socialnih demokratov,Socialni demokrati / Združena lista socialnih demokratov,different,1
SI,SNS - Slovenska nacionalna stranka,Slovenska nacionalna stranka,LIPA - Party,Stranka Lipa,different,1
SI,SNS - Slovenska nacionalna stranka,Slovenska nacionalna stranka,Other,other,unmatchable,2
SI,SD - Socialni demokrati,Socialni demokrati / Združena lista socialnih demokratov,DESUS - Demokraticna stranka upokojencev Slovenije,Demokratična stranka upokojencev Slovenije,different,9
SI,ZLSD - Združena lista socialnih demokratov,Socialni demokrati / Združena lista socialnih demokratov,DESUS - Demokraticna stranka upokojencev Slovenije,Demokratična stranka upokojencev Slovenije,different,5
SI,SD - Socialni demokrati,Socialni demokrati / Združena lista socialnih demokratov,DL - Državljanska lista,Državljanska lista,different,3
SI,SD - Socialni demokrati,Socialni demokrati / Združena lista socialnih demokratov,Gibanje svoboda,Gibanje Svoboda,different,10
SI,SD - Socialni demokrati,Socialni demokrati / Združena lista socialnih demokratov,L - Levica,Levica,different,6
SI,SD - Socialni demokrati,Socialni demokrati / Združena lista socialnih demokratov,LDS - Liberalna demokracija Slovenije,Liberalna demokracija Slovenije,different,18
SI,ZLSD - Združena lista socialnih demokratov,Socialni demokrati / Združena lista socialnih demokratov,LDS - Liberalna demokracija Slovenije,Liberalna demokracija Slovenije,different,20
SI,SD - Socialni demokrati,Socialni demokrati / Združena lista socialnih demokratov,LMŠ - Lista Marjana Šarca,Lista Marjana Šarca,different,11
SI,SD - Socialni demokrati,Socialni demokrati / Združena lista socialnih demokratov,PS - Pozitivna Slovenija,Lista Zorana Jankovića — Pozitivna Slovenija,different,8
SI,SD - Socialni demokrati,Socialni demokrati / Združena lista socialnih demokratov,NSI - Nova Slovenija – Kršcanski demokrati,Nova Slovenija — Krščanska ljudska stranka,different,2
SI,ZLSD - Združena lista socialnih demokratov,Socialni demokrati / Združena lista socialnih demokratov,NSI - Nova Slovenija – Kršcanski demokrati,Nova Slovenija — Krščanska ljudska stranka,different,1
SI,SD - Socialni demokrati,Socialni demokrati / Združena lista socialnih demokratov,SDS - Slovenska demokratska stranka,Slovenska demokratska stranka,different,12
SI,ZLSD - Združena lista socialnih demokratov,Socialni demokrati / Združena lista socialnih demokratov,SDS - Slovenska demokratska stranka,Slovenska demokratska stranka,different,1
SI,ZLSD - Združena lista socialnih demokratov,Socialni demokrati / Združena lista socialnih demokratov,SDS - Socialdemokratska Stranka Slovenije,Slovenska demokratska stranka,different,1
SI,SD - Socialni demokrati,Socialni demokrati / Združena lista socialnih demokratov,SLS - Slovenska ljudska stranka,Slovenska ljudska stranka,different,6
SI,SD - Socialni demokrati,Socialni demokrati / Združena lista socialnih demokratov,SNS - Slovenska nacionalna stranka,Slovenska nacionalna stranka,different,2
SI,ZLSD - Združena lista socialnih demokratov,Socialni demokrati / Združena lista socialnih demokratov,SNS - Slovenska nacionalna stranka,Slovenska nacionalna stranka,different,1
SI,SD - Socialni demokrati,Socialni demokrati / Združena lista socialnih demokratov,SD - Socialni demokrati,Socialni demokrati / Združena lista socialnih demokratov,same,482
SI,ZLSD - Združena lista socialnih demokratov,Socialni demokrati / Združena lista socialnih demokratov,ZLSD - Združena lista socialnih demokratov,Socialni demokrati / Združena lista socialnih demokratov,same,78
SI,SD - Socialni demokrati,Socialni demokrati / Združena lista socialnih demokratov,SMC - Stranka Mira Cerarja,Stranka Mira Cerarja / Stranka modernega centra,different,26
SI,SD - Socialni demokrati,Socialni demokrati / Združena lista socialnih demokratov,SMC - Stranka modernega centra,Stranka Mira Cerarja / Stranka modernega centra,different,4
SI,ZLSD - Združena lista socialnih demokratov,Socialni demokrati / Združena lista socialnih demokratov,SMS - Stranka Mladih Slovenije,Stranka mladih Slovenije,different,1
SI,SD - Socialni demokrati,Socialni demokrati / Združena lista socialnih demokratov,TRS - Stranka za Trajnostni Razvoj Slovenije,Stranka za trajnostni razvoj Slovenije,different,1
SI,SD - Socialni demokrati,Socialni demokrati / Združena lista socialnih demokratov,Zares - nova politika,Zares,different,7
SI,SD - Socialni demokrati,Socialni demokrati / Združena lista socialnih demokratov,SAB - Stranka Alenke Bratušek,Zavezništvo Alenke Bratušek / Stranka Alenke Bratušek,different,4
SI,SD - Socialni demokrati,Socialni demokrati / Združena lista socialnih demokratov,ZAAB - Zavezništvo Alenke Bratušek,Zavezništvo Alenke Bratušek / Stranka Alenke Bratušek,different,3
SI,SD - Socialni demokrati,Socialni demokrati / Združena lista socialnih demokratov,"ZL - Združena levica (DSD, IDS in Stranka TRS)",Zdruzena Lista,different,3
SI,SD - Socialni demokrati,Socialni demokrati / Združena lista socialnih demokratov,Other,other,unmatchable,6
SI,ZLSD - Združena lista socialnih demokratov,Socialni demokrati / Združena lista socialnih demokratov,Other,other,unmatchable,2
SI,SMC - Stranka Mira Cerarja,Stranka Mira Cerarja / Stranka modernega centra,DESUS - Demokraticna stranka upokojencev Slovenije,Demokratična stranka upokojencev Slovenije,different,2
SI,SMC - Stranka modernega centra,Stranka Mira Cerarja / Stranka modernega centra,L - Levica,Levica,different,1
SI,SMC - Stranka modernega centra,Stranka Mira Cerarja / Stranka modernega centra,LMŠ - Lista Marjana Šarca,Lista Marjana Šarca,different,1
SI,SMC - Stranka modernega centra,Stranka Mira Cerarja / Stranka modernega centra,NSI - Nova Slovenija – Kršcanski demokrati,Nova Slovenija — Krščanska ljudska stranka,different,1
SI,SMC - Stranka modernega centra,Stranka Mira Cerarja / Stranka modernega centra,SDS - Slovenska demokratska stranka,Slovenska demokratska stranka,different,1
SI,SMC - Stranka Mira Cerarja,Stranka Mira Cerarja / Stranka modernega centra,SLS - Slovenska ljudska stranka,Slovenska ljudska stranka,different,1
SI,SMC - Stranka Mira Cerarja,Stranka Mira Cerarja / Stranka modernega centra,SD - Socialni demokrati,Socialni demokrati / Združena lista socialnih demokratov,different,3
SI,SMC - Stranka Mira Cerarja,Stranka Mira Cerarja / Stranka modernega centra,SMC - Stranka Mira Cerarja,Stranka Mira Cerarja / Stranka modernega centra,same,113
SI,SMC - Stranka modernega centra,Stranka Mira Cerarja / Stranka modernega centra,SMC - Stranka modernega centra,Stranka Mira Cerarja / Stranka modernega centra,same,28
SI,SMC - Stranka Mira Cerarja,Stranka Mira Cerarja / Stranka modernega centra,VERJAMEM - Stranka Igorja Šoltesa,Verjamem,different,1
SI,SMC - Stranka Mira Cerarja,Stranka Mira Cerarja / Stranka modernega centra,ZAAB - Zavezništvo Alenke Bratušek,Zavezništvo Alenke Bratušek / Stranka Alenke Bratušek,different,3
SI,SMC - Stranka modernega centra,Stranka Mira Cerarja / Stranka modernega centra,SAB - Stranka Alenke Bratušek,Zavezništvo Alenke Bratušek / Stranka Alenke Bratušek,different,1
SI,SMC - Stranka Mira Cerarja,Stranka Mira Cerarja / Stranka modernega centra,"ZL - Združena levica (DSD, IDS in Stranka TRS)",Zdruzena Lista,different,4
SI,SMS - Stranka Mladih Slovenije,Stranka mladih Slovenije,LDS - Liberalna demokracija Slovenije,Liberalna demokracija Slovenije,different,4
SI,SMS - Stranka Mladih Slovenije,Stranka mladih Slovenije,SMS - Stranka Mladih Slovenije,Stranka mladih Slovenije,same,5
SI,TRS - Stranka za Trajnostni Razvoj Slovenije,Stranka za trajnostni razvoj Slovenije,PS - Pozitivna Slovenija,Lista Zorana Jankovića — Pozitivna Slovenija,different,1
SI,TRS - Stranka za Trajnostni Razvoj Slovenije,Stranka za trajnostni razvoj Slovenije,SD - Socialni demokrati,Socialni demokrati / Združena lista socialnih demokratov,different,1
SI,TRS - Stranka za Trajnostni Razvoj Slovenije,Stranka za trajnostni razvoj Slovenije,TRS - Stranka za Trajnostni Razvoj Slovenije,Stranka za trajnostni razvoj Slovenije,same,1
SI,TRS - Stranka za Trajnostni Razvoj Slovenije,Stranka za trajnostni razvoj Slovenije,Zares - nova politika,Zares,different,1
SI,TRS - Stranka za Trajnostni Razvoj Slovenije,Stranka za trajnostni razvoj Slovenije,Other,other,unmatchable,1
SI,Zares - nova politika,Zares,DESUS - Demokraticna stranka upokojencev Slovenije,Demokratična stranka upokojencev Slovenije,different,1
SI,Zares - nova politika,Zares,LDS - Liberalna demokracija Slovenije,Liberalna demokracija Slovenije,different,1
SI,Zares - nova politika,Zares,SD - Socialni demokrati,Socialni demokrati / Združena lista socialnih demokratov,different,16
SI,Zares - nova politika,Zares,Zares - nova politika,Zares,same,32
SI,SAB - Stranka Alenke Bratušek,Zavezništvo Alenke Bratušek / Stranka Alenke Bratušek,DESUS - Demokraticna stranka upokojencev Slovenije,Demokratična stranka upokojencev Slovenije,different,1
SI,SAB - Stranka Alenke Bratušek,Zavezništvo Alenke Bratušek / Stranka Alenke Bratušek,LMŠ - Lista Marjana Šarca,Lista Marjana Šarca,different,2
SI,SAB - Stranka Alenke Bratušek,Zavezništvo Alenke Bratušek / Stranka Alenke Bratušek,SMC - Stranka modernega centra,Stranka Mira Cerarja / Stranka modernega centra,different,1
SI,ZAAB - Zavezništvo Alenke Bratušek,Zavezništvo Alenke Bratušek / Stranka Alenke Bratušek,SMC - Stranka Mira Cerarja,Stranka Mira Cerarja / Stranka modernega centra,different,2
SI,SAB - Stranka Alenke Bratušek,Zavezništvo Alenke Bratušek / Stranka Alenke Bratušek,SAB - Stranka Alenke Bratušek,Zavezništvo Alenke Bratušek / Stranka Alenke Bratušek,same,12
SI,ZAAB - Zavezništvo Alenke Bratušek,Zavezništvo Alenke Bratušek / Stranka Alenke Bratušek,ZAAB - Zavezništvo Alenke Bratušek,Zavezništvo Alenke Bratušek / Stranka Alenke Bratušek,same,5
SI,SAB - Stranka Alenke Bratušek,Zavezništvo Alenke Bratušek / Stranka Alenke Bratušek,Other,other,unmatchable,1
SI,"ZL - Združena levica (DSD, IDS in Stranka TRS)",Zdruzena Lista,DESUS - Demokraticna stranka upokojencev Slovenije,Demokratična stranka upokojencev Slovenije,different,1
SI,"ZL - Združena levica (DSD, IDS in Stranka TRS)",Zdruzena Lista,PS - Pozitivna Slovenija,Lista Zorana Jankovića — Pozitivna Slovenija,different,2
SI,"ZL - Združena levica (DSD, IDS in Stranka TRS)",Zdruzena Lista,SDS - Slovenska demokratska stranka,Slovenska demokratska stranka,different,3
SI,"ZL - Združena levica (DSD, IDS in Stranka TRS)",Zdruzena Lista,SD - Socialni demokrati,Socialni demokrati / Združena lista socialnih demokratov,different,4
SI,"ZL - Združena levica (DSD, IDS in Stranka TRS)",Zdruzena Lista,SMC - Stranka Mira Cerarja,Stranka Mira Cerarja / Stranka modernega centra,different,20
SI,"ZL - Združena levica (DSD, IDS in Stranka TRS)",Zdruzena Lista,ZAAB - Zavezništvo Alenke Bratušek,Zavezništvo Alenke Bratušek / Stranka Alenke Bratušek,different,4
SI,"ZL - Združena levica (DSD, IDS in Stranka TRS)",Zdruzena Lista,"ZL - Združena levica (DSD, IDS in Stranka TRS)",Zdruzena Lista,same,39
SI,"ZL - Združena levica (DSD, IDS in Stranka TRS)",Zdruzena Lista,Other,other,unmatchable,1
SI,NA,dont-know,DESUS - Demokraticna stranka upokojencev Slovenije,Demokratična stranka upokojencev Slovenije,unmatchable,1
SI,NA,dont-know,Gibanje svoboda,Gibanje Svoboda,unmatchable,1
SI,NA,dont-know,L - Levica,Levica,unmatchable,1
SI,NA,dont-know,LDS - Liberalna demokracija Slovenije,Liberalna demokracija Slovenije,unmatchable,3
SI,NA,dont-know,LMŠ - Lista Marjana Šarca,Lista Marjana Šarca,unmatchable,3
SI,NA,dont-know,PS - Pozitivna Slovenija,Lista Zorana Jankovića — Pozitivna Slovenija,unmatchable,3
SI,NA,dont-know,NSI - Nova Slovenija – Kršcanski demokrati,Nova Slovenija — Krščanska ljudska stranka,unmatchable,2
SI,NA,dont-know,SDS - Slovenska demokratska stranka,Slovenska demokratska stranka,unmatchable,1
SI,NA,dont-know,SLS - Slovenska ljudska stranka,Slovenska ljudska stranka,unmatchable,1
SI,NA,dont-know,SNS - Slovenska nacionalna stranka,Slovenska nacionalna stranka,unmatchable,1
SI,NA,dont-know,SD - Socialni demokrati,Socialni demokrati / Združena lista socialnih demokratov,unmatchable,2
SI,NA,dont-know,SMC - Stranka Mira Cerarja,Stranka Mira Cerarja / Stranka modernega centra,unmatchable,3
SI,NA,dont-know,SAB - Stranka Alenke Bratušek,Zavezništvo Alenke Bratušek / Stranka Alenke Bratušek,unmatchable,1
SI,NA,dont-know,ZAAB - Zavezništvo Alenke Bratušek,Zavezništvo Alenke Bratušek / Stranka Alenke Bratušek,unmatchable,1
SI,NA,dont-know,Other,other,unmatchable,1
SI,Other,other,DESUS - Demokraticna stranka upokojencev Slovenije,Demokratična stranka upokojencev Slovenije,unmatchable,3
SI,Other,other,L - Levica,Levica,unmatchable,2
SI,Other,other,LDS - Liberalna demokracija Slovenije,Liberalna demokracija Slovenije,unmatchable,6
SI,Other,other,LMŠ - Lista Marjana Šarca,Lista Marjana Šarca,unmatchable,4
SI,Other,other,SDS - Slovenska demokratska stranka,Slovenska demokratska stranka,unmatchable,6
SI,Other,other,SDS - Socialdemokratska Stranka Slovenije,Slovenska demokratska stranka,unmatchable,1
SI,Other,other,SLS - Slovenska ljudska stranka,Slovenska ljudska stranka,unmatchable,4
SI,Other,other,SNS - Slovenska nacionalna stranka,Slovenska nacionalna stranka,unmatchable,1
SI,Other,other,SD - Socialni demokrati,Socialni demokrati / Združena lista socialnih demokratov,unmatchable,6
SI,Other,other,SMC - Stranka Mira Cerarja,Stranka Mira Cerarja / Stranka modernega centra,unmatchable,7
SI,Other,other,Zares - nova politika,Zares,unmatchable,1
SI,Other,other,Other,other,unmatchable,34
SI,NA,refused,Gibanje svoboda,Gibanje Svoboda,unmatchable,1
SI,NA,refused,L - Levica,Levica,unmatchable,2
SI,NA,refused,LDS - Liberalna demokracija Slovenije,Liberalna demokracija Slovenije,unmatchable,5
SI,NA,refused,LMŠ - Lista Marjana Šarca,Lista Marjana Šarca,unmatchable,3
SI,NA,refused,PS - Pozitivna Slovenija,Lista Zorana Jankovića — Pozitivna Slovenija,unmatchable,2
SI,NA,refused,NSI - Nova Slovenija – Kršcanski demokrati,Nova Slovenija — Krščanska ljudska stranka,unmatchable,1
SI,NA,refused,SDS - Slovenska demokratska stranka,Slovenska demokratska stranka,unmatchable,8
SI,NA,refused,SDS - Socialdemokratska Stranka Slovenije,Slovenska demokratska stranka,unmatchable,1
SI,NA,refused,SNS - Slovenska nacionalna stranka,Slovenska nacionalna stranka,unmatchable,1
SI,NA,refused,SD - Socialni demokrati,Socialni demokrati / Združena lista socialnih demokratov,unmatchable,4
SI,NA,refused,ZLSD - Združena lista socialnih demokratov,Socialni demokrati / Združena lista socialnih demokratov,unmatchable,3
SI,NA,refused,SMC - Stranka Mira Cerarja,Stranka Mira Cerarja / Stranka modernega centra,unmatchable,2
SI,NA,refused,SMC - Stranka modernega centra,Stranka Mira Cerarja / Stranka modernega centra,unmatchable,1
SI,NA,refused,Zares - nova politika,Zares,unmatchable,3
SI,NA,refused,Other,other,unmatchable,1
SI,NA,NA,DESUS - Demokraticna stranka upokojencev Slovenije,Demokratična stranka upokojencev Slovenije,unmatchable,1
SI,NA,NA,Gibanje svoboda,Gibanje Svoboda,unmatchable,1
SI,NA,NA,LDS - Liberalna demokracija Slovenije,Liberalna demokracija Slovenije,unmatchable,1
SI,NA,NA,NSI - Nova Slovenija – Kršcanski demokrati,Nova Slovenija — Krščanska ljudska stranka,unmatchable,1
SI,NA,NA,SDS - Slovenska demokratska stranka,Slovenska demokratska stranka,unmatchable,3
SI,NA,NA,SDS - Socialdemokratska Stranka Slovenije,Slovenska demokratska stranka,unmatchable,1
SI,NA,NA,SLS - Slovenska ljudska stranka,Slovenska ljudska stranka,unmatchable,2
SI,NA,NA,SD - Socialni demokrati,Socialni demokrati / Združena lista socialnih demokratov,unmatchable,1
SI,NA,NA,ZLSD - Združena lista socialnih demokratov,Socialni demokrati / Združena lista socialnih demokratov,unmatchable,2
SI,NA,NA,SMC - Stranka Mira Cerarja,Stranka Mira Cerarja / Stranka modernega centra,unmatchable,2
SI,NA,NA,Zares - nova politika,Zares,unmatchable,1
SK,ANO New Citizen's Alliance,Aliancia Nového Občana,ANO New Citizen's Alliance,Aliancia Nového Občana,same,25
SK,ANO New Citizen's Alliance,Aliancia Nového Občana,SDKU Slovak Democratic Christian Union,Slovenská demokratická a kresťanská únia — Demokratická strana,different,3
SK,ANO New Citizen's Alliance,Aliancia Nového Občana,SMER,Smer — sociálna demokracia,different,1
SK,ANO New Citizen's Alliance,Aliancia Nového Občana,HZDS Movement for a Democratic Slovakia,Ľudová strana — Hnutie za demokratické Slovensko,different,1
SK,KSS Communist Party of Slovakia,Komunistická strana Slovenska,KSS Communist Party of Slovakia,Komunistická strana Slovenska,same,18
SK,KSS Communist Party of Slovakia,Komunistická strana Slovenska,SMER,Smer — sociálna demokracia,different,1
SK,Christian Democratic Movement (KDH),Kresťanskodemokratické hnutie,Christian Democratic Movement (KDH),Kresťanskodemokratické hnutie,same,254
SK,KDH Christian Democratic Movement,Kresťanskodemokratické hnutie,KDH Christian Democratic Movement,Kresťanskodemokratické hnutie,same,41
SK,Christian Democratic Movement (KDH),Kresťanskodemokratické hnutie,Slovak Democratic Christian Union (SDKU),Slovenská demokratická a kresťanská únia — Demokratická strana,different,3
SK,KDH Christian Democratic Movement,Kresťanskodemokratické hnutie,SDKU Slovak Democratic Christian Union,Slovenská demokratická a kresťanská únia — Demokratická strana,different,4
SK,Christian Democratic Movement (KDH),Kresťanskodemokratické hnutie,Slovenská národná strana (SNS),Slovenská národná strana,different,1
SK,Christian Democratic Movement (KDH),Kresťanskodemokratické hnutie,SMER,Smer — sociálna demokracia,different,1
SK,Christian Democratic Movement (KDH),Kresťanskodemokratické hnutie,SMER-Social Democracy,Smer — sociálna demokracia,different,1
SK,Christian Democratic Movement (KDH),Kresťanskodemokratické hnutie,Smer – SD,Smer — sociálna demokracia,different,2
SK,Christian Democratic Movement (KDH),Kresťanskodemokratické hnutie,Party of Hungarian Coalition (SMK),Strana maďarskej koalície / Strana maďarskej komunity,different,1
SK,KDH Christian Democratic Movement,Kresťanskodemokratické hnutie,SMK Party of Hungarian Coalition,Strana maďarskej koalície / Strana maďarskej komunity,different,1
SK,KDH Christian Democratic Movement,Kresťanskodemokratické hnutie,Other,other,unmatchable,1
SK,Christian Democratic Movement (KDH),Kresťanskodemokratické hnutie,ĽS Naše Slovensko,Ľudová strana Naše Slovensko,different,22
SK,Most-Híd,MOST-HID,Christian Democratic Movement (KDH),Kresťanskodemokratické hnutie,different,2
SK,Most-Híd,MOST-HID,Most-Híd,MOST-HID,same,70
SK,Most-Híd,MOST-HID,Most–Híd,MOST-HID,same,25
SK,Most-Híd,MOST-HID,Slovak Democratic Christian Union (SDKU),Slovenská demokratická a kresťanská únia — Demokratická strana,different,1
SK,Most-Híd,MOST-HID,SMER-Social Democracy,Smer — sociálna demokracia,different,2
SK,Most-Híd,MOST-HID,Other,other,unmatchable,1
SK,Ordinary People and Independent Personalities (OLaNO),Obyčajní Ľudia a Nezávislé Osobnosti,Christian Democratic Movement (KDH),Kresťanskodemokratické hnutie,different,1
SK,Obyčajní Ľudia a nezávislé osobnosti,Obyčajní Ľudia a Nezávislé Osobnosti,Obyčajní Ľudia a nezávislé osobnosti,Obyčajní Ľudia a Nezávislé Osobnosti,same,94
SK,Ordinary People and Independent Personalities (OLaNO),Obyčajní Ľudia a Nezávislé Osobnosti,Obyčajní Ľudia a nezávislé osobnosti,Obyčajní Ľudia a Nezávislé Osobnosti,same,18
SK,Ordinary People and Independent Personalities (OLaNO),Obyčajní Ľudia a Nezávislé Osobnosti,Ordinary People and Independent Personalities (OLaNO),Obyčajní Ľudia a Nezávislé Osobnosti,same,23
SK,Ordinary People and Independent Personalities (OLaNO),Obyčajní Ľudia a Nezávislé Osobnosti,Freedom and Solidarity (SaS),Sloboda a Solidarita,different,1
SK,Ordinary People and Independent Personalities (OLaNO),Obyčajní Ľudia a Nezávislé Osobnosti,Sloboda a Solidarita (SaS),Sloboda a Solidarita,different,1
SK,Ordinary People and Independent Personalities (OLaNO),Obyčajní Ľudia a Nezávislé Osobnosti,Slovenská národná strana (SNS),Slovenská národná strana,different,1
SK,Ordinary People and Independent Personalities (OLaNO),Obyčajní Ľudia a Nezávislé Osobnosti,SMER-Social Democracy,Smer — sociálna demokracia,different,1
SK,Ordinary People and Independent Personalities (OLaNO),Obyčajní Ľudia a Nezávislé Osobnosti,Smer – SD,Smer — sociálna demokracia,different,3
SK,Obyčajní Ľudia a nezávislé osobnosti,Obyčajní Ľudia a Nezávislé Osobnosti,Za ľudí,Za ľudí,same,4
SK,Ordinary People and Independent Personalities (OLaNO),Obyčajní Ľudia a Nezávislé Osobnosti,Other,other,unmatchable,3
SK,Pogresívne Slovensko - Spolu,Pogresívne Slovensko - Spolu [og],Obyčajní Ľudia a nezávislé osobnosti,Obyčajní Ľudia a Nezávislé Osobnosti,different,16
SK,Pogresívne Slovensko - Spolu,Pogresívne Slovensko - Spolu [og],Pogresívne Slovensko - Spolu,Pogresívne Slovensko - Spolu [og],same,40
SK,Pogresívne Slovensko - Spolu,Pogresívne Slovensko - Spolu [og],Sloboda a Solidarita (SaS),Sloboda a Solidarita,different,6
SK,Pogresívne Slovensko - Spolu,Pogresívne Slovensko - Spolu [og],SME Rodina,Sme Rodina — Boris Kollár,different,4
SK,Pogresívne Slovensko - Spolu,Pogresívne Slovensko - Spolu [og],Za ľudí,Za ľudí,different,8
SK,Pogresívne Slovensko - Spolu,Pogresívne Slovensko - Spolu [og],Other,other,unmatchable,3
SK,Sieť,Sieť — Slovenská konzervatívna strana,Sieť,Sieť — Slovenská konzervatívna strana,same,2
SK,Freedom and Solidarity (SaS),Sloboda a Solidarita,Most-Híd,MOST-HID,different,1
SK,Sloboda a Solidarita (SaS),Sloboda a Solidarita,Obyčajní Ľudia a nezávislé osobnosti,Obyčajní Ľudia a Nezávislé Osobnosti,different,10
SK,Sloboda a Solidarita (SaS),Sloboda a Solidarita,Pogresívne Slovensko - Spolu,Pogresívne Slovensko - Spolu [og],different,1
SK,Freedom and Solidarity (SaS),Sloboda a Solidarita,Sieť,Sieť — Slovenská konzervatívna strana,different,1
SK,Freedom and Solidarity (SaS),Sloboda a Solidarita,Freedom and Solidarity (SaS),Sloboda a Solidarita,same,68
SK,Freedom and Solidarity (SaS),Sloboda a Solidarita,Sloboda a Solidarita (SaS),Sloboda a Solidarita,same,29
SK,Sloboda a Solidarita (SaS),Sloboda a Solidarita,Sloboda a Solidarita (SaS),Sloboda a Solidarita,same,74
SK,Freedom and Solidarity (SaS),Sloboda a Solidarita,Slovak Democratic Christian Union (SDKU),Slovenská demokratická a kresťanská únia — Demokratická strana,different,5
SK,Sloboda a Solidarita (SaS),Sloboda a Solidarita,SME Rodina,Sme Rodina — Boris Kollár,different,2
SK,Freedom and Solidarity (SaS),Sloboda a Solidarita,SMER-Social Democracy,Smer — sociálna demokracia,different,1
SK,Freedom and Solidarity (SaS),Sloboda a Solidarita,Smer – SD,Smer — sociálna demokracia,different,1
SK,Sloboda a Solidarita (SaS),Sloboda a Solidarita,Za ľudí,Za ľudí,different,4
SK,Freedom and Solidarity (SaS),Sloboda a Solidarita,Other,other,unmatchable,3
SK,SDKU Slovak Democratic Christian Union,Slovenská demokratická a kresťanská únia — Demokratická strana,ANO New Citizen's Alliance,Aliancia Nového Občana,different,1
SK,Slovak Democratic Christian Union (SDKU),Slovenská demokratická a kresťanská únia — Demokratická strana,Christian Democratic Movement (KDH),Kresťanskodemokratické hnutie,different,10
SK,Slovak Democratic Christian Union (SDKU),Slovenská demokratická a kresťanská únia — Demokratická strana,Most-Híd,MOST-HID,different,1
SK,Slovak Democratic Christian Union (SDKU),Slovenská demokratická a kresťanská únia — Demokratická strana,Freedom and Solidarity (SaS),Sloboda a Solidarita,different,2
SK,SDKU Slovak Democratic Christian Union,Slovenská demokratická a kresťanská únia — Demokratická strana,SDKU Slovak Democratic Christian Union,Slovenská demokratická a kresťanská únia — Demokratická strana,same,50
SK,Slovak Democratic Christian Union (SDKU),Slovenská demokratická a kresťanská únia — Demokratická strana,Slovak Democratic Christian Union (SDKU),Slovenská demokratická a kresťanská únia — Demokratická strana,same,364
SK,Slovak Democratic Christian Union (SDKU),Slovenská demokratická a kresťanská únia — Demokratická strana,Slovenská národná strana (SNS),Slovenská národná strana,different,18
SK,SDKU Slovak Democratic Christian Union,Slovenská demokratická a kresťanská únia — Demokratická strana,SMER,Smer — sociálna demokracia,different,3
SK,Slovak Democratic Christian Union (SDKU),Slovenská demokratická a kresťanská únia — Demokratická strana,SMER,Smer — sociálna demokracia,different,5
SK,Slovak Democratic Christian Union (SDKU),Slovenská demokratická a kresťanská únia — Demokratická strana,SMER-Social Democracy,Smer — sociálna demokracia,different,4
SK,Slovak Democratic Christian Union (SDKU),Slovenská demokratická a kresťanská únia — Demokratická strana,Smer – SD,Smer — sociálna demokracia,different,3
SK,SDKU Slovak Democratic Christian Union,Slovenská demokratická a kresťanská únia — Demokratická strana,Other,other,unmatchable,1
SK,Slovak Democratic Christian Union (SDKU),Slovenská demokratická a kresťanská únia — Demokratická strana,Other,other,unmatchable,4
SK,Slovak Democratic Christian Union (SDKU),Slovenská demokratická a kresťanská únia — Demokratická strana,Movement for a Democratic Slovakia (HZDS),Ľudová strana — Hnutie za demokratické Slovensko,different,1
SK,Slovak National Party (SNS),Slovenská národná strana,Christian Democratic Movement (KDH),Kresťanskodemokratické hnutie,different,2
SK,Slovak National Party (SNS),Slovenská národná strana,Most-Híd,MOST-HID,different,2
SK,Slovak National Party (SNS),Slovenská národná strana,Freedom and Solidarity (SaS),Sloboda a Solidarita,different,1
SK,Slovak National Party (SNS),Slovenská národná strana,Slovak Democratic Christian Union (SDKU),Slovenská demokratická a kresťanská únia — Demokratická strana,different,1
SK,Slovak National Party (SNS),Slovenská národná strana,Slovak National Party (SNS),Slovenská národná strana,same,132
SK,Slovak National Party (SNS),Slovenská národná strana,SMER,Smer — sociálna demokracia,different,11
SK,Slovak National Party (SNS),Slovenská národná strana,SMER-Social Democracy,Smer — sociálna demokracia,different,2
SK,Slovak National Party (SNS),Slovenská národná strana,Movement for a Democratic Slovakia (HZDS),Ľudová strana — Hnutie za demokratické Slovensko,different,1
SK,SME Rodina,Sme Rodina — Boris Kollár,Obyčajní Ľudia a nezávislé osobnosti,Obyčajní Ľudia a Nezávislé Osobnosti,different,1
SK,SME Rodina,Sme Rodina — Boris Kollár,Sieť,Sieť — Slovenská konzervatívna strana,different,1
SK,SME Rodina,Sme Rodina — Boris Kollár,SME Rodina,Sme Rodina — Boris Kollár,same,67
SK,SME Rodina,Sme Rodina — Boris Kollár,Smer – SD,Smer — sociálna demokracia,different,2
SK,SME Rodina,Sme Rodina — Boris Kollár,Other,other,unmatchable,1
SK,SME Rodina,Sme Rodina — Boris Kollár,ĽS Naše Slovensko,Ľudová strana Naše Slovensko,different,1
SK,SMER,Smer — sociálna demokracia,ANO New Citizen's Alliance,Aliancia Nového Občana,different,4
SK,SMER,Smer — sociálna demokracia,KSS Communist Party of Slovakia,Komunistická strana Slovenska,different,1
SK,SMER,Smer — sociálna demokracia,Christian Democratic Movement (KDH),Kresťanskodemokratické hnutie,different,5
SK,SMER,Smer — sociálna demokracia,KDH Christian Democratic Movement,Kresťanskodemokratické hnutie,different,1
SK,SMER-Social Democracy,Smer — sociálna demokracia,Christian Democratic Movement (KDH),Kresťanskodemokratické hnutie,different,1
SK,SMER-Social Democracy,Smer — sociálna demokracia,Most-Híd,MOST-HID,different,1
SK,SMER-Social Democracy,Smer — sociálna demokracia,Ordinary People and Independent Personalities (OLaNO),Obyčajní Ľudia a Nezávislé Osobnosti,different,3
SK,Smer – SD,Smer — sociálna demokracia,Obyčajní Ľudia a nezávislé osobnosti,Obyčajní Ľudia a Nezávislé Osobnosti,different,11
SK,Smer – SD,Smer — sociálna demokracia,Pogresívne Slovensko - Spolu,Pogresívne Slovensko - Spolu [og],different,2
SK,SMER-Social Democracy,Smer — sociálna demokracia,Freedom and Solidarity (SaS),Sloboda a Solidarita,different,1
SK,Smer – SD,Smer — sociálna demokracia,Sloboda a Solidarita (SaS),Sloboda a Solidarita,different,3
SK,SMER,Smer — sociálna demokracia,SDKU Slovak Democratic Christian Union,Slovenská demokratická a kresťanská únia — Demokratická strana,different,5
SK,SMER,Smer — sociálna demokracia,Slovak Democratic Christian Union (SDKU),Slovenská demokratická a kresťanská únia — Demokratická strana,different,9
SK,SMER-Social Democracy,Smer — sociálna demokracia,Slovak Democratic Christian Union (SDKU),Slovenská demokratická a kresťanská únia — Demokratická strana,different,8
SK,SMER,Smer — sociálna demokracia,Slovak National Party (SNS),Slovenská národná strana,different,13
SK,SMER-Social Democracy,Smer — sociálna demokracia,Slovak National Party (SNS),Slovenská národná strana,different,1
SK,SMER-Social Democracy,Smer — sociálna demokracia,Slovenská národná strana (SNS),Slovenská národná strana,different,2
SK,SMER-Social Democracy,Smer — sociálna demokracia,SME Rodina,Sme Rodina — Boris Kollár,different,1
SK,Smer – SD,Smer — sociálna demokracia,SME Rodina,Sme Rodina — Boris Kollár,different,5
SK,SMER,Smer — sociálna demokracia,SMER,Smer — sociálna demokracia,same,665
SK,SMER-Social Democracy,Smer — sociálna demokracia,SMER-Social Democracy,Smer — sociálna demokracia,same,686
SK,SMER-Social Democracy,Smer — sociálna demokracia,Smer – SD,Smer — sociálna demokracia,same,144
SK,Smer – SD,Smer — sociálna demokracia,Smer – SD,Smer — sociálna demokracia,same,258
SK,SMER,Smer — sociálna demokracia,Party of Hungarian Coalition (SMK),Strana maďarskej koalície / Strana maďarskej komunity,different,1
SK,SMER,Smer — sociálna demokracia,SMK Party of Hungarian Coalition,Strana maďarskej koalície / Strana maďarskej komunity,different,1
SK,Smer – SD,Smer — sociálna demokracia,Za ľudí,Za ľudí,different,1
SK,SMER,Smer — sociálna demokracia,Other,other,unmatchable,14
SK,Smer – SD,Smer — sociálna demokracia,Other,other,unmatchable,5
SK,Smer – SD,Smer — sociálna demokracia,ĽS Naše Slovensko,Ľudová strana Naše Slovensko,different,3
SK,SMER,Smer — sociálna demokracia,HZDS Movement for a Democratic Slovakia,Ľudová strana — Hnutie za demokratické Slovensko,different,18
SK,SMER,Smer — sociálna demokracia,Movement for a Democratic Slovakia (HZDS),Ľudová strana — Hnutie za demokratické Slovensko,different,22
SK,SMK Party of Hungarian Coalition,Strana maďarskej koalície / Strana maďarskej komunity,KSS Communist Party of Slovakia,Komunistická strana Slovenska,different,1
SK,SMK Party of Hungarian Coalition,Strana maďarskej koalície / Strana maďarskej komunity,SDKU Slovak Democratic Christian Union,Slovenská demokratická a kresťanská únia — Demokratická strana,different,4
SK,Party of Hungarian Coalition (SMK),Strana maďarskej koalície / Strana maďarskej komunity,SMER,Smer — sociálna demokracia,different,2
SK,Party of Hungarian Coalition (SMK),Strana maďarskej koalície / Strana maďarskej komunity,Party of Hungarian Coalition (SMK),Strana maďarskej koalície / Strana maďarskej komunity,same,124
SK,SMK Party of Hungarian Coalition,Strana maďarskej koalície / Strana maďarskej komunity,SMK Party of Hungarian Coalition,Strana maďarskej koalície / Strana maďarskej komunity,same,29
SK,Party of Hungarian Coalition (SMK),Strana maďarskej koalície / Strana maďarskej komunity,Other,other,unmatchable,1
SK,Za ľudí,Za ľudí,Obyčajní Ľudia a nezávislé osobnosti,Obyčajní Ľudia a Nezávislé Osobnosti,same,5
SK,Za ľudí,Za ľudí,Pogresívne Slovensko - Spolu,Pogresívne Slovensko - Spolu [og],different,2
SK,Za ľudí,Za ľudí,Sloboda a Solidarita (SaS),Sloboda a Solidarita,different,1
SK,Za ľudí,Za ľudí,SME Rodina,Sme Rodina — Boris Kollár,different,9
SK,Za ľudí,Za ľudí,Smer – SD,Smer — sociálna demokracia,different,5
SK,Za ľudí,Za ľudí,Za ľudí,Za ľudí,same,8
SK,Za ľudí,Za ľudí,Other,other,unmatchable,5
SK,Za ľudí,Za ľudí,ĽS Naše Slovensko,Ľudová strana Naše Slovensko,different,12
SK,NA,dont-know,Pogresívne Slovensko - Spolu,Pogresívne Slovensko - Spolu [og],unmatchable,1
SK,NA,dont-know,Sloboda a Solidarita (SaS),Sloboda a Solidarita,unmatchable,1
SK,NA,dont-know,Slovak Democratic Christian Union (SDKU),Slovenská demokratická a kresťanská únia — Demokratická strana,unmatchable,2
SK,NA,dont-know,Other,other,unmatchable,1
SK,Other,other,KSS Communist Party of Slovakia,Komunistická strana Slovenska,unmatchable,1
SK,Other,other,Most-Híd,MOST-HID,unmatchable,3
SK,Other,other,Obyčajní Ľudia a nezávislé osobnosti,Obyčajní Ľudia a Nezávislé Osobnosti,unmatchable,22
SK,Other,other,Pogresívne Slovensko - Spolu,Pogresívne Slovensko - Spolu [og],unmatchable,1
SK,Other,other,Sieť,Sieť — Slovenská konzervatívna strana,unmatchable,2
SK,Other,other,Sloboda a Solidarita (SaS),Sloboda a Solidarita,unmatchable,5
SK,Other,other,SDKU Slovak Democratic Christian Union,Slovenská demokratická a kresťanská únia — Demokratická strana,unmatchable,3
SK,Other,other,Slovak Democratic Christian Union (SDKU),Slovenská demokratická a kresťanská únia — Demokratická strana,unmatchable,3
SK,Other,other,Slovak National Party (SNS),Slovenská národná strana,unmatchable,2
SK,Other,other,Slovenská národná strana (SNS),Slovenská národná strana,unmatchable,1
SK,Other,other,SME Rodina,Sme Rodina — Boris Kollár,unmatchable,5
SK,Other,other,SMER,Smer — sociálna demokracia,unmatchable,1
SK,Other,other,SMER-Social Democracy,Smer — sociálna demokracia,unmatchable,6
SK,Other,other,Smer – SD,Smer — sociálna demokracia,unmatchable,46
SK,Other,other,SMK Party of Hungarian Coalition,Strana maďarskej koalície / Strana maďarskej komunity,unmatchable,1
SK,Other,other,Za ľudí,Za ľudí,unmatchable,1
SK,Other,other,Other,other,unmatchable,225
SK,Other,other,ĽS Naše Slovensko,Ľudová strana Naše Slovensko,unmatchable,13
SK,Other,other,HZDS Movement for a Democratic Slovakia,Ľudová strana — Hnutie za demokratické Slovensko,unmatchable,2
SK,NA,refused,Christian Democratic Movement (KDH),Kresťanskodemokratické hnutie,unmatchable,2
SK,NA,refused,Most-Híd,MOST-HID,unmatchable,2
SK,NA,refused,Obyčajní Ľudia a nezávislé osobnosti,Obyčajní Ľudia a Nezávislé Osobnosti,unmatchable,2
SK,NA,refused,Freedom and Solidarity (SaS),Sloboda a Solidarita,unmatchable,2
SK,NA,refused,SDKU Slovak Democratic Christian Union,Slovenská demokratická a kresťanská únia — Demokratická strana,unmatchable,1
SK,NA,refused,Slovak Democratic Christian Union (SDKU),Slovenská demokratická a kresťanská únia — Demokratická strana,unmatchable,3
SK,NA,refused,SME Rodina,Sme Rodina — Boris Kollár,unmatchable,1
SK,NA,refused,SMER,Smer — sociálna demokracia,unmatchable,4
SK,NA,refused,SMER-Social Democracy,Smer — sociálna demokracia,unmatchable,2
SK,NA,refused,Smer – SD,Smer — sociálna demokracia,unmatchable,2
SK,NA,refused,Party of Hungarian Coalition (SMK),Strana maďarskej koalície / Strana maďarskej komunity,unmatchable,2
SK,NA,refused,Za ľudí,Za ľudí,unmatchable,2
SK,NA,refused,Other,other,unmatchable,3
SK,NA,refused,ĽS Naše Slovensko,Ľudová strana Naše Slovensko,unmatchable,2
SK,NA,refused,HZDS Movement for a Democratic Slovakia,Ľudová strana — Hnutie za demokratické Slovensko,unmatchable,3
SK,ĽS Naše Slovensko,Ľudová strana Naše Slovensko,Obyčajní Ľudia a nezávislé osobnosti,Obyčajní Ľudia a Nezávislé Osobnosti,different,17
SK,ĽS Naše Slovensko,Ľudová strana Naše Slovensko,Pogresívne Slovensko - Spolu,Pogresívne Slovensko - Spolu [og],different,2
SK,ĽS Naše Slovensko,Ľudová strana Naše Slovensko,Sloboda a Solidarita (SaS),Sloboda a Solidarita,different,8
SK,ĽS Naše Slovensko,Ľudová strana Naše Slovensko,SME Rodina,Sme Rodina — Boris Kollár,different,9
SK,ĽS Naše Slovensko,Ľudová strana Naše Slovensko,Smer – SD,Smer — sociálna demokracia,different,44
SK,ĽS Naše Slovensko,Ľudová strana Naše Slovensko,Za ľudí,Za ľudí,different,5
SK,ĽS Naše Slovensko,Ľudová strana Naše Slovensko,Other,other,unmatchable,5
SK,ĽS Naše Slovensko,Ľudová strana Naše Slovensko,ĽS Naše Slovensko,Ľudová strana Naše Slovensko,same,21
SK,Movement for a Democratic Slovakia (HZDS),Ľudová strana — Hnutie za demokratické Slovensko,Slovak Democratic Christian Union (SDKU),Slovenská demokratická a kresťanská únia — Demokratická strana,different,1
SK,Movement for a Democratic Slovakia (HZDS),Ľudová strana — Hnutie za demokratické Slovensko,Slovak National Party (SNS),Slovenská národná strana,different,1
SK,Movement for a Democratic Slovakia (HZDS),Ľudová strana — Hnutie za demokratické Slovensko,SMER,Smer — sociálna demokracia,different,2
SK,HZDS Movement for a Democratic Slovakia,Ľudová strana — Hnutie za demokratické Slovensko,SMK Party of Hungarian Coalition,Strana maďarskej koalície / Strana maďarskej komunity,different,1
SK,HZDS Movement for a Democratic Slovakia,Ľudová strana — Hnutie za demokratické Slovensko,HZDS Movement for a Democratic Slovakia,Ľudová strana — Hnutie za demokratické Slovensko,same,97
SK,Movement for a Democratic Slovakia (HZDS),Ľudová strana — Hnutie za demokratické Slovensko,Movement for a Democratic Slovakia (HZDS),Ľudová strana — Hnutie za demokratické Slovensko,same,82
SK,NA,NA,KDH Christian Democratic Movement,Kresťanskodemokratické hnutie,unmatchable,2
SK,NA,NA,Most-Híd,MOST-HID,unmatchable,1
SK,NA,NA,Freedom and Solidarity (SaS),Sloboda a Solidarita,unmatchable,1
SK,NA,NA,Slovak Democratic Christian Union (SDKU),Slovenská demokratická a kresťanská únia — Demokratická strana,unmatchable,10
SK,NA,NA,Slovak National Party (SNS),Slovenská národná strana,unmatchable,1
SK,NA,NA,SMER,Smer — sociálna demokracia,unmatchable,2
SK,NA,NA,SMER-Social Democracy,Smer — sociálna demokracia,unmatchable,7
SK,NA,NA,Other,other,unmatchable,1
SK,NA,NA,HZDS Movement for a Democratic Slovakia,Ľudová strana — Hnutie za demokratické Slovensko,unmatchable,2
SK,NA,NA,Movement for a Democratic Slovakia (HZDS),Ľudová strana — Hnutie za demokratické Slovensko,unmatchable,1
